playerid41,playerid42,playerid46,playerid45,playerid35,playerid18,playerid33,playerid9,captainid,playerid37,playerid31,playerid13,playerid30,playerid47,playerid43,playerid34,freekicktakerid,playerid0,playerid17,playerid39,playerid3,playerid7,playerid16,playerid4,playerid6,playerid38,playerid15,playerid2,rightfreekicktakerid,playerid12,playerid48,playerid36,playerid8,playerid32,leftfreekicktakerid,longkicktakerid,playerid11,customsub1in,customsub2out,playerid28,customsub0in,playerid19,playerid26,customsub2in,playerid44,playerid51,rightcornerkicktakerid,playerid40,playerid22,playerid23,penaltytakerid,playerid20,playerid24,playerid27,teamid,playerid50,playerid29,customsub0out,playerid10,customsub1out,playerid49,playerid5,playerid25,leftcornerkicktakerid,playerid14,playerid21,playerid1
-1,-1,-1,-1,-1,235790,-1,235794,246669,-1,-1,222665,-1,-1,-1,-1,234378,220901,206585,-1,232580,246669,231936,257711,234378,-1,256197,243715,234378,254796,-1,-1,207421,-1,234378,234378,251566,-1,-1,-1,-1,230666,-1,-1,-1,-1,246669,-1,278016,-1,241651,264846,-1,-1,1,-1,-1,-1,241651,-1,-1,248148,-1,234378,210697,225193,251805
-1,-1,-1,-1,-1,229906,-1,260247,210881,-1,-1,199189,-1,-1,-1,-1,200458,202811,200110,-1,241464,210881,221660,248465,216393,-1,231652,227678,216393,236499,-1,-1,226162,-1,226162,216393,233049,-1,-1,-1,-1,231352,268259,-1,-1,-1,216393,-1,82350,80816,221697,212419,275468,278237,2,-1,-1,-1,221697,-1,-1,257057,236987,227174,264209,246174,227174
-1,-1,-1,-1,71447,263678,82835,225748,225748,-1,75639,218343,78123,-1,-1,82914,225748,74726,240595,-1,241534,270140,235770,263914,255855,-1,231540,278920,225748,212099,-1,-1,73427,71956,225748,225748,270787,-1,-1,266095,-1,247913,73196,-1,-1,-1,225748,-1,70114,242946,225748,193910,242751,244626,3,-1,256358,-1,245766,-1,-1,237211,198719,225748,243371,263654,260142
-1,-1,-1,-1,-1,265777,-1,260951,239540,-1,-1,244565,-1,-1,-1,-1,212366,202125,246166,-1,244240,271743,265700,240912,275348,-1,200778,239540,212366,259507,-1,-1,277986,-1,212366,212366,238368,-1,-1,-1,-1,230864,74910,-1,-1,-1,212366,-1,221705,252878,236528,268927,266842,84689,4,-1,-1,-1,236528,-1,-1,212366,270118,212366,271668,241523,233442
-1,-1,-1,-1,-1,278813,-1,247090,238074,-1,-1,268438,-1,-1,-1,-1,238074,228789,258485,-1,272978,257534,222104,239231,256079,-1,230918,248695,238074,263620,-1,-1,238616,-1,238074,238074,202556,-1,-1,76687,-1,259031,248158,-1,-1,-1,238616,-1,242578,275507,257534,262859,85333,257126,5,-1,266032,-1,252042,-1,-1,238074,77540,238074,261530,71651,259307
-1,-1,-1,-1,-1,279497,-1,237386,202695,-1,-1,259714,-1,-1,-1,-1,243657,232284,225650,-1,247649,243282,257896,244380,243657,-1,207599,202695,237386,256402,-1,-1,261188,-1,243657,237386,266609,-1,-1,-1,-1,71998,-1,-1,-1,-1,237386,-1,206517,85362,261188,70448,256500,-1,7,-1,-1,-1,276295,-1,-1,193474,186146,243657,74413,180216,253510
-1,-1,-1,-1,-1,277194,-1,242530,237161,-1,-1,264432,-1,-1,-1,-1,257191,193331,247249,-1,244238,257191,269495,239360,235735,-1,208892,229266,257191,242663,-1,-1,237161,-1,257191,257191,230670,-1,-1,-1,-1,244591,-1,-1,-1,-1,257191,-1,74145,203215,221479,248384,-1,-1,8,-1,-1,-1,221479,-1,-1,236822,-1,257191,230084,236764,231554
-1,-1,-1,-1,-1,232487,-1,256630,225100,-1,-1,236772,-1,-1,-1,-1,236772,212831,235805,-1,237678,209331,242434,260908,239837,-1,70824,225100,239837,264298,-1,-1,242516,-1,239837,239837,262621,-1,-1,-1,-1,279128,222514,-1,-1,-1,256630,-1,271975,252897,209331,278292,247601,79922,9,-1,-1,-1,233731,-1,-1,246104,80376,209331,257289,271977,253149
-1,-1,-1,-1,-1,256675,-1,237692,231866,-1,-1,218667,-1,-1,-1,-1,251570,230621,268737,-1,277031,227796,270409,242641,207410,-1,239818,208920,237692,229558,-1,-1,225645,-1,237692,239085,263063,-1,-1,203574,-1,241159,76250,-1,-1,-1,225645,-1,251570,246420,239085,460001,241236,204246,10,-1,-1,-1,239085,-1,-1,231866,240638,237692,460010,255069,253124
-1,-1,-1,-1,-1,260592,-1,212198,212198,-1,-1,277432,-1,-1,-1,-1,212198,254803,243647,-1,235243,254088,269087,238041,269136,-1,236401,203263,212198,253306,-1,-1,240243,-1,212198,212198,233064,-1,-1,75519,-1,250961,74142,-1,-1,-1,243014,-1,269233,82853,212198,278124,82899,77354,11,-1,274102,-1,243014,-1,-1,200145,163264,212198,239301,75439,234574
-1,-1,-1,-1,-1,254752,-1,253054,186156,-1,-1,263522,84184,-1,-1,-1,218659,242853,188094,-1,262597,252796,236315,218659,216464,-1,229682,186156,218659,259268,-1,-1,233487,-1,252796,218659,264692,-1,-1,74323,-1,228888,70035,-1,-1,-1,218659,-1,211009,239358,261283,220944,279546,279251,12,-1,82410,-1,261283,-1,-1,255145,72027,253054,260402,262255,232185
-1,-1,-1,-1,-1,274246,-1,234824,223334,-1,72281,257470,85367,-1,-1,-1,241096,233934,270519,-1,256261,223334,242964,251517,247851,-1,266127,210047,234742,198032,-1,-1,206085,-1,234742,234742,203841,-1,-1,207650,-1,270086,246923,-1,-1,-1,206085,-1,77791,198710,234824,270617,198039,237329,13,-1,163600,-1,234742,-1,-1,241096,186345,206085,254022,71330,262118
-1,-1,-1,-1,-1,234051,-1,236015,235642,-1,-1,240740,-1,-1,-1,-1,254243,199641,268474,-1,238095,260145,237819,243702,235642,-1,79629,232488,236015,74310,-1,-1,257980,-1,236015,236015,200159,-1,-1,71634,-1,202750,230978,-1,-1,-1,254243,-1,256008,250789,192123,264349,235173,216325,14,-1,-1,-1,192123,-1,-1,254243,234724,260145,79402,256781,224656
-1,-1,-1,-1,-1,276561,-1,279857,235156,-1,-1,255594,-1,-1,-1,-1,265412,250804,170008,-1,258167,262072,193011,240773,75093,-1,246682,235156,265412,243223,-1,-1,241075,-1,265412,265412,238490,-1,-1,272965,-1,251028,257105,-1,-1,-1,265412,-1,80422,230774,279857,279543,206218,276931,15,-1,-1,-1,277658,-1,-1,265412,252330,265412,206115,77070,264437
-1,-1,-1,-1,-1,272497,-1,252066,252793,-1,239368,276695,72618,-1,-1,-1,269964,277823,189324,-1,245153,266312,258930,265993,266422,-1,238157,252793,269964,264371,-1,-1,269964,-1,269964,269964,244319,-1,-1,80569,-1,78184,81987,-1,-1,-1,269964,-1,263953,199576,226777,265195,202199,82197,17,-1,80568,-1,226777,-1,-1,240097,182365,269964,202697,279579,222156
-1,-1,-1,-1,-1,247394,-1,245367,229391,-1,-1,238216,-1,-1,-1,-1,243576,240091,268421,-1,237985,245155,259868,259583,229391,-1,260105,264453,243576,72093,-1,-1,233927,-1,243576,243576,73580,-1,-1,81899,-1,205923,227535,-1,-1,-1,245367,-1,270579,270208,225539,220697,237679,82187,18,-1,75770,-1,225539,-1,-1,236480,236568,245155,231943,83381,243576
-1,-1,-1,-1,-1,213956,-1,237712,224371,-1,-1,229880,-1,-1,-1,-1,270857,246158,193105,-1,229942,270857,278399,274915,236792,-1,245336,242000,270857,275102,-1,-1,251954,-1,270857,270857,264579,-1,-1,-1,-1,196978,-1,-1,-1,-1,224371,-1,268564,70230,224371,75842,164835,-1,19,-1,-1,-1,264290,-1,-1,224371,232756,251954,245388,278284,227927
-1,-1,-1,-1,-1,206113,-1,256790,167495,-1,71305,234396,84570,-1,-1,-1,247827,167495,263887,-1,213331,247827,78063,250955,275298,-1,259197,237086,202126,263765,-1,-1,241084,-1,247827,212622,209658,-1,-1,70068,-1,77126,81240,-1,-1,-1,247827,-1,84386,79318,202126,186569,82813,76337,21,-1,85225,-1,202126,-1,-1,212622,82811,212622,207865,79317,225375
-1,-1,-1,-1,-1,83751,-1,254117,247819,-1,-1,259356,-1,-1,-1,-1,259716,235073,241050,-1,224196,259716,259075,251852,246863,-1,208333,247819,204923,83748,-1,-1,212194,-1,259716,259716,252037,-1,-1,260952,-1,73016,266906,-1,-1,-1,212194,-1,78577,270964,215441,210772,76107,80873,22,-1,-1,-1,215441,-1,-1,204923,71928,251852,235407,278854,229476
-1,-1,-1,-1,-1,239367,-1,204497,257919,-1,-1,245541,-1,-1,-1,-1,220876,235018,257273,-1,224841,264194,264702,237936,262906,-1,222493,221491,220876,234943,-1,-1,220876,-1,220876,220876,245622,-1,-1,240947,-1,214096,177475,-1,-1,-1,220876,-1,70904,76031,212002,71101,80454,278362,23,-1,-1,-1,212002,-1,-1,257919,81726,220876,272931,82741,243354
-1,-1,-1,-1,-1,199897,-1,234875,209846,-1,-1,208335,-1,-1,-1,-1,212096,262659,234833,-1,231366,240451,279045,209846,276694,-1,207897,263022,212096,74431,-1,-1,212096,-1,212096,212096,269705,-1,-1,261659,-1,216497,72107,-1,-1,-1,212096,-1,229692,82862,212096,250931,84104,278033,25,-1,261478,-1,259750,-1,-1,226168,244112,212096,262668,255185,262666
-1,-1,-1,-1,-1,266109,-1,251090,223680,-1,-1,269318,-1,-1,-1,-1,270111,206145,269916,-1,245750,270111,262635,272891,243893,-1,262840,245252,270111,211982,-1,-1,251107,-1,270111,270111,211891,-1,-1,-1,-1,251482,276330,-1,-1,-1,270111,-1,273885,270110,251107,276319,75952,-1,27,-1,-1,-1,244109,-1,-1,223680,211827,270111,262297,79401,269513
-1,-1,-1,-1,-1,74102,-1,236533,232839,-1,-1,256949,260463,-1,-1,-1,232839,212197,257568,-1,256854,232839,236947,274722,276119,-1,269962,275192,232839,251961,-1,-1,256958,-1,232839,232839,224970,-1,-1,82511,-1,279213,77589,-1,-1,-1,232839,-1,279101,73554,232839,207791,274944,271214,28,-1,213134,-1,255036,-1,-1,241928,246666,232839,266395,72319,246885
-1,-1,-1,-1,-1,79305,-1,223755,223755,-1,85537,229171,269942,-1,-1,-1,223755,244417,272787,-1,234827,73137,267844,263417,269307,-1,263089,250993,223755,264621,-1,-1,263343,85534,223755,73135,248434,-1,-1,210304,-1,82698,243735,-1,-1,-1,73135,-1,242850,229925,223755,271395,82700,263073,29,-1,73134,-1,237321,-1,-1,251429,79737,73135,73136,262800,73135
-1,-1,-1,-1,71277,235360,247138,244390,254660,-1,82767,251392,218534,-1,-1,246748,252495,186148,271034,-1,258396,254660,259442,261313,256942,-1,242997,75577,252495,233965,-1,-1,252495,248878,252495,252495,83078,-1,-1,239510,-1,258412,71177,-1,-1,-1,252495,-1,195038,234727,252495,206198,269922,74043,31,-1,83937,-1,71178,-1,-1,246814,82814,252495,220085,82816,254638
-1,-1,-1,-1,-1,262151,-1,237328,212242,-1,-1,264219,85345,-1,-1,-1,210035,211738,204092,-1,247263,272781,236786,208618,231521,-1,255106,212242,228813,210324,-1,-1,275029,-1,228813,212242,256853,-1,-1,82393,-1,81844,210366,-1,-1,-1,228813,-1,275028,76335,231521,75736,223550,82392,32,-1,84354,-1,76416,-1,-1,228813,82394,228813,236461,80665,273651
-1,-1,-1,-1,-1,236675,73089,211899,238793,-1,82832,238953,78543,-1,-1,-1,200610,210006,211953,-1,251456,244413,76594,269866,238793,-1,257332,224421,200610,226686,-1,-1,200610,79241,200610,238793,257144,-1,-1,83253,-1,76291,238647,-1,-1,-1,238793,-1,241277,275414,238793,85508,238779,270014,33,-1,80222,-1,233707,-1,-1,76596,276191,238793,243932,83254,270116
-1,-1,-1,-1,82154,81991,82190,212240,212240,201122,77344,239073,82191,-1,-1,73098,212240,203775,202873,-1,225487,240916,274395,271563,262936,-1,273904,78537,212240,229472,-1,80780,253102,72962,212240,212240,180930,-1,-1,262212,-1,73235,76295,-1,-1,-1,262936,-1,269566,237509,212240,244204,72965,72967,34,-1,232203,-1,237708,-1,-1,239099,276979,262936,224094,72964,254245
-1,-1,-1,-1,-1,75056,-1,244176,239096,-1,79288,270465,72553,-1,-1,-1,250959,223885,223603,-1,239340,252448,251829,271119,250959,-1,260574,238476,250959,257073,-1,-1,241925,82681,250959,250959,257504,-1,-1,273667,-1,277742,79286,-1,-1,-1,250959,-1,263573,229584,244176,79300,275436,76087,36,-1,81634,-1,238900,-1,-1,239096,258864,250959,238379,266685,242602
-1,-1,-1,-1,-1,265749,-1,276304,239701,-1,-1,237595,-1,-1,-1,-1,239701,248732,211946,-1,77636,256688,261182,247771,240699,-1,256776,246836,239701,203106,-1,-1,266183,-1,239701,239701,74566,-1,-1,238896,-1,256548,74903,-1,-1,-1,239701,-1,79455,79461,239701,76111,75461,76944,38,-1,-1,-1,239701,-1,-1,231838,247679,239701,212977,77127,242916
-1,-1,-1,-1,-1,208574,-1,277954,222077,-1,-1,240679,-1,-1,-1,-1,277954,235840,198009,-1,231512,258966,246656,238744,247246,-1,266872,239580,277954,224422,-1,-1,261050,-1,277954,222077,246430,-1,-1,227647,-1,243580,265188,-1,-1,-1,261050,-1,239763,75085,277954,189342,71000,247181,45,-1,-1,-1,243630,-1,-1,222077,205175,277954,268802,71001,255654
-1,-1,-1,-1,-1,239679,-1,79270,216409,-1,-1,245992,-1,-1,-1,-1,192985,224836,225116,-1,243241,202884,200752,216409,237238,-1,205452,244263,216409,241390,-1,-1,192985,-1,192985,192985,227236,-1,-1,-1,-1,261865,-1,-1,-1,-1,216409,-1,276706,236632,192985,220532,188335,-1,48,-1,-1,-1,259399,-1,-1,216435,-1,192985,192505,81526,262394
-1,-1,-1,-1,-1,269276,-1,263229,252442,-1,-1,236706,-1,-1,-1,-1,258714,255981,271385,-1,278436,273884,75647,246164,253162,-1,275401,259150,253162,257972,-1,-1,261539,-1,258714,258714,255460,-1,-1,72745,-1,81468,74453,-1,-1,-1,258714,-1,272687,76121,263229,278280,81972,277843,50,-1,-1,-1,235949,-1,-1,258714,275130,253162,232008,270485,252442
-1,-1,-1,-1,-1,276680,-1,211110,208268,-1,-1,190813,-1,-1,-1,-1,211110,230872,227127,-1,229668,80170,258826,224490,250723,-1,220651,236403,211110,228251,-1,-1,265695,-1,211110,211110,242458,-1,-1,233260,-1,275291,259608,-1,-1,-1,211110,-1,232223,76172,231447,80045,271916,76410,52,-1,-1,-1,231447,-1,-1,208268,79095,211110,262745,277695,229582
-1,-1,-1,-1,-1,201389,-1,215333,215333,-1,226627,213242,275201,-1,-1,-1,211147,235740,270141,-1,258782,241095,243481,241007,266257,-1,219145,265650,211147,273883,-1,-1,273932,-1,211147,211147,226093,-1,-1,70480,-1,258683,75443,-1,-1,-1,211147,-1,272725,248474,241095,81974,76027,236413,54,-1,275434,-1,216816,-1,-1,258507,255150,211147,248564,278319,211147
-1,-1,-1,-1,-1,258615,-1,238067,214658,-1,-1,275522,-1,-1,-1,-1,243249,257288,266803,-1,190324,272783,259634,242238,214658,-1,271475,261573,238067,229973,-1,-1,243249,-1,243249,238067,224438,-1,-1,-1,-1,246832,-1,-1,-1,-1,238067,-1,80380,77558,231743,80203,275647,-1,55,-1,-1,-1,231743,-1,-1,220421,76411,272783,268656,162297,225669
-1,-1,-1,-1,-1,242577,-1,239631,238392,-1,-1,277503,-1,-1,-1,-1,272894,205377,263402,-1,263028,259205,260100,247124,251170,-1,263112,257204,272894,230144,-1,-1,272894,-1,272894,272894,269745,-1,-1,80648,-1,260943,82670,-1,-1,-1,272894,-1,80650,277644,251170,263421,82080,80647,57,-1,276933,-1,257612,-1,-1,238392,80651,272894,228681,78215,268440
-1,-1,-1,-1,-1,79929,-1,279016,262342,-1,-1,206243,80623,-1,-1,-1,216524,276322,72101,-1,73068,216524,80624,74050,247369,-1,272808,262342,216524,240259,-1,-1,271010,-1,216524,216524,276022,-1,-1,178363,-1,75866,82923,-1,-1,-1,216524,-1,79641,78404,247369,269726,81564,211358,58,-1,79642,-1,248123,-1,-1,74049,83464,216524,244460,81551,70723
-1,-1,-1,-1,-1,79530,-1,234799,225174,-1,-1,83132,-1,-1,-1,-1,234799,204966,255014,-1,71487,246298,78758,237347,225174,-1,225685,263461,234799,74139,-1,-1,75252,-1,234799,234799,276029,-1,-1,257498,-1,80884,256314,-1,-1,-1,234799,-1,85396,74597,266586,83603,78163,72354,62,-1,-1,-1,266586,-1,-1,251596,276760,234799,271050,85393,241445
-1,-1,-1,-1,-1,227232,-1,233866,208787,-1,-1,77105,-1,-1,-1,-1,204970,271918,199721,-1,235454,229236,212491,246688,208787,-1,85376,270997,204970,238463,-1,-1,204970,-1,208787,204970,216388,-1,-1,259869,-1,77633,176994,-1,-1,-1,208787,-1,75319,70005,204970,78547,74429,221284,64,-1,-1,-1,212613,-1,-1,258601,83218,204970,277935,259816,75320
-1,-1,-1,-1,-1,268738,-1,262088,190674,-1,-1,246548,-1,-1,-1,-1,262088,239254,262956,-1,201143,274447,73449,231318,213296,-1,210897,262071,262088,232360,-1,-1,253167,-1,262088,262088,178509,-1,-1,209297,-1,77364,460005,-1,-1,-1,262088,-1,271317,211398,276048,80688,278261,225147,65,-1,-1,-1,276048,-1,-1,190674,210822,231318,269493,278207,202371
-1,-1,-1,-1,-1,256104,-1,240702,219683,-1,-1,256970,-1,-1,-1,-1,265459,263139,234371,-1,225859,219683,251353,263815,265459,-1,220093,262102,265459,234078,-1,-1,272505,-1,265459,265459,256420,-1,-1,84357,-1,247050,276747,-1,-1,-1,265459,-1,210372,78216,225782,268763,83214,82335,66,-1,84299,-1,276901,-1,-1,80067,77093,265459,71170,80690,225782
-1,-1,-1,-1,-1,277979,-1,234239,225293,-1,-1,70458,-1,-1,-1,-1,234239,73929,70118,-1,214947,204472,77149,201136,252975,-1,85484,70160,234239,73485,-1,-1,245131,-1,234239,234239,198200,-1,-1,255876,-1,235812,460025,-1,-1,-1,234239,-1,79609,75965,234239,83564,261170,279880,68,-1,82331,-1,225293,-1,-1,241238,84464,234239,236723,78584,80578
-1,-1,-1,-1,-1,260779,-1,225663,229261,-1,-1,238227,243057,-1,-1,-1,275138,190941,239364,-1,272785,232440,273933,245211,75734,-1,235036,229261,275138,253004,-1,-1,264862,-1,232440,232440,195864,-1,-1,82978,-1,270050,75554,-1,-1,-1,232440,-1,70893,274126,247463,279700,81663,75924,69,-1,271248,-1,247463,-1,-1,275138,271661,275138,263781,202335,226229
-1,-1,-1,-1,-1,276787,-1,205686,205686,-1,-1,277630,-1,-1,-1,-1,205686,255151,209423,-1,208615,76888,82977,241157,72254,-1,81562,228290,205686,77707,-1,-1,74883,-1,205686,205686,253036,-1,-1,-1,-1,80850,-1,-1,-1,-1,205686,-1,80295,84476,205686,83541,81426,-1,70,-1,-1,-1,223510,-1,-1,74477,-1,205686,278571,272464,75057
-1,-1,-1,-1,-1,254247,-1,264422,199482,-1,-1,189271,-1,-1,-1,-1,258619,199482,216750,-1,239136,263469,80570,220837,70477,-1,83275,232693,258619,193476,-1,-1,258619,-1,258619,258619,74475,-1,-1,229971,-1,194209,75739,-1,-1,-1,258619,-1,279130,211250,241130,269003,75316,231235,71,-1,-1,-1,241130,-1,-1,231089,74474,258619,74473,79513,227222
-1,-1,-1,-1,-1,268868,-1,244892,210896,-1,-1,278187,-1,-1,-1,-1,239093,235633,204513,-1,75148,210896,252711,273948,256476,-1,158625,255533,239093,235569,-1,-1,244889,-1,239093,239093,253157,-1,-1,269164,-1,252386,82740,-1,-1,-1,239093,-1,82109,76901,256476,83396,78765,75925,72,-1,274536,-1,260407,-1,-1,254548,80063,239093,252059,252960,239093
-1,-1,-1,-1,-1,243780,-1,231443,235212,-1,-1,70004,-1,-1,-1,-1,252145,240225,251752,-1,256196,226271,256903,252145,255253,-1,220814,258781,252145,270673,-1,-1,271421,-1,255253,255253,264652,-1,-1,-1,-1,279709,273018,-1,-1,-1,231443,-1,81659,85652,231443,74449,85529,233096,73,-1,-1,-1,247635,-1,-1,272834,78549,231443,80674,82991,235212
-1,-1,-1,-1,-1,235973,-1,70415,223874,-1,-1,80804,-1,-1,-1,-1,261616,204883,80803,-1,251380,243631,241522,261616,223874,-1,252512,73192,261616,236518,-1,-1,259191,-1,261616,261616,71114,-1,-1,-1,-1,74698,74878,-1,-1,-1,261616,-1,76534,278903,70415,213654,262045,-1,74,-1,-1,-1,222357,-1,-1,231102,236572,261616,212138,82084,257946
-1,-1,-1,-1,-1,277561,-1,255434,257090,-1,-1,75318,-1,-1,-1,-1,263370,270821,190120,-1,257090,270039,278455,229984,263370,-1,276377,261647,263370,70020,-1,-1,271940,-1,263370,263370,256782,-1,-1,84244,-1,260942,85291,-1,-1,-1,263370,-1,269184,245865,258437,269262,273748,85530,76,-1,83565,-1,258437,-1,-1,279702,75811,263370,70017,79607,275208
-1,-1,-1,-1,-1,266891,-1,232642,225317,-1,-1,247185,-1,-1,-1,-1,202282,225280,211021,-1,275297,262361,240616,266210,242744,-1,235028,267800,202282,200302,-1,-1,202282,-1,202282,202282,235526,-1,-1,-1,-1,269086,255557,-1,-1,-1,202282,-1,275080,279827,225317,272648,236919,238040,77,-1,-1,-1,225317,-1,-1,72378,204033,202282,79780,257326,274134
-1,-1,-1,-1,-1,257877,-1,246919,211093,-1,261304,262525,79342,-1,-1,-1,243646,258928,257237,-1,246991,198784,234072,226491,211093,-1,240976,235755,243646,255742,-1,-1,260397,253257,243646,243646,256383,-1,-1,256107,-1,257208,247678,-1,-1,-1,243646,-1,200630,264010,243646,225719,263561,163587,78,-1,234570,-1,246321,-1,-1,243646,278146,243646,272874,263439,76125
-1,-1,-1,-1,-1,76053,-1,75767,221906,-1,-1,78917,-1,-1,-1,-1,227759,198625,79951,-1,78783,272617,257851,79936,240929,-1,79938,221906,227759,76575,-1,-1,227759,-1,227759,227759,170114,-1,-1,-1,-1,277804,-1,-1,-1,-1,227759,-1,254810,219621,79947,236310,275876,-1,79,-1,-1,-1,79947,-1,-1,264477,240763,240929,257717,252898,277591
-1,-1,-1,-1,-1,264139,-1,216218,222045,-1,-1,80377,77043,-1,-1,-1,223747,202789,219482,-1,227945,238062,277701,223747,246006,-1,245233,222045,223747,80456,-1,-1,223663,-1,223663,223663,71031,-1,-1,263293,-1,227951,257890,-1,-1,-1,223747,-1,83287,80080,216218,256421,238091,78971,80,-1,53110,-1,79274,-1,-1,276211,75249,223663,220140,231322,253111
-1,-1,-1,-1,-1,263853,-1,211221,211221,-1,-1,277657,-1,-1,-1,-1,225872,228562,222876,-1,248718,243842,238509,228080,227806,-1,239259,198904,243842,222109,-1,-1,225872,-1,225872,227806,261025,-1,-1,-1,-1,83735,-1,-1,-1,-1,243842,-1,277993,240653,225872,202771,262362,-1,81,-1,-1,-1,277997,-1,-1,270845,-1,225872,70730,276720,235728
-1,-1,-1,-1,-1,245174,-1,268434,246846,-1,-1,235771,84295,-1,-1,-1,244196,211299,224543,-1,277288,220872,253024,244196,246846,-1,74151,261512,244196,204275,-1,-1,204324,-1,244196,244196,245404,-1,-1,262295,-1,274630,242710,-1,-1,-1,244196,-1,238765,74989,189776,216485,243963,78259,82,-1,73576,-1,189776,-1,-1,76784,271651,220872,204322,262079,82784
-1,-1,-1,-1,-1,219684,-1,229163,211707,-1,-1,277525,-1,-1,-1,-1,241982,77044,271110,-1,255573,262539,236626,256216,241982,-1,232668,211707,241982,230846,-1,-1,254136,-1,241982,229163,240599,-1,-1,-1,-1,83270,-1,-1,-1,-1,229163,-1,199146,279025,271693,276789,214924,-1,83,-1,-1,-1,271693,-1,-1,243618,257277,241982,268894,81676,213570
-1,-1,-1,-1,-1,269953,-1,255928,195479,-1,-1,259185,-1,-1,-1,-1,195479,203042,225203,-1,263304,240017,278957,238071,252148,-1,240060,263157,195479,253970,-1,-1,72159,-1,195479,195479,271716,-1,-1,-1,-1,274057,-1,-1,-1,-1,195479,-1,279246,237640,195479,247447,243009,-1,86,-1,-1,-1,270866,-1,-1,239810,-1,195479,212516,277266,195479
-1,-1,-1,-1,-1,243589,-1,255206,242386,-1,-1,220633,-1,-1,-1,-1,237424,273621,199812,-1,242386,244767,252001,239704,237424,-1,227884,236217,239704,254120,-1,-1,274516,-1,237424,239704,197031,-1,-1,-1,-1,245538,-1,-1,-1,-1,239704,-1,246159,247385,255206,199027,70780,-1,88,-1,-1,-1,277673,-1,-1,267894,-1,237424,221982,257899,246444
-1,-1,-1,-1,-1,238336,-1,271066,224842,-1,-1,267942,-1,-1,-1,-1,262848,231681,188400,-1,215301,262848,228366,207804,202048,-1,221456,246137,262848,240863,-1,-1,224842,-1,262848,262848,246604,-1,-1,80567,-1,223085,74922,-1,-1,-1,262848,-1,264581,268410,247279,187157,272673,78400,89,-1,-1,-1,247279,-1,-1,271976,275349,262848,241428,72909,245729
-1,-1,-1,-1,-1,195037,-1,220139,234319,-1,-1,263918,-1,-1,-1,-1,228894,247022,182206,-1,221600,233795,204353,269248,234319,-1,258036,243612,269248,271974,-1,-1,238460,-1,228894,228894,222168,-1,-1,-1,-1,265518,-1,-1,-1,-1,228894,-1,77743,274685,233795,215412,224130,-1,91,-1,-1,-1,213152,-1,-1,273693,76941,228894,277305,272983,228894
-1,-1,-1,-1,-1,255980,-1,212167,225772,-1,-1,230032,-1,-1,-1,-1,212167,248121,75302,-1,236465,225772,256672,252385,251219,-1,228928,75088,212167,261897,-1,-1,206565,-1,212167,212167,241160,-1,-1,-1,-1,278213,271028,-1,-1,-1,251219,-1,73260,278708,212167,273930,256366,206555,92,-1,-1,-1,192450,-1,-1,77037,77789,212167,237696,237503,229087
-1,-1,-1,-1,-1,213418,-1,250816,235405,-1,-1,244472,-1,-1,-1,-1,246685,206561,223909,-1,248602,71110,235458,246685,233851,-1,258483,235405,246685,261336,-1,-1,242908,-1,246685,246685,233602,-1,-1,-1,-1,265801,-1,-1,-1,-1,246685,-1,203751,260798,259423,241842,173533,-1,94,-1,-1,-1,259423,-1,-1,239356,-1,242908,256051,152908,223877
-1,-1,-1,-1,-1,259762,-1,81539,210243,-1,-1,203502,-1,-1,-1,-1,267680,243587,172723,-1,202849,267680,270944,254470,241042,-1,228332,261281,267680,265514,-1,-1,225783,-1,254470,254470,197756,-1,-1,83451,-1,231044,70162,-1,-1,-1,254470,-1,73861,229901,241202,266270,267867,78229,95,-1,84170,-1,241202,-1,-1,222400,82383,222400,203487,79587,210243
-1,-1,-1,-1,-1,237916,-1,276712,216481,-1,-1,183540,266502,-1,-1,-1,253433,246417,206566,-1,216481,253433,200689,278007,251560,-1,252483,263685,253433,275347,-1,-1,248356,-1,253433,253433,74865,-1,-1,219795,-1,203505,70220,-1,-1,-1,253433,-1,76196,205347,261432,275246,243373,77744,97,-1,271116,-1,261432,-1,-1,231423,239443,253433,253461,264786,262568
-1,-1,-1,-1,-1,71493,-1,246350,199503,-1,-1,264205,-1,-1,-1,-1,199503,263798,259987,-1,240359,83236,215700,236045,269230,-1,241187,243908,199503,273459,-1,-1,275048,-1,199503,199503,264293,-1,-1,86218,-1,194150,241736,-1,-1,-1,199503,-1,274219,207948,246350,74917,268903,240716,106,-1,-1,-1,251810,-1,-1,199503,217870,199503,247335,262149,226166
-1,-1,-1,-1,-1,278286,-1,235161,205970,-1,-1,236344,-1,-1,-1,-1,205970,220807,252773,-1,255824,213798,204760,234087,251497,-1,224763,240926,205970,225668,-1,-1,268630,-1,205970,205970,238505,-1,-1,81286,-1,255043,79681,-1,-1,-1,234087,-1,76444,278998,253441,76255,80852,85546,109,-1,-1,-1,253441,-1,-1,205970,76203,268630,233201,70860,73615
-1,-1,-1,-1,-1,259170,-1,258911,201417,-1,-1,211022,-1,-1,-1,-1,261224,212442,77593,-1,252064,74866,240507,237658,273463,-1,256666,201417,258911,261224,-1,-1,235456,-1,258911,258911,206075,-1,-1,-1,-1,258607,-1,-1,-1,-1,74866,-1,198350,75772,226380,274377,-1,-1,110,-1,-1,-1,226380,-1,-1,262135,-1,74866,221841,272958,262937
-1,-1,-1,-1,-1,277995,-1,269950,223381,-1,-1,270933,-1,-1,-1,-1,240981,209750,269948,-1,223381,267849,80135,243637,240981,-1,269949,264622,240981,200781,-1,-1,254925,-1,267849,240981,246228,-1,-1,-1,-1,194925,236601,-1,-1,-1,243637,-1,75261,77297,240981,274065,77298,266122,121,-1,-1,-1,271626,-1,-1,209368,77405,240981,266328,234496,268540
-1,-1,-1,-1,-1,240865,-1,268886,195126,-1,-1,193884,-1,-1,-1,-1,242366,256488,81322,-1,224238,244715,208812,202528,242366,-1,209256,237341,242366,271065,-1,-1,278147,-1,242366,242366,235397,-1,-1,-1,-1,75095,-1,-1,-1,-1,242366,-1,83372,80819,195126,78235,240715,-1,127,-1,-1,-1,195126,-1,-1,248815,-1,242366,258606,72031,75086
-1,-1,-1,-1,-1,232174,-1,78415,222157,-1,-1,236637,-1,-1,-1,-1,225922,264645,230893,-1,238221,263453,263386,243869,243044,-1,269825,222157,225922,75839,-1,-1,240345,-1,225922,243044,238177,-1,-1,-1,-1,203304,229911,-1,-1,-1,225922,-1,232520,278290,226018,213156,79593,-1,135,-1,-1,-1,226018,-1,-1,225922,78409,225922,229914,71990,252596
-1,-1,-1,-1,-1,210108,-1,212513,243613,-1,-1,240813,-1,-1,-1,-1,235915,271333,204269,-1,208014,243613,263329,230149,235915,-1,257698,204870,235915,232519,-1,-1,234497,-1,235915,235915,230897,-1,-1,-1,-1,222937,-1,-1,-1,-1,235915,-1,77734,85424,163050,261988,274479,-1,142,-1,-1,-1,163050,-1,-1,246874,-1,235915,260403,270593,228368
-1,-1,-1,-1,-1,234099,-1,233115,207646,-1,-1,240603,-1,-1,-1,-1,233115,271191,258943,-1,271430,258953,277272,190620,258724,-1,263901,207646,233115,264478,-1,-1,244559,-1,233115,233115,186562,-1,-1,-1,-1,74904,272347,-1,-1,-1,233115,-1,74525,246249,233115,278925,77391,78401,143,-1,-1,-1,271666,-1,-1,74164,271963,233115,231139,175314,226561
-1,-1,-1,-1,-1,195202,-1,240273,224221,-1,-1,213655,-1,-1,-1,-1,220710,268428,278578,-1,224221,220710,232711,235883,236699,-1,212190,241436,220710,216266,-1,-1,246172,-1,220710,220710,200726,-1,-1,-1,-1,237522,-1,-1,-1,-1,236699,-1,205990,70786,220710,277295,-1,-1,144,-1,-1,-1,264337,-1,-1,228092,-1,220710,85346,70571,229891
-1,-1,-1,-1,-1,262879,-1,261861,200309,-1,-1,239553,-1,-1,-1,-1,237204,258792,250865,-1,203749,237204,258616,204215,80781,-1,204219,243252,204215,262170,-1,-1,239799,-1,237204,237204,194018,-1,-1,-1,-1,262290,279195,-1,-1,-1,237204,-1,274742,252754,260723,276438,278896,-1,149,-1,-1,-1,260723,-1,-1,225279,245335,80781,258717,264334,200309
-1,-1,-1,-1,-1,233472,-1,250946,231897,-1,278871,227978,260564,-1,-1,-1,231897,257914,253171,-1,203030,231897,238683,239571,272660,-1,243959,245347,231897,245212,-1,-1,270403,-1,231897,231897,273771,-1,-1,81725,-1,257779,80859,-1,-1,-1,231897,-1,239661,235288,231897,233492,82452,81318,159,-1,279685,-1,240814,-1,-1,252861,73953,231897,72420,74938,259453
-1,-1,-1,-1,-1,243970,-1,70037,235297,-1,274696,274617,83844,-1,-1,-1,224423,200316,71383,-1,264442,233151,264377,224423,80218,-1,238473,228243,224423,70728,-1,-1,228614,-1,224423,224423,278101,-1,-1,72699,-1,78776,81323,-1,-1,-1,224423,-1,244022,268920,206606,192641,221753,270583,160,-1,80264,-1,206606,-1,-1,235297,80185,224423,80163,244087,244471
-1,-1,-1,-1,-1,72549,-1,224518,224661,-1,-1,73201,-1,-1,-1,-1,224518,234858,244458,-1,278832,276195,243534,224661,76122,-1,263874,79503,224518,239703,-1,-1,257009,-1,224518,224518,211732,-1,-1,-1,-1,233812,72758,-1,-1,-1,224518,-1,244083,79775,224518,232643,75678,200754,162,-1,-1,-1,250763,-1,-1,239909,223678,224518,257286,251823,248823
-1,-1,-1,-1,-1,252125,80319,209504,209504,-1,219937,269562,76066,-1,-1,83470,209504,76065,238167,-1,209196,202088,72130,278750,246127,-1,263658,256705,209504,212192,-1,-1,276337,82777,209504,209504,239097,-1,-1,80318,-1,264223,77144,-1,-1,-1,209504,-1,81730,270965,276660,237024,277464,75462,165,-1,82854,-1,276660,-1,-1,83016,80755,209504,262838,259569,226167
-1,-1,-1,-1,-1,234631,-1,239744,204776,-1,-1,238792,-1,-1,-1,-1,231614,262931,213573,-1,73133,262217,206463,235899,221885,-1,268536,204776,231614,234711,-1,-1,231614,-1,231614,221885,259752,-1,-1,85948,-1,274735,273778,-1,-1,-1,221885,-1,70951,75212,231614,202325,204082,75949,166,-1,78775,-1,221168,-1,-1,242974,277588,221885,268916,78130,264589
-1,-1,-1,-1,-1,236636,-1,223790,216158,-1,200260,240669,70909,-1,-1,-1,257075,199803,224251,-1,223671,257075,81427,212212,73078,-1,198352,202429,257075,221671,-1,-1,225309,85456,257075,257075,259162,-1,-1,266061,-1,267862,245940,-1,-1,-1,257075,-1,234843,253474,257075,82128,75280,258715,169,-1,276863,-1,233216,-1,-1,216275,263116,257075,228518,256127,216158
-1,-1,-1,-1,-1,78541,-1,79266,276283,-1,-1,229184,-1,-1,-1,-1,256674,256229,215417,-1,258464,73161,83710,279115,245097,-1,275594,276283,256674,70768,-1,-1,256674,-1,256674,256674,195262,-1,-1,79264,-1,80346,246074,-1,-1,-1,256674,-1,79267,76968,256674,79216,272658,77838,171,-1,78538,-1,80820,-1,-1,81326,276004,256674,216283,256849,270012
-1,-1,-1,-1,-1,266467,239892,270532,190460,-1,199909,212245,78735,-1,-1,277482,190460,228383,208375,-1,240988,254566,256281,270077,262929,-1,74879,268622,190460,244261,-1,-1,190460,72071,190460,190460,206511,-1,-1,82425,-1,268504,82194,-1,-1,-1,190460,-1,255272,82663,190460,78753,228946,259522,175,-1,82735,-1,264697,-1,-1,270013,74562,190460,245741,276634,268312
-1,-1,-1,-1,-1,257303,-1,231863,227758,-1,-1,206535,-1,-1,-1,-1,231863,242983,213678,-1,278596,268306,250830,208999,240513,-1,200793,246950,231863,76712,-1,-1,271425,-1,231863,231863,76306,-1,-1,-1,-1,254588,-1,-1,-1,-1,268306,-1,275965,264269,231863,224915,83662,-1,180,-1,-1,-1,227758,-1,-1,268888,77047,231863,248809,258969,219467
-1,-1,-1,-1,-1,243639,-1,269475,259147,-1,-1,243807,-1,-1,-1,-1,241875,237205,214525,-1,79923,241875,79927,278030,83666,-1,266736,259147,241875,262584,-1,-1,247001,-1,266049,241875,240331,-1,-1,-1,-1,239175,-1,-1,-1,-1,241875,-1,79928,73471,269475,74162,74161,-1,181,-1,-1,-1,266049,-1,-1,73470,72918,266049,241244,185068,79767
-1,-1,-1,-1,-1,244270,-1,244634,242280,-1,-1,268703,-1,-1,-1,-1,240915,189908,460031,-1,231207,212404,252440,240915,202024,-1,248342,278724,242280,234671,-1,-1,266500,-1,240915,240915,252021,-1,-1,-1,-1,75741,-1,-1,-1,-1,212404,-1,170320,210381,212404,239770,269558,-1,189,-1,-1,-1,267861,-1,-1,242280,270033,240915,252060,259748,257290
-1,-1,-1,-1,-1,75264,-1,274445,246402,-1,-1,229071,-1,-1,-1,-1,260876,215522,75825,-1,71350,75533,76299,277668,246402,-1,71261,79918,260876,267881,-1,-1,260876,-1,260876,260876,277119,-1,-1,275183,-1,75501,271000,-1,-1,-1,260876,-1,79917,261210,260020,78099,70752,244653,191,-1,-1,-1,260020,-1,-1,260235,278359,75533,252573,82763,223724
-1,-1,-1,-1,-1,263647,-1,198219,198219,-1,-1,79090,-1,-1,-1,-1,198219,277634,273044,-1,248171,243527,243513,268672,205726,-1,239550,263550,198219,225128,-1,-1,260456,-1,198219,243527,253071,-1,-1,236836,-1,195272,80085,-1,-1,-1,198219,-1,278912,276940,238413,276839,275067,247887,200,-1,74504,-1,238413,-1,-1,222355,80840,198219,271399,79086,216072
-1,-1,-1,-1,-1,276804,-1,242755,250779,-1,-1,258533,-1,-1,-1,-1,242332,269271,236378,-1,250779,236760,274130,235800,242332,-1,275087,277214,236760,79093,-1,-1,73379,-1,242332,242332,208535,-1,-1,239418,-1,73408,275554,-1,-1,-1,236760,-1,80887,245560,259107,230636,234894,276252,205,-1,-1,-1,259107,-1,-1,210384,271201,242332,254928,219725,271856
-1,-1,-1,-1,-1,241937,-1,257104,215363,-1,-1,252308,-1,-1,-1,-1,273564,215363,210940,-1,235658,205343,252000,79069,212153,-1,267681,247497,273564,230065,-1,-1,234795,-1,273564,238009,256453,-1,-1,266585,-1,255233,72322,-1,-1,-1,238009,-1,273628,80861,273564,72397,235875,74092,206,-1,81251,-1,273564,-1,-1,238009,223866,238009,248661,262930,276314
-1,-1,-1,-1,-1,251431,-1,276395,226129,-1,-1,81689,-1,-1,-1,-1,259101,263961,268623,-1,252252,74115,73113,259101,226129,-1,244940,73238,259101,82967,-1,-1,245058,-1,259101,259101,278730,-1,-1,-1,-1,272942,269855,-1,-1,-1,276395,-1,190589,262213,245058,71290,255536,251176,209,-1,-1,-1,261293,-1,-1,72972,81534,259101,243442,236712,243661
-1,-1,-1,-1,-1,80384,-1,271384,231007,-1,-1,267899,-1,-1,-1,-1,231007,241671,261144,-1,74544,233478,190868,80470,231007,-1,76227,225974,231007,74351,-1,-1,277901,-1,231007,231007,79981,-1,-1,264103,-1,276111,277303,-1,-1,-1,231007,-1,72245,83206,271384,275077,264424,74655,211,-1,-1,-1,279925,-1,-1,226754,244258,231007,231685,244272,79980
-1,-1,-1,-1,-1,277216,-1,266099,213367,-1,-1,76509,-1,-1,-1,-1,266099,206003,224442,-1,277969,72100,271075,265544,213367,-1,242054,245410,266099,69997,-1,-1,230686,-1,266099,266099,253181,-1,-1,-1,-1,257978,250822,-1,-1,-1,72100,-1,275301,197641,261084,258972,81514,-1,217,-1,-1,-1,261084,-1,-1,276594,82993,266099,276007,253490,264401
-1,-1,-1,-1,-1,271807,-1,251806,213648,-1,-1,246297,-1,-1,-1,-1,246147,215316,239559,-1,236804,246147,244749,210736,213648,-1,226851,242835,246147,269859,-1,-1,271400,-1,246147,246147,240787,-1,-1,84356,-1,188567,85288,-1,-1,-1,246147,-1,82083,278095,246147,268131,245854,85290,219,-1,85289,-1,240753,-1,-1,201455,74959,246147,263602,78424,241496
-1,-1,-1,-1,-1,252936,-1,203486,200059,-1,-1,260162,77541,-1,-1,-1,203486,200059,269955,-1,252489,246419,250725,212678,261776,-1,260398,269397,203486,78261,-1,-1,263558,-1,203486,203486,247122,-1,-1,279114,-1,278107,239594,-1,-1,-1,203486,-1,70482,191627,203486,75658,73291,75197,229,-1,71897,-1,251156,-1,-1,73921,208509,203486,74403,246289,252488
-1,-1,-1,-1,-1,70941,85265,226537,226537,-1,279176,278789,84372,-1,-1,269161,199652,255039,278554,-1,260931,242003,225720,251189,199652,-1,276305,247019,199652,77626,-1,-1,225653,82136,199652,199652,79458,-1,-1,279005,-1,74313,77625,-1,-1,-1,225653,-1,188202,256944,226537,74970,74372,210828,230,-1,195065,-1,272303,-1,-1,70689,256199,225653,277465,74450,80596
-1,-1,-1,-1,-1,256948,-1,266895,200155,-1,-1,238235,-1,-1,-1,-1,200155,222263,258555,-1,212204,200155,74364,262219,262880,-1,268618,73257,200155,240683,-1,-1,277426,-1,200155,278318,260577,-1,-1,-1,-1,173426,-1,-1,-1,-1,278318,-1,278995,278499,200155,223933,70975,-1,231,-1,-1,-1,276256,-1,-1,278318,264869,278318,75516,77170,259586
-1,-1,-1,-1,-1,234740,-1,239323,238409,-1,83339,272776,257210,-1,-1,-1,238409,223957,276704,-1,239011,268519,262141,243887,220782,-1,248694,270700,238409,262024,-1,-1,257112,82318,238409,238409,248784,-1,-1,236454,-1,263703,80817,-1,-1,-1,238409,-1,76034,270973,268519,215970,244309,235729,232,-1,222636,-1,231835,-1,-1,210739,75945,238409,260586,80182,238409
-1,-1,-1,-1,-1,269292,81674,216547,192366,-1,82744,266905,82432,-1,-1,-1,231913,250753,270060,-1,192366,231913,245235,277252,246871,-1,70289,266096,231913,74896,-1,-1,259913,83401,231913,231913,231416,-1,-1,72267,-1,211368,79686,-1,-1,-1,231913,-1,79608,274105,229188,83402,77336,80313,234,-1,70283,-1,229188,-1,-1,262881,79687,231913,245253,79690,257345
-1,-1,-1,-1,-1,216320,-1,278587,234577,-1,-1,255000,-1,-1,-1,-1,258729,234577,198513,-1,265693,258729,244206,251615,279015,-1,164240,220570,258729,277581,-1,-1,77033,-1,258729,258729,252929,-1,-1,85660,-1,235134,231826,-1,-1,-1,258729,-1,80847,231474,260599,271300,81515,189805,236,-1,85894,-1,75754,-1,-1,260599,77692,258729,72997,251528,270674
-1,-1,-1,-1,-1,75150,-1,244778,244669,-1,-1,260813,-1,-1,-1,-1,240950,210385,237704,-1,257179,266097,71176,254817,242087,-1,252144,270531,244778,279044,-1,-1,227890,-1,227890,227890,258015,-1,-1,76123,-1,240020,82947,-1,-1,-1,244778,-1,270865,279703,245158,79547,82746,82948,237,-1,-1,-1,245158,-1,-1,244669,77547,244778,254262,79771,255634
-1,-1,-1,-1,-1,245371,228093,216549,193747,-1,82937,259516,73558,-1,-1,-1,246191,200389,214979,-1,247103,193747,233486,259584,272449,-1,216460,266039,246191,257279,-1,-1,230899,85338,246191,246191,190871,-1,-1,81604,-1,220440,279569,-1,-1,-1,246191,-1,274208,82936,246191,263701,74108,85082,240,-1,82755,-1,246191,-1,-1,253396,80673,246191,240690,278523,226161
-1,-1,-1,-1,-1,253163,-1,241461,233419,-1,-1,244260,-1,-1,-1,-1,233419,259532,186153,-1,245037,277179,74462,210514,251854,-1,277427,278046,233419,231677,-1,-1,277643,-1,233419,233419,188545,-1,-1,75746,-1,272600,81863,-1,-1,-1,233419,-1,75068,277908,277643,74463,82439,75156,241,-1,-1,-1,233419,-1,-1,228702,80663,277179,264240,213661,241486
-1,-1,-1,-1,-1,243200,-1,277069,260877,-1,-1,260144,-1,-1,-1,-1,264492,236515,212453,-1,239403,278035,266159,255580,250997,-1,278001,268082,264492,203733,-1,-1,264492,-1,264492,264492,245157,-1,-1,-1,-1,192679,75660,-1,-1,-1,264492,-1,279897,82751,264492,251599,82172,-1,242,-1,-1,-1,262398,-1,-1,260877,81414,264492,198023,204280,269228
-1,-1,-1,-1,-1,80807,203376,231747,239053,-1,86089,248243,83234,-1,-1,-1,264309,192119,243952,-1,278349,264309,75605,268889,239053,-1,234236,197445,264309,231410,-1,-1,252371,228618,264309,239053,243812,-1,-1,278394,-1,222509,75239,-1,-1,-1,264309,-1,82756,272503,231747,83235,75572,77851,243,-1,75917,-1,238794,-1,-1,241637,75747,264309,279173,84290,231281
-1,-1,-1,-1,81499,246351,79478,251922,256341,-1,248710,278530,277267,-1,-1,85220,265671,205849,253216,-1,241775,256341,241588,265671,225204,-1,271669,244135,265671,243315,-1,-1,219774,257133,265671,265671,245894,-1,-1,70834,-1,207431,71279,-1,-1,-1,265671,-1,233591,81491,251922,78926,230623,79612,244,-1,270652,-1,211068,-1,-1,237184,279653,265671,246947,238446,241827
-1,-1,-1,-1,-1,253399,-1,223689,203483,-1,227813,265390,253428,-1,-1,-1,200260,236571,80146,-1,264220,77152,233152,272357,203483,-1,232938,256325,279841,274288,-1,-1,279841,-1,279841,203483,228687,-1,-1,85224,-1,76116,81845,-1,-1,-1,258378,-1,82426,82789,223689,83168,83560,85176,245,-1,85567,-1,258378,-1,-1,71351,82736,279841,262218,75816,269153
-1,-1,-1,-1,-1,202652,-1,257920,223686,-1,77365,239778,83075,-1,-1,-1,70726,223686,241076,-1,246826,262221,257502,234686,228010,-1,236524,199813,70726,244728,-1,-1,70726,275153,70726,70726,263773,-1,-1,85083,-1,226853,81896,-1,-1,-1,70726,-1,73964,75535,257920,266453,229114,77664,246,-1,82840,-1,260521,-1,-1,263603,82332,228010,82333,79338,262790
-1,-1,-1,-1,-1,239956,-1,235663,253109,-1,-1,81320,-1,-1,-1,-1,253109,242948,272769,-1,278661,259480,260930,241509,266237,-1,241171,270633,253109,269823,-1,-1,239978,-1,253109,253109,258753,-1,-1,235149,-1,251223,275592,-1,-1,-1,253109,-1,85410,75139,181458,80352,83177,206467,247,-1,-1,-1,181458,-1,-1,253109,224241,253109,268728,83176,251804
-1,-1,-1,-1,-1,235416,-1,271092,213301,-1,-1,239394,-1,-1,-1,-1,271092,223868,276619,-1,252873,242628,77161,247782,256544,-1,271658,273935,271092,277941,-1,-1,269512,-1,247782,213301,246946,-1,-1,-1,-1,239901,-1,-1,-1,-1,271092,-1,72271,81855,263702,80357,79930,-1,252,-1,-1,-1,263702,-1,-1,213301,-1,213301,263464,76108,77524
-1,-1,-1,-1,-1,255420,-1,194017,275638,-1,79428,239091,210489,-1,-1,-1,275638,256938,235820,-1,251167,231874,72722,263233,275638,-1,75045,275918,275638,247025,-1,-1,74980,-1,263233,275638,251873,-1,-1,242603,-1,255839,77096,-1,-1,-1,275638,-1,244795,71439,263233,73750,246009,84004,254,-1,80467,-1,277501,-1,-1,265738,79920,275638,240285,74369,266543
-1,-1,-1,-1,-1,257043,-1,72163,244941,-1,-1,248470,81748,-1,-1,-1,234399,193272,239410,-1,237570,261063,78136,215368,74505,-1,73666,189060,261063,83831,-1,-1,244941,-1,234399,234399,72975,-1,-1,266618,-1,239708,84256,-1,-1,-1,261063,-1,82761,265579,234399,219657,74355,264821,256,-1,79271,-1,234399,-1,-1,254871,74306,234399,241536,263844,239090
-1,-1,-1,-1,-1,250939,-1,76461,230988,-1,-1,270680,-1,-1,-1,-1,230988,263057,242288,-1,80216,272346,80405,231527,230988,-1,227584,251343,230988,74626,-1,-1,257831,-1,230988,230988,205855,-1,-1,-1,-1,278759,-1,-1,-1,-1,220018,-1,235673,-1,76461,72384,-1,-1,263,-1,-1,-1,220018,-1,-1,246352,-1,230988,225054,74070,81847
-1,-1,-1,-1,-1,267594,-1,244793,204125,-1,-1,76098,-1,-1,-1,-1,253727,252179,221909,-1,73456,204125,81573,269509,245209,-1,73457,255687,253727,269456,-1,-1,253727,-1,253727,253727,81381,-1,-1,-1,-1,248169,72632,-1,-1,-1,253727,-1,241186,247030,244793,244467,74742,85274,266,-1,-1,-1,274906,-1,-1,254909,73254,253727,242635,74877,251116
-1,-1,-1,-1,-1,81785,-1,277565,221024,-1,-1,237840,-1,-1,-1,-1,232446,231237,276347,-1,275241,266374,232526,203605,232446,-1,199323,221024,232446,83200,-1,-1,72656,-1,232446,232446,242271,-1,-1,-1,-1,257536,-1,-1,-1,-1,232446,-1,259027,256728,277565,268460,262794,-1,267,-1,-1,-1,261971,-1,-1,263823,86210,232446,247643,76097,76864
-1,-1,-1,-1,-1,257157,-1,243876,172522,-1,-1,77393,-1,-1,-1,-1,233178,228505,271112,-1,245900,77092,264515,233178,172522,-1,219814,212121,233178,79557,-1,-1,251356,-1,233178,233178,272596,-1,-1,75480,-1,239015,85307,-1,-1,-1,233178,-1,225948,256427,77394,215693,82146,82147,269,-1,82145,-1,77394,-1,-1,243222,85256,233178,225793,250851,251908
-1,-1,-1,-1,-1,264670,-1,262538,200209,-1,-1,262537,-1,-1,-1,-1,271320,200209,265179,-1,266890,243891,257628,236875,264517,-1,73988,257036,271320,216286,-1,-1,243666,-1,236875,236875,247658,-1,-1,-1,-1,267783,252737,-1,-1,-1,271320,-1,83799,79957,271320,73644,79956,-1,270,-1,-1,-1,271320,-1,-1,278363,79551,243666,73641,262588,213835
-1,-1,-1,-1,-1,79548,-1,191083,191083,-1,-1,213530,-1,-1,-1,-1,253409,132740,240489,-1,253472,253409,261670,250854,243539,-1,231828,190633,253409,77729,-1,-1,256746,-1,253409,238222,250855,-1,-1,-1,-1,232225,-1,-1,-1,-1,253409,-1,81762,78906,251201,243886,83694,-1,271,-1,-1,-1,251201,-1,-1,248175,-1,238222,260149,268506,238222
-1,-1,-1,-1,-1,263310,-1,276272,201303,-1,-1,198538,-1,-1,-1,-1,239981,220584,262056,-1,78629,81291,70125,242712,201303,-1,256855,224426,239981,78632,-1,-1,239981,-1,239981,239981,248493,-1,-1,-1,-1,274264,79553,-1,-1,-1,239981,-1,256741,81623,239981,184040,82787,81296,272,-1,-1,-1,230561,-1,-1,271079,204193,239981,78630,79549,232311
-1,-1,-1,-1,-1,220969,-1,232432,228732,-1,-1,193061,-1,-1,-1,-1,235813,212151,210358,-1,263897,224574,232212,279064,235813,-1,199206,228732,235813,208224,-1,-1,239028,-1,235813,235813,278660,-1,-1,204152,-1,212814,79916,-1,-1,-1,235813,-1,82893,232099,232432,233917,279509,81713,278,-1,211522,-1,236510,-1,-1,230564,79262,235813,243525,78469,255541
-1,-1,-1,-1,-1,276998,-1,243686,234986,-1,-1,216194,-1,-1,-1,-1,243686,252552,240493,-1,257368,227055,246679,242287,255971,-1,271461,234986,243686,231887,-1,-1,226766,-1,243686,227055,241788,-1,-1,-1,-1,74697,-1,-1,-1,-1,227055,-1,74085,215399,243586,270983,82424,-1,280,-1,-1,-1,243586,-1,-1,73884,-1,227055,278025,262109,251942
-1,-1,-1,-1,-1,209430,-1,76616,215708,-1,228255,80542,248408,-1,-1,-1,73085,224068,201138,-1,74510,73085,80538,256788,72138,-1,277354,215708,73085,248584,-1,-1,266272,-1,73085,73085,264079,-1,-1,72310,-1,246329,80541,-1,-1,-1,73085,-1,193683,82157,73085,81340,83604,263250,294,-1,74507,-1,74618,-1,-1,277356,74589,73085,257019,80846,278282
-1,-1,-1,-1,-1,70628,-1,73126,204612,-1,-1,198657,-1,-1,-1,-1,204612,243158,248283,-1,70693,213777,71868,72409,204612,-1,245684,267601,73126,272322,-1,-1,245537,-1,204612,204612,266875,-1,-1,-1,-1,215817,-1,-1,-1,-1,204612,-1,241726,278753,73447,80447,78924,-1,298,-1,-1,-1,73447,-1,-1,255464,75672,213777,258920,246757,223255
-1,-1,-1,-1,-1,271265,-1,205214,205214,-1,-1,77749,-1,-1,-1,-1,205214,186508,83626,-1,256435,246100,256040,209335,73262,-1,243347,247754,205214,72277,-1,-1,262860,-1,205214,205214,73381,-1,-1,-1,-1,271467,-1,-1,-1,-1,209335,-1,201888,84412,205214,279217,214650,-1,300,-1,-1,-1,245384,-1,-1,254142,-1,205214,246390,235532,257072
-1,-1,-1,-1,-1,256894,-1,269632,244891,-1,-1,259456,-1,-1,-1,-1,269632,215502,72923,-1,269507,251143,278628,72907,217605,-1,243080,243185,269632,261400,-1,-1,254084,-1,269632,269632,257473,-1,-1,-1,-1,234683,-1,-1,-1,-1,269632,-1,201114,73048,241921,258608,276354,-1,301,-1,-1,-1,241921,-1,-1,269616,76971,269632,262938,81342,244891
-1,-1,-1,-1,-1,279520,-1,251454,252758,-1,-1,230081,-1,-1,-1,-1,252758,241052,274269,-1,235704,255621,272877,227288,227679,-1,243596,252476,252758,261420,-1,-1,250815,-1,252758,252758,267768,-1,-1,-1,-1,75527,269954,-1,-1,-1,252758,-1,251283,83752,252758,278864,82729,-1,305,-1,-1,-1,71141,-1,-1,252758,76714,252758,75586,82997,253760
-1,-1,-1,-1,-1,83559,-1,71919,202014,-1,221534,277532,207491,-1,-1,-1,218744,237927,77335,-1,277852,77506,231303,273573,218744,-1,233056,202014,218744,236364,-1,-1,243163,-1,218744,218744,78949,-1,-1,80227,-1,198543,72106,-1,-1,-1,218744,-1,193768,277853,183544,192546,231926,227570,306,-1,240978,-1,183544,-1,-1,229249,85671,218744,271556,248723,257775
-1,-1,-1,-1,-1,266564,-1,78676,243000,-1,-1,274397,-1,-1,-1,-1,78676,248054,79620,-1,243023,243000,229251,72817,243019,-1,248041,79427,78676,243001,-1,-1,251880,-1,78676,243019,255969,-1,-1,-1,-1,242870,73396,-1,-1,-1,243000,-1,205942,251995,269731,256271,75478,-1,308,-1,-1,-1,269731,-1,-1,70195,76427,243000,276452,273803,248040
-1,-1,-1,-1,-1,78778,-1,242640,248049,-1,-1,257805,-1,-1,-1,-1,248049,251036,213649,-1,246563,237378,253076,72641,248680,-1,271620,237630,248049,227706,-1,-1,248049,-1,248049,248049,241278,-1,-1,-1,-1,262728,79004,-1,-1,-1,248049,-1,75978,70249,237378,83503,243918,-1,310,-1,-1,-1,242494,-1,-1,264696,79006,248049,241812,273678,223229
-1,-1,-1,-1,-1,84022,-1,277807,238270,-1,-1,71722,-1,-1,-1,-1,228863,275079,229860,-1,238270,275056,278948,271031,272968,-1,71994,74426,228863,259290,-1,-1,228863,-1,228863,228863,74674,-1,-1,-1,-1,256799,82867,-1,-1,-1,228863,-1,222471,270575,228863,265486,235670,-1,319,-1,-1,-1,246776,-1,-1,258679,77606,228863,222328,243788,238286
-1,-1,-1,-1,-1,238196,-1,226430,164484,-1,-1,275062,-1,-1,-1,-1,273694,164484,207557,-1,243833,82151,257158,273694,265696,-1,71729,79527,273694,233546,-1,-1,84669,-1,273694,265696,199792,-1,-1,277026,-1,242159,271923,-1,-1,-1,265696,-1,76878,78941,239125,194201,83573,76881,320,-1,-1,-1,239125,-1,-1,260972,220649,265696,71996,275310,193133
-1,-1,-1,-1,-1,277310,-1,78665,260990,-1,-1,78571,-1,-1,-1,-1,204348,242200,73986,-1,85124,260990,273593,235516,204348,-1,259990,212417,260990,262911,-1,-1,268124,-1,204348,260990,77763,-1,-1,-1,-1,270368,-1,-1,-1,-1,204348,-1,81260,77762,270718,254309,209064,-1,321,-1,-1,-1,270718,-1,-1,76874,-1,204348,76860,266113,256380
-1,-1,-1,-1,-1,242759,-1,208159,199282,-1,-1,277540,-1,-1,-1,-1,238988,270038,272383,-1,83043,238988,251281,81865,250805,-1,79651,276170,238988,74643,-1,-1,72246,-1,238988,238988,75526,-1,-1,213323,-1,255258,80111,-1,-1,-1,238988,-1,259083,75524,208159,276644,271638,79654,322,-1,269497,-1,265793,-1,-1,199282,73193,238988,279669,261490,83804
-1,-1,-1,-1,-1,239740,-1,82355,206307,-1,-1,240544,-1,-1,-1,-1,206254,206307,85258,-1,252527,206254,73377,73846,212939,-1,234856,224821,206254,236721,-1,-1,257083,-1,206254,206254,244185,-1,-1,279079,-1,245218,189021,-1,-1,-1,206254,-1,80265,82208,206254,82454,83944,235565,324,-1,-1,-1,229448,-1,-1,244399,237181,206254,245017,81688,234138
-1,-1,-1,-1,-1,248266,-1,225964,229905,-1,-1,186942,-1,-1,-1,-1,222492,226300,211908,-1,229905,222492,259754,252293,212811,-1,252802,220793,222492,239380,-1,-1,263205,-1,222492,263205,201399,-1,-1,-1,-1,271464,237232,-1,-1,-1,222492,-1,83745,245762,232293,207790,70253,85884,325,-1,-1,-1,232293,-1,-1,223959,279882,263205,270571,78160,234171
-1,-1,-1,-1,-1,264001,-1,212523,232363,-1,-1,260466,-1,-1,-1,-1,212523,210257,190113,-1,258168,260236,252544,262968,215914,-1,243526,232363,212523,220834,-1,-1,258580,-1,258580,212523,258165,-1,-1,-1,-1,235844,-1,-1,-1,-1,258580,-1,78957,82856,212523,80731,-1,-1,326,-1,-1,-1,277485,-1,-1,236496,-1,258580,232119,252799,227928
-1,-1,-1,-1,-1,232144,-1,266897,243245,-1,-1,229167,-1,-1,-1,-1,243245,233189,258511,-1,256033,264699,263808,252208,216860,-1,252339,258575,216860,235889,-1,-1,243245,-1,243245,243245,255529,-1,-1,-1,-1,269421,-1,-1,-1,-1,216860,-1,81588,193945,243245,254296,271362,-1,327,-1,-1,-1,248712,-1,-1,226790,-1,243245,216814,72315,237841
-1,-1,-1,-1,-1,247528,-1,277840,210676,-1,-1,271198,-1,-1,-1,-1,271197,210676,235266,-1,70555,253139,275783,244717,230107,-1,266848,259299,271197,246431,-1,-1,271197,-1,271197,244717,273915,-1,-1,246649,-1,279202,263657,-1,-1,-1,244717,-1,80006,265732,268511,278623,263949,80604,347,-1,-1,-1,268511,-1,-1,243787,80606,271197,247668,270888,271539
-1,-1,-1,-1,-1,250823,-1,205255,200731,-1,-1,254113,-1,-1,-1,-1,245903,268583,241525,-1,200731,245903,209315,270376,206562,-1,237175,228997,245903,213665,-1,-1,206558,-1,245903,245903,234241,-1,-1,84509,-1,235773,80008,-1,-1,-1,245903,-1,248740,71166,205255,216155,256164,279183,361,-1,78304,-1,188166,-1,-1,238059,76986,245903,211217,243845,270455
-1,-1,-1,-1,-1,271689,-1,267702,215410,-1,-1,77829,-1,-1,-1,-1,204105,239203,235413,-1,271691,231612,237960,263908,244480,-1,260237,215410,231612,274692,-1,-1,248573,-1,231612,231612,227234,-1,-1,-1,-1,76035,-1,-1,-1,-1,231612,-1,74489,-1,231612,74425,-1,-1,378,-1,-1,-1,219733,-1,-1,252541,-1,231612,261495,74884,279573
-1,-1,-1,-1,-1,258196,-1,77712,277659,-1,-1,260195,-1,-1,-1,-1,259316,72022,231105,-1,272930,80238,80902,226103,259316,-1,76449,72250,259316,76760,-1,-1,242914,-1,259316,259316,70011,-1,-1,-1,-1,277578,-1,-1,-1,-1,242914,-1,76246,253073,242914,277855,-1,-1,379,-1,-1,-1,246459,-1,-1,277659,-1,259316,199393,79531,245084
-1,-1,-1,-1,-1,201240,-1,203500,187154,-1,-1,240323,-1,-1,-1,-1,253094,72390,262559,-1,187154,253094,273898,277007,238958,-1,205159,205655,253094,224017,-1,-1,269149,-1,253094,253094,221953,-1,-1,72697,-1,204860,83543,-1,-1,-1,253094,-1,222878,171923,203500,264445,74359,79425,381,-1,-1,-1,239504,-1,-1,220045,77742,253094,259186,266827,250786
-1,-1,-1,-1,-1,230371,-1,230269,230182,-1,-1,230480,-1,-1,-1,-1,230241,230182,230185,-1,236109,230425,230282,230241,230373,-1,230353,230229,230241,230427,-1,-1,230402,-1,230241,230241,230501,-1,-1,-1,-1,-1,-1,-1,-1,-1,230269,-1,-1,-1,230440,-1,-1,-1,383,-1,-1,-1,230440,-1,-1,230331,-1,230269,230439,-1,236112
-1,-1,-1,-1,-1,208053,-1,259633,220746,-1,-1,264330,79689,-1,-1,-1,188803,236583,276591,-1,253136,220746,195086,209620,200094,-1,252931,210136,188803,221605,-1,-1,188803,-1,210136,188803,245977,-1,-1,79761,-1,226508,72884,-1,-1,-1,205391,-1,271477,79764,188803,231588,79706,75047,393,-1,233493,-1,239842,-1,-1,205391,75895,220746,237520,245566,224263
-1,-1,-1,-1,-1,247534,-1,246063,246063,-1,-1,83377,-1,-1,-1,-1,211365,269971,246753,-1,241737,211365,256384,77951,201877,-1,223253,82715,211365,279541,-1,-1,70328,-1,219990,211365,244692,-1,-1,-1,-1,276567,273893,-1,-1,-1,211365,-1,78573,262814,246063,278710,244056,78441,417,-1,-1,-1,188091,-1,-1,219990,77083,219990,198599,80263,236634
-1,-1,-1,-1,-1,78938,-1,255835,177279,-1,-1,278752,-1,-1,-1,-1,260000,207633,77651,-1,71864,260000,278707,78049,177279,-1,279738,267690,274979,277238,-1,-1,274979,-1,260000,260000,83728,-1,-1,-1,-1,77585,-1,-1,-1,-1,177279,-1,-1,-1,73635,83187,-1,-1,418,-1,-1,-1,73635,-1,-1,70330,-1,260000,239955,80452,246291
-1,-1,-1,-1,-1,278825,-1,72588,225996,-1,-1,276877,-1,-1,-1,-1,225996,276518,224761,-1,201132,223307,204687,225996,271984,-1,263262,236304,225996,244550,-1,-1,270046,-1,225996,225996,241689,-1,-1,-1,-1,83171,-1,-1,-1,-1,225996,-1,274710,79085,223307,150516,80092,-1,420,-1,-1,-1,246954,-1,-1,255343,-1,225996,71451,220230,239808
-1,-1,-1,-1,-1,-1,-1,221810,212223,-1,-1,279145,-1,-1,-1,-1,200900,271667,77434,-1,227948,182156,260018,77430,200900,-1,77435,225873,200900,80219,-1,-1,277345,-1,200900,200900,276814,-1,-1,-1,-1,-1,-1,-1,-1,-1,200900,-1,-1,-1,212223,-1,-1,-1,422,-1,-1,-1,212223,-1,-1,77436,-1,200900,76419,-1,248429
-1,-1,-1,-1,-1,83524,-1,243427,246079,-1,-1,259472,-1,-1,-1,-1,251262,244191,71490,-1,246079,263098,77754,70744,242230,-1,251178,211978,251262,230847,-1,-1,251262,-1,261277,242230,202819,-1,-1,-1,-1,276749,-1,-1,-1,-1,251262,-1,83810,242984,246079,254138,208697,-1,423,-1,-1,-1,239642,-1,-1,247000,237863,261277,227182,253943,261277
-1,-1,-1,-1,-1,79805,-1,234066,192129,-1,-1,272656,-1,-1,-1,-1,272566,192129,228355,-1,253104,80314,76667,74629,276189,-1,226583,272566,272566,273858,-1,-1,220198,-1,272566,272566,81462,-1,-1,72190,-1,79250,80638,-1,-1,-1,272566,-1,262224,272918,234066,225273,240677,268345,433,-1,-1,-1,272514,-1,-1,251652,76873,272566,79251,82150,76875
-1,-1,-1,-1,-1,261195,-1,279930,204639,-1,-1,223154,-1,-1,-1,-1,237055,226753,279001,-1,204639,237055,264294,244486,276946,-1,74295,74981,237055,205201,-1,-1,241771,-1,237055,237055,230624,-1,-1,-1,-1,70552,85668,-1,-1,-1,237055,-1,75342,205678,212382,78027,76143,-1,436,-1,-1,-1,212382,-1,-1,74735,85667,237055,271452,78970,276909
-1,-1,-1,-1,-1,221167,-1,261276,201901,-1,-1,244655,-1,-1,-1,-1,261276,277904,83747,-1,228134,227082,274636,235650,201901,-1,251416,238260,261276,229921,-1,-1,237933,-1,261276,246136,210263,-1,-1,-1,-1,83480,-1,-1,-1,-1,235650,-1,198489,201346,277353,279568,242229,-1,445,-1,-1,-1,277353,-1,-1,246136,-1,235650,247166,277023,237975
-1,-1,-1,-1,-1,259524,-1,244675,216201,-1,210287,146947,263617,-1,-1,-1,279604,230869,79582,-1,212218,216201,239614,183512,279604,-1,227950,248550,279604,253130,-1,-1,256516,-1,279604,279604,225201,-1,-1,81637,-1,76945,82180,-1,-1,-1,256516,-1,78550,70344,256516,259422,74317,82517,448,-1,278408,-1,231184,-1,-1,205157,82124,279604,277708,225523,241049
-1,-1,-1,-1,-1,246608,-1,237034,203747,-1,-1,267860,82106,-1,-1,-1,226456,246657,85348,-1,277537,224158,198141,193352,226456,-1,252324,212602,226456,197781,-1,-1,255475,-1,226456,226456,228520,-1,-1,241184,-1,226226,76739,-1,-1,-1,226456,-1,194911,76420,237034,76740,80806,74717,449,-1,264297,-1,198951,-1,-1,235945,272487,226456,276471,267430,203747
-1,-1,-1,-1,-1,270860,-1,192629,220821,-1,-1,277029,-1,-1,-1,-1,192638,234102,222572,-1,192638,266331,230021,276745,259233,-1,72426,220821,192638,265800,-1,-1,75628,-1,192638,192629,219985,-1,-1,278262,-1,80666,277649,-1,-1,-1,264095,-1,262140,223061,224179,83212,264167,275050,450,-1,-1,-1,224179,-1,-1,264095,72425,192629,272453,84238,279027
-1,-1,-1,-1,-1,258684,-1,229862,227290,-1,-1,246457,-1,-1,-1,-1,229862,227290,258948,-1,263575,257063,233084,270728,244407,-1,233884,240289,229862,258949,-1,-1,225926,-1,229862,229862,263676,-1,-1,-1,-1,243431,-1,-1,-1,-1,229862,-1,279605,278174,192678,85378,-1,-1,452,-1,-1,-1,192678,-1,-1,260546,-1,229862,259521,244622,262479
-1,-1,-1,-1,-1,232610,-1,259011,228805,-1,-1,208620,-1,-1,-1,-1,202648,258466,261375,-1,228805,255566,248820,214026,202648,-1,245426,219585,202648,270206,-1,-1,267976,-1,214026,202648,80915,-1,-1,74242,-1,264110,85659,-1,-1,-1,202648,-1,146952,85651,223710,278392,74716,81654,453,-1,85364,-1,223710,-1,-1,241856,275024,202648,202716,74481,221342
-1,-1,-1,-1,-1,74881,-1,75263,254005,-1,-1,83090,-1,-1,-1,-1,243792,225395,80005,-1,246455,246044,255406,74606,254005,-1,265731,277597,243792,83120,-1,-1,243792,-1,243792,243792,269639,-1,-1,74624,-1,274080,82954,-1,-1,-1,243792,-1,80659,279112,243792,273827,75632,80709,456,-1,223578,-1,193794,-1,-1,262501,75378,243792,216376,243155,269197
-1,-1,-1,-1,-1,272455,-1,246672,233738,-1,-1,234060,-1,-1,-1,-1,235944,221087,265520,-1,225263,235944,209889,241811,224411,-1,226221,233738,235944,237681,-1,-1,234153,-1,234153,241811,258775,-1,-1,-1,-1,264701,-1,-1,-1,-1,241811,-1,75936,-1,234153,262513,-1,-1,457,-1,-1,-1,269186,-1,-1,262510,-1,234153,74091,74913,234035
-1,-1,-1,-1,-1,228326,-1,243491,219836,-1,81503,265560,265561,-1,-1,-1,224428,219836,245601,-1,243449,263883,238220,271805,229207,-1,258766,236573,243491,77717,-1,-1,256885,-1,224428,243491,273610,-1,-1,277894,-1,82117,80752,-1,-1,-1,243491,-1,72028,82118,224428,74608,245021,71797,459,-1,74746,-1,224428,-1,-1,264838,78731,243491,237442,264506,228716
-1,-1,-1,-1,-1,236276,-1,266436,211688,-1,192563,236657,203177,-1,-1,-1,230786,211348,241179,-1,233885,243134,260082,211688,225659,-1,240900,265726,224415,246258,-1,-1,224415,-1,230786,230786,243032,-1,-1,263880,-1,219792,264238,-1,-1,-1,224415,-1,215256,279868,243134,266031,80683,263396,461,-1,230578,-1,231627,-1,-1,230786,78669,224415,247729,241463,275238
-1,-1,-1,-1,-1,252084,-1,271267,271682,-1,85505,224013,256159,-1,-1,-1,258769,278395,84268,-1,270879,266136,204876,264440,258769,-1,78642,263393,258769,242655,-1,-1,262585,85909,258769,258769,253152,-1,-1,80812,-1,233631,75565,-1,-1,-1,258769,-1,82252,80721,271682,260264,278008,78366,462,-1,236466,-1,271682,-1,-1,262581,277930,258769,260923,278524,231280
-1,-1,-1,-1,-1,233113,-1,234826,261987,-1,-1,240458,-1,-1,-1,-1,270834,222464,186680,-1,279109,238126,81776,261987,264160,-1,255854,240953,270834,205192,-1,-1,270834,-1,270834,270834,259747,-1,-1,-1,-1,244948,81739,-1,-1,-1,270834,-1,70183,277814,222041,278003,81738,-1,463,-1,-1,-1,222041,-1,-1,76768,78858,270834,264842,221639,210455
-1,-1,-1,-1,-1,264195,-1,264665,199986,-1,-1,255268,-1,-1,-1,-1,199986,259362,264170,-1,199986,244197,234731,71912,241489,-1,205069,271438,199986,229765,-1,-1,73561,-1,199986,199986,199158,-1,-1,80276,-1,229517,79487,-1,-1,-1,275126,-1,78933,237206,244197,271037,78159,80277,467,-1,-1,-1,233231,-1,-1,275126,80576,275126,277719,254003,254913
-1,-1,-1,-1,-1,246113,-1,228941,206222,-1,-1,270109,-1,-1,-1,-1,254860,207935,246139,-1,206222,235522,260083,246809,244393,-1,278923,261264,254860,272445,-1,-1,254860,-1,254860,259173,71013,-1,-1,212626,-1,269622,83277,-1,-1,-1,254860,-1,264116,80749,228941,229667,75568,274226,468,-1,-1,-1,231628,-1,-1,239671,279200,254860,248559,269250,259173
-1,-1,-1,-1,-1,269224,-1,198164,258922,-1,78859,217731,234779,-1,-1,-1,252079,244262,277239,-1,266160,252079,272305,244394,278096,-1,278403,259581,252079,265194,-1,-1,272430,78071,252079,252079,247136,-1,-1,83523,-1,251337,278872,-1,-1,-1,252079,-1,229699,242489,252079,234350,74371,76546,472,-1,266158,-1,202515,-1,-1,243478,70334,252079,278400,251011,258922
-1,-1,-1,-1,-1,274355,-1,258937,224003,-1,-1,225200,-1,-1,-1,-1,211022,224003,193314,-1,243976,264159,272433,231591,208137,-1,271145,259066,258937,206219,-1,-1,76042,-1,258937,258937,258139,-1,-1,-1,-1,71598,-1,-1,-1,-1,258937,-1,276087,241494,258937,74441,252162,-1,479,-1,-1,-1,253416,-1,-1,247495,199422,258937,206590,80805,234730
-1,-1,-1,-1,-1,203581,-1,232498,232498,-1,-1,236492,-1,-1,-1,-1,197948,227186,236033,-1,276633,265578,247131,258371,243558,-1,235662,197948,232498,265396,-1,-1,216447,-1,197948,197948,276895,-1,-1,73316,-1,236355,267577,-1,-1,-1,232498,-1,251756,173030,232498,248805,79474,81393,480,-1,272486,-1,243559,-1,-1,250858,74551,232498,214944,271373,248165
-1,-1,-1,-1,-1,69967,-1,238581,184432,-1,-1,244114,-1,-1,-1,-1,193198,211990,185427,-1,271755,229649,252961,208330,229752,-1,78367,267960,229649,238050,-1,-1,184941,-1,184941,229649,211784,-1,-1,-1,-1,270301,224309,-1,-1,-1,229649,-1,272427,275520,266256,213917,80681,234426,481,-1,-1,-1,266256,-1,-1,246683,279507,229649,264172,80682,184432
-1,-1,-1,-1,-1,243034,-1,208093,208093,-1,75690,209989,279188,-1,-1,-1,226110,258885,259065,-1,273906,241707,277244,228302,235781,-1,262402,237221,226110,189513,-1,-1,264388,-1,264388,226110,215590,-1,-1,72328,-1,271108,271757,-1,-1,-1,226110,-1,268414,80684,208093,267920,81244,243923,483,-1,263227,-1,254551,-1,-1,226110,75748,264388,246800,82665,276493
-1,-1,-1,-1,-1,72674,-1,245582,262669,-1,85946,262672,80308,-1,-1,-1,262669,262322,238503,-1,79280,277910,255838,269302,262669,-1,248105,262119,262669,251342,-1,-1,274191,-1,262669,262669,236474,-1,-1,80309,-1,274000,262117,-1,-1,-1,269302,-1,261992,263065,262119,72675,190738,81817,485,-1,76553,-1,251855,-1,-1,279622,70985,262669,262551,276052,260683
-1,-1,-1,-1,-1,79705,-1,263025,234381,-1,-1,239498,-1,-1,-1,-1,244034,237359,263023,-1,245760,262645,268651,235253,240335,-1,268652,234381,244034,73131,-1,-1,244034,-1,244034,244034,246845,-1,-1,-1,-1,278186,-1,-1,-1,-1,244034,-1,79384,183632,261047,246175,222838,-1,487,-1,-1,-1,261047,-1,-1,239690,73129,244034,262984,270023,79383
-1,-1,-1,-1,-1,251688,-1,253418,243445,-1,-1,80903,238986,-1,-1,-1,276342,276993,208776,-1,274101,259272,262534,218656,276320,-1,73147,76794,276342,83465,-1,-1,243445,-1,276342,276342,269472,-1,-1,79258,-1,263970,233880,-1,-1,-1,276342,-1,255789,238965,243445,279657,255337,203590,492,-1,238674,-1,278893,-1,-1,276342,79803,276342,244078,76980,256519
-1,-1,-1,-1,-1,262667,-1,234385,234385,-1,-1,262902,-1,-1,-1,-1,244133,252911,72755,-1,251289,262898,263061,244133,279490,-1,225636,73956,256954,273114,-1,-1,264247,-1,244133,244133,235157,-1,-1,-1,-1,82199,-1,-1,-1,-1,244133,-1,216377,277509,216823,262671,250909,-1,503,-1,-1,-1,216823,-1,-1,263076,222484,256954,243360,236613,256954
-1,-1,-1,-1,-1,225075,-1,79755,182520,-1,-1,258635,-1,-1,-1,-1,73370,182520,271171,-1,77764,73370,262593,241135,72531,-1,245769,257147,73370,216255,-1,-1,79756,-1,73370,73370,272454,-1,-1,-1,-1,243041,242268,-1,-1,-1,73370,-1,77747,272538,238643,81317,78089,73368,506,-1,-1,-1,238643,-1,-1,263353,81635,73370,270994,73369,239686
-1,-1,-1,-1,-1,230399,-1,230481,230481,-1,-1,230485,-1,-1,-1,-1,230481,230328,230324,-1,230388,230422,230397,230339,230259,-1,236073,230379,230481,230239,-1,-1,230468,-1,230481,230481,230503,-1,-1,-1,-1,236190,-1,-1,-1,-1,230481,-1,-1,-1,230516,-1,-1,-1,517,-1,-1,-1,230516,-1,-1,230417,-1,230481,230213,-1,230208
-1,-1,-1,-1,-1,250847,-1,257172,233785,-1,-1,265643,-1,-1,-1,-1,237635,235141,218873,-1,276675,224662,264313,257532,237490,-1,279219,233785,237635,256282,-1,-1,237635,-1,237635,237635,225735,-1,-1,267460,-1,244040,80206,-1,-1,-1,237635,-1,203754,238637,237635,234279,224424,278043,523,-1,81710,-1,242291,-1,-1,260014,268747,237635,270877,263514,263841
-1,-1,-1,-1,-1,73015,-1,264245,217841,-1,-1,261528,-1,-1,-1,-1,260186,269269,265750,-1,217841,257190,269850,273533,239666,-1,239903,269315,260186,276312,-1,-1,260186,-1,260186,260186,73071,-1,-1,-1,-1,73009,74385,-1,-1,-1,260186,-1,71288,74747,272909,222024,269320,-1,526,-1,-1,-1,272909,-1,-1,238692,79320,260186,78448,74003,274565
-1,-1,-1,-1,-1,251325,85682,240829,212755,-1,83468,253694,276353,-1,-1,-1,244024,260978,243925,-1,242958,212755,266438,194431,223756,-1,263138,262903,244024,238636,-1,-1,276289,84105,244024,244024,276735,-1,-1,276903,-1,229702,247721,-1,-1,-1,244024,-1,238634,211874,244024,258547,245856,264856,531,-1,80291,-1,244024,-1,-1,241900,269842,244024,263312,257264,276287
-1,-1,-1,-1,-1,279008,-1,272872,264711,-1,-1,262267,-1,-1,-1,-1,272872,231413,246740,-1,269288,72954,241692,264711,239595,-1,279122,79311,272872,80125,-1,-1,215871,-1,272872,272872,252697,-1,-1,-1,-1,79310,261360,-1,-1,-1,272872,-1,263984,257209,272872,214680,81310,71062,537,-1,-1,-1,257314,-1,-1,263424,83847,272872,79818,70781,263075
-1,-1,-1,-1,-1,251417,-1,245543,245543,-1,-1,229923,-1,-1,-1,-1,270514,224440,240218,-1,74417,257051,234861,274038,213644,-1,210004,243738,270514,238957,-1,-1,270514,-1,270514,244280,79330,-1,-1,-1,-1,79326,80366,-1,-1,-1,244280,-1,83257,80320,270514,276270,76138,-1,543,-1,-1,-1,80194,-1,-1,244280,276041,244280,278728,262792,252231
-1,-1,-1,-1,-1,267425,-1,266209,241582,-1,-1,262181,-1,-1,-1,-1,241582,228582,138431,-1,278511,261677,278641,277547,270374,-1,237969,264695,241582,204787,-1,-1,241582,-1,241582,241582,247371,-1,-1,-1,-1,278643,84010,-1,-1,-1,241582,-1,72715,72719,261454,278642,84072,-1,563,-1,-1,-1,261454,-1,-1,228292,271618,241582,77876,72717,71384
-1,-1,-1,-1,-1,230372,-1,230271,230271,-1,-1,230273,-1,-1,-1,-1,230337,230323,230332,-1,230218,230278,230221,230337,230530,-1,230335,230381,230337,230247,-1,-1,230466,-1,230337,230271,230287,-1,-1,-1,-1,236196,-1,-1,-1,-1,230337,-1,-1,-1,230278,-1,-1,-1,567,-1,-1,-1,230507,-1,-1,230234,-1,230337,230268,-1,230199
-1,-1,-1,-1,-1,233986,-1,234015,230318,-1,-1,230522,-1,-1,-1,-1,234015,230318,233976,-1,230382,230465,230200,230189,230252,-1,236076,230209,234015,230243,-1,-1,230515,-1,234015,230465,230290,-1,-1,-1,-1,236165,-1,-1,-1,-1,230252,-1,-1,-1,230502,-1,-1,-1,568,-1,-1,-1,230502,-1,-1,230452,-1,230252,230236,-1,230202
-1,-1,-1,-1,-1,234019,-1,234023,230434,-1,-1,230377,-1,-1,-1,-1,230275,230330,230172,-1,230413,230275,230409,230348,236172,-1,230190,230405,230275,236197,-1,-1,236170,-1,230275,230275,236186,-1,-1,-1,-1,230270,-1,-1,-1,-1,234023,-1,-1,-1,230302,-1,-1,-1,569,-1,-1,-1,230302,-1,-1,230434,-1,234023,234018,-1,230194
-1,-1,-1,-1,-1,220638,-1,74554,235312,-1,83074,255398,77346,-1,-1,-1,276949,235312,271491,-1,219796,265812,265437,226087,276949,-1,73450,73452,276949,242333,-1,-1,258494,-1,276949,276949,278608,-1,-1,236221,-1,269227,244938,-1,-1,-1,276949,-1,234769,78193,74554,263677,260344,236735,573,-1,80217,-1,246276,-1,-1,74210,74211,276949,74555,252943,73199
-1,-1,-1,-1,-1,219694,-1,271993,212321,-1,-1,269084,-1,-1,-1,-1,251834,244001,262516,-1,276167,84388,76706,251834,277767,-1,224093,76106,251834,255459,-1,-1,73125,-1,251834,251834,279220,-1,-1,228935,-1,73149,279022,-1,-1,-1,251834,-1,275604,79298,76106,204688,79299,231110,576,-1,70522,-1,262946,-1,-1,212321,200473,251834,276165,83189,275754
-1,-1,-1,-1,-1,267782,-1,243904,262591,-1,-1,242525,-1,-1,-1,-1,261745,269301,238489,-1,251320,260925,270554,261745,246301,-1,229200,262591,261745,73002,-1,-1,262978,-1,261745,261745,238631,-1,-1,-1,-1,246858,279212,-1,-1,-1,261745,-1,276321,244233,76133,82971,189917,-1,580,-1,-1,-1,76133,-1,-1,234860,73005,261745,73585,269310,216416
-1,-1,-1,-1,-1,209491,-1,244027,202087,-1,-1,78646,-1,-1,-1,-1,202087,269560,79377,-1,78524,244707,256296,244094,259854,-1,72336,202087,202087,259855,-1,-1,276168,-1,202087,202087,78657,-1,-1,79380,-1,256298,84279,-1,-1,-1,202087,-1,79376,78525,202087,73306,243883,79379,583,-1,263307,-1,255072,-1,-1,270548,78522,202087,70906,243378,78523
-1,-1,-1,-1,-1,230392,-1,230432,230244,-1,-1,234028,-1,-1,-1,-1,230521,230319,230321,-1,230222,236147,230205,230244,230414,-1,230386,230326,230521,230456,-1,-1,230370,-1,230521,230222,230385,-1,-1,-1,-1,230410,-1,-1,-1,-1,230242,-1,-1,-1,230521,-1,-1,-1,598,-1,-1,-1,230521,-1,-1,230242,-1,230242,230246,-1,230217
-1,-1,-1,-1,-1,279627,264698,210602,210602,-1,81587,241938,275570,-1,-1,-1,223848,275317,245276,-1,245751,223848,256331,232656,222737,-1,228783,201024,223848,75598,-1,-1,220075,253072,223848,224293,277797,-1,-1,78872,-1,73855,76425,-1,-1,-1,224293,-1,82924,78887,165153,279000,277487,277063,605,-1,277279,-1,165153,-1,-1,224293,82210,210602,206654,225976,245268
-1,-1,-1,-1,-1,275128,-1,234906,209499,-1,270613,263828,74764,-1,-1,-1,241852,241727,279593,-1,200888,241852,277022,258147,209499,-1,259426,210843,241852,211173,-1,-1,225953,263884,241852,241852,273546,-1,-1,221772,-1,221658,271569,-1,-1,-1,241852,-1,277235,71851,209499,241963,74975,83760,607,-1,278227,-1,235410,-1,-1,260977,73593,241852,238043,259358,242156
-1,-1,-1,-1,-1,252571,-1,215420,190180,-1,-1,271161,-1,-1,-1,-1,215420,222411,211537,-1,193716,243841,278606,190180,246872,-1,83301,79684,215420,202526,-1,-1,278598,-1,215420,215420,220178,-1,-1,70932,-1,209729,263294,-1,-1,-1,215420,-1,178287,215419,215420,189186,70483,262231,621,-1,-1,-1,222932,-1,-1,193957,79278,215420,233727,82938,259201
-1,-1,-1,-1,-1,210386,-1,275858,197860,-1,81745,216380,75226,-1,-1,-1,246960,202457,210832,-1,258926,246960,260436,258823,79242,-1,251895,220385,246960,254680,-1,-1,240271,83696,246960,246960,216349,-1,-1,80378,-1,223115,73547,-1,-1,-1,246960,-1,200698,73746,246960,251629,76962,82844,634,-1,75602,-1,239378,-1,-1,261249,73545,275858,261652,223926,197860
-1,-1,-1,-1,-1,228666,277864,227537,227537,-1,83951,79039,83915,-1,-1,-1,239012,271150,271748,-1,75894,239012,261673,243293,79397,-1,188621,216230,239012,269257,-1,-1,221907,269243,239012,221907,80489,-1,-1,70077,-1,225152,79038,-1,-1,-1,221907,-1,79040,71963,227537,72634,80488,73432,645,-1,79037,-1,254503,-1,-1,226677,79822,221907,272530,259403,75787
-1,-1,-1,-1,-1,224252,-1,274701,73348,-1,-1,255241,-1,-1,-1,-1,73348,263922,208214,-1,272407,243953,73930,251911,270636,-1,267485,245018,73348,252494,-1,-1,277975,-1,73348,73348,247539,-1,-1,-1,-1,263465,-1,-1,-1,-1,73348,-1,80124,73612,73348,75457,263804,-1,670,-1,-1,-1,227667,-1,-1,73348,-1,73348,71624,276925,269956
-1,-1,-1,-1,-1,278777,-1,70497,229659,-1,-1,277206,-1,-1,-1,-1,260570,204308,244810,-1,271032,260570,271417,222875,229659,-1,83913,243530,260570,235242,-1,-1,70496,-1,260570,260570,268597,-1,-1,-1,-1,72955,-1,-1,-1,-1,260570,-1,74349,278479,260570,232905,73917,-1,673,-1,-1,-1,266616,-1,-1,270995,-1,70497,246713,77638,275353
-1,-1,-1,-1,-1,261325,-1,264201,204549,-1,-1,70191,-1,-1,-1,-1,266681,204549,269752,-1,234167,271953,82176,264280,266681,-1,229705,264189,266681,226431,-1,-1,251633,-1,266681,266681,77045,-1,-1,-1,-1,80031,72611,-1,-1,-1,266681,-1,242006,270351,239589,244108,75615,70269,674,-1,-1,-1,239589,-1,-1,260432,84374,266681,80126,275021,259043
-1,-1,-1,-1,-1,271205,-1,232490,71641,-1,-1,80383,-1,-1,-1,-1,232490,71641,272336,-1,266567,271219,234148,255850,235799,-1,232655,233225,232490,80179,-1,-1,266831,-1,232490,232490,277647,-1,-1,-1,-1,279806,-1,-1,-1,-1,232490,-1,73924,83250,76570,184148,248603,-1,680,-1,-1,-1,76570,-1,-1,270923,-1,232490,240233,279807,279667
-1,-1,-1,-1,-1,220948,-1,263496,235661,-1,-1,276315,-1,-1,-1,-1,235661,273047,209293,-1,186296,251575,254833,74136,251466,-1,70277,255558,235661,83340,-1,-1,232759,-1,235661,235661,83334,-1,-1,-1,-1,268729,266688,-1,-1,-1,235661,-1,83646,277207,271979,77730,79115,279641,681,-1,-1,-1,271979,-1,-1,235661,279048,235661,251621,75782,242907
-1,-1,-1,-1,-1,270820,-1,242515,266390,-1,-1,272835,-1,-1,-1,-1,245855,266389,267684,-1,266390,70155,257346,242263,245855,-1,271365,206485,245855,238277,-1,-1,274535,-1,245855,245855,212790,-1,-1,77969,-1,211575,83264,-1,-1,-1,245855,-1,206549,79215,241907,72870,83374,71481,687,-1,-1,-1,241907,-1,-1,246106,79863,245855,246804,79860,212401
-1,-1,-1,-1,-1,72375,-1,263180,266805,-1,-1,243464,-1,-1,-1,-1,71914,190780,226786,-1,233931,256215,247459,254841,242302,-1,242542,266805,254841,70045,-1,-1,71914,-1,71914,268685,248674,-1,-1,-1,-1,78203,-1,-1,-1,-1,254841,-1,75806,279787,263180,83296,77485,-1,688,-1,-1,-1,277301,-1,-1,268685,273553,71914,259249,71080,231108
-1,-1,-1,-1,-1,259159,-1,208448,208448,-1,-1,75541,-1,-1,-1,-1,208448,219736,227909,-1,256499,268402,278488,84119,275294,-1,69986,226803,208448,266325,-1,-1,247325,-1,208448,208448,77516,-1,-1,267787,-1,227278,73858,-1,-1,-1,84119,-1,279164,80096,208448,79888,256426,78206,689,-1,-1,-1,183569,-1,-1,77455,85897,208448,255033,80484,255335
-1,-1,-1,-1,-1,212592,-1,210930,210930,-1,-1,201895,-1,-1,-1,-1,210930,233267,77470,-1,235849,270107,73673,266682,269005,-1,275943,276960,210930,244895,-1,-1,247874,-1,210930,270107,253568,-1,-1,-1,-1,278955,-1,-1,-1,-1,210930,-1,79882,81423,210930,255136,79884,-1,691,-1,-1,-1,70892,-1,-1,226793,-1,247874,237257,79881,77559
-1,-1,-1,-1,-1,81425,-1,233630,238008,-1,-1,247278,-1,-1,-1,-1,219951,279705,259915,-1,82308,228312,255273,273550,78452,-1,266334,238008,215443,240117,-1,-1,215443,-1,219951,215443,83259,-1,-1,-1,-1,78202,77466,-1,-1,-1,219951,-1,271051,79850,233630,242714,269960,-1,693,-1,-1,-1,225085,-1,-1,219951,262414,215443,255956,77471,77494
-1,-1,-1,-1,-1,266852,-1,260523,234777,-1,-1,228408,-1,-1,-1,-1,260523,234777,263967,-1,75145,277794,271055,231985,256934,-1,274272,228295,260523,77457,-1,-1,247612,-1,260523,260523,80609,-1,-1,-1,-1,255457,84480,-1,-1,-1,247612,-1,83667,79921,260523,72379,279544,-1,694,-1,-1,-1,261455,-1,-1,276207,70219,260523,70222,268130,237000
-1,-1,-1,-1,-1,84126,272825,256194,215643,-1,77133,79867,83321,-1,-1,-1,244797,77128,247494,-1,244674,273577,275101,272603,78172,-1,246310,232332,244797,252416,-1,-1,254067,77467,215643,273577,71257,-1,-1,83322,-1,83326,84351,-1,-1,-1,273577,-1,247933,78028,244797,237214,77131,83327,695,-1,260913,-1,244797,-1,-1,215643,79866,273577,261028,83324,232120
-1,-1,-1,-1,-1,84099,-1,223978,251105,-1,-1,83333,-1,-1,-1,-1,223978,256053,237250,-1,261763,240226,277619,272813,77490,-1,77488,77556,223978,248166,-1,-1,261604,-1,223978,223978,275252,-1,-1,-1,-1,247125,-1,-1,-1,-1,240226,-1,78211,70850,251105,84580,-1,-1,696,-1,-1,-1,251105,-1,-1,82378,-1,240226,77970,258722,264390
-1,-1,-1,-1,-1,77521,-1,241162,188350,-1,-1,233400,-1,-1,-1,-1,188350,275032,242703,-1,191648,188350,275251,258095,77474,-1,247308,273826,188350,70335,-1,-1,247509,-1,188350,188350,221797,-1,-1,-1,-1,77486,83335,-1,-1,-1,70822,-1,72827,274267,242998,75238,242816,-1,697,-1,-1,-1,242998,-1,-1,70822,241091,188350,247038,260421,233169
-1,-1,-1,-1,-1,84124,-1,247351,209597,-1,-1,258208,-1,-1,-1,-1,260479,197928,202570,-1,209597,234819,236281,260479,156519,-1,83116,78686,260479,235424,-1,-1,213948,-1,234819,260479,267869,-1,-1,-1,-1,234122,-1,-1,-1,-1,234819,-1,83209,-1,220715,270955,-1,-1,698,-1,-1,-1,220715,-1,-1,232255,-1,234819,263068,77822,199745
-1,-1,-1,-1,-1,74368,-1,254275,209063,-1,-1,77949,-1,-1,-1,-1,221919,236823,227050,-1,244192,192102,75198,209061,236427,-1,272304,246654,221919,262153,-1,-1,266927,-1,221919,221919,77907,-1,-1,-1,-1,209062,-1,-1,-1,-1,236427,-1,275621,74518,209061,211053,270533,-1,700,-1,-1,-1,221919,-1,-1,70124,71308,236427,84634,80427,209063
-1,-1,-1,-1,-1,-1,-1,211177,202905,-1,-1,74715,-1,-1,-1,-1,211177,202910,75670,-1,266015,159996,81458,160023,77761,-1,279272,231510,211177,160080,-1,-1,160121,-1,211177,211177,245122,-1,-1,-1,-1,-1,-1,-1,-1,-1,211177,-1,-1,-1,202905,-1,-1,-1,702,-1,-1,-1,202905,-1,-1,213813,-1,211177,273949,-1,279056
-1,-1,-1,-1,-1,76869,-1,197240,197240,-1,-1,75669,-1,-1,-1,-1,197240,222900,256376,-1,266337,246920,82864,243284,223379,-1,262216,258874,197240,270538,-1,-1,263761,-1,197240,197240,227835,-1,-1,-1,-1,272916,-1,-1,-1,-1,197240,-1,-1,-1,197240,224242,-1,-1,708,-1,-1,-1,256326,-1,-1,275290,-1,197240,279024,-1,71727
-1,-1,-1,-1,-1,235855,-1,79512,223907,-1,-1,279086,-1,-1,-1,-1,70087,221584,240043,-1,274268,70096,256429,70087,76879,-1,213497,254994,70087,266029,-1,-1,234522,-1,79512,76879,260228,-1,-1,-1,-1,236883,-1,-1,-1,-1,70087,-1,271090,80424,256507,74628,-1,-1,710,-1,-1,-1,256507,-1,-1,242062,-1,79512,242055,78245,223907
-1,-1,-1,-1,-1,85131,-1,70838,234488,-1,-1,274406,-1,-1,-1,-1,234488,275161,207926,-1,207555,242166,75450,220600,234488,-1,79303,77311,234488,272967,-1,-1,79525,-1,234488,234488,71343,-1,-1,-1,-1,269398,81614,-1,-1,-1,234488,-1,255414,80316,242166,189296,80635,-1,711,-1,-1,-1,272709,-1,-1,70007,271415,234488,200718,234291,224793
-1,-1,-1,-1,-1,80136,83216,271683,199577,-1,80020,80601,80019,-1,-1,-1,262416,273998,80777,-1,278057,70671,278796,254244,267958,-1,79908,199577,262416,79909,-1,-1,233585,80022,262416,262416,217021,-1,-1,79911,-1,74567,263790,-1,-1,-1,262416,-1,71981,273690,262416,80598,81327,83680,717,-1,79912,-1,262416,-1,-1,254230,259067,262416,233373,71291,80021
-1,-1,-1,-1,-1,247955,-1,229683,244193,-1,83404,72677,83681,-1,-1,-1,244193,194781,279565,-1,79505,72808,72301,78088,79704,-1,264743,263813,244193,79293,-1,-1,264450,-1,244193,244193,244601,-1,-1,269199,-1,251647,79968,-1,-1,-1,244193,-1,79312,73426,244193,257975,258477,81597,718,-1,258085,-1,244193,-1,-1,76743,76225,244193,254514,79141,253193
-1,-1,-1,-1,-1,81517,-1,212205,194077,-1,-1,252807,-1,-1,-1,-1,278159,201482,237553,-1,215147,240628,243244,228120,234129,-1,229773,194077,278159,231777,-1,-1,278159,-1,278159,228120,228981,-1,-1,-1,-1,240333,-1,-1,-1,-1,278159,-1,81560,75884,212205,211739,279725,-1,741,-1,-1,-1,204370,-1,-1,266050,-1,278159,253714,77880,253463
-1,-1,-1,-1,-1,74122,-1,263279,244287,-1,-1,267778,-1,-1,-1,-1,263279,247866,254276,-1,204121,83220,258522,235026,72863,-1,73596,70700,263279,83698,-1,-1,261145,-1,263279,263279,80593,-1,-1,-1,-1,73600,268719,-1,-1,-1,263279,-1,233414,80886,263279,277899,73319,236692,744,-1,-1,-1,279909,-1,-1,276159,71232,263279,81324,278434,244287
-1,-1,-1,-1,-1,237179,-1,240040,223134,-1,-1,252917,-1,-1,-1,-1,223134,223175,234341,-1,233097,251401,276393,277902,218745,-1,263854,244377,223134,258698,-1,-1,239045,-1,223134,223134,83008,-1,-1,277498,-1,80643,81568,-1,-1,-1,223134,-1,75899,276392,218745,72417,81578,83226,748,-1,-1,-1,244685,-1,-1,270597,262335,223134,209232,243271,223134
-1,-1,-1,-1,-1,260881,-1,258532,183807,-1,-1,275469,-1,-1,-1,-1,261876,75916,75962,-1,237926,263030,264493,78231,71148,-1,194146,259234,261876,83482,-1,-1,261876,-1,261876,261876,262651,-1,-1,-1,-1,237847,279856,-1,-1,-1,261876,-1,77598,71149,183807,243910,273558,71145,753,-1,-1,-1,183807,-1,-1,274451,278183,261876,272401,77509,77510
-1,-1,-1,-1,-1,216387,-1,78797,204922,-1,-1,229819,-1,-1,-1,-1,78797,204922,78786,-1,190592,263049,257029,256545,238086,-1,242547,251658,263049,202518,-1,-1,276129,-1,78797,238086,80328,-1,-1,79940,-1,79942,79945,-1,-1,-1,263049,-1,78792,244553,263049,78787,83117,79943,780,-1,83750,-1,70049,-1,-1,275446,79944,78797,78795,83439,241993
-1,-1,-1,-1,-1,81621,-1,240833,193283,-1,-1,271980,-1,-1,-1,-1,203362,246267,222562,-1,183491,193283,219466,246014,235636,-1,234573,274187,246014,74233,-1,-1,263672,-1,203362,203362,262236,-1,-1,83720,-1,207554,79034,-1,-1,-1,246014,-1,263711,79407,224389,201943,73448,79165,819,-1,-1,-1,203362,-1,-1,224389,83208,203362,229150,240974,266260
-1,-1,-1,-1,-1,79859,-1,257399,177373,-1,-1,70164,263877,-1,-1,-1,217845,264111,70445,-1,177373,217845,81288,259763,77090,-1,184143,255211,217845,248118,-1,-1,259134,-1,217845,217845,225931,-1,-1,83319,-1,79554,84087,-1,-1,-1,217845,-1,81848,77395,264822,241695,70852,246647,822,-1,80324,-1,264822,-1,-1,204017,223813,217845,275703,260825,243866
-1,-1,-1,-1,-1,76857,-1,263650,205139,-1,-1,242638,-1,-1,-1,-1,205139,79128,264764,-1,253421,77433,83183,264561,254158,-1,238197,205139,205139,236379,-1,-1,263840,-1,205139,254158,243127,-1,-1,-1,-1,267771,-1,-1,-1,-1,254158,-1,83481,72568,205139,226429,240535,-1,834,-1,-1,-1,230722,-1,-1,274390,276460,254158,257291,258515,203095
-1,-1,-1,-1,-1,278069,-1,259105,206626,-1,-1,271645,-1,-1,-1,-1,258276,235304,74875,-1,226518,220912,265735,242629,261108,-1,233409,72095,258276,70963,-1,-1,237371,-1,261108,258276,243551,-1,-1,-1,-1,254148,76918,-1,-1,-1,258276,-1,271326,76294,206626,209417,276731,82342,873,-1,-1,-1,206626,-1,-1,267467,81263,261108,248508,70084,258276
-1,-1,-1,-1,-1,212267,-1,76579,204842,-1,75944,81300,74038,-1,-1,-1,246168,204842,73240,-1,245361,83431,275960,239425,264433,-1,228770,231111,246168,191783,-1,-1,246168,83946,246168,246168,253173,-1,-1,77117,-1,275206,80144,-1,-1,-1,246168,-1,74009,79210,246168,73218,75943,271879,894,-1,246230,-1,251381,-1,-1,71151,271878,246168,82353,82354,243025
-1,-1,-1,-1,-1,262105,-1,193348,193348,-1,-1,80343,-1,-1,-1,-1,193348,190243,209332,-1,252017,270828,275600,239016,247599,-1,240099,244603,193348,270847,-1,-1,260651,-1,193348,239016,252025,-1,-1,-1,-1,263881,243960,-1,-1,-1,193348,-1,83612,73582,193348,71838,276638,84085,896,-1,-1,-1,222352,-1,-1,262062,276173,193348,257005,76618,258880
-1,-1,-1,-1,-1,239432,-1,80138,231039,-1,-1,81544,-1,-1,-1,-1,256980,262862,223968,-1,279896,244592,76263,73657,80094,-1,273127,234817,256980,75573,-1,-1,256980,-1,256980,256980,244082,-1,-1,279241,-1,279599,73176,-1,-1,-1,256980,-1,71839,82352,256980,80350,82702,247042,897,-1,-1,-1,275090,-1,-1,257344,80139,256980,270928,269947,231039
-1,-1,-1,-1,-1,78569,-1,75654,228645,-1,84035,236449,81860,-1,-1,-1,228645,229956,239746,-1,276130,258784,81862,238980,228645,-1,276670,266000,228645,263745,-1,-1,245428,-1,228645,228645,210619,-1,-1,81858,-1,83531,76577,-1,-1,-1,228645,-1,252030,80141,75654,278260,73908,270035,898,-1,80140,-1,261444,-1,-1,252183,258043,228645,70500,83947,244490
-1,-1,-1,-1,-1,236316,-1,260272,193468,-1,-1,252526,-1,-1,-1,-1,234913,256726,193247,-1,193468,234913,83606,258230,215556,-1,264785,229900,234913,225853,-1,-1,258924,-1,234913,234913,225533,-1,-1,-1,-1,254692,220665,-1,-1,-1,234913,-1,70279,81297,245716,75499,270371,82203,900,-1,-1,-1,245716,-1,-1,251617,276947,234913,257319,228998,220172
-1,-1,-1,-1,-1,256397,-1,243203,222227,-1,-1,221001,-1,-1,-1,-1,222227,222389,230787,-1,210695,225077,71882,233800,256598,-1,228238,242623,222227,242162,-1,-1,258892,-1,222227,222227,268740,-1,-1,-1,-1,228212,-1,-1,-1,-1,222227,-1,77079,238236,225077,279929,-1,-1,918,-1,-1,-1,233848,-1,-1,222227,-1,222227,257259,247333,261295
-1,-1,-1,-1,-1,243392,-1,258710,238263,-1,-1,262733,-1,-1,-1,-1,241474,255141,208573,-1,248245,237937,275492,225251,271156,-1,84670,238263,225251,278720,-1,-1,209264,-1,241474,225251,261391,-1,-1,-1,-1,267685,276251,-1,-1,-1,225251,-1,233379,269400,225251,70843,245332,278721,919,-1,-1,-1,241474,-1,-1,233705,71321,241474,76289,81274,247009
-1,-1,-1,-1,-1,237019,-1,214877,214877,-1,-1,246860,-1,-1,-1,-1,245270,234658,84393,-1,216114,76478,248337,245270,243283,-1,186267,273545,76478,260567,-1,-1,243817,-1,245270,245270,76477,-1,-1,-1,-1,228454,-1,-1,-1,-1,245270,-1,-1,-1,243817,272611,-1,-1,920,-1,-1,-1,79810,-1,-1,222215,-1,245270,238725,-1,71867
-1,-1,-1,-1,-1,-1,-1,79574,203363,-1,-1,233444,-1,-1,-1,-1,205291,160162,71881,-1,203363,72013,72603,221633,247821,-1,278914,266659,205291,79573,-1,-1,201967,-1,205291,205291,251828,-1,-1,-1,-1,-1,-1,-1,-1,-1,205291,-1,-1,-1,205291,-1,-1,-1,922,-1,-1,-1,264745,-1,-1,205291,-1,205291,274540,-1,197391
-1,-1,-1,-1,-1,259843,-1,221671,221671,-1,-1,260397,-1,-1,-1,-1,200104,238570,233568,-1,261128,248188,247686,71106,228010,-1,264194,237086,245054,210941,-1,-1,245054,-1,245054,245054,267401,-1,-1,-1,-1,239138,-1,-1,-1,-1,228010,-1,75437,233286,261115,276600,244108,-1,974,-1,-1,-1,261115,-1,-1,227659,227790,245054,244800,260396,261062
-1,-1,-1,-1,-1,263787,85153,213189,213189,-1,85149,258358,246937,-1,-1,85143,237091,210941,261106,-1,263034,260474,252320,222052,238098,-1,250896,238354,237091,234276,-1,-1,256370,85140,237091,237091,255686,-1,-1,236586,-1,235465,71207,-1,-1,-1,237091,-1,228534,247471,213189,233770,243175,259255,980,-1,243173,-1,251580,-1,-1,237091,232626,237091,244800,191915,274694
-1,-1,-1,-1,-1,234222,-1,248188,213317,-1,-1,83830,-1,-1,-1,-1,234264,221912,234748,-1,263029,83061,266196,213317,254225,-1,243824,73466,234264,229694,-1,-1,234264,-1,234264,248188,231868,-1,-1,244582,-1,246930,273792,-1,-1,-1,234264,-1,238574,76892,236757,232997,76886,83059,982,-1,266198,-1,236757,-1,-1,237101,267946,234264,273787,80158,251161
-1,-1,-1,-1,-1,237994,219525,79782,227900,-1,279196,78081,71462,-1,-1,268621,260593,75260,225282,-1,78386,227900,273709,245249,260593,-1,77863,233814,260593,70703,-1,-1,274081,71815,75653,245249,207441,-1,-1,227477,-1,229842,83366,-1,-1,-1,260593,-1,77024,269501,251030,75214,253289,245059,1013,-1,77025,-1,251030,-1,-1,75653,269500,245249,80114,75309,265822
-1,-1,-1,-1,-1,230283,-1,230384,230225,-1,-1,230459,-1,-1,-1,-1,230463,230175,230176,-1,230280,236142,236113,230184,230349,-1,230181,230225,230463,230329,-1,-1,230463,-1,230463,230463,230524,-1,-1,-1,-1,230233,-1,-1,-1,-1,230463,-1,-1,-1,230384,-1,-1,-1,1035,-1,-1,-1,230347,-1,-1,230453,-1,230463,230230,-1,230197
-1,-1,-1,-1,-1,230380,-1,230470,230258,-1,-1,230351,-1,-1,-1,-1,230364,230165,233977,-1,230316,230364,230297,230186,230451,-1,230232,230293,230364,230394,-1,-1,230429,-1,230364,230364,230359,-1,-1,-1,-1,230436,-1,-1,-1,-1,230364,-1,-1,-1,230442,-1,-1,-1,1041,-1,-1,-1,230442,-1,-1,230258,-1,230364,230254,-1,230201
-1,-1,-1,-1,-1,230286,-1,230430,230430,-1,-1,230336,-1,-1,-1,-1,230406,230204,230191,-1,230327,230346,236108,230245,230426,-1,230219,230285,230406,230454,-1,-1,230460,-1,230406,230430,230493,-1,-1,-1,-1,230260,-1,-1,-1,-1,230406,-1,-1,-1,230430,-1,-1,-1,1043,-1,-1,-1,230449,-1,-1,230406,-1,230460,230482,-1,230206
-1,-1,-1,-1,-1,230467,-1,233982,230375,-1,-1,230266,-1,-1,-1,-1,230274,230317,230195,-1,230295,230355,230529,230333,230267,-1,230401,230375,230274,230435,-1,-1,230274,-1,230274,230274,230506,-1,-1,-1,-1,230192,-1,-1,-1,-1,230274,-1,-1,-1,230497,-1,-1,-1,1053,-1,-1,-1,230497,-1,-1,230531,-1,230274,230490,-1,230358
-1,-1,-1,-1,-1,235794,-1,221697,252371,-1,-1,237692,-1,-1,-1,-1,238074,233306,186146,-1,227678,220697,257534,266127,252371,-1,203263,241159,220697,232756,-1,-1,246669,-1,220697,220697,460000,-1,-1,-1,-1,230918,-1,-1,-1,-1,220697,-1,243657,263063,246669,224371,243702,-1,1318,-1,-1,-1,231677,-1,-1,234378,242964,246669,225539,247649,231281
-1,-1,-1,-1,-1,79334,-1,204923,197445,-1,-1,266237,-1,-1,-1,-1,197445,215522,229071,-1,197445,239701,256548,263041,233195,-1,251342,237985,197445,261264,-1,-1,259356,-1,204923,197445,269301,-1,-1,-1,-1,269456,-1,-1,-1,-1,239701,-1,244795,244810,204923,251547,236935,-1,1322,-1,-1,-1,199439,-1,-1,237595,223671,204923,265576,248356,215368
-1,-1,-1,-1,-1,242879,-1,192985,229659,-1,-1,200155,-1,-1,-1,-1,192985,192119,265774,-1,271032,242664,260020,71305,229659,-1,222501,254262,192985,231416,-1,-1,207421,-1,192985,192985,246420,-1,-1,-1,-1,269859,-1,-1,-1,-1,192985,-1,208418,460013,192985,265450,242663,-1,1325,-1,-1,-1,251470,-1,-1,239810,233630,192985,192984,260931,202371
-1,-1,-1,-1,-1,258775,-1,262842,275192,-1,-1,216352,-1,-1,-1,-1,177003,241671,205855,-1,271300,460038,77673,262740,223273,-1,238370,275192,262740,251517,-1,-1,276278,-1,262740,262740,246267,-1,-1,-1,-1,225263,-1,-1,-1,-1,262842,-1,74896,258585,460010,241095,254822,-1,1328,-1,-1,-1,460010,-1,-1,207410,262748,262740,257889,244261,256325
-1,-1,-1,-1,-1,247643,-1,246618,252064,-1,-1,247050,-1,-1,-1,-1,201262,242948,257536,-1,259188,275241,198331,252064,71259,-1,81231,251116,246618,248169,-1,-1,247028,-1,246618,246618,221909,-1,-1,-1,-1,267593,-1,-1,-1,-1,247028,-1,271296,253727,244793,277591,247203,-1,1330,-1,-1,-1,244793,-1,-1,267594,246919,247028,259748,236583,244470
-1,-1,-1,-1,-1,234671,-1,241522,233301,-1,-1,213648,-1,-1,-1,-1,244669,201269,258485,-1,235244,229723,215247,259762,232711,-1,243203,234472,236918,244669,-1,-1,236918,-1,236918,236918,235658,-1,-1,-1,-1,227503,-1,-1,-1,-1,229723,-1,228410,276377,241522,240734,248729,-1,1331,-1,-1,-1,279252,-1,-1,279015,277432,236918,265195,215443,233301
-1,-1,-1,-1,-1,271326,-1,263364,220165,-1,-1,213654,-1,-1,-1,-1,263364,199904,74744,-1,234291,247447,228312,272648,232446,-1,241523,254994,263364,230055,-1,-1,205895,-1,263364,263364,258928,-1,-1,-1,-1,241960,-1,-1,-1,-1,232446,-1,76879,225766,263364,239944,84615,-1,1334,-1,-1,-1,220165,-1,-1,81326,79525,263364,75794,277310,81776
-1,-1,-1,-1,-1,244067,-1,231443,219683,-1,-1,256769,-1,-1,-1,-1,247827,251752,204883,-1,243854,219683,245630,228618,236496,-1,236987,226851,231443,237679,-1,-1,241852,-1,231443,231443,215914,-1,-1,-1,-1,236636,-1,-1,-1,-1,264652,-1,270579,248243,231443,262138,271918,-1,1335,-1,-1,-1,264652,-1,-1,270673,243593,241852,220814,247246,241486
-1,-1,-1,-1,-1,225309,-1,206113,212622,-1,-1,256261,-1,-1,-1,-1,222492,192448,254022,-1,213331,222492,239977,227647,275298,-1,254117,229476,212622,250959,-1,-1,260926,-1,222492,212622,223885,-1,-1,-1,-1,200159,-1,-1,-1,-1,212622,-1,239340,262666,206113,240709,241925,-1,1337,-1,-1,-1,244176,-1,-1,246863,205431,222492,269701,208333,212622
-1,-1,-1,-1,-1,184484,-1,269186,262088,-1,-1,274927,-1,-1,-1,-1,262088,222562,270787,-1,190640,262551,277902,264436,262088,-1,263657,226510,191076,264133,-1,-1,258533,-1,262088,191076,275062,-1,-1,-1,-1,84609,-1,-1,-1,-1,262088,-1,211177,277698,264436,269400,78612,-1,1341,-1,-1,-1,238004,-1,-1,191076,241474,191076,72400,460025,248168
-1,-1,-1,-1,-1,225116,-1,253002,230621,-1,-1,239807,-1,-1,-1,-1,241096,230621,252154,-1,237383,224232,238067,210413,222077,-1,241096,229582,277327,240277,-1,-1,208268,-1,277327,277327,268474,-1,-1,-1,-1,257368,-1,-1,-1,-1,224232,-1,257711,241850,224232,259583,211361,-1,1343,-1,-1,-1,277327,-1,-1,258966,228881,224232,265188,224987,217870
-1,-1,-1,-1,-1,277305,-1,185422,222665,-1,-1,253441,-1,-1,-1,-1,229891,224322,237936,-1,460047,222227,203362,262135,228092,-1,277295,224258,229891,238516,-1,-1,233848,-1,229891,229891,208573,-1,-1,-1,-1,242725,-1,-1,-1,-1,222665,-1,237937,247611,222665,248166,259185,-1,1352,-1,-1,-1,262863,-1,-1,222665,242623,229891,243481,209335,229891
-1,-1,-1,-1,-1,189908,-1,252495,220570,-1,-1,211408,-1,-1,-1,-1,235973,228383,241921,-1,210136,251633,250932,239439,243222,-1,243185,220570,205175,252018,-1,-1,252508,-1,210406,210406,238186,-1,-1,-1,-1,268860,-1,-1,-1,-1,210406,-1,235413,232007,205175,236459,261108,-1,1353,-1,-1,-1,205175,-1,-1,210406,236757,210406,224301,269262,243497
-1,-1,-1,-1,-1,229391,-1,79274,218667,-1,-1,216547,-1,-1,-1,-1,20801,234577,244778,-1,257179,212198,253124,252145,224293,-1,234574,239818,212198,270866,-1,-1,218667,-1,212198,212198,212442,-1,-1,-1,-1,240950,-1,-1,-1,-1,212198,-1,270674,257635,212198,269420,234575,-1,1354,-1,-1,-1,241721,-1,-1,255253,269421,212198,224411,252144,210514
-1,-1,-1,-1,-1,239443,-1,252066,248484,-1,-1,265412,-1,-1,-1,-1,226012,232284,206518,-1,248484,216464,260951,235405,238505,-1,235156,246991,252066,220139,-1,-1,233851,-1,252066,252066,220807,-1,-1,-1,-1,237927,-1,-1,-1,-1,252066,-1,220019,275196,244288,210263,272365,-1,1355,-1,-1,-1,244288,-1,-1,241875,201884,252066,253510,225872,201417
-1,-1,-1,-1,-1,251236,-1,245770,226568,-1,-1,197971,-1,-1,-1,-1,226568,266803,248105,-1,243023,226568,244154,243000,251076,-1,251880,260105,226568,251136,-1,-1,239978,-1,226568,235813,237378,-1,-1,-1,-1,262480,-1,-1,-1,-1,226568,-1,278087,275225,226568,261040,248049,-1,1356,-1,-1,-1,229804,-1,-1,235813,248021,248165,251781,248073,248165
-1,-1,-1,-1,-1,257896,-1,237238,234072,-1,-1,221908,-1,-1,-1,-1,216267,216325,233602,-1,240439,223871,213884,255561,253970,-1,262525,225974,237238,226508,-1,-1,243842,-1,242280,237238,198625,-1,-1,-1,-1,221281,-1,-1,-1,-1,253970,-1,208919,212516,242280,242983,261283,-1,1359,-1,-1,-1,225632,-1,-1,242280,220031,242280,234229,215638,234072
-1,-1,-1,-1,-1,257279,-1,241461,231866,-1,-1,226271,-1,-1,-1,-1,277643,259532,220901,-1,278046,244260,277581,263578,251854,-1,277179,204525,231866,243032,-1,-1,225201,-1,251854,231866,204963,-1,-1,-1,-1,210035,-1,-1,-1,-1,231866,-1,264388,228813,241461,272449,212218,-1,1362,-1,-1,-1,256516,-1,-1,231866,264240,256516,278349,193080,226161
-1,-1,-1,-1,-1,228946,-1,241651,220821,-1,-1,266337,-1,-1,-1,-1,243646,247022,263227,-1,222369,247394,208448,214658,243646,-1,238222,260697,243646,223933,-1,-1,236822,-1,241651,241651,216750,-1,-1,-1,-1,255976,-1,-1,-1,-1,243646,-1,265600,261028,241651,272931,264191,-1,1363,-1,-1,-1,228859,-1,-1,257470,231836,247394,257400,255460,220821
-1,-1,-1,-1,-1,229752,-1,242530,199503,-1,-1,262642,-1,-1,-1,-1,259306,235073,208159,-1,244603,199503,270846,239016,276694,-1,193348,236369,259306,229261,-1,-1,259306,-1,259306,259306,189117,-1,-1,-1,-1,233885,-1,-1,-1,-1,236657,-1,240117,223143,242530,233139,266886,-1,1364,-1,-1,-1,222357,-1,-1,236657,262862,259306,221491,260272,234686
-1,-1,-1,-1,-1,235407,-1,264309,239096,-1,-1,243245,-1,-1,-1,-1,208128,239254,243647,-1,229905,264001,232119,235152,208128,-1,267905,239890,264309,255558,-1,-1,263205,-1,264309,264309,274616,-1,-1,-1,-1,207790,-1,-1,-1,-1,264309,-1,235661,234341,208128,256933,252208,-1,1365,-1,-1,-1,223197,-1,-1,239096,264728,264309,275328,223134,224490
-1,-1,-1,-1,-1,81839,-1,274724,229528,-1,-1,231969,-1,-1,-1,-1,259913,265628,244385,-1,229528,244374,74490,227813,244369,-1,266180,258781,244369,255074,-1,-1,243256,-1,244369,244369,240702,-1,-1,-1,-1,252789,-1,-1,-1,-1,244369,-1,244373,74295,244369,237055,75355,-1,1366,-1,-1,-1,271541,-1,-1,270608,277439,244369,244428,72588,258308
-1,-1,-1,-1,-1,208769,-1,220710,220710,-1,-1,269691,-1,-1,-1,-1,220710,193331,233941,-1,248687,220196,257437,240773,265514,-1,233201,205923,220710,225557,-1,-1,260478,-1,220710,220710,225650,-1,-1,-1,-1,218343,-1,-1,-1,-1,220710,-1,75296,214906,220710,259766,243349,-1,1367,-1,-1,-1,237833,-1,-1,235735,190179,220710,232545,213105,225147
-1,-1,-1,-1,-1,265695,-1,273748,232488,-1,-1,207439,-1,-1,-1,-1,158023,202811,267861,-1,242835,247090,221053,236804,239837,-1,253242,232488,239837,257185,-1,-1,268438,-1,239837,239837,214979,-1,-1,-1,-1,224334,-1,-1,-1,-1,239837,-1,256524,277846,239837,260599,255925,-1,1369,-1,-1,-1,261176,-1,-1,279173,212616,239837,240690,215223,233084
-1,-1,-1,-1,-1,190871,-1,240243,232580,-1,-1,230481,-1,-1,-1,-1,233419,230182,230430,-1,232580,266866,247257,230256,273018,-1,270409,240130,240243,230204,-1,-1,222737,-1,240243,240243,275771,-1,-1,-1,-1,255475,-1,-1,-1,-1,240243,-1,230384,460003,240243,231943,258885,-1,1370,-1,-1,-1,243812,-1,-1,241509,256612,240243,230375,76687,259075
-1,-1,-1,-1,-1,227394,-1,254952,230977,-1,-1,255718,-1,-1,-1,-1,255434,75260,219932,-1,240138,230977,226286,233476,253249,-1,227550,218191,248872,84342,-1,-1,278020,-1,248872,248872,253239,-1,-1,-1,-1,260027,-1,-1,-1,-1,248872,-1,225878,268431,246690,209523,256156,-1,1375,-1,-1,-1,246690,-1,-1,248872,84339,230977,268482,71033,251613
-1,-1,-1,-1,-1,248207,-1,254817,239053,-1,-1,239207,-1,-1,-1,-1,239053,270141,272445,-1,240716,230965,232665,253290,261015,-1,225645,216460,239053,197655,-1,-1,239053,-1,239053,239053,253847,-1,-1,-1,-1,252935,-1,-1,-1,-1,254817,-1,251377,223690,239053,266797,253061,-1,1377,-1,-1,-1,240663,-1,-1,253306,237658,254817,192816,255878,266844
-1,-1,-1,-1,-1,79399,-1,245152,229980,-1,-1,235844,-1,-1,-1,-1,204838,235183,221992,-1,244349,260984,263711,226045,246608,-1,78784,229980,222382,140233,-1,-1,237043,-1,222382,222382,233260,-1,-1,-1,-1,246289,-1,-1,-1,-1,246608,-1,156519,266325,245152,263701,239475,-1,1386,-1,-1,-1,234579,-1,-1,222382,243015,237043,258081,235590,252008
-1,-1,-1,-1,-1,237255,-1,256853,227796,-1,-1,226807,-1,-1,-1,-1,227796,233267,227558,-1,235755,242332,242195,251834,238744,-1,243133,250954,227796,238743,-1,-1,270517,-1,227796,227796,266382,-1,-1,-1,-1,267920,-1,-1,-1,-1,256853,-1,215565,255145,227796,260523,266389,-1,1387,-1,-1,-1,243456,-1,-1,227796,274553,256853,226579,255272,251804
-1,-1,-1,-1,-1,84597,-1,263194,211999,-1,-1,245410,-1,-1,-1,-1,258171,268825,79903,-1,74369,211999,82220,258033,274000,-1,242166,235565,263194,256383,-1,-1,225126,-1,263194,263194,209483,-1,-1,-1,-1,84604,-1,-1,-1,-1,263194,-1,255569,74314,263194,81558,255210,-1,1391,-1,-1,-1,71474,-1,-1,235516,82781,263194,279056,246681,236316
-1,-1,-1,-1,-1,83000,-1,252162,233225,-1,-1,245538,-1,-1,-1,-1,237681,255981,232829,-1,232704,226627,242087,237681,255742,-1,242916,233152,237681,232487,-1,-1,232905,-1,237681,237681,71641,-1,-1,-1,-1,260464,-1,-1,-1,-1,232730,-1,246321,254841,252162,244089,245766,-1,1411,-1,-1,-1,255565,-1,-1,232730,232938,237681,266071,244656,233225
-1,-1,-1,-1,-1,240648,-1,266245,229901,-1,-1,211378,-1,-1,-1,-1,266245,267599,199005,-1,229901,230888,209888,233931,234867,-1,205347,216744,266245,252700,-1,-1,242154,-1,266245,266245,255767,-1,-1,-1,-1,212830,-1,-1,-1,-1,266245,-1,259723,265422,266245,203423,257326,-1,1415,-1,-1,-1,231582,-1,-1,211785,195033,266245,247754,241244,241861
-1,-1,-1,-1,-1,83700,-1,216452,271571,-1,-1,271562,85895,-1,-1,-1,271132,271571,74039,-1,211107,73350,240244,83780,270555,-1,74962,73349,271132,278990,-1,-1,275360,-1,271132,271132,83222,-1,-1,274462,-1,271195,82820,-1,-1,-1,275360,-1,78973,83224,271132,80386,76910,263789,1438,-1,83995,-1,271132,-1,-1,258365,78745,271132,73629,78746,251891
-1,-1,-1,-1,-1,277167,-1,79811,215686,-1,-1,268503,-1,-1,-1,-1,71174,256742,275696,-1,234501,262541,74932,250960,71174,-1,270528,278367,71174,242381,-1,-1,270399,-1,71174,71174,263987,-1,-1,-1,-1,243229,85353,-1,-1,-1,71174,-1,83297,78911,215686,278816,82680,-1,1443,-1,-1,-1,79935,-1,-1,215686,239772,71174,260874,277698,241150
-1,-1,-1,-1,-1,78909,-1,73501,238051,-1,-1,72400,-1,-1,-1,-1,259130,248696,211105,-1,264502,259130,264691,226510,256847,-1,74965,256222,259130,248360,-1,-1,276666,-1,256847,256847,73301,-1,-1,-1,-1,73504,-1,-1,-1,-1,256847,-1,76148,81624,256222,77226,-1,-1,1447,-1,-1,-1,259751,-1,-1,238051,-1,207886,73295,79558,207886
-1,-1,-1,-1,-1,80081,-1,269414,236877,-1,-1,73258,-1,-1,-1,-1,257044,75849,227616,-1,274855,257044,71843,230055,256398,-1,207622,274199,257044,71865,-1,-1,77978,-1,257044,257044,81708,-1,-1,-1,-1,247839,-1,-1,-1,-1,257044,-1,-1,-1,269414,78725,-1,-1,1463,-1,-1,-1,236877,-1,-1,77075,-1,257044,278820,-1,72596
-1,-1,-1,-1,-1,238224,-1,238578,245054,-1,-1,247748,77218,-1,-1,-1,213471,212432,237097,-1,242826,228009,220616,255035,222734,-1,227790,274672,213471,76313,-1,-1,245054,-1,213471,213471,255868,-1,-1,83759,-1,237965,77840,-1,-1,-1,213471,-1,275017,77190,245054,201528,221567,83758,1473,-1,70634,-1,270203,-1,-1,213471,74008,213471,274415,247354,71412
-1,-1,-1,-1,273788,272847,83471,274437,227632,76393,71325,83384,76386,-1,-1,80191,180283,212915,233286,-1,227632,274676,76394,261078,180283,-1,76391,256252,180283,261126,-1,83387,229343,266477,180283,180283,78655,-1,-1,255520,-1,83628,252966,-1,-1,-1,261880,-1,70759,255554,261115,70763,208047,76816,1474,-1,76387,-1,261115,-1,-1,261880,76389,180283,76395,243754,184901
-1,-1,-1,-1,77252,234186,77248,268895,199231,78194,71328,221793,71413,-1,-1,77885,227659,238570,255239,-1,267401,243061,273800,243672,227659,-1,252432,222582,227659,232000,-1,77897,242821,77227,227659,227659,267825,-1,-1,266269,-1,277378,77255,-1,-1,-1,227659,-1,228782,77888,272992,77254,278308,71323,1477,-1,262447,-1,272992,-1,-1,272733,212912,227659,228007,77239,199231
-1,-1,-1,-1,-1,243358,-1,261104,193144,-1,83765,77197,84142,-1,-1,-1,193144,232065,255919,-1,242082,70419,83761,261122,260166,-1,212231,239596,261122,232857,-1,-1,83203,263372,193144,193144,266197,-1,-1,83766,-1,76851,221467,-1,-1,-1,193144,-1,77195,77198,261104,83267,83762,211635,1478,-1,260634,-1,193144,-1,-1,211927,71392,193144,71459,231912,205278
-1,-1,-1,-1,-1,74006,-1,247187,234472,-1,-1,277197,-1,-1,-1,-1,256933,246704,172553,-1,234472,279252,251847,270536,220714,-1,210625,261062,220714,277211,-1,-1,247686,-1,256933,256933,242612,-1,-1,-1,-1,264790,271697,-1,-1,-1,256933,-1,83798,75195,247187,213815,278978,-1,1516,-1,-1,-1,256933,-1,-1,263721,80421,256933,244456,277270,73645
-1,-1,-1,-1,-1,-1,-1,76646,76635,-1,-1,76644,-1,-1,-1,-1,247107,76635,253110,-1,277991,242600,159948,80528,256809,-1,78032,247490,247107,76647,-1,-1,76643,-1,247107,247107,279735,-1,-1,-1,-1,-1,-1,-1,-1,-1,247107,-1,-1,-1,76646,-1,-1,-1,1523,-1,-1,-1,76645,-1,-1,247107,-1,247107,78726,-1,76639
-1,-1,-1,-1,-1,240209,-1,78295,224444,-1,-1,277484,-1,-1,-1,-1,273666,239342,257395,-1,258439,269725,275878,234515,229158,-1,194846,75423,273666,81849,-1,-1,224444,-1,273666,234515,209781,-1,-1,-1,-1,78377,-1,-1,-1,-1,273666,-1,79493,85229,229158,199313,269729,-1,1530,-1,-1,-1,273666,-1,-1,271061,-1,273666,228591,70541,273835
-1,-1,-1,-1,-1,235507,-1,264251,229072,-1,-1,75164,-1,-1,-1,-1,188554,229227,79077,-1,199761,221428,263506,209438,188554,-1,245278,198892,225927,79070,-1,-1,77592,-1,188554,188554,252470,-1,-1,86090,-1,79759,83576,-1,-1,-1,225927,-1,222781,270497,229072,79252,230683,79074,1569,-1,-1,-1,229072,-1,-1,225927,72948,188554,79071,271485,258465
-1,-1,-1,-1,-1,71379,-1,71140,71140,-1,-1,200844,-1,-1,-1,-1,71140,77439,276900,-1,228108,227895,269615,82522,241690,-1,260885,255348,71140,71137,-1,-1,71142,-1,71140,71140,279537,-1,-1,-1,-1,202731,-1,-1,-1,-1,71140,-1,226006,81444,200404,75138,-1,-1,1571,-1,-1,-1,200404,-1,-1,236495,-1,71140,77643,80017,77872
-1,-1,-1,-1,-1,270706,-1,243764,198990,-1,-1,79878,-1,-1,-1,-1,243764,271117,261284,-1,259300,274456,83130,236845,83725,-1,77351,273027,243764,255628,-1,-1,252251,-1,243764,243764,77752,-1,-1,-1,-1,278165,-1,-1,-1,-1,243764,-1,76094,74123,236742,80160,77410,-1,1572,-1,-1,-1,236742,-1,-1,198990,-1,243764,73542,72988,80754
-1,-1,-1,-1,-1,230403,-1,230374,230320,-1,-1,230447,-1,-1,-1,-1,230420,230320,233974,-1,230387,230289,230526,230240,230446,-1,230193,230224,230420,230474,-1,-1,230523,-1,230420,230420,230263,-1,-1,-1,-1,230477,-1,-1,-1,-1,230250,-1,-1,-1,230240,-1,-1,-1,1629,-1,-1,-1,230420,-1,-1,230250,-1,230289,236071,-1,230198
-1,-1,-1,-1,-1,272515,-1,275138,225859,-1,-1,70344,-1,-1,-1,-1,193474,235633,244694,-1,275507,261188,275324,252293,259190,-1,259150,225859,208722,224967,-1,-1,208722,-1,208722,208722,234642,-1,-1,-1,-1,74449,-1,-1,-1,-1,208722,-1,248661,220820,208722,198861,276633,-1,1667,-1,-1,-1,225293,-1,-1,241707,204472,261188,264293,251926,264437
-1,-1,-1,-1,79316,73175,83199,243838,228874,-1,80143,197900,266153,-1,-1,83198,210538,205878,73174,-1,276172,81579,261164,240532,257244,-1,80275,233960,210538,270037,-1,-1,73146,259719,210538,73146,206431,-1,-1,80177,-1,80142,269565,-1,-1,-1,243838,-1,239853,239974,210538,75656,243894,263969,1713,-1,80274,-1,267486,-1,-1,210538,235815,210538,258739,73972,228874
-1,-1,-1,-1,-1,70947,-1,70187,211438,-1,-1,252029,-1,-1,-1,-1,211437,275733,78285,-1,211438,78314,236787,276773,229377,-1,78288,231650,211437,263062,-1,-1,78316,-1,211437,211437,250766,-1,-1,-1,-1,78318,82704,-1,-1,-1,211437,-1,275721,239329,211437,237420,245407,255378,1715,-1,-1,-1,276645,-1,-1,211437,82703,211437,241855,263985,256735
-1,-1,-1,-1,-1,82739,-1,211381,262237,-1,-1,271252,-1,-1,-1,-1,72374,220820,223150,-1,222286,257406,77826,72374,251926,-1,264449,247264,72374,263468,-1,-1,253121,-1,72374,72374,210450,-1,-1,80687,-1,247519,82671,-1,-1,-1,72374,-1,71265,257270,253121,260558,73624,73625,1738,-1,-1,-1,218066,-1,-1,257271,81595,72374,188537,253074,262237
-1,-1,-1,-1,-1,78771,-1,232118,78764,-1,-1,79497,-1,-1,-1,-1,265651,232417,254662,-1,76759,78764,224882,248357,257397,-1,78761,78760,265651,78766,-1,-1,265651,-1,265651,265651,79175,-1,-1,-1,-1,80229,78756,-1,-1,-1,241818,-1,83817,276824,232118,238510,82138,79109,1739,-1,-1,-1,78878,-1,-1,241818,83483,241818,78757,213839,229646
-1,-1,-1,-1,-1,252746,-1,237391,225428,-1,-1,274089,-1,-1,-1,-1,235935,80864,73417,-1,208146,270341,73767,271215,225428,-1,72097,80863,235935,220065,-1,-1,242411,-1,235935,272726,202851,-1,-1,-1,-1,254824,83644,-1,-1,-1,235935,-1,80862,85269,237391,191628,83887,85239,1744,-1,-1,-1,272726,-1,-1,219655,232271,235935,277696,265193,235935
-1,-1,-1,-1,-1,251464,-1,277846,254579,-1,-1,246646,-1,-1,-1,-1,254579,225149,186611,-1,210719,275324,205566,273875,254579,-1,239977,70966,254579,262842,-1,-1,75055,-1,254579,254579,201153,-1,-1,231236,-1,199564,269305,-1,-1,-1,254579,-1,255900,223524,254579,270463,75126,254623,1745,-1,-1,-1,265577,-1,-1,267991,279239,254579,219693,80504,77163
-1,-1,-1,-1,-1,270101,-1,262480,258946,-1,-1,271922,-1,-1,-1,-1,266069,220720,230858,-1,258946,266069,73296,251762,259058,-1,268762,271921,266069,257164,-1,-1,79088,-1,266069,266069,74490,-1,-1,238873,-1,270614,76025,-1,-1,-1,266069,-1,198857,224213,277515,244483,225117,267593,1746,-1,-1,-1,277515,-1,-1,234358,264402,266069,74150,271924,252315
-1,-1,-1,-1,-1,74864,-1,271256,201438,-1,-1,70115,-1,-1,-1,-1,251537,258763,255754,-1,268067,201438,276023,261531,216334,-1,272568,75081,251537,262026,-1,-1,275019,-1,261531,251537,234905,-1,-1,-1,-1,75738,-1,-1,-1,-1,251537,-1,268068,78540,271256,264863,268069,-1,1750,-1,-1,-1,277178,-1,-1,272399,76933,261531,79828,79837,251537
-1,-1,-1,-1,-1,71070,-1,85108,246911,-1,-1,71292,-1,-1,-1,-1,74175,191153,273615,-1,246911,71084,229678,80326,255347,-1,210688,278701,74175,71059,-1,-1,77089,-1,74175,74175,279832,-1,-1,85284,-1,82508,78050,-1,-1,-1,74175,-1,81273,79572,234638,267694,251276,79211,1756,-1,-1,-1,234638,-1,-1,74175,77077,71084,238195,77086,261762
-1,-1,-1,-1,-1,84526,-1,274844,255940,-1,-1,77081,-1,-1,-1,-1,244842,264817,275000,-1,241948,244842,268401,84664,255940,-1,277771,276899,244842,69965,-1,-1,70948,-1,244842,244842,273978,-1,-1,-1,-1,271353,-1,-1,-1,-1,244842,-1,78058,78057,244842,267729,-1,-1,1757,-1,-1,-1,259402,-1,-1,74789,-1,244842,78056,78246,257546
-1,-1,-1,-1,-1,270471,-1,71258,223566,-1,-1,80083,-1,-1,-1,-1,224483,204424,210642,-1,223566,246434,266284,251595,277844,-1,256082,201301,224483,229504,-1,-1,224483,-1,224483,224483,210646,-1,-1,-1,-1,271988,-1,-1,-1,-1,258977,-1,272385,268273,228431,80289,235904,-1,1786,-1,-1,-1,228431,-1,-1,258977,-1,224483,81416,83797,83659
-1,-1,-1,-1,-1,81958,-1,256778,231233,-1,-1,77555,-1,-1,-1,-1,238132,210715,257921,-1,227520,238132,77605,73638,231233,-1,73643,208564,238132,74229,-1,-1,242090,-1,238132,238132,82892,-1,-1,74914,-1,73636,81690,-1,-1,-1,242090,-1,77545,81693,242090,209957,80323,80737,1788,-1,-1,-1,77652,-1,-1,262173,71342,238132,79555,79852,77520
-1,-1,-1,-1,-1,227686,79596,225667,196916,-1,272863,211506,278134,-1,-1,72969,225667,239898,240784,-1,222399,262748,237213,253057,233276,-1,236650,225557,225667,232412,-1,-1,71215,278602,262748,225667,258910,-1,-1,273082,-1,70192,262316,-1,-1,-1,262748,-1,206083,270844,221692,276677,240867,205352,1790,-1,213677,-1,221692,-1,-1,196916,278823,253057,219551,255703,237415
-1,-1,-1,-1,248741,261004,78149,255210,201368,78695,276117,275372,275351,-1,-1,276943,201368,263032,224947,-1,72708,269903,251288,256556,201368,-1,236551,75768,201368,256620,-1,74358,272604,254328,255210,201368,257167,-1,-1,243849,-1,210644,278049,-1,-1,-1,201368,-1,273599,192622,255767,200759,276302,70996,1792,-1,268909,-1,255767,-1,-1,250853,233957,201368,263115,271296,221282
-1,-1,-1,-1,-1,186395,-1,277922,238839,-1,74366,242643,277357,-1,-1,-1,238839,212710,225342,-1,203398,264644,266873,256555,265789,-1,208052,228106,238839,231951,-1,-1,268267,78126,238839,265789,272862,-1,-1,263796,-1,265645,274404,-1,-1,-1,265789,-1,260401,228517,238839,201911,277897,253106,1793,-1,271928,-1,263101,-1,-1,238839,214876,265789,274348,258931,228684
-1,-1,-1,-1,-1,233510,-1,238058,213693,-1,-1,224081,-1,-1,-1,-1,248050,240987,272651,-1,236600,271816,279572,248050,213693,-1,246155,248405,234741,264196,-1,-1,234741,-1,234741,234741,200715,-1,-1,189682,-1,245715,230005,-1,-1,-1,234741,-1,75000,195859,240783,277552,278288,221269,1794,-1,-1,-1,240783,-1,-1,277598,253969,234741,206534,231005,246763
-1,-1,-1,-1,-1,70252,-1,242217,242794,-1,-1,252883,277366,-1,-1,-1,242794,247611,234803,-1,264509,242794,271983,225775,198861,-1,279078,246695,242794,200521,-1,-1,241168,-1,242794,242794,71181,-1,-1,72207,-1,273918,251187,-1,-1,-1,242794,-1,275196,262171,242794,81538,259215,273600,1795,-1,84477,-1,270398,-1,-1,266245,248473,247623,254807,70582,247623
-1,-1,-1,-1,-1,256268,-1,257084,188377,-1,-1,217826,206591,-1,-1,-1,205569,220407,269096,-1,262042,264880,252316,271121,234569,-1,277068,272777,205569,258171,-1,-1,243669,-1,205569,205569,235619,-1,-1,85370,-1,241173,228151,-1,-1,-1,205569,-1,186905,262642,239373,231485,273927,242660,1796,-1,230938,-1,239373,-1,-1,205569,202617,205569,227503,230708,188377
-1,-1,-1,-1,85255,186449,77392,235742,210029,-1,78242,247140,70432,-1,-1,78074,228153,263907,214088,-1,230839,275763,277613,211514,268443,-1,251830,261640,228153,216268,-1,-1,227881,80294,228153,228153,220862,-1,-1,273979,-1,73524,278125,-1,-1,-1,228153,-1,73910,271808,235742,240611,74860,79718,1797,-1,277612,-1,78258,-1,-1,228153,240967,228153,264221,272456,210029
-1,-1,-1,-1,-1,225509,-1,210724,208302,-1,-1,222714,-1,-1,-1,-1,221279,223727,225511,-1,200840,239023,248774,257487,221279,-1,241828,250810,221279,228781,-1,-1,208302,-1,221279,221279,224956,-1,-1,-1,-1,228148,264415,-1,-1,-1,221279,-1,235618,231408,221279,215374,265573,256442,1798,-1,-1,-1,194964,-1,-1,263801,276386,221279,223977,223373,224447
-1,-1,-1,-1,-1,242619,-1,238756,244067,-1,-1,258444,-1,-1,-1,-1,259377,233306,236988,-1,250954,259240,251421,244067,232730,-1,190456,258490,235353,251809,-1,-1,235353,-1,235353,235353,215223,-1,-1,73895,-1,74133,206516,-1,-1,-1,232730,-1,203824,85355,235353,460013,276718,80711,1799,-1,-1,-1,259377,-1,-1,243388,213991,259240,73374,73896,237646
-1,-1,-1,-1,-1,240500,-1,251690,212118,-1,-1,241645,-1,-1,-1,-1,251690,263339,204825,-1,246873,254910,233047,232755,212118,-1,273616,257253,251690,251198,-1,-1,236784,-1,251690,251690,235744,-1,-1,-1,-1,261335,-1,-1,-1,-1,251690,-1,264584,255976,238743,213147,71106,-1,1800,-1,-1,-1,238743,-1,-1,239529,72423,251690,251555,196952,251626
-1,-1,-1,-1,-1,231292,-1,262227,225071,-1,-1,240673,-1,-1,-1,-1,225071,228410,190179,-1,215638,243520,264141,214906,225071,-1,264421,235464,225071,190583,-1,-1,264180,-1,264180,225071,263230,-1,-1,-1,-1,230136,77746,-1,-1,-1,225071,-1,69992,228369,264039,206653,201884,-1,1801,-1,-1,-1,264039,-1,-1,234783,277315,264180,240496,264120,236390
-1,-1,-1,-1,-1,256786,-1,211098,228577,-1,-1,272886,-1,-1,-1,-1,211098,19541,236337,-1,256482,189160,259228,223981,241409,-1,250811,265596,211098,198776,-1,-1,247833,-1,211098,211098,231411,-1,-1,74107,-1,179746,85405,-1,-1,-1,223981,-1,194759,74535,211098,276942,74222,81344,1802,-1,235014,-1,233865,-1,-1,228577,257261,211098,232102,78150,240248
-1,-1,-1,-1,-1,212683,-1,83185,202408,-1,-1,79057,-1,-1,-1,-1,240583,275272,229393,-1,79112,230812,260818,264352,186783,-1,276047,202408,186783,271445,-1,-1,240583,-1,240583,223918,255196,-1,-1,259475,-1,260728,72528,-1,-1,-1,264352,-1,259091,257793,267941,75149,84620,276994,1803,-1,271099,-1,267941,-1,-1,223918,80387,186783,265829,264367,70029
-1,-1,-1,-1,-1,245340,-1,275972,200210,-1,-1,213105,-1,-1,-1,-1,200210,200525,251522,-1,234940,279625,260473,240446,200210,-1,231396,214682,200210,257330,-1,-1,200667,-1,200210,200210,229367,-1,-1,-1,-1,214896,-1,-1,-1,-1,200210,-1,254135,201093,200210,258805,227682,-1,1804,-1,-1,-1,216227,-1,-1,204979,-1,200210,216791,71973,251819
-1,-1,-1,-1,-1,244042,-1,265545,220030,-1,-1,270849,-1,-1,-1,-1,224590,276761,228912,-1,244476,83194,79623,258446,257584,-1,251385,260159,224590,74497,-1,-1,265689,-1,224590,224590,261815,-1,-1,-1,-1,275714,-1,-1,-1,-1,224590,-1,80544,248711,224590,70006,242391,-1,1805,-1,-1,-1,248775,-1,-1,224590,-1,224590,248821,277938,220030
-1,-1,-1,-1,-1,213905,-1,266774,238389,-1,-1,213689,460015,-1,-1,-1,260478,276944,169493,-1,238389,264035,266180,255446,255590,-1,268820,264731,260478,211504,-1,-1,260478,-1,260478,260478,258093,-1,-1,80426,-1,72557,80874,-1,-1,-1,260478,-1,241643,243585,262082,255409,271227,77599,1806,-1,83928,-1,262082,-1,-1,187936,83648,260478,189615,200408,277835
-1,-1,-1,-1,85487,77544,74424,226507,198377,-1,80476,74956,82911,-1,-1,244435,229910,268544,80479,-1,73759,229910,80478,212100,80475,-1,218658,198377,229910,268435,-1,-1,83205,80851,229910,229910,233045,-1,-1,279871,-1,80724,80723,-1,-1,-1,229910,-1,81388,205897,211384,222994,253034,76569,1807,-1,79598,-1,211384,-1,-1,267476,270129,229910,189456,272702,274394
-1,-1,-1,-1,-1,190765,-1,269278,258908,-1,-1,272500,-1,-1,-1,-1,186146,258498,245637,-1,258908,271800,248793,251479,277283,-1,225863,85351,259694,235152,-1,-1,255565,-1,259694,269278,188836,-1,-1,78227,-1,207616,199915,-1,-1,-1,255565,-1,243588,241585,251479,274527,240734,138412,1808,-1,-1,-1,274699,-1,-1,257400,206594,271800,73885,81895,259694
-1,-1,-1,-1,-1,80771,-1,76803,201042,-1,-1,79390,-1,-1,-1,-1,242534,265526,224322,-1,235244,74491,80695,201042,242534,-1,72099,254121,242534,271721,-1,-1,269719,-1,242534,254121,266299,-1,-1,251845,-1,243201,80773,-1,-1,-1,242534,-1,70015,80775,201042,277820,80772,80774,1809,-1,252008,-1,252937,-1,-1,80696,80691,242534,269923,78379,242195
-1,-1,-1,-1,-1,240133,-1,80239,252599,-1,-1,251439,-1,-1,-1,-1,254996,190195,199705,-1,74416,240057,79515,239502,261141,-1,199051,243599,254996,269293,-1,-1,252599,-1,254996,254996,247209,-1,-1,-1,-1,276324,81789,-1,-1,-1,254996,-1,77539,73080,262738,74502,82952,-1,1814,-1,-1,-1,262738,-1,-1,278205,80240,262738,277942,255216,254996
-1,-1,-1,-1,-1,74645,-1,246790,235553,-1,-1,264512,-1,-1,-1,-1,246790,229168,274845,-1,259119,73067,230019,235553,72170,-1,228983,71777,246790,208861,-1,-1,279474,-1,246790,246790,183256,-1,-1,-1,-1,215245,74732,-1,-1,-1,246790,-1,270340,78347,223283,75926,74644,74733,1815,-1,-1,-1,223283,-1,-1,228759,266486,246790,80270,80268,78158
-1,-1,-1,-1,-1,264501,242841,273522,203128,-1,80782,271014,82701,-1,-1,-1,244542,204034,223898,-1,244542,274440,266205,70018,203128,-1,251915,70025,244542,271247,-1,-1,237198,256902,244542,244542,263107,-1,-1,83262,-1,77362,73290,-1,-1,-1,244542,-1,78233,83883,79610,70022,82697,82137,1816,-1,78579,-1,278119,-1,-1,79610,78578,244542,202562,238464,72308
-1,-1,-1,-1,-1,74326,-1,264441,230727,-1,-1,252577,-1,-1,-1,-1,271688,230727,196316,-1,238749,235888,80486,262289,209618,-1,243595,262344,271688,70885,-1,-1,271688,-1,271688,271688,257320,-1,-1,84047,-1,279224,71611,-1,-1,-1,271688,-1,76244,80534,271688,199191,80620,82204,1819,-1,82696,-1,262657,-1,-1,276827,79611,271688,279768,80537,74472
-1,-1,-1,-1,-1,228457,-1,78660,209320,-1,-1,230043,80843,-1,-1,-1,234537,212735,188881,-1,209320,78658,276017,80901,71778,-1,78651,278034,234537,238996,-1,-1,234537,-1,234537,234537,231263,-1,-1,78654,-1,72306,75251,-1,-1,-1,234537,-1,226205,205747,78661,78662,82772,82694,1823,-1,79249,-1,78661,-1,-1,76730,74480,234537,74077,80554,78649
-1,-1,-1,-1,-1,270670,-1,253444,236532,-1,278012,269728,82822,-1,-1,-1,275328,227370,277929,-1,257278,275328,270846,269701,232639,-1,78474,236532,275328,257540,-1,-1,274952,-1,275328,269701,225126,-1,-1,278228,-1,76282,81535,-1,-1,-1,269701,-1,76519,202316,253444,192318,183513,75810,1824,-1,82099,-1,244257,-1,-1,268896,71672,275328,218339,204529,233301
-1,-1,-1,-1,-1,251662,-1,248575,205433,-1,-1,71590,270027,-1,-1,-1,256634,265763,256873,-1,244000,257054,269869,271441,245228,-1,78482,205433,256634,253693,-1,-1,256634,-1,255454,256634,240756,-1,-1,259194,-1,72779,250876,-1,-1,-1,256634,-1,251298,225849,261653,247179,257007,265783,1825,-1,83121,-1,261653,-1,-1,255454,79325,256634,261200,73157,234407
-1,-1,-1,-1,-1,270940,-1,269993,238563,-1,73160,224925,72775,-1,-1,-1,71297,276674,199339,-1,270009,264168,239700,73294,73995,-1,223751,79335,71297,224395,-1,-1,71297,79394,71297,71297,70237,-1,-1,79333,-1,213949,72780,-1,-1,-1,73995,-1,80560,76802,71297,247058,220881,251440,1826,-1,268533,-1,257916,-1,-1,238563,72776,73995,252031,238684,256232
-1,-1,-1,-1,-1,276583,-1,276372,193254,-1,-1,239138,-1,-1,-1,-1,193254,201269,257480,-1,234575,268116,241941,193254,271659,-1,257771,265576,193254,247026,-1,-1,225632,-1,193254,193254,211879,-1,-1,-1,-1,229286,85547,-1,-1,-1,193254,-1,252456,276489,193254,215449,278229,-1,1831,-1,-1,-1,277799,-1,-1,211999,80165,193254,250941,247028,232658
-1,-1,-1,-1,-1,81846,-1,71474,203161,-1,-1,257283,-1,-1,-1,-1,228245,246240,208679,-1,203161,237540,72128,244491,227511,-1,274924,242527,237540,263273,-1,-1,228082,-1,237540,237540,263413,-1,-1,265198,-1,79269,81655,-1,-1,-1,237540,-1,70149,71473,231624,253202,73158,73013,1832,-1,268783,-1,231624,-1,-1,274093,70186,237540,254480,74004,192658
-1,-1,-1,-1,-1,271575,-1,278966,219952,-1,-1,208424,-1,-1,-1,-1,252290,275325,270756,-1,264044,252290,72324,270088,219952,-1,229082,236541,252290,251951,-1,-1,241628,-1,252290,252290,185144,-1,-1,236791,-1,236767,220509,-1,-1,-1,252290,-1,173165,219852,253019,234903,278014,206306,1837,-1,81377,-1,253019,-1,-1,276736,235834,252290,279093,77381,261243
-1,-1,-1,-1,-1,248857,-1,252942,220523,-1,-1,221331,-1,-1,-1,-1,247888,255303,271199,-1,220523,254982,252964,78037,246877,-1,237586,278668,247888,268683,-1,-1,229743,-1,247888,247888,274616,-1,-1,82808,-1,83827,208596,-1,-1,-1,247888,-1,74768,73095,247888,81328,80407,205850,1842,-1,-1,-1,247888,-1,-1,266636,71730,247888,271577,73838,278339
-1,-1,-1,-1,-1,222982,-1,257111,224378,-1,-1,220491,-1,-1,-1,-1,244874,199904,201976,-1,219956,240100,199763,274270,244874,-1,268860,224378,244874,245035,-1,-1,224982,-1,224982,224982,237502,-1,-1,-1,-1,271213,-1,-1,-1,-1,244874,-1,276443,78144,220165,73847,276754,-1,1843,-1,-1,-1,220165,-1,-1,244836,-1,224982,276451,242392,270926
-1,-1,-1,-1,-1,252033,-1,80630,235916,-1,-1,276951,-1,-1,-1,-1,270084,240785,278099,-1,237040,270084,80627,229456,258505,-1,205691,262474,270084,210671,-1,-1,251603,-1,270084,270084,201285,-1,-1,271202,-1,76540,279701,-1,-1,-1,270084,-1,81336,73933,220915,75137,205548,237772,1848,-1,264467,-1,220915,-1,-1,236368,262091,270084,226260,278352,235916
-1,-1,-1,-1,-1,74774,-1,274209,243312,-1,-1,267873,-1,-1,-1,-1,274209,199005,271532,-1,276820,82834,274082,252327,243312,-1,246011,245290,274209,262500,-1,-1,264173,-1,274209,274209,241591,-1,-1,267602,-1,247328,80679,-1,-1,-1,274209,-1,241055,72563,245290,233588,80678,76756,1853,-1,237525,-1,271414,-1,-1,242279,269146,243312,252865,216475,214622
-1,-1,-1,-1,-1,266117,-1,229631,223853,-1,-1,255879,86081,-1,-1,-1,223853,199493,199101,-1,225161,269644,234032,246844,223853,-1,74163,254787,223853,252485,-1,-1,255572,-1,223853,269644,211565,-1,-1,83679,-1,79583,82334,-1,-1,-1,223853,-1,78368,76947,206031,213577,75629,83697,1854,-1,80750,-1,206031,-1,-1,266118,75831,223853,79560,74594,243756
-1,-1,-1,-1,-1,275986,-1,251651,217940,-1,82907,226157,197891,-1,-1,-1,242201,223952,73373,-1,234835,232665,273850,260404,242201,-1,245628,217940,242201,277269,-1,-1,274555,73375,242201,242201,228635,-1,-1,277825,-1,261307,82440,-1,-1,-1,242201,-1,192667,270379,232665,79393,78728,266085,1860,-1,80675,-1,264325,-1,-1,260178,71977,242201,220414,260104,189860
-1,-1,-1,-1,-1,252837,-1,258923,258923,-1,-1,240047,-1,-1,-1,-1,219953,146296,205288,-1,254094,205976,241810,211857,259190,-1,270415,222598,258602,242369,-1,-1,258602,-1,258602,258602,81406,-1,-1,-1,-1,74476,-1,-1,-1,-1,258923,-1,202445,82676,205976,77532,272395,-1,1861,-1,-1,-1,240589,-1,-1,245598,-1,258923,226370,278405,260098
-1,-1,-1,-1,-1,77147,-1,245563,218887,-1,-1,77403,-1,-1,-1,-1,218887,243538,210509,-1,247407,252967,258407,263031,218887,-1,231307,263968,218887,257692,-1,-1,276679,-1,218887,218887,70511,-1,-1,-1,-1,273926,83197,-1,-1,-1,218887,-1,77114,279052,245563,209288,277060,-1,1862,-1,-1,-1,74109,-1,-1,256874,70503,218887,78059,73656,272927
-1,-1,-1,-1,-1,264176,-1,277554,254099,-1,-1,228397,-1,-1,-1,-1,235988,254099,74118,-1,247466,264175,271272,270338,277684,-1,262299,236914,235988,73414,-1,-1,73413,-1,235988,235988,258689,-1,-1,85901,-1,279256,81593,-1,-1,-1,73413,-1,264804,269641,73413,264489,79470,79169,1867,-1,-1,-1,235988,-1,-1,259582,74087,73413,269638,229624,73412
-1,-1,-1,-1,-1,-1,-1,202925,261606,-1,-1,76676,-1,-1,-1,-1,234982,76664,160020,-1,261606,261100,76670,260727,73051,-1,232170,76666,234982,76865,-1,-1,266430,-1,234982,76666,271494,-1,-1,-1,-1,-1,-1,-1,-1,-1,260727,-1,-1,-1,202925,-1,-1,-1,1870,-1,-1,-1,229620,-1,-1,234982,-1,234982,259920,-1,70577
-1,-1,-1,-1,-1,266277,-1,272853,216003,-1,-1,71485,-1,-1,-1,-1,257956,262251,248586,-1,218985,257956,234760,234813,223779,-1,225995,252018,257956,254819,-1,-1,216003,-1,257956,257956,273100,-1,-1,83575,-1,240240,74399,-1,-1,-1,257956,-1,255779,76086,216003,220785,177790,75994,1871,-1,76150,-1,247331,-1,-1,239505,269707,257956,235172,219780,203568
-1,-1,-1,-1,-1,83379,-1,237566,237566,-1,-1,236817,79091,-1,-1,-1,237566,189146,235086,-1,257091,270068,79098,262644,70887,-1,230718,225532,237566,209402,-1,-1,239669,-1,237566,237566,223489,-1,-1,262403,-1,220971,231254,-1,-1,-1,237566,-1,259256,73598,278664,258360,73217,261260,1874,-1,229436,-1,278664,-1,-1,275976,275644,237566,212454,269116,242532
-1,-1,-1,-1,259788,274559,77727,262240,228708,-1,85397,245138,81813,-1,-1,214584,224334,279168,246236,-1,214436,216700,253290,224334,245055,-1,236441,228708,224334,210513,-1,-1,245461,279166,224334,224334,244205,-1,-1,85147,-1,279165,81620,-1,-1,-1,224334,-1,81615,193601,231340,82264,77151,70679,1876,-1,81619,-1,221125,-1,-1,242249,79821,224334,272951,74835,231340
-1,-1,-1,-1,-1,259789,-1,240663,207439,-1,179813,241607,219576,-1,-1,-1,207439,268619,178566,-1,261097,72006,274947,257185,207439,-1,261161,272723,207439,191740,-1,-1,83580,460027,207439,207439,260601,-1,-1,74779,-1,243684,262083,-1,-1,-1,207439,-1,242971,215202,207439,258746,220332,83579,1877,-1,201095,-1,246690,-1,-1,232244,76821,207439,219841,252238,247368
-1,-1,-1,-1,-1,247861,83271,260843,208250,-1,224846,253283,203535,-1,-1,-1,253213,231691,213272,-1,221422,224019,262815,236535,263693,-1,215930,219461,253213,236773,-1,-1,208250,193881,260843,260843,224301,-1,-1,83345,-1,81306,222262,-1,-1,-1,260843,-1,79813,183394,208250,82909,230767,79804,1884,-1,82998,-1,82904,-1,-1,253213,244523,260843,75074,83501,228881
-1,-1,-1,-1,-1,261210,-1,78801,253170,-1,-1,238277,-1,-1,-1,-1,236772,74726,73007,-1,258708,234171,80871,79098,70903,-1,247026,253170,70903,245710,-1,-1,232148,-1,70903,70903,274968,-1,-1,-1,-1,205760,-1,-1,-1,-1,70903,-1,79180,259522,234171,79125,276214,-1,1886,-1,-1,-1,73598,-1,-1,276159,268099,70903,275644,84600,263233
-1,-1,-1,-1,-1,262954,-1,223302,223302,-1,-1,74649,-1,-1,-1,-1,257194,229255,79309,-1,253276,257194,270870,266461,71477,-1,247040,266660,257194,80025,-1,-1,81518,-1,266461,266461,76786,-1,-1,71139,-1,83065,81519,-1,-1,-1,257194,-1,80026,275516,189303,273750,71476,84573,1887,-1,83781,-1,189303,-1,-1,273840,79308,266461,81283,71478,263653
-1,-1,-1,-1,-1,252864,-1,267633,209816,-1,-1,277070,85111,-1,-1,-1,267633,262417,270921,-1,263114,225696,271576,235634,277878,-1,74885,209816,267633,276412,-1,-1,255257,-1,267633,267633,277047,-1,-1,257969,-1,80741,77187,-1,-1,-1,267633,-1,270732,256768,267633,78722,80023,260322,1888,-1,214942,-1,72337,-1,-1,256526,80552,267633,272422,74333,258786
-1,-1,-1,-1,-1,205598,-1,252164,189221,-1,-1,271289,-1,-1,-1,-1,245790,74165,235574,-1,73128,245319,243355,264488,74314,-1,73044,235854,245790,72690,-1,-1,259849,-1,245790,264488,226720,-1,-1,227528,-1,210556,244963,-1,-1,-1,245790,-1,72691,79479,252164,258271,207762,79323,1891,-1,-1,-1,245790,-1,-1,74067,80885,245790,252139,79443,189221
-1,-1,-1,-1,-1,74583,-1,78282,211556,-1,-1,245986,-1,-1,-1,-1,225738,223571,220346,-1,269223,225738,251642,233911,276742,-1,80084,211556,225738,261011,-1,-1,234772,-1,225738,225738,199823,-1,-1,84469,-1,79459,82428,-1,-1,-1,257558,-1,84361,78838,78282,224591,257025,80662,1894,-1,85898,-1,78836,-1,-1,257558,79655,257558,74370,241682,225699
-1,-1,-1,-1,-1,210679,-1,259070,213516,-1,85515,264418,75162,-1,-1,-1,213516,258936,276988,-1,264191,269420,268468,245597,228336,-1,76240,240453,269420,264438,-1,-1,251377,-1,213516,213516,272668,-1,-1,74880,-1,77349,81975,-1,-1,-1,213516,-1,241976,80290,213516,279731,74611,85383,1896,-1,85243,-1,213516,-1,-1,162347,77188,269420,277871,271495,258315
-1,-1,-1,-1,-1,258536,-1,275545,251681,-1,-1,270729,-1,-1,-1,-1,275545,203239,244020,-1,251681,279769,77107,79049,79448,-1,79295,276442,275545,276425,-1,-1,262430,-1,275545,275545,80637,-1,-1,-1,-1,78060,-1,-1,-1,-1,275545,-1,261133,83779,275545,274078,83568,-1,1900,-1,-1,-1,77106,-1,-1,78453,257162,275545,76298,198511,271451
-1,-1,-1,-1,274830,205693,258730,74749,207725,-1,80699,265788,83784,-1,-1,239379,262473,239272,215546,-1,207725,239361,235222,262473,277483,-1,269246,270702,262473,256890,-1,-1,274357,82733,262473,262473,231836,-1,-1,266517,-1,257959,85180,-1,-1,-1,262473,-1,79113,80147,239361,83645,83380,75946,1903,-1,83555,-1,263268,-1,-1,262025,277635,262473,193440,83188,247330
-1,-1,-1,-1,-1,273962,-1,252082,251812,-1,-1,73599,-1,-1,-1,-1,188154,244256,199568,-1,250813,244853,238840,80029,261386,-1,198811,185349,188154,274449,-1,-1,188154,-1,188154,188154,224185,-1,-1,-1,-1,267465,80580,-1,-1,-1,188154,-1,80766,80579,188154,69987,80581,-1,1904,-1,-1,-1,176571,-1,-1,251812,268561,188154,241693,233101,72711
-1,-1,-1,-1,-1,81231,-1,254789,260076,-1,-1,244513,-1,-1,-1,-1,254789,190778,200696,-1,264288,71532,268106,263099,260076,-1,78784,273752,254789,241835,-1,-1,74460,-1,254789,254789,80911,-1,-1,79190,-1,83550,272961,-1,-1,-1,254789,-1,84600,76396,245902,78138,83392,83958,1906,-1,-1,-1,245902,-1,-1,264263,82185,264263,267974,271147,266071
-1,-1,-1,-1,-1,224163,-1,236498,262311,-1,-1,259478,-1,-1,-1,-1,274927,199833,176094,-1,77415,245338,259673,82365,274927,-1,208462,277447,274927,256887,-1,-1,259563,-1,274927,252383,229593,-1,-1,259163,-1,184457,78164,-1,-1,-1,70801,-1,70539,269232,236498,239371,81589,83816,1908,-1,221293,-1,70801,-1,-1,252383,76729,259563,277968,79398,262311
-1,-1,-1,-1,-1,255579,-1,270931,204060,-1,81299,229155,83916,-1,-1,-1,204060,253211,199987,-1,264728,73355,81346,70725,277809,-1,266653,234679,204060,262334,-1,-1,204060,-1,204060,204060,232829,-1,-1,80557,-1,239881,83413,-1,-1,-1,204060,-1,205995,268436,204060,203725,80556,83917,1910,-1,80813,-1,199386,-1,-1,262580,265747,277809,193091,270578,253220
-1,-1,-1,-1,-1,256307,-1,264452,210010,-1,-1,76746,-1,-1,-1,-1,259131,218212,275856,-1,79163,259131,76135,252999,210010,-1,72893,251754,259131,237807,-1,-1,255015,-1,259131,259131,262397,-1,-1,-1,-1,74337,-1,-1,-1,-1,259131,-1,83556,83175,262732,279010,77718,-1,1913,-1,-1,-1,262732,-1,-1,70569,84197,210010,269120,80490,277703
-1,-1,-1,-1,-1,70545,-1,257484,220763,-1,-1,260396,-1,-1,-1,-1,226539,279508,244676,-1,262889,265741,242528,233098,220763,-1,81547,242690,226539,277943,-1,-1,237732,-1,257484,265741,231150,-1,-1,260910,-1,78785,76473,-1,-1,-1,226539,-1,82108,70144,279948,80582,275419,81546,1914,-1,259401,-1,279948,-1,-1,226539,85566,226539,259443,82107,272980
-1,-1,-1,-1,-1,204684,-1,75838,257957,-1,-1,83279,-1,-1,-1,-1,275418,250916,228860,-1,74140,275418,74348,200122,275411,-1,79814,262220,275418,277411,-1,-1,273008,-1,275418,275418,269744,-1,-1,275867,-1,261457,224324,-1,-1,-1,275418,-1,268108,80503,275418,275327,77798,80527,1915,-1,-1,-1,271932,-1,-1,262222,80500,275418,72299,80523,257957
-1,-1,-1,-1,-1,269156,-1,242423,225589,-1,-1,241825,-1,-1,-1,-1,240808,263214,251165,-1,225589,247731,239800,218576,271018,-1,208806,264305,240808,245020,-1,-1,246054,-1,240808,240808,254858,-1,-1,-1,-1,259389,70030,-1,-1,-1,240808,-1,82358,190852,269691,263211,277512,82919,1917,-1,-1,-1,269691,-1,-1,240808,278104,240808,262569,193900,253403
-1,-1,-1,-1,-1,278097,-1,237619,252376,-1,-1,241419,-1,-1,-1,-1,237619,269694,217096,-1,223159,252376,247395,242181,246847,-1,241824,260001,237619,197975,-1,-1,251306,-1,237619,237619,272365,-1,-1,-1,-1,243619,-1,-1,-1,-1,237619,-1,264511,83529,244296,259926,229274,-1,1919,-1,-1,-1,244296,-1,-1,234941,75427,237619,270017,224265,242800
-1,-1,-1,-1,-1,169498,-1,261211,223902,-1,-1,263950,-1,-1,-1,-1,205818,227529,267739,-1,217332,205818,248469,227961,223902,-1,236702,209493,205818,74303,-1,-1,260439,-1,205818,205818,237731,-1,-1,-1,-1,273619,-1,-1,-1,-1,227961,-1,272446,220635,261211,263648,-1,-1,1920,-1,-1,-1,266828,-1,-1,72582,-1,205818,205019,83240,259276
-1,-1,-1,-1,-1,278136,-1,225441,205054,-1,-1,237169,-1,-1,-1,-1,225441,259596,193013,-1,228419,278102,278193,205054,227995,-1,253465,231199,227995,202464,-1,-1,83042,-1,225441,227995,206134,-1,-1,-1,-1,240697,-1,-1,-1,-1,227995,-1,263376,229375,202686,258984,279739,-1,1923,-1,-1,-1,202686,-1,-1,204412,241411,227995,253055,257699,261225
-1,-1,-1,-1,-1,76969,-1,226172,173671,-1,-1,189177,-1,-1,-1,-1,226172,213408,240597,-1,264411,246349,226102,243279,245531,-1,235347,173671,226172,194122,-1,-1,256481,-1,226172,226172,206536,-1,-1,-1,-1,258529,76257,-1,-1,-1,226172,-1,208989,72583,79284,243056,80473,72431,1924,-1,-1,-1,79284,-1,-1,267868,74652,226172,267419,209675,264514
-1,-1,-1,-1,-1,231448,-1,241508,229723,-1,-1,278919,-1,-1,-1,-1,229723,240913,264133,-1,268804,265552,248808,243606,229723,-1,224494,242453,229723,235167,-1,-1,260926,-1,229723,229723,183711,-1,-1,-1,-1,75452,271746,-1,-1,-1,265552,-1,236663,73253,275771,238717,256725,218191,1925,-1,-1,-1,275771,-1,-1,270608,263640,229723,224258,231445,277869
-1,-1,-1,-1,-1,261732,-1,242265,205596,-1,-1,237809,-1,-1,-1,-1,252134,229091,262718,-1,230677,277346,263906,205596,258050,-1,230807,247350,252134,216270,-1,-1,252134,-1,252134,252134,234177,-1,-1,-1,-1,245761,-1,-1,-1,-1,252134,-1,265468,244871,213699,278987,260929,-1,1926,-1,-1,-1,213699,-1,-1,225734,-1,252134,205584,241543,274387
-1,-1,-1,-1,-1,277413,-1,255930,255930,-1,-1,233378,-1,-1,-1,-1,73159,243917,173531,-1,257863,266155,258491,257776,213018,-1,200742,223963,73159,224855,-1,-1,73159,-1,73159,73159,245539,-1,-1,-1,-1,270373,279092,-1,-1,-1,73159,-1,277463,202017,195427,194138,222420,73111,1928,-1,-1,-1,195427,-1,-1,184242,76507,73159,247764,239221,232106
-1,-1,-1,-1,-1,228225,-1,266886,192231,-1,-1,242119,-1,-1,-1,-1,252555,242289,242382,-1,263686,246723,209852,252555,277052,-1,258523,245849,252555,199960,-1,-1,235769,-1,252555,252555,76223,-1,-1,-1,-1,279124,277430,-1,-1,-1,252555,-1,272465,204464,266886,265197,222576,-1,1929,-1,-1,-1,271325,-1,-1,228111,81756,252555,257247,75330,192231
-1,-1,-1,-1,-1,251592,-1,231406,208188,-1,-1,251420,-1,-1,-1,-1,238758,203175,278988,-1,235263,238758,206089,229771,203328,-1,258903,208188,203328,206524,-1,-1,254315,-1,203328,203328,207528,-1,-1,80243,-1,70446,83653,-1,-1,-1,203328,-1,272444,272369,203328,79201,228685,80245,1930,-1,78183,-1,243167,-1,-1,248880,194091,238758,198011,274094,252379
-1,-1,-1,-1,-1,229605,-1,70275,186143,-1,-1,263168,-1,-1,-1,-1,186143,233215,169798,-1,269150,241452,264505,229378,241379,-1,276436,225001,186143,210985,-1,-1,278105,-1,186143,186143,245501,-1,-1,82321,-1,76016,73749,-1,-1,-1,186143,-1,212990,261374,225001,258932,266125,74363,1931,-1,-1,-1,70718,-1,-1,186143,262981,186143,241864,74634,229073
-1,-1,-1,-1,-1,279519,-1,272542,245988,-1,-1,254327,-1,-1,-1,-1,245988,276806,278933,-1,221322,224225,228829,239513,245988,-1,277516,270363,245988,255312,-1,-1,271560,-1,245988,234242,180818,-1,-1,-1,-1,71068,-1,-1,-1,-1,245988,-1,71810,80767,198437,264734,-1,-1,1932,-1,-1,-1,198437,-1,-1,70319,-1,234242,224307,239215,234242
-1,-1,-1,-1,-1,251521,-1,270937,205015,-1,-1,243643,-1,-1,-1,-1,239119,223082,278023,-1,262731,252970,248328,226514,239119,-1,250850,237470,239119,235807,-1,-1,221197,-1,239119,239119,251851,-1,-1,-1,-1,266756,276966,-1,-1,-1,239119,-1,274472,218593,205887,243401,276385,74960,1933,-1,-1,-1,205887,-1,-1,251001,80615,239119,263411,203138,205015
-1,-1,-1,-1,-1,271173,-1,242286,193608,-1,247507,82934,241646,-1,-1,-1,240897,202770,223988,-1,277747,204007,77053,193608,243767,-1,279766,240897,193608,243575,-1,-1,230590,265562,240897,240897,189462,-1,-1,278993,-1,71829,82207,-1,-1,-1,240897,-1,83631,200440,240897,79092,75766,80389,1934,-1,236025,-1,219550,-1,-1,274959,80388,240897,200697,74338,263324
-1,-1,-1,-1,-1,258749,-1,216467,241507,-1,-1,71147,-1,-1,-1,-1,236818,213407,273889,-1,262028,270609,215562,230014,222256,-1,194785,241507,236818,258627,-1,-1,225125,-1,236818,236818,80501,-1,-1,77124,-1,79172,76226,-1,-1,-1,236818,-1,263951,263336,216467,74430,81656,81495,1935,-1,-1,-1,264104,-1,-1,236818,81496,236818,211928,279249,225625
-1,-1,-1,-1,-1,275006,-1,251346,173734,-1,-1,78122,-1,-1,-1,-1,202698,203034,75440,-1,173734,73943,229123,266147,70787,-1,241397,229182,202698,76376,-1,-1,245893,-1,202698,202698,228638,-1,-1,-1,-1,231929,-1,-1,-1,-1,202698,-1,254838,80818,245893,252067,277860,-1,1936,-1,-1,-1,262522,-1,-1,202698,80272,202698,243765,275323,72809
-1,-1,-1,-1,-1,278895,-1,254496,211228,-1,-1,241038,-1,-1,-1,-1,227764,257862,271751,-1,272672,206202,200633,235808,278986,-1,233128,263739,227764,72284,-1,-1,211228,-1,227764,227764,239672,-1,-1,-1,-1,256738,-1,-1,-1,-1,227764,-1,272890,77875,227764,78414,234261,-1,1937,-1,-1,-1,257614,-1,-1,227764,-1,227764,253974,83063,241039
-1,-1,-1,-1,-1,78317,-1,278239,240605,-1,-1,255049,-1,-1,-1,-1,240605,225134,78402,-1,274474,260669,275261,70984,270113,-1,256439,193569,240605,278040,-1,-1,78923,-1,240605,240605,255360,-1,-1,-1,-1,72070,78302,-1,-1,-1,240605,-1,78303,239506,264746,271139,252547,-1,1938,-1,-1,-1,264746,-1,-1,240605,83460,240605,75299,70983,255314
-1,-1,-1,-1,-1,226084,-1,243831,198285,-1,-1,211166,-1,-1,-1,-1,220019,198285,204354,-1,208024,264200,268550,257508,222836,-1,273020,262100,220019,233938,-1,-1,220019,-1,220019,220019,220039,-1,-1,80618,-1,242322,230971,-1,-1,-1,220019,-1,271218,236247,237332,231446,212994,77738,1939,-1,84690,-1,237332,-1,-1,243353,272736,220019,222528,231580,240826
-1,-1,-1,-1,-1,223810,-1,269329,226116,-1,-1,227947,-1,-1,-1,-1,202033,211604,222096,-1,226116,242436,190239,250758,264192,-1,215211,229930,202033,233793,-1,-1,222477,-1,202033,202033,207858,-1,-1,279069,-1,203428,273618,-1,-1,-1,264192,-1,83028,228815,173891,233051,74862,82766,1940,-1,85421,-1,213143,-1,-1,202033,225867,264192,204458,70228,173891
-1,-1,-1,-1,-1,223197,-1,277909,190885,-1,-1,224294,-1,-1,-1,-1,237477,269626,172203,-1,236506,83494,81319,256769,213884,-1,246565,248492,237477,236920,-1,-1,237477,-1,237477,237477,255223,-1,-1,-1,-1,70903,278928,-1,-1,-1,237477,-1,271235,271756,237477,278032,76254,-1,1943,-1,-1,-1,256612,-1,-1,232999,269796,237477,220196,266815,190885
-1,-1,-1,-1,-1,201514,-1,212493,222396,-1,-1,230126,-1,-1,-1,-1,212493,231046,79709,-1,262714,222396,233245,244277,263955,-1,215855,235329,212493,272650,-1,-1,207956,-1,212493,212493,189619,-1,-1,-1,-1,263387,-1,-1,-1,-1,212493,-1,238450,238990,256711,263192,-1,-1,1944,-1,-1,-1,256711,-1,-1,271675,-1,212493,188782,70836,262713
-1,-1,-1,-1,-1,237036,-1,232545,221281,-1,-1,235496,-1,-1,-1,-1,219216,207998,246671,-1,237943,225769,250825,263390,219216,-1,262523,221281,219216,186139,-1,-1,236530,-1,219216,219216,216627,-1,-1,-1,-1,246392,222095,-1,-1,-1,219216,-1,269572,225779,219216,225072,169792,271854,1947,-1,-1,-1,235247,-1,-1,255913,236319,219216,242429,236487,253052
-1,-1,-1,-1,-1,213017,-1,278557,220940,-1,271686,250913,269930,-1,-1,-1,220940,238070,204502,-1,242541,270676,258702,270637,220940,-1,208769,219293,220940,237833,-1,-1,263582,73465,220940,220940,271005,-1,-1,252268,-1,211594,259114,-1,-1,-1,220940,-1,70229,263861,220940,242004,239350,263271,1951,-1,173895,-1,75272,-1,-1,277705,275337,220940,239439,226436,211203
-1,-1,-1,-1,-1,70994,-1,202693,224099,-1,-1,277663,-1,-1,-1,-1,243608,258585,220058,-1,272895,246053,235267,243608,233053,-1,254529,204936,243608,200746,-1,-1,240925,-1,243608,246053,251275,-1,-1,74360,-1,270209,73219,-1,-1,-1,246053,-1,258433,73429,220031,213697,225956,79579,1952,-1,-1,-1,220031,-1,-1,241953,248692,243608,207952,268439,224099
-1,-1,-1,-1,-1,238846,-1,257472,230882,-1,-1,246681,-1,-1,-1,-1,270679,243048,75106,-1,230882,237310,233315,268530,266303,-1,222583,254522,270679,233565,-1,-1,270679,-1,270679,270679,237286,-1,-1,80280,-1,243349,273572,-1,-1,-1,270679,-1,278098,266074,271530,209532,80370,74312,1958,-1,-1,-1,271530,-1,-1,233804,72061,270679,238179,234039,271929
-1,-1,-1,-1,-1,263364,-1,260492,248687,-1,-1,261035,-1,-1,-1,-1,232759,213413,234260,-1,216744,258596,186392,275244,275785,-1,272932,248687,260492,70841,-1,-1,233941,-1,276716,276716,244288,-1,-1,-1,-1,244870,-1,-1,-1,-1,258596,-1,248688,85412,276716,212090,71746,-1,1960,-1,-1,-1,276716,-1,-1,259680,74357,233941,221890,74759,243640
-1,-1,-1,-1,-1,231185,-1,257437,205989,-1,-1,234111,-1,-1,-1,-1,227929,238060,277586,-1,72046,269175,75296,256510,227929,-1,256611,205989,269175,263775,-1,-1,70026,-1,227929,227929,206518,-1,-1,-1,-1,225785,-1,-1,-1,-1,256510,-1,265658,278894,278017,257438,85551,-1,1961,-1,-1,-1,278017,-1,-1,259677,-1,227929,277584,268631,223905
-1,-1,-1,-1,-1,235059,-1,230881,231107,-1,-1,198704,-1,-1,-1,-1,240606,262785,235027,-1,231107,200806,246126,241699,276332,-1,211363,273692,240606,82188,-1,-1,268529,-1,240606,240606,263371,-1,-1,-1,-1,203287,-1,-1,-1,-1,240606,-1,246096,268094,275443,223940,262044,-1,1962,-1,-1,-1,275443,-1,-1,240606,-1,240606,251284,226791,251006
-1,-1,-1,-1,-1,80909,-1,207732,220348,-1,-1,273051,-1,-1,-1,-1,202651,271459,225868,-1,260692,279502,264270,76286,276085,-1,199247,74788,202651,265733,-1,-1,231640,-1,202651,202651,253293,-1,-1,79552,-1,73282,75931,-1,-1,-1,202651,-1,264004,80875,231640,199354,74209,239894,1968,-1,86202,-1,76043,-1,-1,202651,70345,202651,276956,74178,220348
-1,-1,-1,-1,-1,80148,-1,222165,256892,-1,-1,259923,-1,-1,-1,-1,266010,269434,261294,-1,274528,275982,245014,248604,271511,-1,80030,256892,266010,274448,-1,-1,271118,-1,266010,266010,205603,-1,-1,-1,-1,257340,-1,-1,-1,-1,266010,-1,80525,82005,248604,252261,80149,-1,1971,-1,-1,-1,266010,-1,-1,263637,268727,266010,263259,80151,265535
-1,-1,-1,-1,-1,72062,-1,79334,210044,-1,-1,80591,-1,-1,-1,-1,262925,243675,263619,-1,275207,74963,235572,70888,262925,-1,261312,210044,262925,76976,-1,-1,252108,-1,262925,262925,73070,-1,-1,-1,-1,270905,74443,-1,-1,-1,262925,-1,79332,184156,79334,270919,229127,83848,2014,-1,-1,-1,272569,-1,-1,251247,270138,262925,205369,261131,233230
-1,-1,-1,-1,-1,77699,-1,73205,203615,-1,-1,276811,-1,-1,-1,-1,203615,277669,257304,-1,208247,244438,75498,79785,73188,-1,277865,270034,203615,272562,-1,-1,203615,-1,203615,276178,266162,-1,-1,-1,-1,259678,276450,-1,-1,-1,203615,-1,72018,81474,276178,73187,79784,258806,2017,-1,-1,-1,276178,-1,-1,74086,76470,203615,274091,251230,276123
-1,-1,-1,-1,-1,76178,-1,79118,220529,-1,-1,71401,-1,-1,-1,-1,257859,198633,278335,-1,216145,278076,265762,271572,220529,-1,237594,276033,257859,79122,-1,-1,257859,-1,257859,257859,220528,-1,-1,251953,-1,212381,271482,-1,-1,-1,257859,-1,245063,80076,79118,235880,81970,226468,2038,-1,73333,-1,214676,-1,-1,276003,208590,257859,252704,74076,209602
-1,-1,-1,-1,-1,279711,-1,77080,191730,-1,-1,260621,-1,-1,-1,-1,227882,278719,201903,-1,238508,227882,273575,72376,255310,-1,80325,257040,227882,84399,-1,-1,268095,-1,227882,227882,264273,-1,-1,-1,-1,81626,-1,-1,-1,-1,227882,-1,271433,-1,268095,70119,-1,-1,2041,-1,-1,-1,241915,-1,-1,191730,-1,266606,256396,77076,266606
-1,-1,-1,-1,-1,274409,72560,255329,273633,-1,252643,252810,261116,-1,-1,77205,243064,252658,267433,-1,255518,248487,259843,268342,243064,-1,228487,273633,243064,242182,-1,-1,261105,270319,243064,268342,233568,-1,-1,71370,-1,266190,261055,-1,-1,-1,243064,-1,70631,256685,242924,276616,274282,73685,2055,-1,237778,-1,255519,-1,-1,242924,260497,243064,266496,266252,247667
-1,-1,-1,-1,83674,71317,70629,225733,225733,-1,77204,265548,274412,-1,-1,70633,225733,274411,267643,-1,233771,228461,266788,266539,76314,-1,267947,255297,225733,234339,-1,83675,260395,246043,225733,225733,179947,-1,-1,77202,-1,276693,77206,-1,-1,-1,225733,-1,274033,222798,225733,211004,212792,266790,2056,-1,260608,-1,252278,-1,-1,70637,70632,225733,264289,229295,266789
-1,-1,-1,-1,-1,70908,-1,243169,231391,-1,-1,242236,-1,-1,-1,-1,237871,195668,268912,-1,258457,237871,264121,251469,79691,-1,73882,262404,237871,270812,-1,-1,231391,-1,237871,237871,197965,-1,-1,-1,-1,236639,79543,-1,-1,-1,237871,-1,80799,274389,243169,79545,79536,276916,10020,-1,-1,-1,243047,-1,-1,235955,75332,243169,269874,80577,255781
-1,-1,-1,-1,-1,271246,-1,246618,193698,-1,-1,228595,460018,-1,-1,-1,244470,193698,257638,-1,259074,244050,211856,232805,216354,-1,263041,276646,244470,279542,-1,-1,256564,-1,244470,244050,216258,-1,-1,279116,-1,73057,78436,-1,-1,-1,244470,-1,70038,232873,256564,245863,71925,73072,10029,-1,76924,-1,71418,-1,-1,276969,74464,244470,227562,76923,244470
-1,-1,-1,-1,-1,274999,-1,252073,236467,-1,-1,239925,-1,-1,-1,-1,238363,271114,234383,-1,269912,238363,275262,276367,276311,-1,276371,236467,238363,266235,-1,-1,79816,-1,238363,238363,238656,-1,-1,-1,-1,212879,73165,-1,-1,-1,238363,-1,81769,80858,252073,250926,78040,276408,10030,-1,-1,-1,266012,-1,-1,266446,72365,238363,257307,212625,278178
-1,-1,-1,-1,-1,258834,-1,73151,270913,-1,-1,264705,-1,-1,-1,-1,229336,247077,219244,-1,237440,258393,243574,271573,229336,-1,206006,243275,229336,176246,-1,-1,277376,-1,229336,229336,79217,-1,-1,83948,-1,271502,70281,-1,-1,-1,229336,-1,77836,79160,244706,76660,239003,83910,10032,-1,-1,-1,244706,-1,-1,270913,83616,229336,83613,73154,240008
-1,-1,-1,-1,-1,75697,-1,231733,254786,-1,-1,239451,-1,-1,-1,-1,231733,219637,257027,-1,224981,73518,275497,226130,254786,-1,263178,246097,231733,258172,-1,-1,229764,-1,231733,231733,235970,-1,-1,-1,-1,245999,76415,-1,-1,-1,231733,-1,271358,75567,231733,80697,80658,219127,10846,-1,-1,-1,252590,-1,-1,255468,74930,231733,73927,228790,79736
-1,-1,-1,-1,-1,176137,-1,78423,255400,-1,-1,277601,-1,-1,-1,-1,70694,244720,201847,-1,239813,262573,268498,78419,70694,-1,78418,255400,70694,79959,-1,-1,78426,-1,70694,70694,75084,-1,-1,-1,-1,251341,81312,-1,-1,-1,70694,-1,271336,275288,78426,80653,80281,81311,15005,-1,-1,-1,262962,-1,-1,276668,83195,70694,236618,78457,78421
-1,-1,-1,-1,-1,243789,-1,240572,70138,-1,-1,75278,-1,-1,-1,-1,78613,262723,78611,-1,70138,78621,265601,78613,262349,-1,262558,278366,78613,234991,-1,-1,238726,-1,78613,78613,259644,-1,-1,-1,-1,266763,78634,-1,-1,-1,78613,-1,278360,234832,238726,259166,78615,81461,15006,-1,-1,-1,268065,-1,-1,78614,79404,78614,78612,247834,223861
-1,-1,-1,-1,-1,277470,-1,262384,223427,-1,-1,262183,-1,-1,-1,-1,262384,205759,79933,-1,223427,276188,228058,239476,229477,-1,258821,223426,262384,264877,-1,-1,79934,-1,262384,262384,257080,-1,-1,-1,-1,75740,73604,-1,-1,-1,262384,-1,274853,73608,262384,277446,275642,-1,15009,-1,-1,-1,70327,-1,-1,240481,79372,262384,199215,83729,73141
-1,-1,-1,-1,-1,243316,-1,275493,79048,-1,-1,278402,-1,-1,-1,-1,275493,204234,205703,-1,79048,208622,217085,77703,201413,-1,206522,74559,275493,213724,-1,-1,250887,-1,275493,275493,277683,-1,-1,225028,-1,244311,80705,-1,-1,-1,275493,-1,269637,253378,275493,278071,79657,265521,15012,-1,85236,-1,251610,-1,-1,270738,268776,275493,80259,264179,224305
-1,-1,-1,-1,-1,264255,-1,222654,247073,-1,-1,264115,-1,-1,-1,-1,261390,225543,271064,-1,256473,261390,255525,240608,260927,-1,275599,247073,261390,211595,-1,-1,266709,-1,261390,261390,251272,-1,-1,81804,-1,239989,80853,-1,-1,-1,261390,-1,223969,257128,222654,224361,83058,78399,15015,-1,82765,-1,240373,-1,-1,251312,73862,261390,236244,73765,246662
-1,-1,-1,-1,-1,278254,-1,251499,231840,-1,-1,258273,-1,-1,-1,-1,240019,270996,263092,-1,259082,270136,270279,73209,248471,-1,250780,268429,240019,200433,-1,-1,265185,-1,240019,240019,258510,-1,-1,-1,-1,277002,79774,-1,-1,-1,248471,-1,79777,79773,231840,277445,76981,79778,15040,-1,-1,-1,240019,-1,-1,231840,79776,248471,271004,258822,79772
-1,-1,-1,-1,-1,187796,-1,267744,244054,-1,207620,258667,200744,-1,-1,-1,268633,221531,52679,-1,222625,244054,271126,219486,268633,-1,243840,268102,244054,71129,-1,-1,266871,-1,268633,244054,255120,-1,-1,73987,-1,73040,270336,-1,-1,-1,244054,-1,225361,278555,211143,213127,78289,73041,15048,-1,227498,-1,211143,-1,-1,236557,200292,244054,213151,206170,79585
-1,-1,-1,-1,-1,220847,-1,277832,210831,-1,-1,246185,-1,-1,-1,-1,210831,243294,231841,-1,232704,260282,263655,246284,209780,-1,259640,201841,210831,237337,-1,-1,237138,-1,210831,210831,260501,-1,-1,-1,-1,79820,258399,-1,-1,-1,210831,-1,73918,268724,209780,244843,263275,80004,100087,-1,-1,-1,237524,-1,-1,210831,76132,210831,276316,75776,246157
-1,-1,-1,-1,-1,226523,-1,262576,193336,-1,-1,224739,-1,-1,-1,-1,202151,193336,269880,-1,234774,226866,80047,202151,79915,-1,72698,229585,202151,210380,-1,-1,78315,-1,78315,202151,218651,-1,-1,80907,-1,212150,73867,-1,-1,-1,78315,-1,72945,80912,78315,258480,80904,74354,100135,-1,83912,-1,270478,-1,-1,270339,239612,78315,229575,72957,241981
-1,-1,-1,-1,-1,82521,-1,76194,234294,-1,-1,75795,-1,-1,-1,-1,234294,84012,272646,-1,75794,277624,266676,256846,75919,-1,76413,80485,234294,205895,-1,-1,78895,-1,234294,234294,74744,-1,-1,-1,-1,84618,-1,-1,-1,-1,234294,-1,82181,-1,234294,82182,-1,-1,100325,-1,-1,-1,190362,-1,-1,234294,-1,234294,246807,234300,243848
-1,-1,-1,-1,-1,244068,-1,236477,202201,-1,-1,268837,-1,-1,-1,-1,236477,242818,271949,-1,236369,236457,73731,241867,259306,-1,224425,202201,236477,240193,-1,-1,266433,-1,236477,236477,257889,-1,-1,269951,-1,256118,77413,-1,-1,-1,236477,-1,229640,72371,236477,80729,82845,257637,100409,-1,258534,-1,199439,-1,-1,246594,74112,236457,74871,263194,258432
-1,-1,-1,-1,-1,247120,-1,259921,228363,-1,-1,251349,-1,-1,-1,-1,271080,244218,240123,-1,228363,256800,277700,271080,239512,-1,269247,269747,271080,246099,-1,-1,72892,-1,72892,256800,244725,-1,-1,271269,-1,233109,192559,-1,-1,-1,271080,-1,266649,77624,259921,254307,82485,271270,100632,-1,-1,-1,73914,-1,-1,250998,262791,256800,79243,80351,237511
-1,-1,-1,-1,-1,255010,79233,237647,223814,-1,73433,268450,84401,-1,-1,-1,237647,162328,268449,-1,247931,268803,264416,255449,263899,-1,258893,223814,237647,202050,-1,-1,223370,72992,237647,237647,269256,-1,-1,82002,-1,269259,243905,-1,-1,-1,237647,-1,254831,264248,237647,228509,259993,82003,100634,-1,82004,-1,73949,-1,-1,245286,269952,237647,200425,253442,257570
-1,-1,-1,-1,-1,277121,-1,270475,212485,-1,-1,276363,-1,-1,-1,-1,221986,79027,261755,-1,212485,221986,79030,79032,70069,-1,79868,79029,221986,79043,-1,-1,275861,-1,221986,221986,79042,-1,-1,80670,-1,81988,80585,-1,-1,-1,221986,-1,79028,79045,221986,80589,80586,83957,100638,-1,83920,-1,77169,-1,-1,266722,80588,221986,76843,210205,79319
-1,-1,-1,-1,-1,198006,-1,237895,199550,-1,-1,258489,-1,-1,-1,-1,237895,228279,208894,-1,199550,242531,260099,73012,79823,-1,186190,74344,237895,236037,-1,-1,279808,-1,237895,237895,269471,-1,-1,-1,-1,79708,80584,-1,-1,-1,237895,-1,82666,269435,230737,70953,73356,278560,100646,-1,-1,-1,230737,-1,-1,231864,279240,237895,177569,271120,82330
-1,-1,-1,-1,-1,72762,-1,243016,260141,-1,-1,211042,-1,-1,-1,-1,260141,220906,72802,-1,238987,260141,73424,251781,203393,-1,210394,79429,260141,275648,-1,-1,223871,-1,260141,260141,256065,-1,-1,-1,-1,270867,83391,-1,-1,-1,223871,-1,83299,263642,223871,269412,80510,-1,100757,-1,-1,-1,263147,-1,-1,277693,79698,260141,276625,225652,262788
-1,-1,-1,-1,-1,205681,-1,256100,257758,-1,-1,275195,-1,-1,-1,-1,251045,247976,247944,-1,79000,251045,257727,248056,78670,-1,251878,262704,257758,277377,-1,-1,257758,-1,251045,251045,251848,-1,-1,-1,-1,245459,-1,-1,-1,-1,248056,-1,79646,80068,256100,79645,83247,-1,100759,-1,-1,-1,270104,-1,-1,73118,84019,248056,230696,79647,257725
-1,-1,-1,-1,-1,73392,-1,266728,247972,-1,-1,259261,-1,-1,-1,-1,247972,75976,248073,-1,236307,223231,256898,79254,253758,-1,248095,270370,223231,278573,-1,-1,257803,-1,247972,223231,228388,-1,-1,76151,-1,258942,70872,-1,-1,-1,223231,-1,205554,205943,223231,246561,252675,256897,100761,-1,-1,-1,216800,-1,-1,247972,229543,223231,235442,70848,247968
-1,-1,-1,-1,-1,248839,-1,204785,211536,-1,-1,264500,-1,-1,-1,-1,211204,240346,256989,-1,73905,211204,251427,211536,233484,-1,79683,216526,211204,236321,-1,-1,261300,-1,211536,211536,277551,-1,-1,-1,-1,264843,-1,-1,-1,-1,211204,-1,80082,211096,211536,246296,237005,-1,100805,-1,-1,-1,233665,-1,-1,83663,-1,211536,214641,252730,215820
-1,-1,-1,-1,-1,252083,-1,272908,210747,-1,-1,83390,-1,-1,-1,-1,73505,251910,237419,-1,240652,241172,256528,210747,80342,-1,74584,215572,73505,243795,-1,-1,73317,-1,212830,73505,269306,-1,-1,-1,-1,80152,83782,-1,-1,-1,73505,-1,80808,266655,73505,246184,76946,-1,100852,-1,-1,-1,73505,-1,-1,212830,75935,73317,241476,266145,248777
-1,-1,-1,-1,-1,70810,-1,227508,225106,-1,-1,246169,-1,-1,-1,-1,270611,234790,242802,-1,225106,243604,258652,252146,267624,-1,196935,274358,270611,208621,-1,-1,270611,-1,267624,267624,260086,-1,-1,198451,-1,274486,83067,-1,-1,-1,270611,-1,271490,82674,270611,74545,79999,82119,100888,-1,-1,-1,264229,-1,-1,230613,80703,270611,264228,267698,211241
-1,-1,-1,-1,-1,230857,-1,239964,223017,-1,-1,80304,-1,-1,-1,-1,241389,235931,245822,-1,241710,241389,205939,262607,255293,-1,240064,233926,241389,248854,-1,-1,232097,-1,232097,241389,262411,-1,-1,250724,-1,188524,81569,-1,-1,-1,241389,-1,263583,255776,239964,262586,70462,75856,101014,-1,-1,-1,267905,-1,-1,220175,80736,241389,236629,263571,223017
-1,-1,-1,-1,-1,224488,-1,244416,224890,-1,-1,223717,-1,-1,-1,-1,224890,240856,223174,-1,205756,262711,243549,201041,234728,-1,209818,263020,224890,229176,-1,-1,224890,-1,224890,224890,216749,-1,-1,278372,-1,235029,268442,-1,-1,-1,244416,-1,244134,228283,234728,70946,75910,279503,101020,-1,-1,-1,260896,-1,-1,230042,263724,244416,248814,274549,277961
-1,-1,-1,-1,-1,266474,-1,263389,229703,-1,-1,277627,-1,-1,-1,-1,260778,257635,269827,-1,229703,264485,241688,279928,262988,-1,247203,271540,260778,234457,-1,-1,260778,-1,260778,263389,245694,-1,-1,-1,-1,204077,234045,-1,-1,-1,263389,-1,80302,84016,260778,80300,80463,-1,101025,-1,-1,-1,246762,-1,-1,233048,80639,263389,251134,258897,230824
-1,-1,-1,-1,-1,250764,-1,80603,232007,-1,-1,74224,-1,-1,-1,-1,73864,232007,260933,-1,262709,276544,189930,269237,269899,-1,72889,72887,276544,258500,-1,-1,243914,-1,73864,73864,81558,-1,-1,-1,-1,83293,-1,-1,-1,-1,73864,-1,264000,277763,73864,83007,73566,-1,101026,-1,-1,-1,73864,-1,-1,72888,-1,73864,266794,259686,80600
-1,-1,-1,-1,-1,79131,-1,278926,225555,-1,-1,251545,-1,-1,-1,-1,225555,80001,234735,-1,269402,228382,258708,201955,211408,-1,241094,232413,225555,251894,-1,-1,224724,-1,225555,225555,206104,-1,-1,-1,-1,279624,84390,-1,-1,-1,225555,-1,79135,276394,215455,166963,84391,-1,101032,-1,-1,-1,215455,-1,-1,262137,224302,211408,263132,72731,225555
-1,-1,-1,-1,-1,231390,85542,251260,224885,-1,85545,266731,75902,-1,-1,-1,237239,235460,75904,-1,258777,237239,231526,224885,259675,-1,212269,261422,224885,244709,-1,-1,215531,85918,237239,237239,215195,-1,-1,85414,-1,258685,251800,-1,-1,-1,224885,-1,275258,228918,237239,264284,251842,78968,101033,-1,85320,-1,268787,-1,-1,253491,73312,237239,80000,268678,245355
-1,-1,-1,-1,-1,250807,-1,234983,212045,-1,-1,244949,-1,-1,-1,-1,234983,242179,259149,-1,245710,277293,277217,212045,258040,-1,241708,263021,234983,276547,-1,-1,248060,-1,234983,234983,224718,-1,-1,-1,-1,277568,-1,-1,-1,-1,212045,-1,80458,78133,234983,70241,-1,-1,101037,-1,-1,-1,215323,-1,-1,275691,-1,212045,73936,278369,275690
-1,-1,-1,-1,-1,274726,-1,244374,194794,-1,-1,277439,-1,-1,-1,-1,194794,252789,274730,-1,277442,244373,271542,266755,243256,-1,237109,245132,194794,81754,-1,-1,274724,-1,194794,244374,271704,-1,-1,-1,-1,80381,-1,-1,-1,-1,244374,-1,271546,278569,194794,82483,271544,-1,101047,-1,-1,-1,74978,-1,-1,194794,-1,244374,74069,71066,258308
-1,-1,-1,-1,-1,242021,-1,77760,229528,-1,-1,230559,-1,-1,-1,-1,255074,265628,72917,-1,229528,70845,72919,277193,274732,-1,278075,248698,255074,83057,-1,-1,77883,-1,255074,255074,246728,-1,-1,-1,-1,80916,-1,-1,-1,-1,255074,-1,71331,70862,255074,75802,80917,-1,101059,-1,-1,-1,255472,-1,-1,255074,80882,255074,215703,271548,268411
-1,-1,-1,-1,-1,143121,-1,256287,199669,-1,-1,228179,-1,-1,-1,-1,242426,182494,276829,-1,199669,261015,199667,248053,253287,-1,268558,269934,242426,75343,-1,-1,242426,-1,242426,253287,271512,-1,-1,-1,-1,245437,80519,-1,-1,-1,253287,-1,263690,70698,215334,215353,71491,-1,101083,-1,-1,-1,215334,-1,-1,251132,75348,253287,75073,74813,258090
-1,-1,-1,-1,-1,81808,-1,215998,264578,-1,-1,261171,-1,-1,-1,-1,233777,70137,240956,-1,253278,74814,273081,233777,81809,-1,221219,262150,271832,205633,-1,-1,274145,-1,233777,264578,76917,-1,-1,-1,-1,78324,257676,-1,-1,-1,233777,-1,83795,261441,240811,261177,275438,76064,101084,-1,-1,-1,240811,-1,-1,264578,70699,233777,268732,273092,271832
-1,-1,-1,-1,-1,236507,-1,83456,246033,-1,-1,79248,-1,-1,-1,-1,236668,232645,238093,-1,260233,273711,252036,236668,203864,-1,274266,238518,236668,235926,-1,-1,230975,-1,236668,236668,255878,-1,-1,272602,-1,74393,276605,-1,-1,-1,236668,-1,268396,71320,253242,261691,246336,76705,101085,-1,191043,-1,253242,-1,-1,246033,84323,236668,201862,275343,270215
-1,-1,-1,-1,-1,256524,-1,188988,233029,-1,-1,235008,-1,-1,-1,-1,188988,229541,259273,-1,261769,244884,221551,221053,214302,-1,79246,211263,188988,213597,-1,-1,80127,-1,188988,188988,80123,-1,-1,-1,-1,84092,-1,-1,-1,-1,188988,-1,74856,85350,188988,74853,-1,-1,101088,-1,-1,-1,255217,-1,-1,233029,-1,221053,260971,79234,74857
-1,-1,-1,-1,-1,274203,-1,233057,244829,-1,-1,83502,-1,-1,-1,-1,263527,251016,263225,-1,83499,263527,228682,244829,259438,-1,256559,241010,263527,70669,-1,-1,267588,-1,263527,244829,260826,-1,-1,-1,-1,83500,256558,-1,-1,-1,259438,-1,259549,279073,233057,275344,214318,84335,101097,-1,-1,-1,243295,-1,-1,263127,258981,244829,272756,84224,248260
-1,-1,-1,-1,-1,247146,-1,237982,214366,-1,-1,248281,-1,-1,-1,-1,214366,227560,234999,-1,219787,76524,215067,239681,278785,-1,278782,223752,214366,75612,-1,-1,210463,-1,214366,214366,228738,-1,-1,-1,-1,82269,79757,-1,-1,-1,214366,-1,237885,260482,214366,245687,84458,84459,101099,-1,-1,-1,260481,-1,-1,214366,78920,214366,76911,176619,76339
-1,-1,-1,-1,-1,207664,-1,274547,196150,-1,-1,214054,-1,-1,-1,-1,274547,259885,214035,-1,264002,241601,76407,274113,245378,-1,243363,253389,274547,214132,-1,-1,246081,-1,274547,274547,199110,-1,-1,-1,-1,254678,84321,-1,-1,-1,274547,-1,238880,214323,196150,74387,251902,86022,101101,-1,-1,-1,196150,-1,-1,232195,84691,274547,252695,74388,84319
-1,-1,-1,-1,-1,270486,-1,222585,276556,-1,-1,238081,-1,-1,-1,-1,254111,227668,214415,-1,223721,214343,242763,83637,226747,-1,227515,264549,276556,231667,-1,-1,214040,-1,254111,226747,219717,-1,-1,84544,-1,76915,84442,-1,-1,-1,276556,-1,71593,246831,222585,84028,84452,84451,101103,-1,84454,-1,254111,-1,-1,243188,71591,254111,273656,276054,276556
-1,-1,-1,-1,-1,234352,-1,233924,168565,-1,-1,274128,-1,-1,-1,-1,168565,221235,267395,-1,221637,76403,222319,219527,247563,-1,221220,215139,168565,248555,-1,-1,241990,-1,168565,233924,238194,-1,-1,86021,-1,265563,276791,-1,-1,-1,233924,-1,259539,227594,168565,218743,83087,274823,101104,-1,-1,-1,168565,-1,-1,214332,84692,233924,271633,255920,218981
-1,-1,-1,-1,-1,220805,-1,231862,214378,-1,-1,225423,-1,-1,-1,-1,214378,214351,258133,-1,214038,245908,240835,214195,214414,-1,214393,248466,214378,190607,-1,-1,214378,-1,214378,214378,167397,-1,-1,-1,-1,267788,-1,-1,-1,-1,214378,-1,84448,84449,231862,272378,84450,-1,101105,-1,-1,-1,215112,-1,-1,84447,84453,214378,272770,272727,78001
-1,-1,-1,-1,-1,209523,78105,275178,216385,-1,77153,273866,80112,-1,-1,-1,248872,254601,253255,-1,260027,273992,259499,253233,271071,-1,81473,275105,248872,248871,-1,-1,248872,80117,248872,248872,244832,-1,-1,71649,-1,267784,267597,-1,-1,-1,248872,-1,248873,272426,270058,236943,261553,279548,101108,-1,274667,-1,270058,-1,-1,216385,218868,275178,275595,267831,255962
-1,-1,-1,-1,-1,269273,-1,252935,252935,-1,-1,272410,-1,-1,-1,-1,252935,253847,227154,-1,274046,277517,213400,236382,228838,-1,274949,229270,252935,253304,-1,-1,237512,-1,274046,252935,264820,-1,-1,224317,-1,84571,273707,-1,-1,-1,252935,-1,273661,70563,252935,80411,84457,188484,101110,-1,73168,-1,254653,-1,-1,253275,84657,252935,79231,253809,222587
-1,-1,-1,-1,-1,75232,-1,189596,189596,-1,-1,262094,-1,-1,-1,-1,255205,244656,258351,-1,242596,241002,275054,77035,222429,-1,77968,259280,255205,245867,-1,-1,259543,-1,255205,255205,261453,-1,-1,229433,-1,214948,269963,-1,-1,-1,255205,-1,244694,79903,243456,83361,220028,79902,101112,-1,-1,-1,243456,-1,-1,255205,208919,255205,77313,255827,253296
-1,-1,-1,-1,-1,240628,-1,212002,206254,-1,-1,207993,-1,-1,-1,-1,269823,86243,84039,-1,262027,242350,211068,244940,84041,-1,233053,236524,206254,268468,-1,-1,75533,-1,206254,75533,75209,-1,-1,-1,-1,239962,-1,-1,-1,-1,206254,-1,72775,236541,212002,73949,244271,-1,105013,-1,-1,-1,72360,-1,-1,206254,172723,242350,228082,73113,257345
-1,-1,-1,-1,-1,236920,-1,258437,203376,-1,-1,231447,-1,-1,-1,-1,240638,263798,252021,-1,203376,240638,232658,248465,208461,-1,245367,264453,240638,240679,-1,-1,200260,-1,240638,242516,200110,-1,-1,-1,-1,234741,-1,-1,-1,-1,240638,-1,239368,211738,242516,255009,251806,-1,105035,-1,-1,-1,242516,-1,-1,246104,239380,240638,251809,253109,253149
-1,-1,-1,-1,-1,254310,-1,255125,260815,-1,-1,213565,-1,-1,-1,-1,244369,205186,211101,-1,190815,244369,279026,217036,177413,-1,276528,76624,244369,272718,-1,-1,246785,-1,255125,244369,186537,-1,-1,194730,-1,239250,221363,-1,-1,-1,244369,-1,76012,81380,271541,201505,81378,192448,110062,-1,205070,-1,271541,-1,-1,235997,82667,244369,246928,81636,260815
-1,-1,-1,-1,79466,73394,72177,221014,214639,-1,220831,74548,71388,-1,-1,83708,275333,80574,79528,-1,214639,275248,80704,74785,278126,-1,73974,277519,275333,278590,-1,-1,71972,76153,275333,275333,276976,-1,-1,78720,-1,72561,74557,-1,-1,-1,264347,-1,73390,79463,221014,73389,277826,80625,110069,-1,76501,-1,275333,-1,-1,264347,241070,264347,244919,256058,258041
-1,-1,-1,-1,-1,257816,-1,224538,257374,-1,-1,278815,-1,-1,-1,-1,270957,257374,251034,-1,248110,70268,70745,238895,246674,-1,272613,252574,270957,248117,-1,-1,270957,-1,270957,270957,244046,-1,-1,-1,-1,277371,-1,-1,-1,-1,270957,-1,277977,79650,238895,79652,78742,-1,110072,-1,-1,-1,251779,-1,-1,70298,-1,270957,79066,72752,276142
-1,-1,-1,-1,-1,265431,-1,257765,247963,-1,-1,80089,-1,-1,-1,-1,239116,79826,222221,-1,275016,239116,239118,244984,79147,-1,268128,247963,239116,272545,-1,-1,267993,-1,239116,239116,197971,-1,-1,-1,-1,238273,263492,-1,-1,-1,239116,-1,235345,278964,247963,239453,73393,-1,110075,-1,-1,-1,276744,-1,-1,266792,271989,267993,248112,219768,73300
-1,-1,-1,-1,-1,237989,-1,73404,220177,-1,73462,235315,273674,-1,-1,-1,70958,70959,73297,-1,244252,70958,231916,255247,240812,-1,262268,204211,70958,223355,-1,-1,271172,-1,70958,70958,70724,-1,-1,247985,-1,248539,277148,-1,-1,-1,70958,-1,269418,237883,73404,243773,70831,210970,110078,-1,220087,-1,220177,-1,-1,279210,76119,70958,73464,262465,224115
-1,-1,-1,-1,-1,278557,-1,238990,276695,-1,-1,73895,-1,-1,-1,-1,73895,242289,79284,-1,239540,276695,278602,75768,241075,-1,70229,242541,276695,220956,-1,-1,243520,-1,276695,276695,229091,-1,-1,-1,-1,277551,-1,-1,-1,-1,276695,-1,235650,251001,205255,80881,206555,-1,110081,-1,-1,-1,205255,-1,-1,231292,82914,276695,273692,247336,276070
-1,-1,-1,-1,-1,73252,-1,226797,215069,-1,-1,71740,-1,-1,-1,-1,226797,215069,242073,-1,273012,255925,232708,262566,81743,-1,214659,260561,255925,222373,-1,-1,272939,-1,226797,226797,219536,-1,-1,-1,-1,74818,-1,-1,-1,-1,226797,-1,278474,70437,226286,253246,84266,-1,110093,-1,-1,-1,226286,-1,-1,215057,84596,226797,204259,214968,228415
-1,-1,-1,-1,-1,81616,-1,246416,243801,-1,244859,81712,241969,-1,-1,-1,243801,224491,278252,-1,243801,219449,81711,239181,224430,-1,271046,264214,252263,244014,-1,-1,276365,231555,243801,276365,272659,-1,-1,82830,-1,269994,257236,-1,-1,-1,276365,-1,276190,270073,246416,71636,74874,262933,110176,-1,247409,-1,238694,-1,-1,252263,243749,252263,270044,276534,243514
-1,-1,-1,-1,-1,255699,-1,239627,244160,-1,-1,252382,82113,-1,-1,-1,235471,257669,216110,-1,227738,233470,70928,236459,244167,-1,73311,244160,235471,239930,-1,-1,194769,-1,235471,235471,222329,-1,-1,72601,-1,255105,72593,-1,-1,-1,235471,-1,258691,71858,244160,252223,257664,276681,110206,-1,72590,-1,235471,-1,-1,275233,72598,235471,252509,240499,239768
-1,-1,-1,-1,-1,263811,-1,189808,167512,-1,-1,216790,-1,-1,-1,-1,77295,268839,222612,-1,223852,80058,79203,77046,238410,-1,213686,73752,77295,187782,-1,-1,78115,-1,77295,77295,238191,-1,-1,-1,-1,73754,73753,-1,-1,-1,77295,-1,78230,241438,189808,256864,71272,74656,110313,-1,-1,-1,167512,-1,-1,77295,80060,77295,276980,258592,275300
-1,-1,-1,-1,-1,70014,-1,79624,234814,-1,-1,270886,-1,-1,-1,-1,240069,222820,271236,-1,243867,74445,256789,234814,244736,-1,70473,223138,240069,252011,-1,-1,240069,-1,240069,74445,225855,-1,-1,-1,-1,278283,-1,-1,-1,-1,79624,-1,278116,78090,240069,278279,74499,-1,110321,-1,-1,-1,278996,-1,-1,74442,-1,74445,74734,77292,76758
-1,-1,-1,-1,-1,211362,-1,233061,211378,-1,-1,225266,-1,-1,-1,-1,222369,251433,77620,-1,226506,257886,276610,222542,260464,-1,83000,222369,222369,76228,-1,-1,258626,-1,222369,222369,244089,-1,-1,259766,-1,276964,80734,-1,-1,-1,257886,-1,254482,237884,222369,252317,75476,73119,110329,-1,204105,-1,261766,-1,-1,211378,76058,222369,240648,242214,230855
-1,-1,-1,-1,-1,271019,-1,236610,193080,-1,80526,266596,228245,-1,-1,-1,260823,193080,236758,-1,240777,276682,278340,223697,225439,-1,258976,238370,225439,257785,-1,-1,232080,-1,260823,225439,248385,-1,-1,268375,-1,246791,80508,-1,-1,-1,225439,-1,74926,211320,236610,219584,83223,235866,110374,-1,259848,-1,238004,-1,-1,260823,237499,260823,72180,80505,234112
-1,-1,-1,-1,-1,278454,-1,235467,214766,-1,-1,272911,-1,-1,-1,-1,235467,222418,256407,-1,253238,190972,268431,261262,236472,-1,255873,214766,235467,264323,-1,-1,219174,-1,235467,235467,80520,-1,-1,-1,-1,78076,255197,-1,-1,-1,235467,-1,72465,84601,235467,238320,220624,-1,110395,-1,-1,-1,224510,-1,-1,74824,214226,235467,70430,74826,237122
-1,-1,-1,-1,-1,83358,-1,70198,223249,-1,80110,80108,75189,-1,-1,-1,271767,223249,258288,-1,254228,253294,278737,267900,258051,-1,273538,267483,271767,274200,-1,-1,77578,247037,271767,253294,259570,-1,-1,236803,-1,259977,74911,-1,-1,-1,271767,-1,76070,275429,198628,71457,77726,253718,110396,-1,223064,-1,198628,-1,-1,271767,77862,271767,228730,241273,270454
-1,-1,-1,-1,-1,267625,-1,261160,219167,-1,-1,70443,-1,-1,-1,-1,259883,262865,261779,-1,219167,75347,78015,273767,254951,-1,70943,227740,259883,70194,-1,-1,76995,-1,259883,219167,80098,-1,-1,75709,-1,225714,227602,-1,-1,-1,259883,-1,70687,258337,259883,70944,83577,74792,110404,-1,-1,-1,259883,-1,-1,278470,241020,259883,71959,231264,76997
-1,-1,-1,-1,-1,83496,-1,198331,198331,-1,-1,72612,-1,-1,-1,-1,79948,72937,263283,-1,79991,257306,82908,76602,244796,-1,76603,259188,79948,244791,-1,-1,79948,-1,79948,79948,72938,-1,-1,-1,-1,74627,-1,-1,-1,-1,79948,-1,82906,81786,198331,277553,83201,-1,110468,-1,-1,-1,74753,-1,-1,71259,278965,79948,74419,80073,277025
-1,-1,-1,-1,-1,276288,-1,263153,241859,-1,-1,244234,-1,-1,-1,-1,73008,241859,233425,-1,270900,269604,263077,270461,73008,-1,250991,251405,73008,71191,-1,-1,241085,-1,73008,73008,271160,-1,-1,-1,-1,264409,80339,-1,-1,-1,73008,-1,276358,262242,252846,276327,251451,83813,110500,-1,-1,-1,252846,-1,-1,248576,274393,73008,216260,252592,261446
-1,-1,-1,-1,-1,243971,-1,255540,229175,-1,-1,258003,-1,-1,-1,-1,240329,263272,274489,-1,270515,269863,252902,229175,244076,-1,257081,279530,240329,79331,-1,-1,240329,-1,240329,240329,79329,-1,-1,-1,-1,79327,-1,-1,-1,-1,240329,-1,277746,72959,240329,252016,263748,-1,110501,-1,-1,-1,274993,-1,-1,257183,266392,240329,85407,270008,268430
-1,-1,-1,-1,-1,253475,-1,228859,209987,-1,-1,235022,-1,-1,-1,-1,251287,209987,223925,-1,265465,238068,237642,251287,251373,-1,243628,241590,245287,262604,-1,-1,240156,-1,251287,251287,262776,-1,-1,-1,-1,265797,77414,-1,-1,-1,251287,-1,276325,76838,228859,254267,80162,-1,110502,-1,-1,-1,242965,-1,-1,79746,80161,245287,208470,225692,245287
-1,-1,-1,-1,-1,73170,-1,229354,229487,-1,-1,239494,-1,-1,-1,-1,229354,233725,79392,-1,231379,275279,262926,244188,73169,-1,81954,229487,229354,234317,-1,-1,83467,-1,229354,229354,206408,-1,-1,211746,-1,279203,263674,-1,-1,-1,229354,-1,76085,79391,229354,82192,269317,277842,110532,-1,-1,-1,212248,-1,-1,80012,234924,229354,243345,274987,269875
-1,-1,-1,-1,-1,240938,-1,256899,244349,-1,77830,269312,215798,-1,-1,-1,236295,232229,201299,-1,238516,242633,271882,244349,79913,-1,260653,276477,236295,231969,-1,-1,264436,-1,236295,236295,74485,-1,-1,255934,-1,239795,85106,-1,-1,-1,236295,-1,225432,84080,256899,81467,71553,74484,110556,-1,77832,-1,263829,-1,-1,236295,85105,236295,276485,202886,206159
-1,-1,-1,-1,-1,247467,-1,183898,183898,-1,74838,211269,71655,-1,-1,-1,183898,219522,216033,-1,77372,260138,231507,263518,256441,-1,75308,248207,183898,165560,-1,-1,238230,-1,238230,183898,238332,-1,-1,265444,-1,267866,85560,-1,-1,-1,183898,-1,75793,75718,183898,74836,271471,234458,110580,-1,222428,-1,269176,-1,-1,254695,75191,183898,246335,78078,242482
-1,-1,-1,-1,-1,260405,-1,243949,228607,-1,72769,276027,73680,-1,-1,-1,233520,228607,264208,-1,239928,264215,251519,246959,270901,-1,269314,228757,243949,229267,-1,-1,250947,211736,243949,243949,252710,-1,-1,82828,-1,243537,238974,-1,-1,-1,250947,-1,264649,243881,243949,246151,82838,277281,110588,-1,78131,-1,76033,-1,-1,237155,252078,250947,265580,72974,252014
-1,-1,-1,-1,-1,262587,-1,252903,251292,-1,85395,272982,83632,-1,-1,-1,239696,251292,262298,-1,77882,231353,238593,212244,259559,-1,256459,263649,239696,266011,-1,-1,239696,-1,239696,239696,252567,-1,-1,73030,-1,256753,269997,-1,-1,-1,239696,-1,260383,240317,233139,262665,259627,74414,110636,-1,264529,-1,233139,-1,-1,276632,224186,239696,278834,278177,192567
-1,-1,-1,-1,-1,70092,-1,242183,241995,-1,-1,272832,-1,-1,-1,-1,234836,262939,276331,-1,260187,216183,238963,276429,276271,-1,79322,241995,234836,269133,-1,-1,259643,-1,234836,234836,83707,-1,-1,-1,-1,263135,76402,-1,-1,-1,264380,-1,79815,230047,242183,76979,76292,-1,110645,-1,-1,-1,79321,-1,-1,234836,243736,234836,276783,71629,264380
-1,-1,-1,-1,-1,277615,-1,79083,225654,-1,81241,263581,262772,-1,-1,-1,248174,79024,244524,-1,244028,248174,244081,73367,243212,-1,240056,244079,248174,79078,-1,-1,225654,-1,248174,248174,79082,-1,-1,262764,-1,262768,79025,-1,-1,-1,248174,-1,262959,84383,244079,256297,80379,79081,110678,-1,274098,-1,73172,-1,-1,79080,79026,248174,269888,277290,276430
-1,-1,-1,-1,-1,83256,-1,263614,78445,-1,-1,82451,-1,-1,-1,-1,76062,78435,76777,-1,78445,279489,83558,276292,78446,-1,83754,272896,76062,79365,-1,-1,76062,-1,76062,76062,79100,-1,-1,-1,-1,74465,-1,-1,-1,-1,76062,-1,76921,81633,76062,79368,-1,-1,110685,-1,-1,-1,79102,-1,-1,79101,-1,76062,79366,79370,78440
-1,-1,-1,-1,-1,79287,-1,240891,234416,-1,-1,79291,-1,-1,-1,-1,279623,72522,79285,-1,234416,263404,72554,269793,245719,-1,270400,278751,279623,79289,-1,-1,274865,-1,279623,279623,262029,-1,-1,-1,-1,83617,-1,-1,-1,-1,279623,-1,72529,73570,279623,72525,83618,-1,110697,-1,-1,-1,275274,-1,-1,279623,85874,279623,70465,73183,73584
-1,-1,-1,-1,-1,277227,-1,80668,77528,-1,-1,79188,-1,-1,-1,-1,74088,278045,271920,-1,77528,80720,79661,74088,79186,-1,80667,79971,74088,77527,-1,-1,79189,-1,74088,74088,80113,-1,-1,80718,-1,78014,81670,-1,-1,-1,74088,-1,80712,83406,80719,70264,80717,82675,110711,-1,83091,-1,80719,-1,-1,79187,81671,79186,80669,81430,279926
-1,-1,-1,-1,-1,256861,-1,226958,233435,-1,-1,258973,-1,-1,-1,-1,275634,239816,76472,-1,224267,221956,273931,239709,275634,-1,265425,233435,275634,262383,-1,-1,261180,-1,275639,275634,270512,-1,-1,247041,-1,224271,271605,-1,-1,-1,275634,-1,244811,275631,226958,79924,83832,70585,110720,-1,263313,-1,251412,-1,-1,275639,79926,251412,262839,71283,276122
-1,-1,-1,-1,-1,83578,-1,200429,244224,-1,-1,279050,-1,-1,-1,-1,227689,76567,235629,-1,253376,269159,80128,276258,257174,-1,275027,253039,227689,265754,-1,-1,277072,-1,227689,227689,80034,-1,-1,79337,-1,264657,279797,-1,-1,-1,227689,-1,79432,76568,227689,79336,276306,83388,110724,-1,-1,-1,227689,-1,-1,244224,80032,227689,80876,239718,269089
-1,-1,-1,-1,-1,278294,-1,222959,199174,-1,-1,240660,-1,-1,-1,-1,270658,205496,220048,-1,199174,71230,72912,264480,70471,-1,268790,229574,270658,240797,-1,-1,236898,-1,270658,270658,193082,-1,-1,236593,-1,277309,272379,-1,-1,-1,270658,-1,157481,253464,222959,244274,81646,81307,110738,-1,273128,-1,255562,-1,-1,270658,71296,270658,252313,74876,233396
-1,-1,-1,-1,-1,256308,-1,277030,230940,-1,-1,279876,-1,-1,-1,-1,254804,224977,197689,-1,278346,259331,276001,80183,254804,-1,208942,215433,254804,270507,-1,-1,276905,-1,254804,254804,223157,-1,-1,278230,-1,70650,266583,-1,-1,-1,254804,-1,271006,206601,276905,76648,245784,80192,110740,-1,80187,-1,230940,-1,-1,252927,279529,254804,80172,245779,268758
-1,-1,-1,-1,-1,256578,-1,224146,224336,-1,-1,271937,-1,-1,-1,-1,255760,278112,81867,-1,263670,235983,277752,255760,252859,-1,273855,247412,255760,221564,-1,-1,233222,-1,224146,255760,252598,-1,-1,-1,-1,72360,-1,-1,-1,-1,255760,-1,74340,261358,239267,262940,75163,-1,110745,-1,-1,-1,239267,-1,-1,224336,83786,224146,77376,243220,258604
-1,-1,-1,-1,-1,73298,-1,177922,177922,-1,-1,260302,-1,-1,-1,-1,177922,236330,210422,-1,253170,253407,204884,239106,252580,-1,274213,266437,177922,270885,-1,-1,194149,-1,177922,177922,254541,-1,-1,-1,-1,212398,75999,-1,-1,-1,177922,-1,252736,252506,177922,218746,73650,-1,110746,-1,-1,-1,80871,-1,-1,213209,83789,177922,270764,276805,213933
-1,-1,-1,-1,-1,83670,-1,274212,192955,-1,-1,270999,-1,-1,-1,-1,254333,222908,232131,-1,245722,261298,268464,261675,192955,-1,235005,255891,254333,248147,-1,-1,254333,-1,254333,254333,230690,-1,-1,-1,-1,277457,80336,-1,-1,-1,254333,-1,83925,275108,254333,190547,78374,-1,110747,-1,-1,-1,248201,-1,-1,274369,72094,254333,262825,83398,269506
-1,-1,-1,-1,-1,257165,-1,75097,198046,-1,-1,73490,-1,-1,-1,-1,198046,190698,194333,-1,214884,270542,73007,275952,73903,-1,79136,251764,198046,262699,-1,-1,198046,-1,198046,198046,238775,-1,-1,-1,-1,219967,76006,-1,-1,-1,198046,-1,75101,201172,260941,235101,73483,-1,110749,-1,-1,-1,260941,-1,-1,77296,83552,198046,257649,83719,262691
-1,-1,-1,-1,-1,239980,-1,275225,275225,-1,-1,271308,-1,-1,-1,-1,275225,269406,248104,-1,72620,237666,242500,79123,228715,-1,74641,254265,275225,257812,-1,-1,266734,-1,275225,275225,70267,-1,-1,76763,-1,277019,255002,-1,-1,-1,275225,-1,77113,277717,275225,75786,83123,258373,110750,-1,-1,-1,72404,-1,-1,269424,75627,275225,258740,72694,79343
-1,-1,-1,-1,-1,276259,-1,212226,212048,-1,-1,248111,-1,-1,-1,-1,212226,226656,76202,-1,81262,260914,277976,212048,72695,-1,277806,248021,212226,248057,-1,-1,275739,-1,212226,212226,251977,-1,-1,271182,-1,231919,233512,-1,-1,-1,212048,-1,260994,276710,212226,215376,276692,242562,110751,-1,81590,-1,75209,-1,-1,243924,83562,212048,247950,262717,229657
-1,-1,-1,-1,-1,276132,-1,213702,248002,-1,-1,258364,-1,-1,-1,-1,244154,239271,250950,-1,232760,275901,79168,251635,274734,-1,73405,248002,244154,70265,-1,-1,244154,-1,244154,244154,247680,-1,-1,242358,-1,274458,80561,-1,-1,-1,244154,-1,262470,268452,244154,275227,257376,263207,110752,-1,73460,-1,251235,-1,-1,244474,73959,275901,248010,73459,277618
-1,-1,-1,-1,-1,270328,-1,211903,234687,-1,-1,264423,-1,-1,-1,-1,246729,243573,216779,-1,243860,266623,244497,244131,243898,-1,264033,263740,234687,256698,-1,-1,70427,-1,211903,211903,79663,-1,-1,-1,-1,79214,79161,-1,-1,-1,234687,-1,73609,83193,234687,78852,80592,-1,110770,-1,-1,-1,79212,-1,-1,234687,75777,243898,270894,83934,199890
-1,-1,-1,-1,-1,256047,-1,211061,211061,-1,-1,83178,-1,-1,-1,-1,211061,254297,250897,-1,251168,209289,242919,246562,264364,-1,252753,212546,211061,264272,-1,-1,252508,-1,211061,211061,233465,-1,-1,-1,-1,277373,-1,-1,-1,-1,211061,-1,-1,-1,211061,78867,-1,-1,110776,-1,-1,-1,241821,-1,-1,83174,-1,211061,245770,243602,238660
-1,-1,-1,-1,-1,232770,277458,275985,219848,-1,73214,146562,279141,-1,-1,-1,275985,220383,251136,-1,225508,245870,73502,256097,266608,-1,219180,219848,275985,255786,-1,-1,262300,257396,275985,275985,275205,-1,-1,78864,-1,212501,277421,-1,-1,-1,275985,-1,243834,236246,253385,229894,78072,73213,110827,-1,73215,-1,253385,-1,-1,253114,279758,275985,251616,269643,238305
-1,-1,-1,-1,-1,70301,-1,275415,229788,-1,-1,243571,84249,-1,-1,-1,272904,240311,277642,-1,264736,250881,83517,261153,229788,-1,76417,267717,250881,83386,-1,-1,247458,-1,272904,250881,70333,-1,-1,81800,-1,271439,75269,-1,-1,-1,250881,-1,268331,80706,275415,275622,76418,205551,110832,-1,80707,-1,231530,-1,-1,272904,80708,250881,262744,206545,74604
-1,-1,-1,-1,-1,264555,-1,193844,200519,-1,-1,278982,-1,-1,-1,-1,190199,194934,228456,-1,278630,256604,74591,247089,250992,-1,276866,200519,190199,273581,-1,-1,231125,-1,190199,190199,277425,-1,-1,86214,-1,247793,83699,-1,-1,-1,190199,-1,238882,79769,190199,232132,80661,84365,110839,-1,-1,-1,194879,-1,-1,190199,245331,190199,246617,262081,276083
-1,-1,-1,-1,-1,262831,-1,273540,246243,-1,-1,250791,-1,-1,-1,-1,245649,256474,230653,-1,193185,83046,231615,251590,246243,-1,253386,258776,245649,219259,-1,-1,245649,-1,245649,245649,252587,-1,-1,269931,-1,236611,244126,-1,-1,-1,243276,-1,213667,243393,229398,231481,82931,270705,110890,-1,81485,-1,229398,-1,-1,243276,262363,243276,251311,246080,276860
-1,-1,-1,-1,-1,80157,-1,209613,209613,-1,-1,271013,-1,-1,-1,-1,228882,205530,80823,-1,193333,192071,80156,277870,225381,-1,75225,236889,228882,240798,-1,-1,74094,-1,228882,228882,233265,-1,-1,-1,-1,70825,264590,-1,-1,-1,228882,-1,264022,237613,275912,277117,278326,-1,110908,-1,-1,-1,275912,-1,-1,228882,213814,228882,279473,80821,258564
-1,-1,-1,-1,-1,79919,-1,79012,79012,-1,-1,230912,274682,-1,-1,-1,79014,271146,78934,-1,204042,79016,244190,257636,197926,-1,79017,224996,79014,222153,-1,-1,79014,-1,79014,79014,224933,-1,-1,202848,-1,220493,72030,-1,-1,-1,79014,-1,81255,75819,79012,279562,80836,80837,110912,-1,143076,-1,220517,-1,-1,251927,271468,79014,76171,79020,79015
-1,-1,-1,-1,-1,206551,-1,74406,72845,-1,-1,72849,-1,-1,-1,-1,235163,239742,72844,-1,268936,264683,80645,257713,202489,-1,277704,268754,235163,225189,-1,-1,72852,-1,235163,235163,240788,-1,-1,-1,-1,225014,-1,-1,-1,-1,235163,-1,80200,81852,72852,81580,235194,-1,110915,-1,-1,-1,213829,-1,-1,235163,75103,264683,234143,278976,72845
-1,-1,-1,-1,-1,274196,-1,239936,228959,-1,-1,77021,-1,-1,-1,-1,70441,240796,276102,-1,228959,236432,83589,251339,242342,-1,241696,226616,70441,241927,-1,-1,247776,-1,70441,242342,238127,-1,-1,-1,-1,198347,266343,-1,-1,-1,242342,-1,83353,241931,70441,70136,83453,-1,110953,-1,-1,-1,70441,-1,-1,243804,275257,242342,70897,237993,231479
-1,-1,-1,-1,-1,71437,-1,71430,217153,-1,-1,251110,79990,-1,-1,-1,241418,241317,248735,-1,245041,241418,245024,73718,217153,-1,228076,245040,241418,240805,-1,-1,210377,-1,241418,241418,222350,-1,-1,77932,-1,77927,71440,-1,-1,-1,241418,-1,277017,211382,217153,182411,71431,277768,110955,-1,77931,-1,263563,-1,-1,202808,275659,241418,245042,77930,238857
-1,-1,-1,-1,-1,256152,-1,252804,253617,-1,-1,214033,-1,-1,-1,-1,253617,226148,70216,-1,70208,278833,211340,261364,259578,-1,255431,254032,253617,259619,-1,-1,253617,-1,253617,253617,254065,-1,-1,-1,-1,264537,260442,-1,-1,-1,252804,-1,275199,254940,253617,273514,264538,-1,110967,-1,-1,-1,273120,-1,-1,220540,77562,252804,85163,75351,254443
-1,-1,-1,-1,-1,77522,-1,207454,241131,-1,-1,264536,-1,-1,-1,-1,253574,196885,259930,-1,226447,274259,243135,238375,272990,-1,259271,246406,253574,71646,-1,-1,253574,-1,253574,253574,274254,-1,-1,-1,-1,71092,-1,-1,-1,-1,253574,-1,77656,71953,215292,83055,75799,-1,110968,-1,-1,-1,215292,-1,-1,241131,78847,253574,255798,81510,231301
-1,-1,-1,-1,-1,275044,-1,232670,232670,-1,-1,226556,85172,-1,-1,-1,215155,256529,214440,-1,241022,219605,216532,209744,215155,-1,255416,225396,215155,193532,-1,-1,258227,-1,215155,215155,261157,-1,-1,214701,-1,224057,275074,-1,-1,-1,219605,-1,77975,271342,232670,255637,81516,243386,110975,-1,80315,-1,261261,-1,-1,228744,275043,219605,277210,82162,78188
-1,-1,-1,-1,-1,260480,-1,212747,253223,-1,-1,215065,-1,-1,-1,-1,253223,231596,266037,-1,71243,75311,259908,254172,253223,-1,226386,253245,253223,255265,-1,-1,215107,-1,253223,253223,258401,-1,-1,233424,-1,254448,256002,-1,-1,-1,212747,-1,261407,273922,215061,259905,277920,266044,110981,-1,84332,-1,215061,-1,-1,84326,84331,212747,253537,241406,254238
-1,-1,-1,-1,-1,266164,-1,78354,219678,-1,-1,254436,-1,-1,-1,-1,70710,261173,70147,-1,76683,246056,71791,274719,219678,-1,241498,266379,70710,253328,-1,-1,70710,-1,70710,70710,257834,-1,-1,-1,-1,83823,-1,-1,-1,-1,70710,-1,76484,268612,233825,74906,83825,-1,110982,-1,-1,-1,233825,-1,-1,264378,253824,70710,259026,71052,253361
-1,-1,-1,-1,-1,253250,-1,215421,231550,-1,-1,259834,-1,-1,-1,-1,253322,259904,199103,-1,253322,70193,254173,250839,215036,-1,253344,265610,70193,253327,-1,-1,273988,-1,253322,253322,242492,-1,-1,-1,-1,254206,86012,-1,-1,-1,70193,-1,274717,270573,215421,84108,86011,-1,110986,-1,-1,-1,240944,-1,-1,231550,79307,253322,254062,74515,272974
-1,-1,-1,-1,-1,78176,-1,214975,246015,-1,-1,81446,-1,-1,-1,-1,226395,269251,77974,-1,246015,71671,78174,265680,80014,-1,259847,253793,253895,70754,-1,-1,253895,-1,226395,253895,254698,-1,-1,-1,-1,84671,-1,-1,-1,-1,226395,-1,78199,86042,246015,83265,-1,-1,110989,-1,-1,-1,226395,-1,-1,253816,-1,253895,78175,84672,253878
-1,-1,-1,-1,-1,260091,-1,253579,236608,-1,-1,77352,-1,-1,-1,-1,253579,236608,84036,-1,259864,272699,274525,78086,261648,-1,254672,78087,253579,78085,-1,-1,202559,-1,253579,253579,259252,-1,-1,-1,-1,207876,85129,-1,-1,-1,253579,-1,254826,275069,253579,78121,85135,80018,110991,-1,-1,-1,274523,-1,-1,261226,85133,253579,274522,264547,75413
-1,-1,-1,-1,-1,81717,-1,216055,227550,-1,248869,248868,71072,-1,-1,-1,216055,256156,261703,-1,254703,253240,255134,253239,259410,-1,246914,227550,253239,268527,-1,-1,75224,260136,216055,253239,237183,-1,-1,75874,-1,83724,84352,-1,-1,-1,253239,-1,74143,72247,216055,274378,81831,79421,111008,-1,85506,-1,255169,-1,-1,255436,75233,253239,279477,256149,244946
-1,-1,-1,-1,-1,258219,-1,241499,241499,-1,-1,76401,-1,-1,-1,-1,253772,253628,266215,-1,259910,234180,74315,273846,253772,-1,279199,220073,253772,236265,-1,-1,254446,-1,253772,253772,260643,-1,-1,-1,-1,77261,-1,-1,-1,-1,234180,-1,84027,-1,241499,71869,-1,-1,111011,-1,-1,-1,232067,-1,-1,79613,-1,234180,278757,278756,254719
-1,-1,-1,-1,-1,264638,-1,83052,83047,-1,-1,265792,-1,-1,-1,-1,83053,83047,253639,-1,83044,261824,83051,70454,83053,-1,259939,83705,83053,245374,-1,-1,259660,-1,83053,83053,70748,-1,-1,-1,-1,260203,81452,-1,-1,-1,83053,-1,72248,239219,83053,278761,84569,-1,111012,-1,-1,-1,223054,-1,-1,83049,264752,223054,275142,83054,265428
-1,-1,-1,-1,-1,210112,-1,196848,204542,-1,-1,203119,-1,-1,-1,-1,204542,265786,71475,-1,261377,204542,83929,83757,275462,-1,234178,226002,204542,254220,-1,-1,243731,-1,204542,204542,233299,-1,-1,-1,-1,77148,79614,-1,-1,-1,204542,-1,86009,81450,204542,228271,86010,81469,111013,-1,-1,-1,77146,-1,-1,69988,276045,204542,71169,253629,231930
-1,-1,-1,-1,-1,222693,-1,259251,259251,-1,-1,259612,-1,-1,-1,-1,264796,229397,259606,-1,266554,264796,279076,259941,211274,-1,236260,240138,264796,265627,-1,-1,255098,-1,264796,211274,245357,-1,-1,-1,-1,274503,-1,-1,-1,-1,264796,-1,71875,245550,259251,196688,81451,-1,111014,-1,-1,-1,210951,-1,-1,223637,246013,264796,264682,254204,251225
-1,-1,-1,-1,-1,258456,-1,272350,272350,-1,214933,258104,261614,-1,-1,-1,272350,215086,70681,-1,276817,248231,267573,258137,223105,-1,232646,242569,272350,241568,-1,-1,265478,272839,272350,272350,196432,-1,-1,82130,-1,77724,235980,-1,-1,-1,272350,-1,242250,71078,232765,255256,253135,83422,111019,-1,80492,-1,232765,-1,-1,226671,70680,272350,215178,208054,266844
-1,-1,-1,-1,-1,271919,-1,278743,233959,-1,-1,269740,-1,-1,-1,-1,233959,82139,273986,-1,75117,76718,254361,232832,253249,-1,69957,272490,233959,266161,-1,-1,233959,-1,233959,233959,234464,-1,-1,279776,-1,257152,237818,-1,-1,-1,233959,-1,276496,85552,273843,269832,79389,76905,111020,-1,231258,-1,273843,-1,-1,76717,83350,233959,70203,83349,224511
-1,-1,-1,-1,-1,76999,-1,215270,215270,-1,-1,273768,-1,-1,-1,-1,215270,253271,211262,-1,215051,71546,232437,223501,207471,-1,74772,233780,215259,246770,-1,-1,215259,-1,215270,207471,224854,-1,-1,-1,-1,82314,71811,-1,-1,-1,215270,-1,74797,77859,215270,78169,276135,-1,111022,-1,-1,-1,225289,-1,-1,259690,70688,215259,72382,83429,240640
-1,-1,-1,-1,-1,73874,-1,84120,192397,-1,77503,278874,77484,-1,-1,-1,270517,192397,77497,-1,274537,270517,247309,276066,275645,-1,240501,260842,257020,70934,-1,-1,77456,-1,270517,270517,252487,-1,-1,73875,-1,227622,75058,-1,-1,-1,270517,-1,78313,274970,270517,212722,83357,73878,111065,-1,77505,-1,257020,-1,-1,240448,271632,270517,252326,278047,222557
-1,-1,-1,-1,-1,270591,-1,212249,78528,-1,-1,228875,-1,-1,-1,-1,212249,219705,252505,-1,78528,254820,254294,231600,243516,-1,240278,240997,212249,79237,-1,-1,244731,-1,212249,212249,203575,-1,-1,-1,-1,233214,86093,-1,-1,-1,212249,-1,248018,224012,245528,238461,244478,86094,111082,-1,-1,-1,245528,-1,-1,78535,86092,212249,266654,233835,234704
-1,-1,-1,-1,-1,258709,-1,208306,242509,-1,-1,251489,-1,-1,-1,-1,242509,256953,277330,-1,252913,263509,275951,243690,231923,-1,277289,76966,243690,211243,-1,-1,79618,-1,242509,242509,213613,-1,-1,-1,-1,253735,77166,-1,-1,-1,242509,-1,211245,85113,242509,255008,79830,78009,111083,-1,-1,-1,242509,-1,-1,79253,79831,242509,258250,73621,73763
-1,-1,-1,-1,-1,246787,-1,194059,214882,-1,-1,231848,-1,-1,-1,-1,270381,242514,258264,-1,255158,270381,224188,270715,234883,-1,263036,214882,270381,231267,-1,-1,257161,-1,224062,270715,231601,-1,-1,-1,-1,244498,83712,-1,-1,-1,270381,-1,81734,272735,224062,262575,77526,-1,111086,-1,-1,-1,76839,-1,-1,224062,83711,270715,261110,77338,242906
-1,-1,-1,-1,-1,243205,-1,244186,204078,-1,-1,253225,-1,-1,-1,-1,204078,244551,278972,-1,236508,204078,70170,250932,72658,-1,262504,76315,204078,262681,-1,-1,231460,-1,204078,204078,252038,-1,-1,-1,-1,211622,-1,-1,-1,-1,204078,-1,269970,83791,204078,270971,84255,-1,111088,-1,-1,-1,209323,-1,-1,247288,-1,204078,264681,262685,258713
-1,-1,-1,-1,-1,259896,-1,266110,242350,-1,-1,263244,-1,-1,-1,-1,72586,263851,263763,-1,274729,255361,235100,79514,72586,-1,74352,251760,242350,271543,-1,-1,263778,-1,72586,72586,258771,-1,-1,-1,-1,239779,-1,-1,-1,-1,242350,-1,80628,81266,255361,220482,-1,-1,111091,-1,-1,-1,72589,-1,-1,242350,-1,72586,277885,76967,275610
-1,-1,-1,-1,-1,72613,-1,269489,236363,-1,-1,262400,-1,-1,-1,-1,236363,73285,76408,-1,223931,226877,72617,79561,263303,-1,269385,72981,236363,244511,-1,-1,236363,-1,236363,236363,243921,-1,-1,-1,-1,238736,-1,-1,-1,-1,236363,-1,79197,79832,236363,269340,80175,-1,111097,-1,-1,-1,76863,-1,-1,208088,-1,236363,72616,76409,213449
-1,-1,-1,-1,-1,82493,-1,84684,213615,-1,-1,82509,-1,-1,-1,-1,242936,213615,271875,-1,82308,79632,82883,242935,255703,-1,77951,235442,242935,262638,-1,-1,82294,-1,242935,82308,84685,-1,-1,-1,-1,253949,-1,-1,-1,-1,82294,-1,77170,80422,241173,278688,81238,-1,111099,-1,-1,-1,241173,-1,-1,257293,82497,242935,79280,86128,82487
-1,-1,-1,-1,-1,210513,-1,198710,198710,-1,-1,210287,-1,-1,-1,-1,198710,221235,235375,-1,231207,241602,199110,214026,262881,-1,220523,220793,198710,225964,-1,-1,242426,-1,198710,198710,245810,-1,-1,-1,-1,266674,-1,-1,-1,-1,198710,-1,278782,241084,198710,233189,248191,-1,111109,-1,-1,-1,215333,-1,-1,267430,276556,241602,272951,247093,204259
-1,-1,-1,-1,-1,271873,-1,255125,234200,-1,-1,279702,-1,-1,-1,-1,235212,241777,272781,-1,244749,231410,74049,236401,278901,-1,272668,231633,255125,275048,-1,-1,260843,-1,255125,264348,239371,-1,-1,-1,-1,270860,-1,-1,-1,-1,231410,-1,85224,73192,231410,263603,278003,-1,111111,-1,-1,-1,264348,-1,-1,234200,244892,231410,262473,265578,268728
-1,-1,-1,-1,-1,263922,-1,78012,205343,-1,-1,71418,-1,-1,-1,-1,254088,242179,231691,-1,236403,205343,277178,220421,258444,-1,198717,235458,78012,235866,-1,-1,265738,-1,78012,78012,239919,-1,-1,-1,-1,260779,-1,-1,-1,-1,258444,-1,257204,278902,78012,231527,225085,-1,111112,-1,-1,-1,260942,-1,-1,255928,240787,78012,258713,277659,275208
-1,-1,-1,-1,-1,253440,-1,238545,220075,-1,-1,220422,-1,-1,-1,-1,210602,210923,242661,-1,74699,241938,254685,256331,220075,-1,210843,245751,220075,224962,-1,-1,242117,-1,220075,220075,242352,-1,-1,-1,-1,263867,-1,-1,-1,-1,220075,-1,246688,228624,238545,272303,230801,-1,111114,-1,-1,-1,211395,-1,-1,278206,251906,241938,242223,221658,242506
-1,-1,-1,-1,-1,84165,-1,84186,84175,-1,-1,84169,-1,-1,-1,-1,84186,84173,84174,-1,84197,243551,84189,84168,84171,-1,84185,84181,84186,84190,-1,-1,251575,-1,84186,84171,84182,-1,-1,-1,-1,84180,-1,-1,-1,-1,84171,-1,84167,84184,84172,84187,84176,-1,111115,-1,-1,-1,84172,-1,-1,84175,243549,243551,84164,84183,84170
-1,-1,-1,-1,-1,263486,-1,209782,258390,-1,-1,201887,-1,-1,-1,-1,209782,258390,252281,-1,214408,235717,269192,221969,260638,-1,252572,213938,209782,213705,-1,-1,70106,-1,225844,235717,214977,-1,-1,-1,-1,81248,80186,-1,-1,-1,225844,-1,83227,80730,209782,70987,70240,73565,111117,-1,-1,-1,262620,-1,-1,225844,83228,235717,257804,279879,212213
-1,-1,-1,-1,-1,81960,-1,209331,209331,-1,-1,86106,-1,-1,-1,-1,209331,269161,228182,-1,210648,222537,220380,82400,82329,-1,269164,261624,81918,224198,-1,-1,261742,-1,209331,81918,82318,-1,-1,-1,-1,85641,-1,-1,-1,-1,209331,-1,74910,277944,209331,85642,86105,-1,111130,-1,-1,-1,256675,-1,-1,81918,86084,209331,210259,85643,254252
-1,-1,-1,-1,-1,264137,-1,233092,254962,-1,-1,262142,-1,-1,-1,-1,233092,254962,73211,-1,74063,261196,271106,236038,212424,-1,259568,73854,233092,237223,-1,-1,241026,-1,233092,233092,81404,-1,-1,-1,-1,202170,246020,-1,-1,-1,233092,-1,242815,79876,251229,78713,83346,273548,111138,-1,-1,-1,251229,-1,-1,270887,84334,233092,271053,83347,264516
-1,-1,-1,-1,-1,274569,-1,78355,244250,-1,-1,260635,-1,-1,-1,-1,246070,268394,261687,-1,259934,260772,260545,266335,243828,-1,74623,246300,260772,76908,-1,-1,246070,-1,246070,246070,213092,-1,-1,247582,-1,83835,84350,-1,-1,-1,260772,-1,232166,77091,244250,259288,77609,260443,111139,-1,-1,-1,244250,-1,-1,269758,83056,246070,248168,235184,259039
-1,-1,-1,-1,-1,77660,-1,259139,203067,-1,-1,245341,-1,-1,-1,-1,238303,238919,247346,-1,247648,263947,257067,259111,254887,-1,273529,266150,238303,79895,-1,-1,238303,-1,238303,238303,268300,-1,-1,-1,-1,255894,-1,-1,-1,-1,238303,-1,279938,260743,238303,251835,247084,-1,111140,-1,-1,-1,213620,-1,-1,203067,-1,238303,229881,221656,242554
-1,-1,-1,-1,-1,80610,-1,210423,242648,-1,-1,71218,-1,-1,-1,-1,210423,262530,190569,-1,237469,260657,77671,275338,247476,-1,203002,267995,210423,78714,-1,-1,226035,-1,210423,210423,243302,-1,-1,-1,-1,217714,83359,-1,-1,-1,210423,-1,246045,267801,210423,81825,269196,81827,111144,-1,-1,-1,241487,-1,-1,226807,278151,210423,224396,81826,242648
-1,-1,-1,-1,-1,239078,-1,266236,216199,-1,-1,232156,-1,-1,-1,-1,266236,248478,266641,-1,229277,260369,258812,76922,258316,-1,228883,216199,266236,251002,-1,-1,231227,-1,266236,231227,237633,-1,-1,81684,-1,245264,253133,-1,-1,-1,231227,-1,79762,223633,260290,80231,248765,262922,111235,-1,79763,-1,260290,-1,-1,256292,262754,231227,257136,247360,224980
-1,-1,-1,-1,-1,272557,-1,275736,241967,-1,-1,72335,-1,-1,-1,-1,234945,239499,80455,-1,246264,276356,80201,241967,275742,-1,260078,242383,234945,227932,-1,-1,276697,-1,234945,234945,74966,-1,-1,-1,-1,230607,274912,-1,-1,-1,234945,-1,72129,263780,234945,75532,75784,84521,111239,-1,-1,-1,71287,-1,-1,234945,242253,234945,262674,277805,73722
-1,-1,-1,-1,-1,72133,-1,72139,72137,-1,-1,72134,-1,-1,-1,-1,246550,240751,209830,-1,243412,72137,271394,246550,266501,-1,251981,223880,243412,220029,-1,-1,72136,-1,246550,243412,80322,-1,-1,-1,-1,254501,-1,-1,-1,-1,243412,-1,77629,80857,72136,271650,209483,-1,111273,-1,-1,-1,246450,-1,-1,271507,73939,243412,79634,73289,270704
-1,-1,-1,-1,-1,73330,-1,75051,240258,-1,-1,246816,-1,-1,-1,-1,267973,73487,240791,-1,188538,73511,277180,73613,252137,-1,248662,240258,267973,73430,-1,-1,267973,-1,267973,267973,223740,-1,-1,216755,-1,229045,82730,-1,-1,-1,267973,-1,79662,83184,229974,81315,80545,277980,111276,-1,-1,-1,229974,-1,-1,270355,85120,267973,275620,80481,229194
-1,-1,-1,-1,-1,266648,-1,266850,197655,-1,-1,83246,86065,-1,-1,-1,197225,202089,258209,-1,252074,197225,83472,242335,279922,-1,83245,197655,197225,267406,-1,-1,265766,-1,197225,265766,207715,-1,-1,85177,-1,266171,83004,-1,-1,-1,197225,-1,77115,254628,239207,264353,75285,84397,111325,-1,85179,-1,239207,-1,-1,260208,77418,197225,76751,80743,261989
-1,-1,-1,-1,-1,207641,-1,243384,234717,-1,-1,264412,-1,-1,-1,-1,193534,234717,76134,-1,212225,74979,255415,214333,275463,-1,229713,78101,193534,229209,-1,-1,193534,-1,193534,193534,75923,-1,-1,-1,-1,214835,-1,-1,-1,-1,275463,-1,80616,214308,84219,275461,263141,-1,111328,-1,-1,-1,84219,-1,-1,219452,-1,275463,214986,236956,74543
-1,-1,-1,-1,-1,254525,-1,236944,216580,-1,-1,256036,-1,-1,-1,-1,216580,210327,277284,-1,245022,225403,277744,263255,211748,-1,199683,81410,216580,251191,-1,-1,263432,-1,216580,216580,192991,-1,-1,-1,-1,232329,226517,-1,-1,-1,225403,-1,84116,223402,243154,259621,74577,271361,111339,-1,-1,-1,243154,-1,-1,218623,278168,225403,238621,258238,216580
-1,-1,-1,-1,-1,279186,-1,247889,216193,-1,209888,253447,270120,-1,-1,-1,198955,204931,264068,-1,273526,198955,82097,220819,260630,-1,237705,216193,198955,83207,-1,-1,75510,-1,198955,198955,197402,-1,-1,71742,-1,240580,82096,-1,-1,-1,198955,-1,82095,74986,272571,81982,77174,77175,111393,-1,81481,-1,272571,-1,-1,266740,81480,198955,71743,82902,250895
-1,-1,-1,-1,-1,231582,-1,216795,180903,-1,-1,81886,-1,-1,-1,-1,180903,181468,252699,-1,242160,266629,81581,231131,180903,-1,76990,80564,180903,70805,-1,-1,258339,-1,180903,180903,259476,-1,-1,79184,-1,278158,84502,-1,-1,-1,180903,-1,203309,75140,180903,240632,225051,276840,111395,-1,-1,-1,279501,-1,-1,264721,75451,180903,262722,83106,268712
-1,-1,-1,-1,-1,270121,-1,83525,213094,-1,-1,70063,-1,-1,-1,-1,273841,183244,277571,-1,199000,268605,83595,257490,273841,-1,277522,211793,273841,75040,-1,-1,247336,-1,273841,273841,265581,-1,-1,-1,-1,74266,81887,-1,-1,-1,273841,-1,272355,238170,247336,75513,82957,83527,111396,-1,-1,-1,278882,-1,-1,73096,82974,247336,85173,74615,213094
-1,-1,-1,-1,-1,252974,-1,178088,193143,-1,-1,81890,-1,-1,-1,-1,178088,270122,210368,-1,193143,262039,193177,276627,275134,-1,228210,274928,178088,242240,-1,-1,75391,-1,178088,193143,261244,-1,-1,-1,-1,83118,73152,-1,-1,-1,178088,-1,77178,82102,222540,278156,276622,-1,111397,-1,-1,-1,222540,-1,-1,236890,277473,262039,197831,199218,260533
-1,-1,-1,-1,-1,212803,-1,277549,225757,-1,-1,259767,-1,-1,-1,-1,263982,239019,76682,-1,260617,74614,81418,247836,263982,-1,242108,198624,263982,232861,-1,-1,276249,-1,263982,225757,75033,-1,-1,-1,-1,74253,72913,-1,-1,-1,263982,-1,78073,264063,263982,73099,76167,73100,111398,-1,-1,-1,259726,-1,-1,225757,245425,263982,81415,82103,274005
-1,-1,-1,-1,-1,253753,-1,202676,202676,-1,-1,242056,-1,-1,-1,-1,211513,242086,81892,-1,203264,73110,70515,253153,82866,-1,78393,217439,211513,257716,-1,-1,263786,-1,211513,211513,272323,-1,-1,70799,-1,84353,81832,-1,-1,-1,211513,-1,275871,188278,211513,209359,260538,82349,111399,-1,79766,-1,211513,-1,-1,83826,70518,211513,260536,238360,70955
-1,-1,-1,-1,-1,259629,-1,231424,192241,-1,-1,71482,79182,-1,-1,-1,221587,262434,276187,-1,252698,221587,246005,211785,80236,-1,216247,264070,221587,246949,-1,-1,252468,-1,221587,192241,267794,-1,-1,81484,-1,72008,279478,-1,-1,-1,221587,-1,82958,81482,221587,278224,276656,276462,111400,-1,72164,-1,241245,-1,-1,272461,71987,221587,209210,77553,192241
-1,-1,-1,-1,-1,72034,-1,73045,224508,-1,-1,72858,262514,-1,-1,-1,80602,193786,278295,-1,77165,70450,251920,72857,276743,-1,72856,73200,80602,72862,-1,-1,80602,-1,268081,268081,268704,-1,-1,220084,-1,276035,274096,-1,-1,-1,80602,-1,79381,83094,224508,226259,70479,277769,111433,-1,268934,-1,224508,-1,-1,268081,73054,268081,274090,230631,273936
-1,-1,-1,-1,-1,210964,-1,223137,205363,-1,-1,222475,-1,-1,-1,-1,217338,228413,190745,-1,220534,236838,275162,230681,220475,-1,268573,205363,217338,240970,-1,-1,217338,-1,217338,217338,219932,-1,-1,-1,-1,74071,256669,-1,-1,-1,217338,-1,74448,268576,223137,278331,85232,233732,111434,-1,-1,-1,208830,-1,-1,237669,192840,217338,257353,277118,271579
-1,-1,-1,-1,-1,261737,-1,240753,85348,-1,-1,240311,-1,-1,-1,-1,85367,85348,85361,-1,85345,85367,85349,242641,253157,-1,246297,224196,204485,85344,-1,-1,204485,-1,204485,204485,270084,-1,-1,-1,-1,270834,-1,-1,-1,-1,253157,-1,85352,270465,204485,70726,85372,-1,111448,-1,-1,-1,85366,-1,-1,213296,85362,204485,236535,85373,276314
-1,-1,-1,-1,-1,251352,-1,226777,236315,-1,-1,271143,-1,-1,-1,-1,242380,247228,233045,-1,243009,244680,255339,220028,242380,-1,269923,236315,242380,272604,-1,-1,240925,-1,242380,226777,247494,-1,-1,-1,-1,277747,-1,-1,-1,-1,240925,-1,268433,255772,226777,269758,264506,-1,111455,-1,-1,-1,262227,-1,-1,246800,213536,240925,255956,213092,243574
-1,-1,-1,-1,-1,267636,-1,71291,194847,-1,-1,219754,-1,-1,-1,-1,70289,217141,81870,-1,243923,231150,72866,196902,194847,-1,270611,202014,194847,244046,-1,-1,79254,-1,194847,194847,212401,-1,-1,-1,-1,85973,-1,-1,-1,-1,194847,-1,79823,85971,194847,79437,258739,-1,111456,-1,-1,-1,263669,-1,-1,269419,244963,79254,276909,72658,239453
-1,-1,-1,-1,-1,251905,-1,235744,229956,-1,-1,274913,-1,-1,-1,-1,241236,229956,255036,-1,241710,73638,270905,250941,208535,-1,235662,244915,241236,230021,-1,-1,245155,-1,241236,241236,244191,-1,-1,-1,-1,200759,-1,-1,-1,-1,241236,-1,271064,238392,241236,252485,257946,-1,111462,-1,-1,-1,241236,-1,-1,247258,78426,245155,253114,274516,263112
-1,-1,-1,-1,-1,263397,-1,247181,252053,-1,-1,237942,-1,-1,-1,-1,237942,215048,254448,-1,268611,246057,268007,254039,70193,-1,260740,256196,247181,263522,-1,-1,273969,-1,247181,247181,266037,-1,-1,-1,-1,240944,-1,-1,-1,-1,247181,-1,273988,268070,247181,218975,253341,-1,111465,-1,-1,-1,272569,-1,-1,274559,254069,247181,253568,254172,252053
-1,-1,-1,-1,-1,231065,-1,220763,219392,-1,-1,75112,-1,-1,-1,-1,232669,263851,262289,-1,254143,243666,254138,231131,259680,-1,208543,277552,243666,220886,-1,-1,253153,-1,243666,243666,225993,-1,-1,-1,-1,73102,-1,-1,-1,-1,243666,-1,73106,278249,243666,76117,235860,-1,111473,-1,-1,-1,73092,-1,-1,219392,75456,243666,253024,276461,209361
-1,-1,-1,-1,-1,241731,-1,234726,202089,-1,-1,243545,-1,-1,-1,-1,237841,202089,69979,-1,72708,80014,82405,252873,234154,-1,266387,240196,237841,77423,-1,-1,79560,-1,217045,217045,231867,-1,-1,-1,-1,264457,-1,-1,-1,-1,217045,-1,80678,278488,217045,217050,263976,-1,111475,-1,-1,-1,220409,-1,-1,217045,194415,217045,82404,82406,237841
-1,-1,-1,-1,-1,72737,-1,220375,239964,-1,-1,81933,-1,-1,-1,-1,271294,81921,81953,-1,247468,81925,262595,242970,81930,-1,86241,81928,271294,81932,-1,-1,80304,-1,271294,271294,220376,-1,-1,-1,-1,86239,-1,-1,-1,-1,271294,-1,82105,79458,239964,81952,81938,-1,111485,-1,-1,-1,239964,-1,-1,271294,81926,271294,277568,81927,277031
-1,-1,-1,-1,-1,258926,-1,205383,262396,-1,-1,262267,-1,-1,-1,-1,209316,236571,228413,-1,262396,259114,269467,227794,216225,-1,262098,259163,209316,268727,-1,-1,246231,-1,209316,209316,84132,-1,-1,-1,-1,84122,-1,-1,-1,-1,209316,-1,85308,460026,209316,84631,84131,-1,111510,-1,-1,-1,84125,-1,-1,209316,75237,209316,269247,84272,84632
-1,-1,-1,-1,-1,85470,-1,85457,85468,-1,-1,85459,-1,-1,-1,-1,85455,85467,85465,-1,85468,85455,85469,76603,85451,-1,252736,85460,85455,243539,-1,-1,85461,-1,85455,85456,265788,-1,-1,-1,-1,85474,-1,-1,-1,-1,85451,-1,261031,83620,85457,85471,272967,-1,111512,-1,-1,-1,263376,-1,-1,85456,85472,85455,261298,85466,85450
-1,-1,-1,-1,-1,85500,-1,85482,85479,-1,-1,85504,-1,-1,-1,-1,85479,85483,85492,-1,85480,85489,85491,85481,85497,-1,85493,73466,85479,259191,-1,-1,85479,-1,85479,85481,85487,-1,-1,-1,-1,85494,-1,-1,-1,-1,85501,-1,85503,85499,85484,85495,70860,-1,111513,-1,-1,-1,85484,-1,-1,85501,85502,85501,85490,85496,85498
-1,-1,-1,-1,-1,268879,-1,268877,180561,-1,-1,268780,-1,-1,-1,-1,234051,268979,268783,-1,203244,180561,85701,268776,84621,-1,215911,268781,180561,268779,-1,-1,268772,-1,180561,268781,229401,-1,-1,-1,-1,239878,-1,-1,-1,-1,180561,-1,80131,81956,268772,272472,81835,-1,111527,-1,-1,-1,76241,-1,-1,268982,74236,180561,268778,76232,268985
-1,-1,-1,-1,-1,248858,-1,198951,238062,-1,-1,251385,-1,-1,-1,-1,212491,223150,262265,-1,231485,269230,260162,239814,238062,-1,258685,269507,212491,239267,-1,-1,242217,-1,212491,212491,274447,-1,-1,-1,-1,197904,-1,-1,-1,-1,212491,-1,245940,234824,231652,223926,217877,-1,111545,-1,-1,-1,231652,-1,-1,212491,73317,212491,255314,233884,238391
-1,-1,-1,-1,-1,-1,-1,-1,81835,-1,-1,-1,-1,-1,-1,-1,-1,262595,-1,-1,76241,-1,-1,84131,81835,-1,-1,84632,81835,-1,-1,-1,-1,-1,81835,81835,-1,-1,-1,-1,-1,-1,-1,-1,-1,-1,81835,-1,-1,-1,81835,-1,-1,-1,111592,-1,-1,-1,-1,-1,-1,85701,-1,81835,-1,-1,229401
-1,-1,-1,-1,-1,84292,-1,84293,70108,-1,-1,77074,-1,-1,-1,-1,76880,260194,275011,-1,267790,76880,70105,70104,70111,-1,76858,70103,76880,246777,-1,-1,82865,-1,76880,75790,70312,-1,-1,-1,-1,80763,-1,-1,-1,-1,76880,-1,70129,261099,84293,272501,241413,-1,111594,-1,-1,-1,75790,-1,-1,70109,76872,76880,70107,200253,70108
-1,-1,-1,-1,-1,248272,-1,83814,252088,-1,-1,259560,-1,-1,-1,-1,252088,253065,248246,-1,231520,253508,248327,271396,252088,-1,278694,253669,252088,79842,-1,-1,248289,-1,252088,252088,248315,-1,-1,-1,-1,84062,84291,-1,-1,-1,252088,-1,72805,79712,83814,277580,278692,-1,111629,-1,-1,-1,248178,-1,-1,248177,70794,252088,79970,79716,247631
-1,-1,-1,-1,-1,257684,-1,73277,73265,-1,-1,73271,-1,-1,-1,-1,71946,73265,72922,-1,80306,71946,83526,277566,250856,-1,253670,84003,71946,73281,-1,-1,83528,-1,71946,71946,75122,-1,-1,256996,-1,259650,260108,-1,-1,-1,83528,-1,72925,73279,73277,79341,261423,82267,111633,-1,-1,-1,73280,-1,-1,84001,75133,83528,75121,270739,264486
-1,-1,-1,-1,-1,79900,-1,213439,213439,-1,-1,237496,-1,-1,-1,-1,274976,277916,186998,-1,212591,232081,276497,234927,274976,-1,237307,260143,274976,266615,-1,-1,232148,-1,274976,274976,279011,-1,-1,-1,-1,225236,82244,-1,-1,-1,274976,-1,258758,261605,232148,271017,71407,-1,111651,-1,-1,-1,242075,-1,-1,255137,77129,274976,166539,278679,268433
-1,-1,-1,-1,-1,80832,-1,269182,270064,-1,-1,253120,-1,-1,-1,-1,251769,276725,225037,-1,74520,274197,74304,74536,251769,-1,266304,270064,251769,268751,-1,-1,279877,-1,251769,251769,268897,-1,-1,75448,-1,244780,278350,-1,-1,-1,251769,-1,270131,75449,251769,80169,75745,72861,111657,-1,264451,-1,276422,-1,-1,74533,80833,251769,236308,268466,270502
-1,-1,-1,-1,-1,271244,-1,263110,277431,-1,-1,74134,-1,-1,-1,-1,253041,231720,257142,-1,79639,79635,79640,277431,242753,-1,270352,73086,253041,257411,-1,-1,79638,-1,253041,253041,255738,-1,-1,-1,-1,261753,-1,-1,-1,-1,275296,-1,79637,80235,263110,75420,276872,-1,111659,-1,-1,-1,261772,-1,-1,253041,262156,253041,258470,75312,275296
-1,-1,-1,-1,75489,74701,81272,220659,208418,-1,73594,277474,83064,-1,-1,269682,208418,167959,76781,-1,229851,71832,272833,260010,228593,-1,275544,216774,208418,240600,-1,273897,208418,81994,208418,208418,83534,-1,-1,242661,-1,263161,276673,-1,-1,-1,208418,-1,278391,219686,208418,271637,74074,75490,111674,-1,82927,-1,213761,-1,-1,243627,254792,208418,264458,225087,245518
-1,-1,-1,-1,-1,74995,-1,264348,247072,-1,-1,74997,-1,-1,-1,-1,226376,247072,247067,-1,220380,246107,263163,79535,279061,-1,257188,79533,226376,262175,-1,-1,226376,-1,226376,226376,251076,-1,-1,-1,-1,81402,-1,-1,-1,-1,226376,-1,81407,226652,264348,71653,81408,-1,111701,-1,-1,-1,79538,-1,-1,73256,81409,226376,277574,81405,261991
-1,-1,-1,-1,-1,78029,-1,228325,243125,-1,85276,213498,81463,-1,-1,-1,262721,74621,202079,-1,83625,262721,76521,261098,239084,-1,271496,83718,262721,74478,-1,-1,76522,-1,228325,228325,279736,-1,-1,76520,-1,72085,82869,-1,-1,-1,262721,-1,79137,81868,228325,70295,81678,81759,111705,-1,72405,-1,73364,-1,-1,243125,81460,228325,267412,272952,255700
-1,-1,-1,-1,-1,-1,-1,258081,214769,-1,-1,273921,-1,-1,-1,-1,258284,222639,70431,-1,214769,277614,258089,75187,262284,-1,76486,273090,258284,274570,-1,-1,277849,-1,258284,258284,75964,-1,-1,-1,-1,-1,-1,-1,-1,-1,258284,-1,-1,-1,258081,-1,-1,-1,111706,-1,-1,-1,260388,-1,-1,258284,-1,258284,75075,-1,272844
-1,-1,-1,-1,-1,80710,-1,84510,230984,-1,215132,268872,265609,-1,-1,-1,214660,215213,232817,-1,236670,230984,259361,214660,276831,-1,224049,270397,231212,253907,-1,-1,231212,-1,214660,231212,273905,-1,-1,240168,-1,80090,246667,-1,-1,-1,214660,-1,243816,85300,230984,259971,252121,263756,111707,-1,261019,-1,235991,-1,-1,220851,242917,231212,80086,83300,247774
-1,-1,-1,-1,-1,214989,-1,279816,257338,-1,-1,74603,-1,-1,-1,-1,222417,243810,245094,-1,235004,257338,245439,261016,254774,-1,222022,72302,222417,271344,-1,-1,261352,-1,222417,222417,272949,-1,-1,-1,-1,252193,77271,-1,-1,-1,279816,-1,274978,240955,214777,81530,270036,244869,111708,-1,-1,-1,214777,-1,-1,222417,82212,279816,74790,264792,243572
-1,-1,-1,-1,-1,74810,-1,215199,241569,-1,-1,227274,-1,-1,-1,-1,215199,259927,257985,-1,241569,73359,277250,241929,245061,-1,83313,251686,215199,178562,-1,-1,258817,-1,215199,215199,257153,-1,-1,268581,-1,256502,83312,-1,-1,-1,215199,-1,83433,225858,215199,226170,242691,71934,111710,-1,84590,-1,268083,-1,-1,71908,83314,215199,264507,267931,270456
-1,-1,-1,-1,-1,274401,-1,83329,253354,-1,-1,254048,-1,-1,-1,-1,216020,253354,258180,-1,221952,216020,77014,253384,234107,-1,219451,251138,216020,220334,-1,-1,266673,-1,216020,216020,228211,-1,-1,279170,-1,240743,83587,-1,-1,-1,216020,-1,73887,75710,216020,278440,238331,273968,111711,-1,278437,-1,268508,-1,-1,263365,80714,216020,213581,75258,259786
-1,-1,-1,-1,-1,-1,-1,214830,226393,-1,-1,159959,-1,-1,-1,-1,214830,227148,233918,-1,159936,255341,160040,76903,266762,-1,160069,77793,214830,76809,-1,-1,76788,-1,214830,214830,159989,-1,-1,-1,-1,-1,-1,-1,-1,-1,214830,-1,-1,-1,81744,-1,-1,-1,111713,-1,-1,-1,81744,-1,-1,226393,-1,214830,76791,-1,160179
-1,-1,-1,-1,-1,276822,-1,258082,226772,-1,-1,269935,279932,-1,-1,-1,220147,256145,272902,-1,269554,231360,227549,220147,263504,-1,242306,226772,220147,267392,-1,-1,273730,-1,220147,256508,226377,-1,-1,278418,-1,245079,244851,-1,-1,-1,220147,-1,275100,76480,258082,70690,76732,72703,111715,-1,70291,-1,256508,-1,-1,71217,73843,256508,258574,261155,278460
-1,-1,-1,-1,-1,77640,-1,232729,279845,-1,-1,264147,-1,-1,-1,-1,228961,263204,277888,-1,279845,277181,273079,231070,228961,-1,215193,80043,228961,270487,-1,-1,207440,-1,228961,228961,269619,-1,-1,-1,-1,273854,81695,-1,-1,-1,228961,-1,211272,256501,232729,266341,212214,-1,111716,-1,-1,-1,76883,-1,-1,254585,81747,254585,271969,277836,278430
-1,-1,-1,-1,-1,239965,-1,271629,243004,-1,-1,77201,-1,-1,-1,-1,271629,207899,264588,-1,243004,259792,273588,252990,225812,-1,255607,83634,271629,242339,-1,-1,232385,-1,271629,225812,83635,-1,-1,84434,-1,214358,84437,-1,-1,-1,271629,-1,275152,270666,236604,237297,84026,83636,111722,-1,84435,-1,236604,-1,-1,243011,84436,271629,229843,258787,227513
-1,-1,-1,-1,-1,79963,-1,230601,182224,-1,-1,221855,-1,-1,-1,-1,223298,182224,261928,-1,245036,223298,275649,221854,76744,-1,221846,191572,223298,252516,-1,-1,205401,-1,223298,223298,233394,-1,-1,77919,-1,222346,259652,-1,-1,-1,223298,-1,79965,79966,230601,275651,269032,77921,111724,-1,-1,-1,268313,-1,-1,261927,77920,223298,275650,79962,232871
-1,-1,-1,-1,-1,236342,-1,79711,219392,-1,-1,261456,-1,-1,-1,-1,221425,252477,279014,-1,274055,213281,279201,81520,219392,-1,276461,220886,221425,248227,-1,-1,221425,-1,221425,221425,76117,-1,-1,75456,-1,76613,82905,-1,-1,-1,221425,-1,75459,81981,79711,78394,70066,232669,111766,-1,-1,-1,75112,-1,-1,240650,278249,240650,227847,277324,209361
-1,-1,-1,-1,-1,77807,-1,227527,199088,-1,77809,261886,77808,-1,-1,-1,225478,191528,253219,-1,199088,228033,240391,266170,225478,-1,268917,236690,225478,261956,-1,-1,241239,77810,225478,225478,241344,-1,-1,77806,-1,221820,73687,-1,-1,-1,225478,-1,215892,253516,227527,253955,275172,261887,111768,-1,77786,-1,228017,-1,-1,228047,242276,241239,248237,224648,247241
-1,-1,-1,-1,-1,273641,-1,201876,202855,-1,-1,233451,-1,-1,-1,-1,241332,221964,222438,-1,245048,241332,261921,235002,250988,-1,243092,190276,241332,242678,-1,-1,77812,-1,241332,241332,268915,-1,-1,247224,-1,71573,269027,-1,-1,-1,241332,-1,263847,224550,201876,77811,257683,257493,111769,-1,269030,-1,202855,-1,-1,268930,217160,241332,79984,212886,242700
-1,-1,-1,-1,-1,269017,-1,263487,224466,-1,-1,252181,-1,-1,-1,-1,237670,221798,269141,-1,243117,236997,241622,243102,237670,-1,71394,242874,237670,228077,-1,-1,226021,-1,237670,237670,264056,-1,-1,-1,-1,260645,-1,-1,-1,-1,237670,-1,222349,269138,237670,241342,77940,-1,111774,-1,-1,-1,236810,-1,-1,250989,261954,237670,80133,276520,224466
-1,-1,-1,-1,-1,241619,-1,219908,216736,-1,-1,261934,-1,-1,-1,-1,219908,226838,224555,-1,226151,243088,224667,268959,216736,-1,224615,260094,219908,261899,-1,-1,269520,-1,219908,219908,253966,-1,-1,-1,-1,79967,73707,-1,-1,-1,219908,-1,77910,77909,219908,257475,269033,-1,111779,-1,-1,-1,248222,-1,-1,224470,259653,219908,71348,77908,251586
-1,-1,-1,-1,-1,215785,-1,234147,239613,-1,-1,219812,-1,-1,-1,-1,251988,237127,268875,-1,278305,222388,257000,237003,239613,-1,71805,237612,251988,225475,-1,-1,251988,-1,251988,251988,215689,-1,-1,-1,-1,258846,264372,-1,-1,-1,251988,-1,238703,80893,239613,70251,268437,258027,111811,-1,-1,-1,237715,-1,-1,200054,80835,251988,258788,248199,245091
-1,-1,-1,-1,-1,266041,-1,257118,230020,-1,-1,219789,73692,-1,-1,-1,216820,188943,255266,-1,247248,234612,190034,70012,235432,-1,237331,269181,216820,78070,-1,-1,216820,-1,216820,216820,224030,-1,-1,233767,-1,248477,168965,-1,-1,-1,216820,-1,241266,228774,192387,234158,236621,256689,111817,-1,222895,-1,192387,-1,-1,230020,71614,216820,275070,272599,276398
-1,-1,-1,-1,-1,226705,-1,73952,229818,-1,-1,267761,-1,-1,-1,-1,73288,257497,256537,-1,262955,223676,79371,220925,73121,-1,80003,70869,73288,78788,-1,-1,73288,-1,73288,73288,221896,-1,-1,81475,-1,256658,81329,-1,-1,-1,73288,-1,193260,76801,73288,263137,83815,81330,111822,-1,266870,-1,264867,-1,-1,210482,79817,73288,73610,279125,229818
-1,-1,-1,-1,-1,237385,-1,266518,233943,-1,-1,78773,-1,-1,-1,-1,266518,238604,227653,-1,77511,266375,229879,73877,233943,-1,232388,274533,266518,256110,-1,-1,212188,-1,266518,266518,239475,-1,-1,-1,-1,243126,77496,-1,-1,-1,266518,-1,83352,70188,212188,84098,77472,78210,111928,-1,-1,-1,268483,-1,-1,77560,266686,266518,246803,84093,261114
-1,-1,-1,-1,-1,274702,-1,235842,210935,-1,-1,252027,261654,-1,-1,-1,243593,233164,254502,-1,262027,264207,256856,223143,242725,-1,251335,262396,210935,240452,-1,-1,210935,-1,243593,210935,263882,-1,-1,72098,-1,235806,82434,-1,-1,-1,210935,-1,81732,226108,210935,80811,276705,270657,111974,-1,248787,-1,243593,-1,-1,191202,268462,243593,255561,82435,243497
-1,-1,-1,-1,-1,236193,-1,230462,230411,-1,-1,230455,-1,-1,-1,-1,230411,230180,233997,-1,230325,230369,230365,230211,230411,-1,230396,230322,230411,236192,-1,-1,230226,-1,230411,230411,230444,-1,-1,-1,-1,236191,-1,-1,-1,-1,230411,-1,-1,-1,230411,-1,-1,-1,111975,-1,-1,-1,230445,-1,-1,230261,-1,230411,230376,-1,230354
-1,-1,-1,-1,-1,73669,-1,227573,178363,-1,-1,166539,-1,-1,-1,-1,235456,178363,259668,-1,237440,235456,82407,78651,85960,-1,229705,265610,235456,230991,-1,-1,264311,-1,235456,235456,232500,-1,-1,-1,-1,82408,-1,-1,-1,-1,235456,-1,82203,84610,262652,82409,279537,-1,112048,-1,-1,-1,262652,-1,-1,252416,71077,252416,247335,78421,228591
-1,-1,-1,-1,-1,228666,-1,233510,84302,-1,-1,84315,-1,-1,-1,-1,84305,84295,73030,-1,84299,79032,84301,84296,84318,-1,84312,84307,84302,84320,-1,-1,84314,-1,84302,84302,212269,-1,-1,-1,-1,81346,-1,-1,-1,-1,84302,-1,84317,261674,84302,74337,84313,-1,112054,-1,-1,-1,84297,-1,-1,84302,84294,233510,84304,275206,260098
-1,-1,-1,-1,-1,85123,-1,253013,219865,-1,-1,78265,-1,-1,-1,-1,272712,76663,203172,-1,74324,241960,83722,272959,254469,-1,72048,258517,70902,75671,-1,-1,272920,-1,272920,272920,275295,-1,-1,-1,-1,256748,80223,-1,-1,-1,241960,-1,79504,82524,70902,268938,76868,85268,112072,-1,-1,-1,70902,-1,-1,219865,78066,254469,208432,256428,70918
-1,-1,-1,-1,-1,278567,-1,181291,181291,-1,-1,278748,-1,-1,-1,-1,212476,222951,248255,-1,225316,79632,211152,213064,212476,-1,245499,243045,212476,232901,-1,-1,248498,-1,212476,212476,210259,-1,-1,-1,-1,78152,81513,-1,-1,-1,212476,-1,78886,83608,181291,80091,75713,85154,112096,-1,-1,-1,211591,-1,-1,222148,253079,212476,213901,82209,245414
-1,-1,-1,-1,-1,83356,-1,76443,205409,-1,257155,273559,83908,-1,-1,-1,229636,205409,259296,-1,214955,71654,182495,273541,74232,-1,83868,273987,229636,83845,-1,-1,229636,-1,229636,260738,69963,-1,-1,84058,-1,83936,266644,-1,-1,-1,260738,-1,84501,84059,229636,83950,259514,261533,112112,-1,84060,-1,260738,-1,-1,223498,267750,260738,83907,247710,83355
-1,-1,-1,-1,83880,261582,83877,274041,238089,-1,77473,274035,76154,-1,-1,71458,233018,212839,274115,-1,276140,238089,253198,199236,255500,-1,71103,261128,233018,255917,-1,83876,233018,83878,233018,233018,83627,-1,-1,76235,-1,261054,80188,-1,-1,-1,233018,-1,83874,76160,233018,245982,73438,71105,112115,-1,274116,-1,231910,-1,-1,238173,76161,233018,76236,245981,275076
-1,-1,-1,-1,-1,256189,-1,236958,214280,-1,-1,244825,-1,-1,-1,-1,209892,252140,247454,-1,252168,209892,255399,214280,259533,-1,240406,84432,209892,84433,-1,-1,234587,-1,209892,209892,253292,-1,-1,-1,-1,85085,-1,-1,-1,-1,234587,-1,263121,85088,236693,85086,85089,-1,112116,-1,-1,-1,236693,-1,-1,84431,85169,234587,276867,85087,84430
-1,-1,-1,-1,-1,82976,-1,277636,72834,-1,-1,74072,-1,-1,-1,-1,72834,235835,259973,-1,273602,257768,74421,257786,72834,-1,72831,270133,257768,252410,-1,-1,81358,-1,72834,257768,83661,-1,-1,-1,-1,72829,240475,-1,-1,-1,72834,-1,270956,70481,268674,80626,268800,-1,112124,-1,-1,-1,268674,-1,-1,78263,273913,72834,278351,235863,80075
-1,-1,-1,-1,-1,-1,-1,206147,201965,-1,-1,159954,-1,-1,-1,-1,242658,225766,279270,-1,79571,73255,82201,242658,201965,-1,80079,241578,242658,258032,-1,-1,231190,-1,201965,201965,160205,-1,-1,-1,-1,-1,-1,-1,-1,-1,242658,-1,-1,-1,206147,-1,-1,-1,112126,-1,-1,-1,160210,-1,-1,256819,-1,201965,160115,-1,71046
-1,-1,-1,-1,-1,79893,-1,275046,216939,-1,-1,266373,-1,-1,-1,-1,255275,216939,72901,-1,278688,273582,83362,77483,268805,-1,83741,248855,255275,259978,-1,-1,274553,-1,255275,268805,191173,-1,-1,-1,-1,76445,-1,-1,-1,-1,255275,-1,243235,267874,255275,78209,78208,-1,112134,-1,-1,-1,255275,-1,-1,254905,83363,255275,261333,260547,260477
-1,-1,-1,-1,-1,260343,-1,242444,20801,-1,-1,241197,-1,-1,-1,-1,216352,73562,245502,-1,204525,216352,270001,253440,272829,-1,255837,243854,216352,242863,-1,-1,208722,-1,216352,216352,237721,-1,-1,83620,-1,242223,74974,-1,-1,-1,216352,-1,255369,75472,208722,71828,79494,74969,112139,-1,233961,-1,20801,-1,-1,213345,75203,216352,254685,242117,232477
-1,-1,-1,-1,-1,79996,-1,248376,269536,-1,-1,233945,-1,-1,-1,-1,229804,269536,224475,-1,77574,222192,233947,233946,193713,-1,275674,238862,229804,205331,-1,-1,271525,-1,229804,229804,242414,-1,-1,-1,-1,79995,-1,-1,-1,-1,229804,-1,-1,-1,229804,269040,-1,-1,112163,-1,-1,-1,229804,-1,-1,222440,-1,229804,269537,275673,269530
-1,-1,-1,-1,-1,79107,-1,73398,204638,-1,-1,272612,-1,-1,-1,-1,236703,242879,222546,-1,262138,242187,263193,277887,276602,-1,228579,204638,73398,277689,-1,-1,265450,-1,73398,73398,261176,-1,-1,82689,-1,74207,83629,-1,-1,-1,257876,-1,74512,82847,73398,222331,278061,185122,112172,-1,-1,-1,262863,-1,-1,257876,233195,265450,276216,83137,240709
-1,-1,-1,-1,-1,71172,-1,267426,213864,-1,-1,80393,-1,-1,-1,-1,236750,72672,269715,-1,204816,253010,202259,277905,70166,-1,228834,213864,236750,270053,-1,-1,83819,-1,236750,236750,257917,-1,-1,-1,-1,183339,272624,-1,-1,-1,272518,-1,73922,79914,267426,254513,262590,-1,112199,-1,-1,-1,272518,-1,-1,236750,263409,272518,227362,73033,273614
-1,-1,-1,-1,-1,231613,-1,80349,242730,-1,76261,225498,268629,-1,-1,-1,263990,266151,186494,-1,232648,263990,243827,271584,242730,-1,257873,277913,263990,242961,-1,-1,79162,75774,263990,263990,235216,-1,-1,252835,-1,223073,190625,-1,-1,-1,263990,-1,247518,257872,263990,73261,78095,76799,112222,-1,263308,-1,248126,-1,-1,212682,205481,263990,204297,265575,275596
-1,-1,-1,-1,-1,279198,-1,210484,202157,-1,-1,232963,-1,-1,-1,-1,210484,264057,82101,-1,79566,212075,189155,202157,276057,-1,75454,228416,210484,246007,-1,-1,195033,-1,210484,264065,73661,-1,-1,241970,-1,198731,74983,-1,-1,-1,210484,-1,273530,73428,262557,74982,81766,234867,112224,-1,81980,-1,262557,-1,-1,264065,81889,210484,274526,70513,241861
-1,-1,-1,-1,-1,220893,-1,242258,271876,-1,-1,247741,-1,-1,-1,-1,242258,233970,270660,-1,231284,73308,79202,278073,252305,-1,254317,271876,278073,270065,-1,-1,247890,-1,242258,242258,233050,-1,-1,-1,-1,274359,-1,-1,-1,-1,278073,-1,78391,257870,247890,258589,270380,-1,112254,-1,-1,-1,83158,-1,-1,229508,279103,242258,216453,83717,72939
-1,-1,-1,-1,-1,83961,-1,248131,208073,-1,-1,71358,-1,-1,-1,-1,208063,221759,266750,-1,83960,77193,255553,269093,208063,-1,233280,208073,208063,74599,-1,-1,71359,-1,71359,71359,238579,-1,-1,247714,-1,71234,221831,-1,-1,-1,208063,-1,77192,83964,220922,202978,83963,266541,112258,-1,-1,-1,220922,-1,-1,274839,221767,71359,83962,77215,237089
-1,-1,-1,-1,-1,204496,-1,238716,220956,-1,-1,203415,-1,-1,-1,-1,231442,237188,223827,-1,250994,233377,169708,220956,246789,-1,277343,263938,231442,260192,-1,-1,244322,-1,231442,231442,229731,-1,-1,-1,-1,279042,-1,-1,-1,-1,231442,-1,77179,274228,238716,276967,279177,-1,112259,-1,-1,-1,231442,-1,-1,234258,75867,231442,80428,274069,228642
-1,-1,-1,-1,-1,80881,-1,186127,253374,-1,-1,76137,-1,-1,-1,-1,268444,207606,76260,-1,82260,253374,80412,71216,270491,-1,251264,256952,268444,237185,-1,-1,255474,-1,268444,253374,242085,-1,-1,268445,-1,193701,266208,-1,-1,-1,253374,-1,240604,78047,186127,206554,225245,83818,112260,-1,76848,-1,72459,-1,-1,236209,276978,253374,229232,74158,268444
-1,-1,-1,-1,-1,-1,-1,-1,-1,-1,-1,-1,-1,-1,-1,-1,-1,-1,-1,-1,-1,-1,-1,-1,-1,-1,-1,-1,-1,-1,-1,-1,-1,-1,-1,-1,-1,-1,-1,-1,-1,-1,-1,-1,-1,-1,-1,-1,-1,-1,-1,-1,-1,-1,112264,-1,-1,-1,-1,-1,-1,-1,-1,-1,-1,-1,-1
-1,-1,-1,-1,-1,275561,-1,212228,234642,-1,-1,81383,-1,-1,-1,-1,204485,234642,263867,-1,74411,252259,277318,270331,263182,-1,75111,238160,204485,83066,-1,-1,204485,-1,204485,204485,238545,-1,-1,-1,-1,264203,85130,-1,-1,-1,204485,-1,83143,82133,212228,277475,277459,-1,112387,-1,-1,-1,239482,-1,-1,275137,83956,204485,262272,82926,242506
-1,-1,-1,-1,86087,70584,75930,270000,235890,-1,83993,73745,83146,-1,-1,86091,228819,209960,230765,-1,235890,259265,81989,272828,236830,-1,245420,260250,228819,263766,-1,86083,81606,83144,228819,228819,81870,-1,-1,80168,-1,74702,81541,-1,-1,-1,228819,-1,278133,278201,228819,279591,245356,86084,112390,-1,74704,-1,228819,-1,-1,255487,75144,228819,81268,230749,272881
-1,-1,-1,-1,-1,241809,-1,234579,200724,-1,-1,230801,-1,-1,-1,-1,263824,192984,209027,-1,266797,274913,210603,74436,222028,-1,248836,200724,263824,210411,-1,-1,263824,-1,263824,263824,211395,-1,-1,77597,-1,257842,84134,-1,-1,-1,222028,-1,248256,214923,241850,242114,76780,82369,112391,-1,-1,-1,241850,-1,-1,230965,75529,222028,83164,80756,74699
-1,-1,-1,-1,-1,228784,-1,219797,234200,-1,-1,261190,242374,-1,-1,-1,226789,243830,242352,-1,232675,226789,81295,277316,234134,-1,78943,226515,226789,276343,-1,-1,224962,-1,226789,226789,265407,-1,-1,83665,-1,274741,74964,-1,-1,-1,226789,-1,83660,76943,234200,264206,75389,242245,112393,-1,74921,-1,77087,-1,-1,234200,276770,226789,235551,81511,277233
-1,-1,-1,-1,-1,231678,-1,207807,203423,-1,-1,256392,-1,-1,-1,-1,239458,203423,231172,-1,265422,232162,82895,224297,239458,-1,256324,277524,239458,190644,-1,-1,242154,-1,239458,242154,182091,-1,-1,81487,-1,70177,74756,-1,-1,-1,239458,-1,84071,272737,207807,71563,77387,81486,112427,-1,-1,-1,220708,-1,-1,278838,74757,239458,203308,81842,259655
-1,-1,-1,-1,-1,230378,-1,230519,230168,-1,-1,236175,-1,-1,-1,-1,230519,230168,230314,-1,230215,230294,230389,230256,230457,-1,230344,230528,230519,230479,-1,-1,230291,-1,230519,230519,230281,-1,-1,-1,-1,230471,-1,-1,-1,-1,230256,-1,-1,-1,230294,-1,-1,-1,112472,-1,-1,-1,230510,-1,-1,230251,-1,230256,230253,-1,230360
-1,-1,-1,-1,-1,279228,-1,235133,229459,-1,-1,252466,-1,-1,-1,-1,229459,239573,185172,-1,73386,79972,74329,244576,229459,-1,242264,278804,229459,237382,-1,-1,70163,-1,229459,229459,256119,-1,-1,220829,-1,277599,276798,-1,-1,-1,229459,-1,189558,278334,270098,271583,75170,274721,112493,-1,-1,-1,270098,-1,-1,213994,83089,229459,75558,72839,72916
-1,-1,-1,-1,-1,74080,-1,277665,268753,-1,-1,73973,-1,-1,-1,-1,268756,233691,205659,-1,74020,268753,169115,203780,72790,-1,73138,268697,268756,231137,-1,-1,268756,-1,268756,268756,268759,-1,-1,-1,-1,220504,70247,-1,-1,-1,268756,-1,81309,81603,268756,278321,74724,196889,112494,-1,-1,-1,276572,-1,-1,264392,238282,268756,277872,75645,219759
-1,-1,-1,-1,-1,263258,-1,245812,201081,-1,-1,262260,-1,-1,-1,-1,257666,78554,235274,-1,222164,250970,260981,257666,239731,-1,278086,78558,257666,221791,-1,-1,263081,-1,257666,257666,273592,-1,-1,-1,-1,244110,-1,-1,-1,-1,257666,-1,78560,78559,245812,232550,-1,-1,112510,-1,-1,-1,271101,-1,-1,252225,-1,257666,248107,78564,201081
-1,-1,-1,-1,-1,253122,-1,276600,251994,-1,-1,273663,-1,-1,-1,-1,246112,259872,246881,-1,258687,268484,273560,217585,277664,-1,75211,258728,246112,279919,-1,-1,246112,-1,246112,246112,275641,-1,-1,-1,-1,255140,-1,-1,-1,-1,246112,-1,277944,245238,255461,270698,76845,-1,112513,-1,-1,-1,255461,-1,-1,264188,77733,246112,263837,263734,251994
-1,-1,-1,-1,-1,270585,-1,261032,229327,-1,-1,78989,-1,-1,-1,-1,269099,71515,250817,-1,268010,263566,258468,269099,75896,-1,223818,256449,269099,212692,-1,-1,78991,-1,269099,269099,241454,-1,-1,-1,-1,279767,78993,-1,-1,-1,261032,-1,246957,259317,227558,257293,72891,-1,112516,-1,-1,-1,227558,-1,-1,229327,234935,261032,78990,72169,239875
-1,-1,-1,-1,-1,236679,-1,238704,224599,-1,269115,226197,77925,-1,-1,-1,238704,224599,241327,-1,241328,239609,224690,243100,224631,-1,224604,200741,238704,70832,-1,-1,240131,77926,238704,240131,77924,-1,-1,79988,-1,221445,272559,-1,-1,-1,238704,-1,257523,222729,240131,231954,224624,79974,112540,-1,71393,-1,254894,-1,-1,261946,222621,238704,77922,200672,247197
-1,-1,-1,-1,83866,256791,71315,240280,212778,-1,76379,239962,199183,-1,-1,83871,240280,199259,252662,-1,212778,238577,212347,222592,232232,-1,71639,212776,240280,71638,-1,228526,255245,228176,240280,240280,84163,-1,-1,273816,-1,71411,273815,-1,-1,-1,240280,-1,235836,83870,240280,76380,191979,83872,112555,-1,252428,-1,83869,-1,-1,233711,71688,240280,71455,71689,227791
-1,-1,-1,-1,84220,233552,84218,83530,231942,85170,84217,254914,84221,-1,-1,84223,231942,203004,252427,-1,83504,278595,71369,231946,247844,-1,274422,247689,231942,227982,-1,84222,210544,84216,231942,231942,221756,-1,-1,80198,-1,233284,71196,-1,-1,-1,231942,-1,245075,239811,210544,252952,76834,76837,112558,-1,71200,-1,243321,-1,-1,231942,214931,231942,246345,258391,244837
-1,-1,-1,-1,-1,81948,-1,240744,240744,-1,-1,83955,-1,-1,-1,-1,240744,213536,277189,-1,224921,248870,70442,264085,236298,-1,83744,83770,240744,71618,-1,-1,236800,-1,248870,240744,74438,-1,-1,-1,-1,79890,-1,-1,-1,-1,240744,-1,203137,78207,240744,221664,83365,-1,112606,-1,-1,-1,274841,-1,-1,262740,79892,240744,77464,77663,246849
-1,-1,-1,-1,-1,213871,-1,81707,233105,-1,-1,81716,-1,-1,-1,-1,201290,193186,218299,-1,233105,242351,81705,203224,221931,-1,235055,205618,201290,278154,-1,-1,201290,-1,201290,201290,224600,-1,-1,81722,-1,81719,81714,-1,-1,-1,242351,-1,273895,236995,256344,239284,81723,81706,112638,-1,81718,-1,256344,-1,-1,263513,81645,242351,258573,240186,238569
-1,-1,-1,-1,-1,276044,-1,232514,215356,-1,-1,232517,-1,-1,-1,-1,223842,259780,259944,-1,213311,256184,254185,265446,261970,-1,253874,253602,223842,225590,-1,-1,241189,-1,215356,215356,224161,-1,-1,-1,-1,279075,-1,-1,-1,-1,223842,-1,75412,71876,215356,83068,278788,-1,112659,-1,-1,-1,215356,-1,-1,223842,-1,223842,254184,254374,76145
-1,-1,-1,-1,-1,247150,-1,223097,215251,-1,-1,269889,-1,-1,-1,-1,226604,215251,75583,-1,217196,226604,276107,77972,278452,-1,263556,214990,226604,258289,-1,-1,77029,-1,77029,223097,75729,-1,-1,-1,-1,273964,80522,-1,-1,-1,223097,-1,255373,80119,260140,77965,78171,244950,112670,-1,-1,-1,260140,-1,-1,267626,277947,226604,229015,76469,244757
-1,-1,-1,-1,-1,274521,74782,263502,264365,-1,74776,274122,78267,-1,-1,76991,263502,243476,76483,-1,264365,242002,235966,267795,76488,-1,253264,76861,263502,233372,-1,-1,269599,267621,263502,264365,242019,-1,-1,247366,-1,235987,74783,-1,-1,-1,263502,-1,269620,252192,241025,253908,74777,83624,112689,-1,246868,-1,241025,-1,-1,74855,279840,263502,77051,215054,274736
-1,-1,-1,-1,-1,71231,-1,221661,248257,-1,-1,267902,-1,-1,-1,-1,229201,214703,76301,-1,238837,248258,256042,213591,248257,-1,232194,254989,229201,238815,-1,-1,71738,-1,229201,229201,184252,-1,-1,-1,-1,248259,75245,-1,-1,-1,229201,-1,71718,85092,229201,71932,85093,-1,112705,-1,-1,-1,71441,-1,-1,229201,71719,229201,71442,255944,71443
-1,-1,-1,-1,-1,215026,253953,274408,153060,-1,74842,78185,247400,-1,-1,-1,261351,215048,278469,-1,153060,266310,214772,261351,278745,-1,255144,77375,274408,211489,-1,-1,226798,74847,261351,153060,223099,-1,-1,241005,-1,269132,83213,-1,-1,-1,274408,-1,83082,83593,260030,273909,279172,70898,112713,-1,71944,-1,260030,-1,-1,264733,83385,274408,222378,74843,70670
-1,-1,-1,-1,-1,70864,198145,217809,246696,-1,232535,252240,85331,-1,-1,232278,225878,217805,193241,-1,255333,84681,84680,233476,253251,-1,274262,246696,225878,199151,-1,-1,225878,227772,225878,225878,221955,-1,-1,70956,-1,251243,83763,-1,-1,-1,225878,-1,260135,78198,217809,240801,277781,77977,112716,-1,82246,-1,246145,-1,-1,234037,237203,225878,277786,230865,245247
-1,-1,-1,-1,-1,262133,-1,213969,72454,-1,-1,76571,-1,-1,-1,-1,213969,219854,258056,-1,245070,247085,81337,270683,251257,-1,232114,223069,213969,72456,-1,-1,72454,-1,213969,213969,225310,-1,-1,-1,-1,235218,-1,-1,-1,-1,213969,-1,80474,72457,237355,186122,-1,-1,112764,-1,-1,-1,237355,-1,-1,234487,-1,213969,240334,200841,253445
-1,-1,-1,-1,-1,73453,-1,271057,271057,-1,-1,77103,83709,-1,-1,-1,70971,240834,236046,-1,248278,229453,71781,218936,277811,-1,76992,253350,70971,74093,-1,-1,70971,-1,70971,70971,80154,-1,-1,81348,-1,278814,74578,-1,-1,-1,229453,-1,222461,80155,258526,279514,78312,80536,112809,-1,83994,-1,258526,-1,-1,240685,79506,70971,75751,274442,277322
-1,-1,-1,-1,-1,274974,-1,183895,183895,-1,-1,274998,260918,-1,-1,-1,257866,247506,247448,-1,252700,236935,277302,268009,241783,-1,246354,72905,257866,79886,-1,-1,268330,-1,257866,257866,253755,-1,-1,77489,-1,85248,83060,-1,-1,-1,257866,-1,246047,84066,257866,70444,279712,78205,112828,-1,82889,-1,257866,-1,-1,230888,82879,183895,268715,77879,254492
-1,-1,-1,-1,-1,261497,-1,246751,266574,-1,-1,260062,-1,-1,-1,-1,274198,253791,83561,-1,253590,70199,252096,274198,81917,-1,268074,209072,274198,260041,-1,-1,266574,-1,274198,274198,274124,-1,-1,-1,-1,252996,76828,-1,-1,-1,274198,-1,85161,278792,266574,278791,255639,215070,112853,-1,-1,-1,266725,-1,-1,81709,247080,256072,259888,242158,256072
-1,-1,-1,-1,-1,77359,-1,274491,274207,-1,-1,259641,84656,-1,-1,-1,254075,274207,267480,-1,84651,71224,84650,253886,262023,-1,267568,261821,254075,201508,-1,-1,81532,-1,254075,262023,70896,-1,-1,84653,-1,272972,273660,-1,-1,-1,254075,-1,272423,80551,262023,260125,84461,84460,112868,-1,84652,-1,254075,-1,-1,274007,267797,254075,77355,83088,77356
-1,-1,-1,-1,-1,235600,-1,185422,203980,-1,-1,220422,-1,-1,-1,-1,203980,184167,232673,-1,198177,208260,226181,234930,234070,-1,208965,228624,203980,223629,-1,-1,246708,-1,203980,203980,70952,-1,-1,253001,-1,259176,83162,-1,-1,-1,203980,-1,270929,248340,203980,76936,251091,83417,112883,-1,-1,-1,203980,-1,-1,223979,83161,203980,207716,75759,230762
-1,-1,-1,-1,-1,230991,-1,214092,230977,-1,-1,240859,-1,-1,-1,-1,230977,224348,77491,-1,251446,230977,74622,74784,235885,-1,240921,216730,230977,79846,-1,-1,278020,-1,230977,230977,278490,-1,-1,-1,-1,274273,70112,-1,-1,-1,214092,-1,226495,84042,214092,76454,84025,84312,112885,-1,-1,-1,237295,-1,-1,236529,78044,230977,256044,232785,265402
-1,-1,-1,-1,-1,275253,-1,158023,158023,-1,-1,73888,-1,-1,-1,-1,158023,247228,269732,-1,274396,212616,262339,245279,71003,-1,247156,259298,158023,266624,-1,-1,260056,-1,158023,158023,176580,-1,-1,-1,-1,278217,-1,-1,-1,-1,158023,-1,80480,278495,158023,81554,276169,-1,112893,-1,-1,-1,237248,-1,-1,254578,-1,158023,247121,84271,260732
-1,-1,-1,-1,-1,253366,-1,77449,220739,-1,-1,259825,237046,-1,-1,-1,220739,235375,273984,-1,258134,72419,241064,266668,70685,-1,84109,268283,220739,254039,-1,-1,220739,-1,220739,266668,227394,-1,-1,271741,-1,79281,81843,-1,-1,-1,220739,-1,79419,77450,254069,254211,266699,208504,112908,-1,253341,-1,254069,-1,-1,246057,86013,220739,261552,85136,268007
-1,-1,-1,-1,-1,83309,-1,263503,215123,-1,-1,278463,-1,-1,-1,-1,252239,215123,76844,-1,263434,252239,72005,251979,228375,-1,278427,267410,252239,229536,-1,-1,279820,-1,252239,279820,279171,-1,-1,-1,-1,273976,-1,-1,-1,-1,279820,-1,74800,230964,263418,268954,82262,-1,112965,-1,-1,-1,263418,-1,-1,271855,276708,252239,240457,234466,239197
-1,-1,-1,-1,-1,211672,-1,200104,167948,-1,-1,70331,-1,-1,-1,-1,200104,167948,248216,-1,256024,208592,222123,237245,240319,-1,221488,240439,225951,275974,-1,-1,272317,-1,200104,225951,237256,-1,-1,75237,-1,255772,83343,-1,-1,-1,225951,-1,74939,78204,225951,251352,83342,278502,112996,-1,85985,-1,225951,-1,-1,242380,77492,225951,244680,77759,228321
-1,-1,-1,-1,-1,83733,-1,267529,227383,-1,-1,275980,-1,-1,-1,-1,227387,237673,235593,-1,227383,276552,279532,227384,227404,-1,227381,247513,227397,73028,-1,-1,227397,-1,227392,227397,267277,-1,-1,-1,-1,273473,-1,-1,-1,-1,235962,-1,79958,-1,227392,265970,-1,-1,113000,-1,-1,-1,235962,-1,-1,79239,-1,227397,70684,80599,227392
-1,-1,-1,-1,-1,270407,-1,265275,246426,-1,-1,227255,-1,-1,-1,-1,227254,265856,267328,-1,246426,265273,265333,227254,243404,-1,266551,265301,227254,247797,-1,-1,265341,-1,227254,245802,266568,-1,-1,-1,-1,247796,-1,-1,-1,-1,227254,-1,242784,-1,258980,265339,-1,-1,113002,-1,-1,-1,258980,-1,-1,245802,-1,265275,235657,76433,265326
-1,-1,-1,-1,-1,227357,-1,227348,241546,-1,-1,265975,-1,-1,-1,-1,265674,264865,269218,-1,264866,237197,264864,256095,232202,-1,265092,241546,227348,227353,-1,-1,233662,-1,233662,227348,227349,-1,-1,-1,-1,278225,-1,-1,-1,-1,232202,-1,265893,-1,227348,265002,-1,-1,113003,-1,-1,-1,265900,-1,-1,264969,-1,233662,276825,269959,264905
-1,-1,-1,-1,-1,271860,-1,227337,247788,-1,-1,264925,-1,-1,-1,-1,247788,247789,73023,-1,265052,239345,233838,265004,247791,-1,239344,238470,247788,265121,-1,-1,261740,-1,227337,262093,264899,-1,-1,-1,-1,265060,-1,-1,-1,-1,227337,-1,265119,-1,247788,276507,-1,-1,113004,-1,-1,-1,264947,-1,-1,262093,-1,247788,265377,227327,247788
-1,-1,-1,-1,-1,266254,-1,239761,227310,-1,-1,268475,-1,-1,-1,-1,227323,227368,79219,-1,239756,227102,273275,273280,242896,-1,75728,273274,227323,73027,-1,-1,227323,-1,227323,227323,227369,-1,-1,-1,-1,245821,-1,-1,-1,-1,227323,-1,75726,-1,227323,264233,-1,-1,113007,-1,-1,-1,227310,-1,-1,265280,-1,227323,279866,265421,270329
-1,-1,-1,-1,-1,276238,-1,85272,248790,-1,-1,85271,-1,-1,-1,-1,263964,246152,81456,-1,76998,82995,279885,275942,275919,-1,76312,80230,275917,258914,-1,-1,275917,-1,275917,74404,275940,-1,-1,-1,-1,77948,-1,-1,-1,-1,275917,-1,83138,-1,74404,76653,-1,-1,113008,-1,-1,-1,74404,-1,-1,248790,-1,275917,272114,78100,80053
-1,-1,-1,-1,-1,267318,-1,232075,238212,-1,-1,276846,-1,-1,-1,-1,267217,238212,267299,-1,232074,267223,244045,267519,273946,-1,267268,267382,232073,266091,-1,-1,232073,-1,232073,232073,266816,-1,-1,-1,-1,243769,-1,-1,-1,-1,267336,-1,267329,-1,232075,267215,-1,-1,113009,-1,-1,-1,226350,-1,-1,267336,-1,232075,267371,266093,242024
-1,-1,-1,-1,-1,261091,-1,82278,241224,-1,-1,228724,-1,-1,-1,-1,246059,278967,242806,-1,241225,272524,243054,272522,227455,-1,273470,241224,246059,77219,-1,-1,246059,-1,246059,246059,254564,-1,-1,-1,-1,242807,-1,-1,-1,-1,246059,-1,227452,-1,246059,264627,-1,-1,113010,-1,-1,-1,227457,-1,-1,256840,-1,246059,84407,79196,227466
-1,-1,-1,-1,-1,76201,-1,244059,253417,-1,-1,256102,-1,-1,-1,-1,233756,275968,277815,-1,79519,233751,75721,275949,240714,-1,277952,265703,240714,264876,-1,-1,273205,-1,240714,240714,79232,-1,-1,-1,-1,278089,-1,-1,-1,-1,253417,-1,79666,-1,240714,74027,-1,-1,113011,-1,-1,-1,240717,-1,-1,233852,-1,253417,264875,275969,253417
-1,-1,-1,-1,-1,259372,-1,277452,227203,-1,-1,272123,-1,-1,-1,-1,262531,258789,272163,-1,236479,227203,269404,233150,237289,-1,272203,253435,227203,241667,-1,-1,271446,-1,262531,262531,228630,-1,-1,-1,-1,272212,-1,-1,-1,-1,262531,-1,259334,-1,227203,271945,-1,-1,113012,-1,-1,-1,262531,-1,-1,272007,-1,262531,72149,272113,253436
-1,-1,-1,-1,-1,79897,-1,260485,189117,-1,-1,273124,-1,-1,-1,-1,233125,189117,211387,-1,242791,247240,240150,260734,266033,-1,271143,266610,247240,226050,-1,-1,233125,-1,233125,233125,239747,-1,-1,-1,-1,266717,73881,-1,-1,-1,233125,-1,238072,232083,260485,274492,276257,274942,113018,-1,-1,-1,271293,-1,-1,237407,77499,233125,247245,263295,223641
-1,-1,-1,-1,-1,81232,-1,212729,212729,-1,83165,209281,83533,-1,-1,-1,212729,205211,276776,-1,224189,240503,245510,275549,83469,-1,73425,269932,212729,78874,-1,-1,261109,-1,212729,212729,83303,-1,-1,83727,-1,264340,245269,-1,-1,-1,212729,-1,77536,221652,212729,276808,269894,82368,113037,-1,80535,-1,224967,-1,-1,213841,78217,212729,80918,264633,78950
-1,-1,-1,-1,-1,75129,-1,278197,277570,-1,-1,230306,-1,-1,-1,-1,208817,260106,278149,-1,277491,271664,278196,277490,73091,-1,278670,277570,208817,76741,-1,-1,205869,-1,208817,208817,272312,-1,-1,-1,-1,70514,-1,-1,-1,-1,208817,-1,-1,-1,208817,81234,-1,-1,113040,-1,-1,-1,81341,-1,-1,208817,-1,208817,248276,277493,248334
-1,-1,-1,-1,-1,226765,-1,267481,266867,-1,-1,76072,-1,-1,-1,-1,266867,254714,238298,-1,213433,214158,272945,220429,215993,-1,235684,76720,266867,279831,-1,-1,266867,-1,266867,266867,253241,-1,-1,224104,-1,255319,77347,-1,-1,-1,266867,-1,272313,266825,272946,261585,271933,77016,113044,-1,241120,-1,235989,-1,-1,272946,269690,266867,83278,234108,224817
-1,-1,-1,-1,-1,278131,-1,206436,239126,-1,-1,263249,85580,-1,-1,-1,244391,263976,277471,-1,189881,82925,231821,240328,239641,-1,237667,233329,244391,261357,-1,-1,244391,-1,244391,215616,235513,-1,-1,277201,-1,277454,73595,-1,-1,-1,244391,-1,81660,243153,244391,79490,255836,78190,113057,-1,83076,-1,215616,-1,-1,278132,279660,244391,245377,259349,239126
-1,-1,-1,-1,-1,267424,-1,275559,235514,-1,-1,275564,-1,-1,-1,-1,247093,227819,245435,-1,235514,231138,275557,272830,75707,-1,245493,204451,247093,265483,-1,-1,204850,-1,247093,247093,237626,-1,-1,85955,-1,251906,74103,-1,-1,-1,247093,-1,229173,266833,231138,74765,240643,82370,113060,-1,-1,-1,225206,-1,-1,247093,74437,247093,276780,83654,270490
-1,-1,-1,-1,-1,251532,-1,212260,221989,-1,-1,70937,-1,-1,-1,-1,226568,193107,194372,-1,277144,81512,240908,220620,231266,-1,277671,258642,226568,234870,-1,-1,226568,-1,226568,226568,224883,-1,-1,-1,-1,234226,-1,-1,-1,-1,220620,-1,278056,78025,212260,263621,264287,-1,113142,-1,-1,-1,245368,-1,-1,235570,-1,212260,80728,269996,221989
-1,-1,-1,-1,-1,83899,-1,259579,240662,-1,-1,83906,-1,-1,-1,-1,257211,240662,273861,-1,273907,257211,83903,254618,259928,-1,253284,253261,257211,263501,-1,-1,84325,-1,257211,257211,83898,-1,-1,-1,-1,83900,-1,-1,-1,-1,257211,-1,84500,83923,259579,83904,85573,-1,113143,-1,-1,-1,259810,-1,-1,278176,83901,257211,255785,83897,83896
-1,-1,-1,-1,-1,219948,-1,202208,245165,-1,-1,247630,-1,-1,-1,-1,202208,245164,71063,-1,263725,253479,253726,245165,253476,-1,259730,190962,202208,253712,-1,-1,238551,-1,202208,202208,248300,-1,-1,-1,-1,277479,83954,-1,-1,-1,253479,-1,259346,83952,212232,266718,83953,70970,113146,-1,-1,-1,212232,-1,-1,245170,82783,253479,266721,253704,277478
-1,-1,-1,-1,-1,83638,-1,251932,247214,-1,-1,80069,-1,-1,-1,-1,79158,257752,189430,-1,244906,271378,82975,239478,79089,-1,74931,247214,79158,244672,-1,-1,79129,-1,79158,79158,73928,-1,-1,-1,-1,79148,-1,-1,-1,-1,79158,-1,79149,74064,79129,80071,80072,-1,113147,-1,-1,-1,79158,-1,-1,79150,83639,79158,200904,279575,74501
-1,-1,-1,-1,-1,274542,-1,234505,234505,-1,-1,255177,-1,-1,-1,-1,234505,237399,70995,-1,268610,275515,216346,273969,81424,-1,239438,221680,234505,258881,-1,-1,275602,-1,234505,234505,258620,-1,-1,-1,-1,79420,-1,-1,-1,-1,234505,-1,84488,271986,234505,247356,77517,-1,113149,-1,-1,-1,237254,-1,-1,244788,82999,234505,215565,243459,237255
-1,-1,-1,-1,-1,269684,-1,233730,261737,-1,-1,261872,-1,-1,-1,-1,220609,258328,240531,-1,261737,270072,254800,272906,220609,-1,228627,80634,220609,229800,-1,-1,71420,-1,220609,220609,245364,-1,-1,81235,-1,236689,83532,-1,-1,-1,220609,-1,81995,74658,233730,260625,75761,74695,113217,-1,81236,-1,233735,-1,-1,235493,81292,220609,253207,278749,259128
-1,-1,-1,-1,-1,81238,-1,224394,245574,-1,84379,271636,252872,-1,-1,-1,223627,219754,208987,-1,244769,263893,259378,277462,81239,-1,72740,245574,223627,78995,-1,-1,246381,-1,223627,223627,224959,-1,-1,83943,-1,241954,78984,-1,-1,-1,263893,-1,83726,262287,223627,77102,225195,225600,113222,-1,72334,-1,223627,-1,-1,262412,279480,263893,78996,271873,277495
-1,-1,-1,-1,-1,81508,-1,75134,200727,-1,-1,253031,-1,-1,-1,-1,253505,223760,253701,-1,200727,253505,84674,77386,248308,-1,73907,256990,253505,75155,-1,-1,256994,-1,253505,253505,259106,-1,-1,-1,-1,276143,279271,-1,-1,-1,253505,-1,248251,277228,253505,85112,83841,85322,113257,-1,-1,-1,253478,-1,-1,248331,248301,253505,248294,70615,75119
-1,-1,-1,-1,-1,220446,-1,200471,228188,-1,-1,251118,-1,-1,-1,-1,200471,248292,258556,-1,251534,203173,248247,228194,265454,-1,248197,228188,200471,277545,-1,-1,277360,-1,200471,228194,248319,-1,-1,-1,-1,264662,-1,-1,-1,-1,200471,-1,84100,253724,200471,269671,253502,-1,113297,-1,-1,-1,83837,-1,-1,261425,70972,200471,264362,83539,248274
-1,-1,-1,-1,-1,236546,-1,230132,230132,-1,-1,248180,-1,-1,-1,-1,230132,265460,75128,-1,244799,233524,245169,270735,271011,-1,248304,223763,230132,263058,-1,-1,271900,-1,230132,230132,248307,-1,-1,-1,-1,236452,-1,-1,-1,-1,233524,-1,75561,248296,264599,260146,75154,-1,113298,-1,-1,-1,264599,-1,-1,253697,85321,230132,278257,79851,259648
-1,-1,-1,-1,-1,83493,-1,83495,273880,-1,-1,262048,-1,-1,-1,-1,83621,259646,265457,-1,83544,273877,264499,73056,83621,-1,258410,84367,83621,84637,-1,-1,263683,-1,83621,273877,273878,-1,-1,83548,-1,73063,77384,-1,-1,-1,273877,-1,231933,73061,83622,84368,73062,84636,113299,-1,-1,-1,83622,-1,-1,278041,278937,83621,253035,71926,273880
-1,-1,-1,-1,-1,273756,-1,248298,231932,-1,-1,276630,-1,-1,-1,-1,248298,259729,248325,-1,197062,259727,262047,259340,216273,-1,248305,277359,248298,228303,-1,-1,72766,-1,248298,248298,214784,-1,-1,-1,-1,273754,-1,-1,-1,-1,231932,-1,71061,276629,231932,81966,-1,-1,113300,-1,-1,-1,231932,-1,-1,81345,-1,248298,81379,273755,254092
-1,-1,-1,-1,-1,75136,-1,83840,270742,-1,-1,248280,-1,-1,-1,-1,270743,73039,259488,-1,270743,83521,73733,82313,235627,-1,75052,82006,270743,259561,-1,-1,70661,-1,270743,270743,277567,-1,-1,-1,-1,259137,83522,-1,-1,-1,278234,-1,82657,248302,83840,208481,73732,-1,113301,-1,-1,-1,278234,-1,-1,244657,278697,278234,278247,84673,270742
-1,-1,-1,-1,-1,264788,-1,190939,190939,-1,-1,77839,-1,-1,-1,-1,190939,225213,247670,-1,234508,278671,84006,260147,82105,-1,76061,248265,190939,75053,-1,-1,204882,-1,190939,190939,253064,-1,-1,-1,-1,77172,259311,-1,-1,-1,190939,-1,84007,279563,190939,82104,275683,-1,113302,-1,-1,-1,236774,-1,-1,261537,279584,190939,259764,278258,248310
-1,-1,-1,-1,-1,79206,-1,78042,227837,-1,-1,81459,-1,-1,-1,-1,270560,71223,259918,-1,260555,80226,78939,235884,275741,-1,71726,70271,270560,253980,-1,-1,270560,-1,270560,270560,79808,-1,-1,-1,-1,255154,-1,-1,-1,-1,235884,-1,260193,77309,270560,208111,-1,-1,113458,-1,-1,-1,257853,-1,-1,274133,-1,270560,75661,71724,227837
-1,-1,-1,-1,-1,82876,-1,271611,198642,-1,-1,81276,-1,-1,-1,-1,271611,269754,239797,-1,198642,74923,71931,77084,264295,-1,275170,84395,229873,73037,-1,-1,279058,-1,271611,271611,231241,-1,-1,-1,-1,269757,-1,-1,-1,-1,271611,-1,239006,247962,272529,78051,78030,-1,113459,-1,-1,-1,272529,-1,-1,71857,-1,229873,74740,275490,229873
-1,-1,-1,-1,-1,79375,-1,79373,244783,-1,-1,244522,-1,-1,-1,-1,244783,70524,72534,-1,73292,244783,72538,265799,72541,-1,256967,247031,244783,239393,-1,-1,244181,-1,244783,244181,78793,-1,-1,-1,-1,216582,229885,-1,-1,-1,244181,-1,76964,72537,79931,72535,79369,79932,113616,-1,-1,-1,79931,-1,-1,241552,84385,244783,72542,74361,279209
-1,-1,-1,-1,-1,276614,-1,236420,72874,-1,-1,231873,-1,-1,-1,-1,72866,258239,278145,-1,72874,277456,72877,72868,234984,-1,72873,72871,212934,225921,-1,-1,212934,-1,236420,236420,276093,-1,-1,-1,-1,234877,-1,-1,-1,-1,236420,-1,80872,72878,72868,83704,83664,-1,113888,-1,-1,-1,81724,-1,-1,271135,-1,236420,72869,224211,257265
-1,-1,-1,-1,-1,257220,-1,266651,232062,-1,-1,242393,-1,-1,-1,-1,254637,242105,76657,-1,76870,273596,75071,84554,254637,-1,263733,212165,254637,77353,-1,-1,276566,-1,232062,276566,76859,-1,-1,-1,-1,85119,-1,-1,-1,-1,254637,-1,222145,85118,254637,247033,-1,-1,113892,-1,-1,-1,237140,-1,-1,82887,-1,276566,227836,247034,232062
-1,-1,-1,-1,-1,236248,-1,246094,192319,-1,264580,197170,258762,-1,-1,-1,192319,279028,183789,-1,237316,252435,258375,192319,230876,-1,263975,78407,192319,268904,-1,-1,219177,72294,192319,192319,251516,-1,-1,261156,-1,207828,80330,-1,-1,-1,192319,-1,212487,186200,192319,238319,264554,252549,113926,-1,80565,-1,233572,-1,-1,244985,279236,192319,246173,279117,203292
-1,-1,-1,-1,-1,73989,-1,256214,239998,-1,-1,235942,-1,-1,-1,-1,233968,279891,227966,-1,239998,231428,273917,278354,76431,-1,232439,240282,233968,230936,-1,-1,205089,-1,245491,245491,73423,-1,-1,74924,-1,72850,239732,-1,-1,-1,245491,-1,80844,81257,211302,259057,220933,257324,113974,-1,-1,-1,211302,-1,-1,245491,84084,245491,80597,231073,233968
-1,-1,-1,-1,-1,275897,-1,273387,245879,-1,-1,265315,-1,-1,-1,-1,245879,245871,275899,-1,246967,265274,243403,245882,266393,-1,268487,268486,245879,266451,-1,-1,245879,-1,245879,245879,84683,-1,-1,-1,-1,74024,-1,-1,-1,-1,245879,-1,268488,-1,265277,79664,-1,-1,113984,-1,-1,-1,265277,-1,-1,267374,-1,245879,275898,79665,245877
-1,-1,-1,-1,-1,246377,-1,75546,246364,-1,-1,83107,-1,-1,-1,-1,246364,248785,276599,-1,246364,80055,267287,246361,269678,-1,84405,269680,246364,248789,-1,-1,72828,-1,246364,246364,82398,-1,-1,-1,-1,72865,-1,-1,-1,-1,246364,-1,76441,-1,246364,75474,-1,-1,113996,-1,-1,-1,246359,-1,-1,75545,-1,246364,246366,80056,78900
-1,-1,-1,-1,-1,276659,-1,215601,247978,-1,-1,227561,-1,-1,-1,-1,251634,248091,247893,-1,247978,262443,79181,272675,247974,-1,230703,236579,251634,72622,-1,-1,251052,-1,251634,251634,235269,-1,-1,-1,-1,79002,-1,-1,-1,-1,251634,-1,251777,262226,215601,260435,79263,-1,114147,-1,-1,-1,247674,-1,-1,251634,73395,251634,260183,83610,254289
-1,-1,-1,-1,-1,81403,-1,237075,199562,-1,-1,227855,-1,-1,-1,-1,256136,213206,266726,-1,231948,199562,261565,279942,70676,-1,261359,278884,256136,274107,-1,-1,264157,-1,256136,256136,255339,-1,-1,-1,-1,212170,-1,-1,-1,-1,256136,-1,279937,78458,261204,269151,79847,-1,114161,-1,-1,-1,261204,-1,-1,256136,236885,256136,261245,239944,242624
-1,-1,-1,-1,-1,262208,-1,234249,210021,-1,-1,77557,-1,-1,-1,-1,210021,261305,272887,-1,251905,252858,81771,221713,210021,-1,261874,226737,226385,231886,-1,-1,226385,-1,210021,210021,261031,-1,-1,-1,-1,71077,77130,-1,-1,-1,226385,-1,70140,202215,234249,239782,263237,-1,114162,-1,-1,-1,75070,-1,-1,261875,77463,210021,259292,274665,198705
-1,-1,-1,-1,-1,81792,-1,239324,243568,-1,-1,277230,-1,-1,-1,-1,81920,248284,248150,-1,243568,263224,246715,273879,73889,-1,242672,248313,81920,231461,-1,-1,278674,-1,239324,239324,265659,-1,-1,-1,-1,253509,-1,-1,-1,-1,81920,-1,80228,72971,253460,248318,236453,-1,114168,-1,-1,-1,253460,-1,-1,81920,270653,239324,257302,72157,273760
-1,-1,-1,-1,-1,248568,-1,222467,254822,-1,-1,73050,-1,-1,-1,-1,222467,271411,258311,-1,245540,235398,272943,263208,251411,-1,239179,261040,222467,263245,-1,-1,244762,-1,222467,222467,261143,-1,-1,-1,-1,240847,83794,-1,-1,-1,222467,-1,257339,81343,262314,268395,278582,-1,114326,-1,-1,-1,262314,-1,-1,243870,83298,222467,213404,254899,254822
-1,-1,-1,-1,-1,74659,-1,73406,191058,-1,-1,244147,-1,-1,-1,-1,73406,253688,251057,-1,269411,251236,243210,191058,205983,-1,278087,233820,251236,251104,-1,-1,79430,-1,73406,73406,278333,-1,-1,-1,-1,230046,76973,-1,-1,-1,251236,-1,246827,248443,205983,199572,72721,271164,114385,-1,-1,-1,227427,-1,-1,250952,83360,73406,248587,83210,243398
-1,-1,-1,-1,-1,259054,-1,211561,171791,-1,-1,254556,-1,-1,-1,-1,231753,270054,157970,-1,263018,247180,83778,251025,214606,-1,253146,171791,231753,73853,-1,-1,231753,-1,231753,231753,274465,-1,-1,85110,-1,264825,261674,-1,-1,-1,231753,-1,77337,274004,211561,247258,79824,270069,114510,-1,-1,-1,77186,-1,-1,270587,258925,231753,221750,80521,73163
-1,-1,-1,-1,-1,79062,-1,218738,233868,-1,-1,276369,-1,-1,-1,-1,79060,233868,208755,-1,80166,228974,276618,272944,79437,-1,79059,80286,79060,79058,-1,-1,276652,-1,79060,79060,79063,-1,-1,-1,-1,79061,197904,-1,-1,-1,79060,-1,79644,246560,79060,242513,233871,-1,114545,-1,-1,-1,236985,-1,-1,79060,83740,79060,79067,76200,266075
-1,-1,-1,-1,-1,80562,-1,79180,262706,-1,-1,78705,-1,-1,-1,-1,262706,248000,78700,-1,78703,262706,79125,247966,78704,-1,267632,257215,262706,78702,-1,-1,78706,-1,262706,262706,83477,-1,-1,-1,-1,247446,-1,-1,-1,-1,262706,-1,221879,82738,78704,231493,78711,-1,114546,-1,-1,-1,205760,-1,-1,79694,-1,78704,257800,81908,78699
-1,-1,-1,-1,-1,228707,-1,260044,230134,-1,-1,278758,-1,-1,-1,-1,263006,276198,265405,-1,79703,266100,245704,263006,277311,-1,262498,247500,263006,279603,-1,-1,273022,-1,263006,75437,254507,-1,-1,-1,-1,236393,-1,-1,-1,-1,263006,-1,279881,223558,260044,274828,79751,-1,114554,-1,-1,-1,75437,-1,-1,230134,85904,263006,79752,263347,241505
-1,-1,-1,-1,-1,83081,-1,83498,69960,-1,-1,77420,-1,-1,-1,-1,233569,217095,71535,-1,218731,233569,265757,83018,226659,-1,268070,253612,233569,84624,-1,-1,267457,-1,226659,267457,264708,-1,-1,-1,-1,273131,-1,-1,-1,-1,226659,-1,76102,77775,233569,83546,264663,-1,114577,-1,-1,-1,217201,-1,-1,69960,-1,233569,71341,71545,270581
-1,-1,-1,-1,-1,85091,-1,84440,251917,-1,-1,84443,-1,-1,-1,-1,254055,84438,218975,-1,251917,254131,70197,254055,254038,-1,84444,266837,254055,253364,-1,-1,84441,-1,254055,254055,84445,-1,-1,-1,-1,266081,86066,-1,-1,-1,254055,-1,85097,71859,84440,274647,85090,-1,114578,-1,-1,-1,84439,-1,-1,279244,85098,254055,265820,259907,265616
-1,-1,-1,-1,-1,264072,-1,209886,199159,-1,-1,73659,-1,-1,-1,-1,209886,276845,193302,-1,192250,71161,81888,242057,199159,-1,278233,231634,209886,74787,-1,-1,239626,-1,209886,199159,73658,-1,-1,-1,-1,237375,82100,-1,-1,-1,209886,-1,73940,199266,239626,77176,253752,-1,114604,-1,-1,-1,209885,-1,-1,225053,228171,199159,80010,81983,260004
-1,-1,-1,-1,-1,274896,-1,253911,250842,-1,-1,240982,-1,-1,-1,-1,244834,250842,251773,-1,84243,253828,254941,182896,272329,-1,260962,266387,244834,234063,-1,-1,259979,-1,244834,182896,267397,-1,-1,77357,-1,276013,74192,-1,-1,-1,182896,-1,260298,272703,244834,196881,272330,261481,114611,-1,77350,-1,244834,-1,-1,244514,75780,182896,259614,274897,237534
-1,-1,-1,-1,-1,275304,-1,221815,231956,-1,-1,77914,-1,-1,-1,-1,272540,240704,269526,-1,70550,247195,79987,224556,240392,-1,222175,231956,272540,269031,-1,-1,272540,-1,272540,272540,77912,-1,-1,-1,-1,269110,-1,-1,-1,-1,247195,-1,-1,-1,227509,269514,-1,-1,114628,-1,-1,-1,227509,-1,-1,77572,-1,272540,271526,259003,224674
-1,-1,-1,-1,-1,251547,-1,241985,189280,-1,-1,263377,-1,-1,-1,-1,189280,266282,77501,-1,198261,269913,274534,206086,246299,-1,237920,84095,241985,72167,-1,-1,198717,-1,189280,241985,262648,-1,-1,275008,-1,82245,84101,-1,-1,-1,241985,-1,255110,81765,75295,84102,274910,84377,114640,-1,-1,-1,75295,-1,-1,189280,231878,189280,229379,274686,202814
-1,-1,-1,-1,-1,83244,-1,224358,224358,-1,-1,253722,-1,-1,-1,-1,224358,253672,259562,-1,73999,278941,278192,271240,266720,-1,239872,265458,224358,253708,-1,-1,74001,-1,224358,224358,233525,-1,-1,-1,-1,277229,-1,-1,-1,-1,224358,-1,259175,73064,224358,77610,73060,-1,115202,-1,-1,-1,77189,-1,-1,81923,85323,224358,256305,74000,275682
-1,-1,-1,-1,-1,79946,-1,264946,271347,-1,-1,273050,-1,-1,-1,-1,259287,273167,85312,-1,271347,273179,73014,277173,273171,-1,276284,265012,264946,273173,-1,-1,273177,-1,264946,264946,273169,-1,-1,-1,-1,273175,-1,-1,-1,-1,277173,-1,81334,-1,264946,79539,-1,-1,115362,-1,-1,-1,273099,-1,-1,266601,-1,277173,264980,273174,79937
-1,-1,-1,-1,-1,77010,-1,246108,243977,-1,85302,233292,266311,-1,-1,-1,243977,243759,83317,-1,226411,242485,275882,77005,70053,-1,77006,219175,243977,226547,-1,-1,266838,-1,243977,70053,272861,-1,-1,80225,-1,233775,77008,-1,-1,-1,242485,-1,83316,70214,243977,83315,84514,82884,115472,-1,85141,-1,243977,-1,-1,258048,83318,266838,74240,226227,258844
-1,-1,-1,-1,-1,460009,-1,277327,460008,-1,-1,460021,-1,-1,-1,-1,-1,460011,278780,-1,460006,460008,460036,278773,261299,-1,460014,277225,460008,460002,-1,-1,265600,-1,460008,460008,460038,-1,-1,-1,-1,460003,-1,-1,-1,-1,460008,-1,-1,-1,460008,-1,-1,-1,115486,-1,-1,-1,78012,-1,-1,278901,-1,460008,460019,-1,271266
-1,-1,-1,-1,-1,192960,-1,254403,211339,-1,-1,77776,-1,-1,-1,-1,211339,253637,75357,-1,253583,221318,76699,254409,211339,-1,248861,83035,211339,253573,-1,-1,215735,-1,211339,211339,220128,-1,-1,84428,-1,84628,84627,-1,-1,-1,211339,-1,85164,82972,211339,83077,84330,84329,115517,-1,84327,-1,267534,-1,-1,254375,84328,211339,74141,77820,247883
-1,-1,-1,-1,-1,275929,-1,261852,261829,-1,-1,261842,-1,-1,-1,-1,261833,261834,73230,-1,261829,261841,277145,265956,261845,-1,268470,261831,261829,261844,-1,-1,261855,-1,261855,261829,80209,-1,-1,-1,-1,79204,-1,-1,-1,-1,261855,-1,276397,-1,261837,75305,-1,-1,115682,-1,-1,-1,261837,-1,-1,261835,-1,261855,273365,277780,261858
-1,-1,-1,-1,-1,244305,-1,242110,259859,-1,-1,76884,-1,-1,-1,-1,242110,253842,253012,-1,265186,76020,253113,259980,242378,-1,267956,255123,242110,264775,-1,-1,247780,-1,242110,273026,223722,-1,-1,-1,-1,255867,76882,-1,-1,-1,273026,-1,261867,83295,242110,231597,76014,-1,115693,-1,-1,-1,259858,-1,-1,273026,245740,242110,259850,272360,259859
-1,-1,-1,-1,-1,189505,-1,255611,220502,-1,258906,248729,268913,-1,-1,-1,245275,277802,270217,-1,210413,255009,266123,251530,245275,-1,243237,219581,245275,211361,-1,-1,263929,-1,251530,245275,246242,-1,-1,275978,-1,264257,258890,-1,-1,-1,245275,-1,210864,275163,220502,224987,81592,274444,115841,-1,278338,-1,220502,-1,-1,255001,73162,251530,235374,206098,224031
-1,-1,-1,-1,-1,262113,-1,253002,208461,-1,-1,247229,-1,-1,-1,-1,251470,216065,262265,-1,207993,74574,76955,216150,266866,-1,260697,208165,216150,223273,-1,-1,251470,-1,251470,216150,226710,-1,-1,-1,-1,194894,-1,-1,-1,-1,74574,-1,74573,223113,266866,253177,-1,-1,115845,-1,-1,-1,277839,-1,-1,208461,-1,253002,256115,256035,246875
-1,-1,-1,-1,-1,278946,-1,261636,215651,-1,85157,226295,263895,-1,-1,-1,255109,229501,231146,-1,210134,255109,269697,215651,83651,-1,262554,80402,255109,269433,-1,-1,251294,-1,255109,255109,245813,-1,-1,263403,-1,276609,274494,-1,-1,-1,251294,-1,80338,78956,255109,80279,227688,71081,115892,-1,263024,-1,271673,-1,-1,81875,71344,251294,74705,81879,263152
-1,-1,-1,-1,-1,277039,-1,259287,264886,-1,-1,247513,-1,-1,-1,-1,239344,271860,264899,-1,273168,239345,270525,239344,243404,-1,264890,264886,239344,70145,-1,-1,248822,-1,239344,239344,264933,-1,-1,266816,-1,264908,264903,-1,-1,-1,248822,-1,84472,265018,243404,75090,277278,248717,115995,-1,-1,-1,277452,-1,-1,266933,85511,248822,226998,276519,247788
-1,-1,-1,-1,-1,276937,-1,73014,264922,-1,-1,74806,272082,-1,-1,-1,265377,265076,271830,-1,265052,265042,279695,265034,264929,-1,264926,79457,265377,267885,-1,-1,264922,-1,265377,265042,73028,-1,-1,79953,-1,79454,75569,-1,-1,-1,265377,-1,265118,73653,265377,264915,81648,83597,115996,-1,272138,-1,265377,-1,-1,76433,79954,277264,264924,81647,277264
-1,-1,-1,-1,-1,227137,-1,264058,264936,-1,-1,275904,-1,-1,-1,-1,265121,73714,79450,-1,226979,264925,277041,265121,265035,-1,273274,238470,265121,261796,-1,-1,265058,-1,265058,265121,261773,-1,-1,-1,-1,79451,-1,-1,-1,-1,265121,-1,271405,81627,265035,271404,265053,-1,115997,-1,-1,-1,264947,-1,-1,264936,-1,265058,264975,275886,273405
-1,-1,-1,-1,-1,264864,-1,226302,227337,-1,-1,79449,-1,-1,-1,-1,226302,265054,264999,-1,265408,227337,241847,265409,265063,-1,257530,264934,227337,76201,-1,-1,265055,-1,226302,227337,247790,-1,-1,-1,-1,265057,70830,-1,-1,-1,265409,-1,75566,80167,265063,79447,73237,81642,115998,-1,-1,-1,240717,-1,-1,73027,78843,227337,270329,265421,265004
-1,-1,-1,-1,-1,79520,-1,83650,264988,-1,-1,75279,-1,-1,-1,-1,265025,264995,73575,-1,83108,80770,273567,265703,264988,-1,264830,79519,265025,78273,-1,-1,79516,-1,265025,265025,264982,-1,-1,-1,-1,274850,261810,-1,-1,-1,272657,-1,77158,82134,265025,79517,82179,74803,115999,-1,-1,-1,265025,-1,-1,272657,77159,272657,79518,81798,268451
-1,-1,-1,-1,-1,265049,-1,272340,265039,-1,-1,74791,-1,-1,-1,-1,272338,79727,276941,-1,271837,271819,75094,265033,272338,-1,265036,265047,272338,265041,-1,-1,74794,-1,272338,272338,261792,-1,-1,264991,-1,83656,265043,-1,-1,-1,272338,-1,81854,82178,272338,81392,81797,75165,116001,-1,276505,-1,265046,-1,-1,73017,70546,272338,265045,73242,265039
-1,-1,-1,-1,-1,265145,-1,271839,265069,-1,-1,277040,-1,-1,-1,-1,271839,227330,272342,-1,273403,265070,266404,265069,265073,-1,265083,269661,271839,73026,-1,-1,275849,-1,271839,271839,271845,-1,-1,-1,-1,74889,-1,-1,-1,-1,271839,-1,82177,74580,271839,265172,-1,-1,116002,-1,-1,-1,265080,-1,-1,72333,-1,271839,265060,79483,265075
-1,-1,-1,-1,-1,265082,-1,226355,248715,-1,-1,80337,-1,-1,-1,-1,271788,81335,244301,-1,248715,271952,265007,271788,265091,-1,73025,73652,271788,272274,-1,-1,73021,-1,271952,271952,265102,-1,-1,272097,-1,265006,244890,-1,-1,-1,271788,-1,75424,79521,264940,264930,75089,276842,116003,-1,-1,-1,279523,-1,-1,264940,81795,271952,265023,79728,276480
-1,-1,-1,-1,-1,265101,-1,73023,265116,-1,-1,265123,-1,-1,-1,-1,73023,73717,265028,-1,265119,265116,83655,79524,264921,-1,265014,271784,73023,264931,-1,-1,274846,-1,73023,73023,227734,-1,-1,-1,-1,79522,265126,-1,-1,-1,73023,-1,271787,83602,73023,75933,265166,-1,116004,-1,-1,-1,265382,-1,-1,264907,264910,73023,265124,264949,265120
-1,-1,-1,-1,-1,79729,-1,272284,272283,-1,-1,73573,-1,-1,-1,-1,272284,72562,271786,-1,272283,275528,72448,75092,72479,-1,265359,74954,272284,265168,-1,-1,266406,-1,272284,275528,72475,-1,-1,-1,-1,83302,73022,-1,-1,-1,75092,-1,83492,82360,272284,265144,72476,-1,116005,-1,-1,-1,79730,-1,-1,72477,265137,272284,265128,72474,73715
-1,-1,-1,-1,-1,244064,-1,239761,245872,-1,-1,262866,-1,-1,-1,-1,265239,258680,265106,-1,227119,276552,80053,265239,237288,-1,266915,263013,265239,245802,-1,-1,257001,-1,237288,265239,276299,-1,-1,-1,-1,266949,-1,-1,-1,-1,265239,-1,265040,276298,237288,227110,71131,-1,116009,-1,-1,-1,258980,-1,-1,245872,265242,237288,246426,82122,248343
-1,-1,-1,-1,-1,247461,-1,276285,245882,-1,-1,241491,-1,-1,-1,-1,245882,263009,273411,-1,75108,273466,263007,261733,245882,-1,227383,227246,261733,242830,-1,-1,265249,-1,245882,265249,270407,-1,-1,-1,-1,265254,-1,-1,-1,-1,261733,-1,227095,-1,227125,272001,-1,-1,116010,-1,-1,-1,227125,-1,-1,262093,-1,245882,267382,275457,240030
-1,-1,-1,-1,-1,276726,-1,256489,256489,-1,-1,277966,-1,-1,-1,-1,266598,244058,265255,-1,79410,279885,265262,266939,265246,-1,82995,274644,266598,75726,-1,-1,273177,-1,266598,266598,273520,-1,-1,-1,-1,72578,228081,-1,-1,-1,279885,-1,262868,74754,256489,77575,264998,262458,116011,-1,-1,-1,75725,-1,-1,266598,265258,266598,265261,264233,76998
-1,-1,-1,-1,-1,265275,-1,263011,265293,-1,-1,268475,-1,-1,-1,-1,263011,267212,273838,-1,233756,265340,266551,275942,247477,-1,272114,265293,263011,258706,-1,-1,227013,-1,263011,263011,244302,-1,-1,-1,-1,81608,-1,-1,-1,-1,247477,-1,264896,263012,265293,78100,-1,-1,116012,-1,-1,-1,266254,-1,-1,273227,-1,247477,275980,76426,250751
-1,-1,-1,-1,-1,83112,-1,227255,227255,-1,-1,81413,-1,-1,-1,-1,271568,246641,265279,-1,76693,271568,266393,265705,265292,-1,265850,247805,271568,275969,-1,-1,74404,-1,271568,271568,268996,-1,-1,-1,-1,74738,-1,-1,-1,-1,227255,-1,76576,74729,227255,74739,-1,-1,116013,-1,-1,-1,276846,-1,-1,275923,-1,227255,272208,266590,265691
-1,-1,-1,-1,-1,266600,-1,248728,227115,-1,-1,273404,-1,-1,-1,-1,227348,269805,265295,-1,256094,227115,83180,264955,72791,-1,239756,72788,264955,265273,-1,-1,227348,-1,227348,227348,270468,-1,-1,-1,-1,72075,-1,-1,-1,-1,227348,-1,235594,79925,227348,83623,80855,-1,116014,-1,-1,-1,264950,-1,-1,275454,-1,227348,265845,279583,80327
-1,-1,-1,-1,-1,267328,-1,80614,265237,-1,-1,266918,-1,-1,-1,-1,253417,235593,247796,-1,264866,267374,77841,273469,264969,-1,265307,265237,253417,238422,-1,-1,265243,-1,253417,253417,235657,-1,-1,-1,-1,277983,-1,-1,-1,-1,264866,-1,264876,-1,253417,82771,-1,-1,116015,-1,-1,-1,265274,-1,-1,273205,-1,253417,246235,80797,253417
-1,-1,-1,-1,-1,72818,-1,245834,264831,-1,-1,272056,-1,-1,-1,-1,245834,265331,265269,-1,268947,275964,79529,265319,264831,-1,275920,265342,245834,265975,-1,-1,271739,-1,245834,245834,244059,-1,-1,-1,-1,271728,265012,-1,-1,-1,245834,-1,242784,246968,271739,71367,72114,265334,116016,-1,-1,-1,272049,-1,-1,272051,71620,245834,245443,75719,247797
-1,-1,-1,-1,-1,233150,-1,233746,227254,-1,-1,267234,-1,-1,-1,-1,227254,245824,266568,-1,246414,276350,74822,227254,245830,-1,265333,279532,227254,267217,-1,-1,257008,-1,227254,227254,248799,-1,-1,-1,-1,76580,275450,-1,-1,-1,227254,-1,264996,275906,246219,265341,75204,266526,116017,-1,-1,-1,246219,-1,-1,265317,75571,245830,247791,266451,264875
-1,-1,-1,-1,-1,273381,-1,265253,265233,-1,-1,275398,-1,-1,-1,-1,265224,264889,275451,-1,268461,265233,265322,246208,265224,-1,275919,258704,258704,265265,-1,-1,227113,-1,265224,265233,265311,-1,-1,-1,-1,265263,-1,-1,-1,-1,265224,-1,278811,266947,265233,266556,-1,-1,116020,-1,-1,-1,265234,-1,-1,265252,-1,265233,277963,79440,265326
-1,-1,-1,-1,-1,71677,-1,273563,262089,-1,-1,265016,-1,-1,-1,-1,273563,265086,264997,-1,79726,78685,82687,265378,265896,-1,276502,272482,78685,76199,-1,-1,267389,-1,273563,273563,265010,-1,-1,-1,-1,274510,-1,-1,-1,-1,78685,-1,71303,265059,273563,79723,-1,-1,116021,-1,-1,-1,277263,-1,-1,262089,-1,273563,265385,264923,79725
-1,-1,-1,-1,-1,265898,-1,246272,227316,-1,-1,273946,-1,-1,-1,-1,265674,245956,264893,-1,242896,277951,274753,265674,231432,-1,265092,227316,265674,278219,-1,-1,265905,-1,265674,265674,227361,-1,-1,-1,-1,227310,-1,-1,-1,-1,265674,-1,248751,277175,227316,76312,-1,-1,116033,-1,-1,-1,261740,-1,-1,265536,-1,261740,264980,264944,227392
-1,-1,-1,-1,-1,75175,-1,278225,233662,-1,-1,79958,-1,-1,-1,-1,267531,247504,276774,-1,264884,275916,277866,262457,246630,-1,81625,227346,233662,70803,-1,-1,233662,-1,267531,233662,274759,-1,-1,-1,-1,77050,-1,-1,-1,-1,233662,-1,75228,264967,267531,79955,-1,-1,116034,-1,-1,-1,267531,-1,-1,233852,-1,267531,264905,277925,253469
-1,-1,-1,-1,-1,81565,-1,269811,245697,-1,-1,277171,-1,-1,-1,-1,265861,264865,269943,-1,241546,265861,265027,269972,276862,-1,271174,264959,265861,276548,-1,-1,276765,-1,265861,265861,275399,-1,-1,-1,-1,264906,-1,-1,-1,-1,265861,-1,77388,80209,265861,274786,-1,-1,116035,-1,-1,-1,245697,-1,-1,264963,-1,265861,269208,72078,276825
-1,-1,-1,-1,-1,-1,-1,268640,264895,-1,-1,268000,-1,-1,-1,-1,268640,264895,265890,-1,246568,265833,77400,265956,227356,-1,270166,269817,265968,79717,-1,-1,265968,-1,268640,268640,265002,-1,-1,-1,-1,-1,-1,-1,-1,-1,265833,-1,-1,-1,265968,-1,-1,-1,116036,-1,-1,-1,246177,-1,-1,271890,-1,265833,227357,-1,265879
-1,-1,-1,-1,-1,70235,-1,265903,231347,-1,-1,277314,-1,-1,-1,-1,265903,269959,276775,-1,265859,75368,70802,265894,265840,-1,75180,265892,265903,75177,-1,-1,75178,-1,265903,265903,277349,-1,-1,-1,-1,-1,-1,-1,-1,-1,75178,-1,-1,-1,265903,-1,-1,-1,116037,-1,-1,-1,271888,-1,-1,231347,-1,265903,75181,-1,264807
-1,-1,-1,-1,-1,276772,-1,265716,265883,-1,-1,70236,-1,-1,-1,-1,265878,264978,78619,-1,265883,268261,273626,270708,80036,-1,273258,270967,265878,227116,-1,-1,73677,-1,265878,265878,247743,-1,-1,-1,-1,-1,-1,-1,-1,-1,73677,-1,-1,-1,265878,-1,-1,-1,116039,-1,-1,-1,271165,-1,-1,265878,-1,265878,79544,-1,75390
-1,-1,-1,-1,-1,269218,-1,79534,267661,-1,-1,79539,-1,-1,-1,-1,267661,269202,73675,-1,79542,267661,80040,275410,265901,-1,80877,267652,267661,246038,-1,-1,277067,-1,267661,267661,265973,-1,-1,-1,-1,80599,-1,-1,-1,-1,267661,-1,-1,-1,265901,-1,-1,-1,116044,-1,-1,-1,268649,-1,-1,80039,-1,267661,265917,-1,270830
-1,-1,-1,-1,-1,76319,-1,266995,227067,-1,-1,227074,-1,-1,-1,-1,261835,79232,270171,-1,273275,262092,258915,227072,261835,-1,272015,227067,261835,77098,-1,-1,273099,-1,265240,266937,273001,-1,-1,-1,-1,-1,-1,-1,-1,-1,261835,-1,-1,-1,266995,-1,-1,-1,116280,-1,-1,-1,266931,-1,-1,265240,-1,261835,272010,-1,266937
-1,-1,-1,-1,-1,75186,-1,261514,266973,-1,-1,267025,-1,-1,-1,-1,227095,275811,253741,-1,272122,266973,271347,246786,276098,-1,265681,77249,227101,275887,-1,-1,266969,-1,227101,227101,264089,-1,-1,-1,-1,83382,-1,-1,-1,-1,227101,-1,80399,-1,261514,266243,-1,-1,116282,-1,-1,-1,227101,-1,-1,272341,-1,227101,75229,267053,276284
-1,-1,-1,-1,-1,73755,-1,267201,267209,-1,-1,267293,-1,-1,-1,-1,265853,267200,267273,-1,267209,71610,273484,70110,71495,-1,267524,76333,265853,267243,-1,-1,76332,-1,242024,265853,267300,-1,-1,-1,-1,84429,-1,-1,-1,-1,265853,-1,71666,83414,267201,81421,236640,-1,116300,-1,-1,-1,265853,-1,-1,73756,-1,265853,77985,82710,242024
-1,-1,-1,-1,-1,265072,-1,267223,267203,-1,-1,83153,-1,-1,-1,-1,267223,227925,274767,-1,273174,71427,71665,267375,83536,-1,77421,267203,267223,81411,-1,-1,267529,-1,267223,267223,76334,-1,-1,-1,-1,83432,-1,-1,-1,-1,267223,-1,267215,265860,267223,268303,77865,-1,116302,-1,-1,-1,264012,-1,-1,227387,266093,267223,274815,274810,273470
-1,-1,-1,-1,-1,84427,-1,76689,237673,-1,-1,273488,-1,-1,-1,-1,266091,237673,72782,-1,71160,81533,83537,267376,83733,-1,233838,71663,266091,266240,-1,-1,266091,-1,266091,266091,268012,-1,-1,-1,-1,82726,-1,-1,-1,-1,266091,-1,71425,83181,266091,81840,-1,-1,116303,-1,-1,-1,267214,-1,-1,277633,-1,266091,83014,273471,267247
-1,-1,-1,-1,-1,76383,-1,272115,267261,-1,-1,275915,-1,-1,-1,-1,272115,258979,267295,-1,265339,268262,276797,71561,241224,-1,274779,267261,71561,243261,-1,-1,266928,-1,272115,272115,272217,-1,-1,-1,-1,83479,-1,-1,-1,-1,71561,-1,236642,85271,266996,76283,-1,-1,116304,-1,-1,-1,266996,-1,-1,71560,-1,272115,243263,83155,266970
-1,-1,-1,-1,-1,76766,-1,247724,226335,-1,-1,267221,-1,-1,-1,-1,267264,226335,75968,-1,267264,70305,226375,83424,228628,-1,71516,70309,267264,267242,-1,-1,267286,-1,267264,267264,247512,-1,-1,-1,-1,270079,-1,-1,-1,-1,247724,-1,83426,83734,272100,269123,267321,-1,116305,-1,-1,-1,272100,-1,-1,76516,274847,247724,70182,83282,267282
-1,-1,-1,-1,-1,271403,-1,70675,238212,-1,-1,265854,-1,-1,-1,-1,83034,238212,267884,-1,265862,231736,84346,83154,76690,-1,227384,267371,83034,273486,-1,-1,83034,-1,83034,83034,275981,-1,-1,-1,-1,83428,-1,-1,-1,-1,83034,-1,-1,-1,267381,83182,-1,-1,116306,-1,-1,-1,267381,-1,-1,83159,-1,83034,227096,227405,279811
-1,-1,-1,-1,-1,83415,-1,243262,243262,-1,-1,253175,-1,-1,-1,-1,246059,265856,274774,-1,227421,246059,273270,71531,267199,-1,70308,267339,246059,226890,-1,-1,275679,-1,267199,267199,267299,-1,-1,-1,-1,273504,267309,-1,-1,-1,246059,-1,84338,76485,246059,83420,265950,-1,116307,-1,-1,-1,276359,-1,-1,70502,267312,70502,267519,78921,271945
-1,-1,-1,-1,-1,83012,-1,273481,267325,-1,-1,77964,-1,-1,-1,-1,267305,267314,77799,-1,267384,71494,83280,267305,76213,-1,76218,267474,267305,267269,-1,-1,76517,-1,77548,77548,83031,-1,-1,-1,-1,84416,267318,-1,-1,-1,267305,-1,84648,279908,267384,83281,274808,-1,116308,-1,-1,-1,76889,-1,-1,77548,267311,77548,267281,83157,267325
-1,-1,-1,-1,-1,273379,-1,226893,267336,-1,-1,273472,-1,-1,-1,-1,226893,273136,267521,-1,273480,273467,267329,267343,267254,-1,76325,267276,226893,279812,-1,-1,279799,-1,226893,226893,83009,-1,-1,267268,-1,83022,76323,-1,-1,-1,226893,-1,83024,83027,267336,78870,267226,76324,116309,-1,-1,-1,71527,-1,-1,267336,264011,226893,273476,83025,70713
-1,-1,-1,-1,-1,83150,-1,233244,232075,-1,-1,76216,-1,-1,-1,-1,232075,258310,267219,-1,265247,243264,244045,76326,232075,-1,76887,232074,232075,82728,-1,-1,243769,-1,243264,232075,226350,-1,-1,-1,-1,76329,-1,-1,-1,-1,232075,-1,80331,267353,233244,76437,267362,-1,116310,-1,-1,-1,271040,-1,-1,266401,-1,243264,83478,83263,271893
-1,-1,-1,-1,-1,83032,-1,77988,267367,-1,-1,243403,-1,-1,-1,-1,71583,273492,79220,-1,78730,71583,71556,79564,272826,-1,273468,267367,71583,247811,-1,-1,77669,-1,71583,71583,77095,-1,-1,-1,-1,276482,-1,-1,-1,-1,71583,-1,226316,245839,77669,83033,-1,-1,116311,-1,-1,-1,266384,-1,-1,267322,-1,71583,83152,83196,274813
-1,-1,-1,-1,-1,77895,-1,83026,227353,-1,-1,267241,-1,-1,-1,-1,227353,79825,267368,-1,267386,71809,76518,256095,264900,-1,273158,71586,227353,277927,-1,-1,80028,-1,227353,227353,238412,-1,-1,-1,-1,75791,-1,-1,-1,-1,80028,-1,-1,-1,227353,264989,-1,-1,116312,-1,-1,-1,227397,-1,-1,227353,-1,227353,77896,-1,83029
-1,-1,-1,-1,-1,82127,-1,241846,227203,-1,-1,261855,-1,-1,-1,-1,262531,268942,268943,-1,236479,227203,83800,267530,78357,-1,279890,227190,236479,241667,-1,-1,227102,-1,262531,236479,269404,-1,-1,81287,-1,82183,253435,-1,-1,-1,236479,-1,83102,71782,227203,82184,227191,75063,116325,-1,-1,-1,262531,-1,-1,277699,81289,262531,271446,237289,253436
-1,-1,-1,-1,-1,80230,-1,246774,259372,-1,-1,227344,-1,-1,-1,-1,245879,247789,258789,-1,242797,227327,256303,265024,245879,-1,265849,271944,245879,81548,-1,-1,259372,-1,264725,245879,265900,-1,-1,258576,-1,264946,272009,-1,-1,-1,227327,-1,277952,75012,245879,76242,81549,274758,116326,-1,277926,-1,273153,-1,-1,263964,77690,264725,76929,263966,264725
-1,-1,-1,-1,-1,81677,-1,271742,227204,-1,-1,274780,-1,-1,-1,-1,265280,227204,272271,-1,272109,272094,272012,272112,268946,-1,273053,272084,272112,272145,-1,-1,265280,-1,265280,265280,262545,-1,-1,-1,-1,273010,-1,-1,-1,-1,265280,-1,81741,-1,265280,78733,-1,-1,116327,-1,-1,-1,227369,-1,-1,272053,-1,265280,272099,75425,277339
-1,-1,-1,-1,-1,77641,-1,275586,271942,-1,-1,272127,-1,-1,-1,-1,272123,272212,272211,-1,272125,278651,272203,272137,272135,-1,276445,272124,272135,272008,-1,-1,271942,-1,272135,272135,75062,-1,-1,-1,-1,81285,-1,-1,-1,-1,272135,-1,83588,272121,272135,81277,-1,-1,116328,-1,-1,-1,75061,-1,-1,74786,-1,272137,272129,83586,272119
-1,-1,-1,-1,-1,76051,-1,80913,275579,-1,-1,272251,-1,-1,-1,-1,79799,72705,79628,-1,73529,275581,76434,275579,78896,-1,79631,272210,79799,79783,-1,-1,79799,-1,79799,275579,73226,-1,-1,-1,-1,81304,-1,-1,-1,-1,79799,-1,-1,-1,272024,75041,-1,-1,116331,-1,-1,-1,272024,-1,-1,272269,-1,79799,73648,-1,275588
-1,-1,-1,-1,-1,272697,-1,276637,272232,-1,-1,272214,-1,-1,-1,-1,272224,272235,272236,-1,272257,272225,77683,272232,272246,-1,272234,75255,272225,79146,-1,-1,272147,-1,272225,272225,267287,-1,-1,-1,-1,272040,-1,-1,-1,-1,272225,-1,84493,272228,272225,81419,-1,-1,116332,-1,-1,-1,277123,-1,-1,272025,-1,272025,272113,272229,269145
-1,-1,-1,-1,-1,279189,-1,272244,272014,-1,-1,72706,-1,-1,-1,-1,272047,274075,272020,-1,72910,72364,71979,272059,272017,-1,75066,75009,272017,79648,-1,-1,261830,-1,272047,272047,71978,-1,-1,-1,-1,71497,-1,-1,-1,-1,272017,-1,75008,272018,272014,79659,272004,-1,116333,-1,-1,-1,272047,-1,-1,272019,-1,272047,272265,75393,272014
-1,-1,-1,-1,-1,81612,-1,247530,272061,-1,-1,75293,-1,-1,-1,-1,272005,272061,277685,-1,85510,272077,75294,277544,246287,-1,81290,272013,272005,272241,-1,-1,272005,-1,272005,272005,73850,-1,-1,-1,-1,85902,-1,-1,-1,-1,272005,-1,-1,-1,272005,-1,-1,-1,116334,-1,-1,-1,272101,-1,-1,272204,-1,272005,267326,-1,272072
-1,-1,-1,-1,-1,75408,-1,227359,227359,-1,-1,272048,-1,-1,-1,-1,272007,279597,70796,-1,256302,261843,268995,78279,272007,-1,272054,268948,272007,272199,-1,-1,72783,-1,272007,261843,272200,-1,-1,-1,-1,259334,-1,-1,-1,-1,261843,-1,-1,-1,272007,84473,-1,-1,116336,-1,-1,-1,272073,-1,-1,271443,-1,272007,279191,-1,268993
-1,-1,-1,-1,-1,76055,-1,272180,228630,-1,-1,277256,-1,-1,-1,-1,277573,228630,71503,-1,277573,262460,278942,272172,272146,-1,71784,277145,277573,241182,-1,-1,264986,-1,262460,262460,275589,-1,-1,-1,-1,73730,-1,-1,-1,-1,277573,-1,-1,-1,262460,-1,-1,-1,116337,-1,-1,-1,272116,-1,-1,275774,-1,277573,272202,-1,228626
-1,-1,-1,-1,-1,266975,-1,276722,265301,-1,-1,79883,-1,-1,-1,-1,266922,246152,271821,-1,268486,74861,265352,272207,266922,-1,265350,265301,266922,268488,-1,-1,267238,-1,266922,266922,265277,-1,-1,-1,-1,270330,273050,-1,-1,-1,266922,-1,267583,266907,266922,79467,72312,-1,116343,-1,-1,-1,81456,-1,-1,270892,265019,266922,227243,82994,245826
-1,-1,-1,-1,-1,208480,-1,223344,224702,-1,-1,224562,-1,-1,-1,-1,226096,224702,275318,-1,241299,216741,269539,253518,226096,-1,241252,225740,226096,207740,-1,-1,221847,-1,226096,226096,275319,-1,-1,77905,-1,251291,275320,-1,-1,-1,226096,-1,77902,79985,223344,269480,77903,77904,116360,-1,-1,-1,244723,-1,-1,264009,275322,226096,232256,241318,269476
-1,-1,-1,-1,-1,79992,-1,275190,222235,-1,-1,241334,-1,-1,-1,-1,230665,261931,71983,-1,222199,224546,79993,232888,235139,-1,79961,222235,230665,264029,-1,-1,224675,-1,230665,230665,269552,-1,-1,-1,-1,275663,-1,-1,-1,-1,230665,-1,77944,77941,275190,72003,261941,-1,116361,-1,-1,-1,230665,-1,-1,275666,-1,230665,73723,237010,224692
-1,-1,-1,-1,-1,265842,-1,269213,269213,-1,-1,268060,-1,-1,-1,-1,275395,227349,261863,-1,71382,270049,276971,275395,269829,-1,275382,273160,275395,268647,-1,-1,271811,-1,275395,270049,75184,-1,-1,-1,-1,-1,-1,-1,-1,-1,275395,-1,-1,-1,269213,-1,-1,-1,116416,-1,-1,-1,276812,-1,-1,264961,-1,275395,72081,-1,270895
-1,-1,-1,-1,-1,72463,-1,79532,264904,-1,-1,269818,-1,-1,-1,-1,264904,265970,76308,-1,265893,264904,272205,72438,277170,-1,267297,72442,265952,269214,-1,-1,72074,-1,264904,265952,273255,-1,-1,-1,-1,269812,-1,-1,-1,-1,265952,-1,-1,-1,264904,-1,-1,-1,116417,-1,-1,-1,74083,-1,-1,265937,-1,265952,77825,-1,265952
-1,-1,-1,-1,-1,271301,-1,279523,273209,-1,-1,76199,-1,-1,-1,-1,264891,266553,269655,-1,269661,264891,273207,279524,265300,-1,266945,273209,264891,85330,-1,-1,266384,-1,264891,264891,269665,-1,-1,-1,-1,273215,-1,-1,-1,-1,264891,-1,269662,-1,264891,279527,-1,-1,116428,-1,-1,-1,273211,-1,-1,277544,-1,264891,273210,269664,269657
-1,-1,-1,-1,-1,77687,-1,79277,272143,-1,-1,79973,-1,-1,-1,-1,272144,273836,272400,-1,272192,272143,272055,77685,272223,-1,273032,77677,272144,77684,-1,-1,273130,-1,273130,273130,272570,-1,-1,-1,-1,272179,-1,-1,-1,-1,273130,-1,277005,80910,272143,272016,247543,-1,131123,-1,-1,-1,233576,-1,-1,272144,273187,272223,77681,77682,79622
-1,-1,-1,-1,-1,72792,-1,72764,72788,-1,-1,277966,-1,-1,-1,-1,266598,72795,265267,-1,72788,266598,75390,75550,275925,-1,272700,80054,266598,277963,-1,-1,72787,-1,266598,266598,269131,-1,-1,-1,-1,85282,-1,-1,-1,-1,266598,-1,74017,-1,275925,77579,-1,-1,131124,-1,-1,-1,72798,-1,-1,72791,-1,266598,72797,264978,267221
-1,-1,-1,-1,-1,266941,-1,246356,246356,-1,-1,277173,-1,-1,-1,-1,246356,272021,82677,-1,272111,272163,265948,272064,272148,-1,272085,272140,246356,272081,-1,-1,272159,-1,272148,272111,258914,-1,-1,-1,-1,278313,273142,-1,-1,-1,272111,-1,272046,278649,272148,81440,84584,-1,131125,-1,-1,-1,272266,-1,-1,268994,72119,272111,279037,275967,272168
-1,-1,-1,-1,-1,255597,-1,198635,248221,-1,-1,70055,-1,-1,-1,-1,232264,248221,275474,-1,225739,221856,73700,238103,232264,-1,269037,222200,232264,77916,-1,-1,224618,-1,232264,232264,232258,-1,-1,-1,-1,222344,-1,-1,-1,-1,232264,-1,239858,264025,251111,77917,272748,-1,131173,-1,-1,-1,251111,-1,-1,73699,-1,232264,77915,273007,239859
-1,-1,-1,-1,-1,84017,-1,239043,230685,-1,-1,83202,-1,-1,-1,-1,230685,271211,219339,-1,275694,263317,75853,246118,230685,-1,80459,221323,230685,274548,-1,-1,240941,-1,230685,230685,278157,-1,-1,-1,-1,223074,-1,-1,-1,-1,230685,-1,81557,83807,239043,72823,-1,-1,131174,-1,-1,-1,260459,-1,-1,262998,-1,230685,278006,81567,271228
-1,-1,-1,-1,-1,81790,-1,272050,261829,-1,-1,73230,-1,-1,-1,-1,275938,265115,74712,-1,273280,268470,277776,273265,70851,-1,261858,261829,275938,268992,-1,-1,77246,-1,275938,275938,261837,-1,-1,275932,-1,277780,261838,-1,-1,-1,275938,-1,77367,80899,261829,237290,276397,261831,131358,-1,-1,-1,275927,-1,-1,275938,75435,261829,80898,75305,261853
-1,-1,-1,-1,-1,79669,-1,277815,233747,-1,-1,73227,-1,-1,-1,-1,233747,275968,278089,-1,79314,79673,79675,275949,277812,-1,85214,233747,233747,77059,-1,-1,76331,-1,233747,233747,256102,-1,-1,-1,-1,79674,-1,-1,-1,-1,233747,-1,85215,-1,233747,77243,-1,-1,131359,-1,-1,-1,79676,-1,-1,79666,-1,233747,79313,80345,277813
-1,-1,-1,-1,-1,275823,-1,265304,275813,-1,-1,274770,-1,-1,-1,-1,275820,74187,74189,-1,275813,275826,275818,80341,275824,-1,74194,276382,275820,75807,-1,-1,275808,-1,275820,275820,267001,-1,-1,-1,-1,80340,-1,-1,-1,-1,275820,-1,-1,-1,275824,75809,-1,-1,131360,-1,-1,-1,75388,-1,-1,275820,-1,275820,275822,-1,275814
-1,-1,-1,-1,-1,83139,-1,277308,273406,-1,-1,76011,-1,-1,-1,-1,264911,80046,74019,-1,74023,264911,80051,277718,277307,-1,76010,273406,264911,80049,-1,-1,275845,-1,264911,273406,75369,-1,-1,-1,-1,83141,-1,-1,-1,-1,277308,-1,-1,-1,264911,72229,-1,-1,131361,-1,-1,-1,276615,-1,-1,74026,-1,273406,71294,-1,75002
-1,-1,-1,-1,-1,77947,-1,72764,267236,-1,-1,76204,-1,-1,-1,-1,275917,267236,76649,-1,76375,277881,76651,279933,74915,-1,77946,276238,275917,80382,-1,-1,275917,-1,275917,275917,76656,-1,-1,-1,-1,77948,-1,-1,-1,-1,275917,-1,83138,79441,275917,275925,70684,-1,131362,-1,-1,-1,246637,-1,-1,272700,-1,275917,76653,264832,276237
-1,-1,-1,-1,-1,80061,-1,74030,245871,-1,-1,74024,-1,-1,-1,-1,265305,245871,74912,-1,74027,246899,79665,275898,74017,-1,273391,267137,265305,74021,-1,-1,275899,-1,265305,265305,81333,-1,-1,-1,-1,265203,-1,-1,-1,-1,265305,-1,71366,71364,247415,275897,-1,-1,131363,-1,-1,-1,247415,-1,-1,245891,-1,265305,79664,75291,265305
-1,-1,-1,-1,-1,-1,-1,269668,269662,-1,-1,71047,-1,-1,-1,-1,-1,227452,-1,-1,72793,78609,-1,241225,273209,-1,75474,243054,269662,76441,-1,-1,269664,-1,269662,269662,75545,-1,-1,-1,-1,-1,-1,-1,-1,-1,269662,-1,-1,-1,269662,-1,-1,-1,131368,-1,-1,-1,269662,-1,-1,262826,-1,269662,80056,-1,254564
-1,-1,-1,-1,-1,78842,-1,73655,275525,-1,-1,275527,-1,-1,-1,-1,275525,275889,277300,-1,264912,275525,83671,264920,79630,-1,78840,267179,275760,271868,-1,-1,275760,-1,275525,264920,79633,-1,-1,-1,-1,80116,271406,-1,-1,-1,80460,-1,83658,271598,275533,276568,83657,277299,131386,-1,-1,-1,80460,-1,-1,79626,78844,80460,78820,276939,275533
-1,-1,-1,-1,-1,81441,-1,277073,275784,-1,-1,275787,-1,-1,-1,-1,277048,74395,245825,-1,275574,275784,278665,275765,272270,-1,72223,277116,80077,72366,-1,-1,277048,-1,277048,277048,76195,-1,-1,-1,-1,75695,-1,-1,-1,-1,277048,-1,-1,-1,78888,77686,-1,-1,131391,-1,-1,-1,78888,-1,-1,80077,-1,277048,272032,83103,275768
-1,-1,-1,-1,-1,73870,-1,215247,224067,-1,-1,80612,-1,-1,-1,-1,236918,279706,235590,-1,77495,245685,70074,75236,224067,-1,77967,242199,236918,254859,-1,-1,236918,-1,236918,236918,221908,-1,-1,266507,-1,84065,77459,-1,-1,-1,236918,-1,265734,221992,236918,255411,267636,246048,131439,-1,-1,-1,224874,-1,-1,217047,217606,236918,83721,79998,73671
-1,-1,-1,-1,-1,74886,-1,261771,188825,-1,-1,225168,-1,-1,-1,-1,188825,232410,243711,-1,73083,276309,79498,73082,188825,-1,79265,228775,188825,198836,-1,-1,269748,-1,188825,188825,79499,-1,-1,80234,-1,275517,74028,-1,-1,-1,188825,-1,78145,191390,188825,81412,76247,74586,131447,-1,74444,-1,252205,-1,-1,79621,80543,188825,277499,80689,78113
-1,-1,-1,-1,-1,83122,-1,78696,262856,-1,-1,72619,-1,-1,-1,-1,255082,248071,262420,-1,262856,248061,263306,257722,262450,-1,80284,72637,255082,251646,-1,-1,216776,-1,255082,255082,208626,-1,-1,72935,-1,257837,84203,-1,-1,-1,255082,-1,75984,241890,259803,72625,72624,79194,131459,-1,-1,-1,259803,-1,-1,255082,72621,255082,262483,269709,72627
-1,-1,-1,-1,-1,79396,-1,175851,213795,-1,-1,228814,-1,-1,-1,-1,213795,83085,252284,-1,259053,277971,253713,213795,72654,-1,83990,216778,277971,245749,-1,-1,275487,-1,213795,213795,258194,-1,-1,-1,-1,232459,-1,-1,-1,-1,213795,-1,80024,193870,175851,213374,-1,-1,131463,-1,-1,-1,274231,-1,-1,246592,-1,274231,255730,83084,258747
-1,-1,-1,-1,-1,273687,-1,76377,273473,-1,-1,71599,-1,-1,-1,-1,76377,273483,71967,-1,267283,70490,267220,71680,77162,-1,246364,76217,76377,268505,-1,-1,277508,-1,76377,76377,267250,-1,-1,-1,-1,71679,267208,-1,-1,-1,76377,-1,272076,267222,227073,84404,236641,267350,131477,-1,-1,-1,227073,-1,-1,279699,83023,76377,76214,79719,273473
-1,-1,-1,-1,-1,77803,-1,245835,267332,-1,-1,267358,-1,-1,-1,-1,265571,272994,76220,-1,267332,267320,275922,267272,245833,-1,71529,267388,265571,273475,-1,-1,265571,-1,265571,265571,264939,-1,-1,-1,-1,71559,-1,-1,-1,-1,265571,-1,267338,271444,245835,77300,-1,-1,131478,-1,-1,-1,242806,-1,-1,272206,-1,265571,267202,275684,273171
-1,-1,-1,-1,-1,-1,-1,232381,269127,-1,-1,77939,-1,-1,-1,-1,274024,269127,77938,-1,224558,235984,272314,224685,274024,-1,77936,255632,274024,221801,-1,-1,272759,-1,274024,222273,71471,-1,-1,-1,-1,-1,-1,-1,-1,-1,222273,-1,-1,-1,232381,-1,-1,-1,131487,-1,-1,-1,272622,-1,-1,222273,-1,274024,240472,-1,77637
-1,-1,-1,-1,-1,71577,-1,241335,227970,-1,-1,222432,-1,-1,-1,-1,237135,77573,279550,-1,227970,258731,222306,224544,269155,-1,261929,221972,237135,194617,-1,-1,237135,-1,237135,237135,233667,-1,-1,-1,-1,245039,275652,-1,-1,-1,258731,-1,79983,76748,237135,279553,77918,-1,131488,-1,-1,-1,191569,-1,-1,271657,79978,237135,182409,79976,76749
-1,-1,-1,-1,-1,248392,-1,153048,279713,-1,-1,279715,-1,-1,-1,-1,255936,252783,70117,-1,76638,255936,279714,279716,279710,-1,254750,273649,255936,239960,-1,-1,82659,-1,255936,279710,70185,-1,-1,-1,-1,271533,-1,-1,-1,-1,255936,-1,76904,220786,153048,230741,179543,-1,131491,-1,-1,-1,277505,-1,-1,279713,279717,255936,235906,242419,77818
-1,-1,-1,-1,-1,76597,-1,242698,222435,-1,-1,76599,-1,-1,-1,-1,233874,250978,76593,-1,201026,233874,261907,248003,226296,-1,252517,222435,242698,253967,-1,-1,222853,-1,233874,233874,77945,-1,-1,-1,-1,221850,-1,-1,-1,-1,233874,-1,-1,-1,257518,76595,-1,-1,131531,-1,-1,-1,257518,-1,-1,240917,-1,242698,222278,-1,80134
-1,-1,-1,-1,-1,245152,-1,232411,215698,-1,-1,213666,-1,-1,-1,-1,177003,215698,205812,-1,240277,245630,279782,254840,177003,-1,73286,265774,177003,205431,-1,-1,210008,-1,177003,177003,194765,-1,-1,-1,-1,80809,-1,-1,-1,-1,177003,-1,74010,81252,232411,72179,277755,-1,131681,-1,-1,-1,241721,-1,-1,237942,233556,177003,253473,257186,242664
-1,-1,-1,-1,-1,208128,-1,259565,231478,-1,-1,192883,-1,-1,-1,-1,226268,177683,243311,-1,229237,224232,258648,237383,210406,-1,210035,199845,226268,82088,-1,-1,276278,-1,224232,226268,82087,-1,-1,-1,-1,219715,230142,-1,-1,-1,226268,-1,77615,268534,210406,77523,239807,-1,131682,-1,-1,-1,231478,-1,-1,226268,76429,226268,256632,77325,184392
-1,-1,-1,-1,-1,73031,-1,275587,72149,-1,-1,76960,-1,-1,-1,-1,278195,261848,72217,-1,72286,278195,73231,73029,272188,-1,72215,265021,278195,72285,-1,-1,72149,-1,278195,278195,279215,-1,-1,-1,-1,72222,72148,-1,-1,-1,73029,-1,273398,72290,275587,72150,75392,72221,131720,-1,-1,-1,236478,-1,-1,72147,72152,272188,72288,82678,72814
-1,-1,-1,-1,-1,267648,-1,78636,71696,-1,-1,79537,-1,-1,-1,-1,71706,71691,272043,-1,71696,261841,265005,264987,273478,-1,265969,273365,71706,81566,-1,-1,272607,-1,71706,71706,71703,-1,-1,-1,-1,-1,-1,-1,-1,-1,71706,-1,-1,-1,71706,-1,-1,-1,131724,-1,-1,-1,271259,-1,-1,71706,-1,71706,265096,-1,265832
-1,-1,-1,-1,-1,272038,-1,72344,272153,-1,-1,275782,-1,-1,-1,-1,275779,269921,268951,-1,272254,268944,72359,72345,272153,-1,272164,72340,275779,72361,-1,-1,275779,-1,275779,275779,272136,-1,-1,-1,-1,272126,-1,-1,-1,-1,72345,-1,81293,72377,272254,78389,83410,-1,131733,-1,-1,-1,265171,-1,-1,262459,-1,262459,276904,80573,273150
-1,-1,-1,-1,-1,232904,-1,208974,208974,-1,74057,72739,234333,-1,-1,-1,242749,246610,259364,-1,241538,242749,74948,72741,229011,-1,231179,220061,242749,74949,-1,-1,264828,-1,242749,242749,77534,-1,-1,83563,-1,81872,76771,-1,-1,-1,241538,-1,83805,83124,261072,251660,83136,83474,131735,-1,83992,-1,261072,-1,-1,275571,277460,242749,263549,83163,242558
-1,-1,-1,-1,-1,73102,-1,227040,208520,-1,-1,231065,-1,-1,-1,-1,73092,235860,83749,-1,272324,210826,82346,246195,237333,-1,254143,259723,73092,208543,-1,-1,73092,-1,73092,208520,240262,-1,-1,73105,-1,73106,237268,-1,-1,-1,73092,-1,73104,84069,227040,84070,274006,225993,131739,-1,73937,-1,243966,-1,-1,240096,81885,73092,85221,73103,208520
-1,-1,-1,-1,-1,260703,85160,273604,210648,-1,260414,277488,74977,-1,-1,-1,193301,238186,244316,-1,273123,208135,248482,256130,278902,-1,241862,210648,193301,231801,-1,-1,220621,75421,220621,220621,245438,-1,-1,279785,-1,191269,83166,-1,-1,-1,220621,-1,209166,82367,193301,83167,77389,270460,131798,-1,83801,-1,193301,-1,-1,278206,267827,220621,221370,269683,264823
-1,-1,-1,-1,84349,200606,85275,71549,84339,204977,84420,267468,84425,-1,-1,85142,84339,84342,259705,-1,79424,84341,214193,84344,269327,-1,209005,84343,84339,273686,-1,84424,71033,84693,84339,84339,267449,-1,-1,84422,-1,84421,84423,-1,-1,-1,84339,-1,84419,84024,84339,84347,84417,84418,131826,-1,84686,-1,274858,-1,-1,84339,74846,84339,84348,84345,84340
-1,-1,-1,-1,-1,75021,-1,264971,241846,-1,-1,265102,-1,-1,-1,-1,264884,269805,78462,-1,264884,276765,83473,271788,80036,-1,265017,275895,264884,277278,-1,-1,264982,-1,264884,264884,264967,-1,-1,-1,-1,75063,-1,-1,-1,-1,265082,-1,78609,-1,265082,79544,-1,-1,131877,-1,-1,-1,241846,-1,-1,265082,-1,265082,79183,83658,264930
-1,-1,-1,-1,-1,269131,-1,233751,237197,-1,-1,268945,-1,-1,-1,-1,237197,272213,270406,-1,277169,276297,272332,265336,226997,-1,278194,227069,265336,276771,-1,-1,235659,-1,237197,265336,232202,-1,-1,-1,-1,248790,-1,-1,-1,-1,265336,-1,79138,273912,227069,275961,226987,-1,132176,-1,-1,-1,266504,-1,-1,237197,-1,237197,227109,266457,268941
-1,-1,-1,-1,-1,254273,-1,76721,262160,-1,-1,78340,-1,-1,-1,-1,78346,232549,257789,-1,271458,78346,78348,78339,251313,-1,279506,262160,78346,78343,-1,-1,78349,-1,78346,78346,245565,-1,-1,-1,-1,270864,-1,-1,-1,-1,78346,-1,79192,83914,73932,242045,-1,-1,132231,-1,-1,-1,73932,-1,-1,252169,-1,78346,263344,251309,78342
-1,-1,-1,-1,-1,79960,-1,76503,212601,-1,-1,76499,-1,-1,-1,-1,198640,226182,251112,-1,257936,276076,222449,240393,77906,-1,224677,237033,269579,222190,-1,-1,222191,-1,198640,198640,241997,-1,-1,261947,-1,76498,272814,-1,-1,-1,198640,-1,261919,76490,212601,243108,76494,79986,132305,-1,-1,-1,212601,-1,-1,198640,76506,198640,222179,222195,269579
-1,-1,-1,-1,-1,78628,-1,246223,264962,-1,-1,273199,-1,-1,-1,-1,265915,80042,78617,-1,242795,265915,78620,78623,265864,-1,273196,265986,265915,275400,-1,-1,267653,-1,265915,265915,275396,-1,-1,-1,-1,78633,-1,-1,-1,-1,265915,-1,-1,-1,264968,231349,-1,-1,132370,-1,-1,-1,264968,-1,-1,270619,-1,264962,78624,-1,264962
-1,-1,-1,-1,-1,272298,-1,83455,78689,-1,78679,265051,78690,-1,-1,-1,79732,275523,265138,-1,78687,79734,78780,78782,79732,-1,79735,78682,79732,276506,-1,-1,276848,78678,79732,78682,265074,-1,-1,272293,-1,265107,78691,-1,-1,-1,79732,-1,83463,265064,79734,79733,78684,78694,132533,-1,265029,-1,79221,-1,-1,78689,78692,78682,78677,275989,265897
-1,-1,-1,-1,-1,-1,-1,73764,78826,-1,-1,265931,-1,-1,-1,-1,78830,78813,77866,-1,269816,264885,78821,275403,78823,-1,265916,265902,78830,270168,-1,-1,78832,-1,78832,78830,273202,-1,-1,-1,-1,-1,-1,-1,-1,-1,78832,-1,-1,-1,78830,-1,-1,-1,132588,-1,-1,-1,78830,-1,-1,78826,-1,269816,268643,-1,273194
-1,-1,-1,-1,-1,265009,-1,78602,78602,-1,-1,272288,-1,-1,-1,-1,78602,264935,79731,-1,265079,265026,78599,264992,265383,-1,78596,261793,78602,78601,-1,-1,261799,-1,78602,78602,264954,-1,-1,266399,-1,275534,276849,-1,-1,-1,78602,-1,81853,264943,78602,264966,82959,75329,132589,-1,78683,-1,279693,-1,-1,82962,265159,78602,265164,271864,265129
-1,-1,-1,-1,-1,272680,-1,276887,276887,-1,-1,78901,-1,-1,-1,-1,276887,275576,272255,-1,78884,79975,81679,276468,269678,-1,78898,77986,276887,83107,-1,-1,81787,-1,276887,276887,72464,-1,-1,-1,-1,79344,-1,-1,-1,-1,276887,-1,79617,83231,276887,80059,-1,-1,132629,-1,-1,-1,78883,-1,-1,78897,-1,276887,72810,78881,78900
-1,-1,-1,-1,-1,76245,-1,72080,251924,-1,-1,79793,-1,-1,-1,-1,247533,257138,190700,-1,251924,79789,81552,247533,257171,-1,260776,79787,247533,80065,-1,-1,79791,-1,247533,247533,79794,-1,-1,-1,-1,79797,225166,-1,-1,-1,247533,-1,80744,79786,275619,80064,80066,79788,132680,-1,-1,-1,275619,-1,-1,197813,79792,247533,69996,83812,256730
-1,-1,-1,-1,-1,-1,-1,251732,251725,-1,-1,251744,-1,-1,-1,-1,251721,251742,251739,-1,251725,251727,251733,251743,251745,-1,251737,251722,251721,251738,-1,-1,251721,-1,251721,251721,251746,-1,-1,-1,-1,-1,-1,-1,-1,-1,251721,-1,-1,-1,251721,-1,-1,-1,132681,-1,-1,-1,251723,-1,-1,251748,-1,251721,251724,-1,251747
