position5,offset6y,position1,pos4role,pos5role,offset8x,offset0y,position10,attackers,offset4y,formationname,pos6role,offset8y,offset1y,offset3y,offensiverating,offset5y,position8,offset4x,pos7role,offset0x,defenders,offset6x,position0,position4,position3,offset10y,pos2role,relativeformationid,offset7y,position7,offset7x,pos1role,offset10x,formationaudioid,pos3role,position6,offset9y,teamid,pos9role,offset2y,formationfullnameid,position2,formationid,offset2x,pos10role,position9,offset9x,offset5x,pos8role,offset3x,offset1x,midfielders,pos0role
10,0.560000,3,8386,17089,0.100000,0.020000,26,2.000000,0.220000,4-1-3-2,25602,0.560000,0.220000,0.150000,2,0.330000,16,0.100000,21314,0.500000,4.500000,0.900000,0,7,6,0.850000,12737,1,0.520000,14,0.500000,8386,0.400000,12,12737,12,0.850000,-1,38405,0.150000,30,4,1,0.650000,38405,24,0.600000,0.500000,25602,0.350000,0.900000,3.500000,4161
10,0.600000,3,8386,17089,0.350000,0.020000,25,1.000000,0.220000,4-1-4-1,25602,0.500000,0.220000,0.150000,2,0.330000,15,0.100000,21314,0.500000,4.500000,0.900000,0,7,6,0.850000,12737,2,0.500000,13,0.650000,8386,0.500000,15,12737,12,0.600000,-1,25602,0.150000,31,4,2,0.650000,38405,16,0.100000,0.500000,21314,0.350000,0.900000,4.500000,4161
9,0.350000,3,8386,17089,0.500000,0.020000,25,1.000000,0.220000,4-2-3-1,17089,0.670000,0.220000,0.150000,2,0.350000,18,0.100000,29570,0.500000,5.000000,0.350000,0,7,6,0.870000,12737,3,0.670000,17,0.850000,8386,0.500000,14,12737,11,0.670000,-1,29570,0.150000,16,4,3,0.650000,38405,19,0.150000,0.650000,29570,0.350000,0.900000,4.000000,4161
9,0.350000,3,8386,17089,0.100000,0.020000,25,1.000000,0.220000,4-2-3-1,17089,0.600000,0.220000,0.150000,2,0.350000,16,0.100000,25602,0.500000,5.000000,0.350000,0,7,6,0.870000,12737,4,0.600000,12,0.900000,8386,0.500000,14,12737,11,0.670000,-1,29570,0.150000,3,4,4,0.650000,38405,18,0.500000,0.650000,25602,0.350000,0.900000,4.000000,4161
13,0.500000,3,8386,21314,0.600000,0.020000,27,4.000000,0.220000,4-2-4,21314,0.850000,0.220000,0.150000,4,0.500000,24,0.100000,33794,0.500000,4.000000,0.350000,0,7,6,0.800000,12737,5,0.800000,23,0.900000,8386,0.100000,2,12737,15,0.850000,-1,38405,0.150000,33,4,5,0.650000,33794,26,0.400000,0.650000,38405,0.350000,0.900000,2.000000,4161
13,0.480000,3,8386,21314,0.500000,0.020000,26,2.500000,0.220000,4-3-1-2,21314,0.700000,0.220000,0.150000,2,0.500000,18,0.100000,21314,0.500000,4.000000,0.500000,0,7,6,0.850000,12737,6,0.500000,15,0.350000,8386,0.400000,9,12737,14,0.850000,-1,38405,0.150000,34,4,6,0.650000,38405,24,0.600000,0.650000,29570,0.350000,0.900000,3.500000,4161
13,0.480000,3,8386,21314,0.750000,0.020000,25,2.500000,0.220000,4-3-2-1,21314,0.700000,0.220000,0.150000,2,0.500000,17,0.100000,21314,0.500000,4.000000,0.500000,0,7,6,0.850000,12737,7,0.500000,15,0.350000,8386,0.500000,8,12737,14,0.700000,-1,29570,0.150000,20,4,7,0.650000,38405,19,0.250000,0.650000,29570,0.350000,0.900000,3.500000,4161
13,0.480000,3,8386,21314,0.900000,0.020000,27,3.000000,0.220000,4-3-3,21314,0.800000,0.220000,0.150000,3,0.500000,23,0.100000,21314,0.500000,4.000000,0.500000,0,7,6,0.800000,12737,8,0.500000,15,0.350000,8386,0.100000,6,12737,14,0.850000,-1,38405,0.150000,17,4,8,0.650000,33794,25,0.500000,0.650000,33794,0.350000,0.900000,3.000000,4161
10,0.500000,3,8386,17089,0.900000,0.020000,27,3.000000,0.220000,4-3-3,21314,0.800000,0.220000,0.150000,3,0.330000,23,0.100000,21314,0.500000,4.000000,0.650000,0,7,6,0.800000,12737,9,0.500000,15,0.350000,8386,0.100000,6,12737,13,0.850000,-1,38405,0.150000,7,4,9,0.650000,33794,25,0.500000,0.500000,33794,0.350000,0.900000,3.000000,4161
9,0.350000,3,8386,17089,0.900000,0.020000,27,3.000000,0.220000,4-3-3,17089,0.800000,0.220000,0.150000,3,0.350000,23,0.100000,21314,0.500000,4.000000,0.350000,0,7,6,0.800000,12737,10,0.500000,14,0.500000,8386,0.100000,6,12737,11,0.850000,-1,38405,0.150000,5,4,10,0.650000,33794,25,0.500000,0.650000,33794,0.350000,0.900000,3.000000,4161
13,0.500000,3,8386,21314,0.900000,0.020000,27,3.000000,0.220000,4-3-3,21314,0.800000,0.220000,0.150000,3,0.500000,23,0.100000,29570,0.500000,4.000000,0.350000,0,7,6,0.800000,12737,11,0.670000,18,0.500000,8386,0.100000,6,12737,15,0.870000,-1,38405,0.150000,4,4,11,0.650000,33794,25,0.500000,0.650000,33794,0.350000,0.900000,3.000000,4161
9,0.350000,3,8386,17089,0.250000,0.020000,26,2.000000,0.220000,4-2-2-2,17089,0.670000,0.220000,0.150000,2,0.350000,19,0.100000,29570,0.500000,5.000000,0.350000,0,7,6,0.870000,12737,13,0.670000,17,0.750000,8386,0.400000,10,12737,11,0.870000,-1,38405,0.150000,32,4,13,0.650000,38405,24,0.600000,0.650000,29570,0.350000,0.900000,3.000000,4161
10,0.560000,3,8386,17089,0.500000,0.020000,26,2.500000,0.220000,4-1-2-1-2,25602,0.670000,0.220000,0.150000,2,0.330000,18,0.100000,25602,0.500000,4.000000,0.900000,0,7,6,0.870000,12737,14,0.560000,16,0.100000,8386,0.400000,11,12737,12,0.870000,-1,38405,0.150000,10,4,14,0.650000,38405,24,0.600000,0.500000,29570,0.350000,0.900000,3.500000,4161
10,0.500000,3,8386,17089,0.500000,0.020000,26,2.500000,0.220000,4-1-2-1-2,21314,0.670000,0.220000,0.150000,2,0.330000,18,0.100000,21314,0.500000,4.000000,0.650000,0,7,6,0.870000,12737,15,0.500000,15,0.350000,8386,0.400000,11,12737,13,0.870000,-1,38405,0.150000,9,4,15,0.650000,38405,24,0.600000,0.500000,29570,0.350000,0.900000,3.500000,4161
12,0.500000,3,8386,25602,0.100000,0.020000,26,2.000000,0.220000,4-4-2,21314,0.600000,0.220000,0.150000,2,0.600000,16,0.100000,21314,0.500000,4.000000,0.650000,0,7,6,0.850000,12737,16,0.500000,15,0.350000,8386,0.400000,10,12737,13,0.850000,-1,38405,0.150000,11,4,16,0.650000,38405,24,0.600000,0.900000,25602,0.350000,0.900000,4.000000,4161
9,0.350000,3,8386,17089,0.100000,0.020000,26,2.000000,0.220000,4-4-2,17089,0.560000,0.220000,0.150000,2,0.350000,16,0.100000,25602,0.500000,4.000000,0.350000,0,7,6,0.850000,12737,17,0.560000,12,0.900000,8386,0.400000,10,12737,11,0.850000,-1,38405,0.150000,12,4,17,0.650000,38405,24,0.600000,0.650000,25602,0.350000,0.900000,4.000000,4161
12,0.500000,3,8386,25602,0.100000,0.020000,25,1.500000,0.220000,4-4-1-1,21314,0.560000,0.220000,0.150000,2,0.560000,16,0.100000,21314,0.500000,4.000000,0.650000,0,7,6,0.870000,12737,18,0.500000,15,0.350000,8386,0.500000,14,12737,13,0.670000,-1,29570,0.150000,18,4,18,0.650000,38405,18,0.500000,0.900000,25602,0.350000,0.900000,4.500000,4161
12,0.500000,3,8386,25602,0.350000,0.020000,25,1.000000,0.220000,4-5-1,21314,0.500000,0.220000,0.150000,2,0.560000,15,0.100000,21314,0.500000,4.000000,0.650000,0,7,6,0.850000,12737,20,0.480000,14,0.500000,8386,0.500000,15,12737,13,0.560000,-1,25602,0.150000,19,4,20,0.650000,38405,16,0.100000,0.900000,21314,0.350000,0.900000,5.000000,4161
12,0.480000,3,8386,25602,0.750000,0.020000,25,1.000000,0.220000,4-5-1,21314,0.670000,0.220000,0.150000,2,0.530000,17,0.100000,25602,0.500000,4.000000,0.500000,0,7,6,0.870000,12737,21,0.530000,16,0.100000,8386,0.500000,14,12737,14,0.670000,-1,29570,0.150000,15,4,21,0.650000,38405,19,0.250000,0.900000,29570,0.350000,0.900000,5.000000,4161
12,0.500000,4,17089,25602,0.100000,0.020000,26,2.000000,0.350000,3-1-4-2,21314,0.560000,0.150000,0.150000,3,0.560000,16,0.500000,21314,0.500000,3.500000,0.650000,0,10,6,0.850000,12737,22,0.500000,15,0.350000,12737,0.400000,1,12737,13,0.850000,-1,38405,0.175000,28,5,22,0.500000,38405,24,0.600000,0.900000,25602,0.300000,0.700000,4.500000,4161
13,0.500000,4,25602,21314,0.500000,0.020000,26,2.500000,0.560000,3-4-1-2,21314,0.670000,0.150000,0.150000,4,0.500000,18,0.900000,25602,0.500000,3.000000,0.350000,0,12,6,0.870000,12737,23,0.560000,16,0.100000,12737,0.400000,1,12737,15,0.870000,-1,38405,0.175000,29,5,23,0.500000,38405,24,0.600000,0.650000,29570,0.300000,0.700000,4.500000,4161
13,0.500000,4,25602,21314,0.750000,0.020000,25,2.000000,0.560000,3-4-2-1,21314,0.700000,0.150000,0.150000,3,0.500000,17,0.900000,25602,0.500000,3.000000,0.350000,0,12,6,0.870000,12737,24,0.560000,16,0.100000,12737,0.500000,19,12737,15,0.700000,-1,29570,0.175000,21,5,24,0.500000,38405,19,0.250000,0.650000,29570,0.300000,0.700000,5.000000,4161
13,0.500000,4,25602,21314,0.900000,0.020000,27,3.000000,0.560000,3-4-3,21314,0.800000,0.150000,0.150000,4,0.500000,23,0.900000,25602,0.500000,3.000000,0.350000,0,12,6,0.800000,12737,25,0.560000,16,0.100000,12737,0.100000,0,12737,15,0.850000,-1,38405,0.175000,2,5,25,0.500000,33794,25,0.500000,0.650000,33794,0.300000,0.700000,4.000000,4161
11,0.560000,4,17089,17089,0.500000,0.020000,26,2.000000,0.350000,3-5-2,25602,0.620000,0.150000,0.150000,3,0.350000,18,0.650000,25602,0.500000,3.000000,0.900000,0,9,6,0.870000,12737,27,0.560000,16,0.100000,12737,0.400000,1,12737,12,0.870000,-1,38405,0.175000,22,5,27,0.500000,38405,24,0.600000,0.350000,29570,0.300000,0.700000,5.000000,4161
7,0.500000,3,12737,8386,0.500000,0.020000,26,2.000000,0.150000,5-2-1-2,21314,0.670000,0.220000,0.175000,1,0.220000,18,0.300000,21314,0.500000,6.000000,0.650000,0,6,5,0.870000,12737,29,0.500000,15,0.350000,8386,0.400000,4,12737,13,0.870000,-1,38405,0.150000,35,4,29,0.700000,38405,24,0.600000,0.100000,29570,0.500000,0.900000,2.000000,4161
7,0.500000,3,12737,8386,0.900000,0.020000,27,1.000000,0.150000,5-2-3,21314,0.800000,0.220000,0.175000,1,0.220000,23,0.300000,21314,0.500000,6.000000,0.650000,0,6,5,0.800000,12737,30,0.500000,15,0.350000,8386,0.100000,3,12737,13,0.850000,-1,38405,0.150000,36,4,30,0.700000,33794,25,0.500000,0.100000,33794,0.500000,0.900000,3.000000,4161
7,0.330000,3,12737,8386,0.350000,0.020000,26,2.000000,0.150000,5-3-2,17089,0.500000,0.220000,0.175000,1,0.220000,15,0.300000,21314,0.500000,5.000000,0.500000,0,6,5,0.850000,12737,31,0.500000,13,0.650000,8386,0.400000,4,12737,10,0.850000,-1,38405,0.150000,24,4,31,0.700000,38405,24,0.600000,0.100000,21314,0.500000,0.900000,3.000000,4161
7,0.600000,3,12737,8386,0.350000,0.020000,25,1.000000,0.150000,5-4-1,25602,0.500000,0.220000,0.175000,0,0.220000,15,0.300000,21314,0.500000,5.000000,0.900000,0,6,5,0.850000,12737,33,0.500000,13,0.650000,8386,0.500000,5,12737,12,0.600000,-1,25602,0.150000,14,4,33,0.700000,38405,16,0.100000,0.100000,21314,0.500000,0.900000,4.000000,4161
9,0.350000,3,8386,17089,0.900000,0.020000,27,3.000000,0.220000,4-2-1-3,17089,0.800000,0.220000,0.150000,3,0.350000,23,0.100000,29570,0.500000,4.000000,0.350000,0,7,6,0.800000,12737,36,0.670000,18,0.500000,8386,0.100000,18,12737,11,0.870000,-1,38405,0.150000,27,4,36,0.650000,33794,25,0.500000,0.650000,33794,0.350000,0.900000,3.000000,4161
9,0.350000,3,9987,17153,0.100000,0.020000,25,1.000000,0.220000,4-2-3-1,18306,0.600000,0.220000,0.150000,2,0.350000,16,0.100000,25605,0.500000,5.000000,0.350000,0,7,6,0.870000,12865,4,0.600000,12,0.900000,8450,0.500000,14,12865,11,0.670000,1,29570,0.150000,3,4,37,0.650000,38404,18,0.500000,0.650000,25794,0.350000,0.900000,4.000000,5827
9,0.350000,3,8450,18306,0.100000,0.020000,25,1.000000,0.220000,4-2-3-1,17155,0.600000,0.220000,0.150000,2,0.350000,16,0.100000,25731,0.500000,5.000000,0.350000,0,7,6,0.870000,12865,4,0.600000,12,0.900000,8450,0.500000,14,12865,11,0.670000,2,29576,0.150000,3,4,38,0.650000,38405,18,0.500000,0.650000,25669,0.350000,0.900000,4.000000,4161
7,0.600000,3,12737,8450,0.350000,0.020000,25,1.000000,0.150000,5-4-1,25794,0.500000,0.220000,0.175000,0,0.220000,15,0.300000,21314,0.500000,5.000000,0.900000,0,6,5,0.850000,12737,33,0.500000,13,0.650000,8450,0.500000,5,12737,12,0.600000,3,25794,0.150000,14,4,39,0.700000,38341,16,0.100000,0.100000,21314,0.500000,0.900000,4.000000,4161
9,0.350000,3,8386,17089,0.100000,0.020000,25,1.000000,0.220000,4-2-3-1,17089,0.600000,0.220000,0.150000,2,0.350000,16,0.100000,25794,0.500000,5.000000,0.350000,0,7,6,0.870000,12737,4,0.600000,12,0.900000,8450,0.500000,14,12737,11,0.670000,4,29570,0.150000,3,4,40,0.650000,38213,18,0.500000,0.650000,25602,0.350000,0.900000,4.000000,4161
9,0.350000,3,8514,17155,0.100000,0.020000,25,1.000000,0.220000,4-2-3-1,17089,0.600000,0.220000,0.150000,2,0.350000,16,0.100000,25794,0.500000,5.000000,0.350000,0,7,6,0.870000,12802,4,0.600000,12,0.900000,8581,0.500000,14,12865,11,0.670000,5,29570,0.150000,3,4,41,0.650000,38346,18,0.500000,0.650000,25605,0.350000,0.900000,4.000000,5827
9,0.350000,3,8386,17095,0.100000,0.020000,25,1.000000,0.220000,4-2-3-1,17153,0.600000,0.220000,0.150000,2,0.350000,16,0.100000,25667,0.500000,5.000000,0.350000,0,7,6,0.870000,12737,4,0.600000,12,0.900000,8386,0.500000,14,12737,11,0.670000,7,29570,0.150000,3,4,42,0.650000,38213,18,0.500000,0.650000,25794,0.350000,0.900000,4.000000,5827
7,0.330000,3,12865,8581,0.350000,0.020000,26,2.000000,0.150000,5-3-2,17153,0.500000,0.220000,0.175000,1,0.220000,15,0.300000,21314,0.500000,5.000000,0.500000,0,6,5,0.850000,12737,31,0.500000,13,0.650000,8581,0.400000,4,12802,10,0.850000,8,38341,0.150000,24,4,43,0.700000,38410,24,0.600000,0.100000,21314,0.500000,0.900000,3.000000,4161
9,0.350000,3,8450,18306,0.100000,0.020000,25,1.000000,0.220000,4-2-3-1,17160,0.600000,0.220000,0.150000,2,0.350000,16,0.100000,25797,0.500000,5.000000,0.350000,0,7,6,0.870000,12865,4,0.600000,12,0.900000,8581,0.500000,14,12865,11,0.670000,9,29576,0.150000,3,4,44,0.650000,38341,18,0.500000,0.650000,25794,0.350000,0.900000,4.000000,5827
9,0.350000,3,9989,18306,0.100000,0.020000,25,1.000000,0.220000,4-2-3-1,17155,0.600000,0.220000,0.150000,2,0.350000,16,0.100000,25797,0.500000,5.000000,0.350000,0,7,6,0.870000,12865,4,0.600000,12,0.900000,8581,0.500000,14,12865,11,0.670000,10,29640,0.150000,3,4,45,0.650000,38405,18,0.500000,0.650000,25605,0.350000,0.900000,4.000000,5827
9,0.350000,3,8450,17095,0.100000,0.020000,25,1.000000,0.220000,4-2-3-1,18306,0.600000,0.220000,0.150000,2,0.350000,16,0.100000,25605,0.500000,5.000000,0.350000,0,7,6,0.870000,12865,4,0.600000,12,0.900000,8450,0.500000,14,12865,11,0.670000,11,29576,0.150000,3,4,46,0.650000,38341,18,0.500000,0.650000,25797,0.350000,0.900000,4.000000,5827
9,0.350000,3,8386,17089,0.100000,0.020000,25,1.000000,0.220000,4-2-3-1,17089,0.600000,0.220000,0.150000,2,0.350000,16,0.100000,25602,0.500000,5.000000,0.350000,0,7,6,0.870000,12737,4,0.600000,12,0.900000,8581,0.500000,14,12737,11,0.670000,12,29570,0.150000,3,4,47,0.650000,38341,18,0.500000,0.650000,25794,0.350000,0.900000,4.000000,4161
10,0.500000,3,8450,17096,0.900000,0.020000,27,3.000000,0.220000,4-3-3,21314,0.800000,0.220000,0.150000,3,0.330000,23,0.100000,21319,0.500000,4.000000,0.650000,0,7,6,0.800000,12865,9,0.500000,15,0.350000,8450,0.100000,6,12737,13,0.850000,13,38404,0.150000,7,4,48,0.650000,33986,25,0.500000,0.500000,33986,0.350000,0.900000,3.000000,4226
9,0.350000,3,8386,17153,0.100000,0.020000,25,1.000000,0.220000,4-2-3-1,18306,0.600000,0.220000,0.150000,2,0.350000,16,0.100000,25669,0.500000,5.000000,0.350000,0,7,6,0.870000,12737,4,0.600000,12,0.900000,8386,0.500000,14,12870,11,0.670000,14,29576,0.150000,3,4,49,0.650000,38213,18,0.500000,0.650000,25794,0.350000,0.900000,4.000000,4161
12,0.500000,3,8581,25602,0.100000,0.020000,26,2.000000,0.220000,4-4-2,21314,0.600000,0.220000,0.150000,2,0.600000,16,0.100000,21185,0.500000,4.000000,0.650000,0,7,6,0.850000,12737,16,0.500000,15,0.350000,8513,0.400000,10,12737,13,0.850000,15,38405,0.150000,11,4,50,0.650000,38405,24,0.600000,0.900000,25602,0.350000,0.900000,4.000000,4161
9,0.350000,3,9987,17089,0.100000,0.020000,25,1.000000,0.220000,4-2-3-1,17089,0.600000,0.220000,0.150000,2,0.350000,16,0.100000,25602,0.500000,5.000000,0.350000,0,7,6,0.870000,12737,4,0.600000,12,0.900000,8581,0.500000,14,12737,11,0.670000,17,29570,0.150000,3,4,51,0.650000,38405,18,0.500000,0.650000,25794,0.350000,0.900000,4.000000,4161
9,0.350000,3,8450,17095,0.100000,0.020000,25,1.000000,0.220000,4-2-3-1,17089,0.600000,0.220000,0.150000,2,0.350000,16,0.100000,25794,0.500000,5.000000,0.350000,0,7,6,0.870000,12802,4,0.600000,12,0.900000,8450,0.500000,14,12865,11,0.670000,18,29570,0.150000,3,4,52,0.650000,38341,18,0.500000,0.650000,25794,0.350000,0.900000,4.000000,4226
12,0.500000,3,8450,25794,0.100000,0.020000,26,2.000000,0.220000,4-4-2,21191,0.600000,0.220000,0.150000,2,0.600000,16,0.100000,21314,0.500000,4.000000,0.650000,0,7,6,0.850000,12737,16,0.500000,15,0.350000,8450,0.400000,10,12737,13,0.850000,19,38405,0.150000,11,4,53,0.650000,38275,24,0.600000,0.900000,25605,0.350000,0.900000,4.000000,4161
9,0.350000,3,8394,17160,0.100000,0.020000,25,1.000000,0.220000,4-2-3-1,17153,0.600000,0.220000,0.150000,2,0.350000,16,0.100000,25794,0.500000,5.000000,0.350000,0,7,6,0.870000,12870,4,0.600000,12,0.900000,8452,0.500000,14,12738,11,0.670000,21,29957,0.150000,3,4,54,0.650000,38404,18,0.500000,0.650000,25797,0.350000,0.900000,4.000000,5827
13,0.500000,4,25729,21191,0.750000,0.020000,25,2.000000,0.560000,3-4-2-1,21314,0.700000,0.150000,0.150000,3,0.500000,17,0.900000,25729,0.500000,3.000000,0.350000,0,12,6,0.870000,12867,24,0.560000,16,0.100000,12870,0.500000,19,12870,15,0.700000,22,29957,0.175000,21,5,55,0.500000,38346,19,0.250000,0.650000,29576,0.300000,0.700000,5.000000,4162
13,0.500000,4,25729,21319,0.750000,0.020000,25,2.000000,0.560000,3-4-2-1,21185,0.700000,0.150000,0.150000,3,0.500000,17,0.900000,25732,0.500000,3.000000,0.350000,0,12,6,0.870000,12737,24,0.560000,16,0.100000,12865,0.500000,19,12865,15,0.700000,23,29571,0.175000,21,5,56,0.500000,38213,19,0.250000,0.650000,29637,0.300000,0.700000,5.000000,4161
9,0.350000,3,8450,17089,0.100000,0.020000,25,1.000000,0.220000,4-2-3-1,18306,0.600000,0.220000,0.150000,2,0.350000,16,0.100000,25602,0.500000,5.000000,0.350000,0,7,6,0.870000,12737,4,0.600000,12,0.900000,8452,0.500000,14,12737,11,0.670000,25,29957,0.150000,3,4,57,0.650000,38213,18,0.500000,0.650000,25667,0.350000,0.900000,4.000000,5827
10,0.500000,3,8581,17089,0.900000,0.020000,27,3.000000,0.220000,4-3-3,21251,0.800000,0.220000,0.150000,3,0.330000,23,0.100000,21319,0.500000,4.000000,0.650000,0,7,6,0.800000,12802,9,0.500000,15,0.350000,8581,0.100000,6,12802,13,0.850000,27,38213,0.150000,7,4,58,0.650000,33986,25,0.500000,0.500000,33859,0.350000,0.900000,3.000000,5827
13,0.500000,4,25729,21251,0.500000,0.020000,26,2.500000,0.560000,3-4-1-2,21191,0.670000,0.150000,0.150000,4,0.500000,18,0.900000,25729,0.500000,3.000000,0.350000,0,12,6,0.870000,12870,23,0.560000,16,0.100000,12806,0.400000,1,12802,15,0.870000,28,38213,0.175000,29,5,59,0.500000,38341,24,0.600000,0.650000,29570,0.300000,0.700000,4.500000,5827
13,0.500000,4,25732,21191,0.750000,0.020000,25,2.000000,0.560000,3-4-2-1,21319,0.700000,0.150000,0.150000,3,0.500000,17,0.900000,25602,0.500000,3.000000,0.350000,0,12,6,0.870000,12802,24,0.560000,16,0.100000,12865,0.500000,19,14145,15,0.700000,29,29570,0.175000,21,5,60,0.500000,38405,19,0.250000,0.650000,29576,0.300000,0.700000,5.000000,5827
9,0.350000,3,8386,17155,0.100000,0.020000,26,2.000000,0.220000,4-4-2,17095,0.560000,0.220000,0.150000,2,0.350000,16,0.100000,25732,0.500000,4.000000,0.350000,0,7,6,0.850000,12737,17,0.560000,12,0.900000,8386,0.400000,10,12802,11,0.850000,31,38213,0.150000,12,4,61,0.650000,38277,24,0.600000,0.650000,25731,0.350000,0.900000,4.000000,5827
13,0.500000,4,25729,21251,0.750000,0.020000,25,2.000000,0.560000,3-4-2-1,21319,0.700000,0.150000,0.150000,3,0.500000,17,0.900000,25731,0.500000,3.000000,0.350000,0,12,6,0.870000,12806,24,0.560000,16,0.100000,12806,0.500000,19,14148,15,0.700000,32,29957,0.175000,21,5,62,0.500000,38213,19,0.250000,0.650000,29576,0.300000,0.700000,5.000000,5827
13,0.500000,4,25602,21314,0.750000,0.020000,25,2.000000,0.560000,3-4-2-1,21314,0.700000,0.150000,0.150000,3,0.500000,17,0.900000,25602,0.500000,3.000000,0.350000,0,12,6,0.870000,12802,24,0.560000,16,0.100000,12737,0.500000,19,14145,15,0.700000,33,29570,0.175000,21,5,63,0.500000,38405,19,0.250000,0.650000,29570,0.300000,0.700000,5.000000,5827
9,0.350000,3,8450,17089,0.100000,0.020000,25,1.000000,0.220000,4-2-3-1,17155,0.600000,0.220000,0.150000,2,0.350000,16,0.100000,25794,0.500000,5.000000,0.350000,0,7,6,0.870000,12802,4,0.600000,12,0.900000,8386,0.500000,14,12865,11,0.670000,34,29570,0.150000,3,4,64,0.650000,38405,18,0.500000,0.650000,25667,0.350000,0.900000,4.000000,4226
9,0.350000,3,8452,17089,0.100000,0.020000,25,1.000000,0.220000,4-2-3-1,17155,0.600000,0.220000,0.150000,2,0.350000,16,0.100000,25797,0.500000,5.000000,0.350000,0,7,6,0.870000,12865,4,0.600000,12,0.900000,8450,0.500000,14,12802,11,0.670000,36,29957,0.150000,3,4,65,0.650000,38213,18,0.500000,0.650000,25797,0.350000,0.900000,4.000000,5827
10,0.500000,3,8450,17089,0.900000,0.020000,27,3.000000,0.220000,4-3-3,21314,0.800000,0.220000,0.150000,3,0.330000,23,0.100000,21381,0.500000,4.000000,0.650000,0,7,6,0.800000,12802,9,0.500000,15,0.350000,8580,0.100000,6,12737,13,0.850000,38,38405,0.150000,7,4,66,0.650000,33861,25,0.500000,0.500000,33989,0.350000,0.900000,3.000000,5827
13,0.500000,4,25794,21249,0.750000,0.020000,25,2.000000,0.560000,3-4-2-1,21314,0.700000,0.150000,0.150000,3,0.500000,17,0.900000,25667,0.500000,3.000000,0.350000,0,12,6,0.870000,12802,24,0.560000,16,0.100000,12865,0.500000,19,14145,15,0.700000,45,29634,0.175000,21,5,67,0.500000,38405,19,0.250000,0.650000,29634,0.300000,0.700000,5.000000,5827
13,0.500000,4,25794,21381,0.750000,0.020000,25,2.000000,0.560000,3-4-2-1,21314,0.700000,0.150000,0.150000,3,0.500000,17,0.900000,25794,0.500000,3.000000,0.350000,0,12,6,0.870000,12802,24,0.560000,16,0.100000,12865,0.500000,19,12737,15,0.700000,48,29957,0.175000,21,5,68,0.500000,38341,19,0.250000,0.650000,30341,0.300000,0.700000,5.000000,5827
7,0.330000,3,12737,8450,0.350000,0.020000,26,2.000000,0.150000,5-3-2,17089,0.500000,0.220000,0.175000,1,0.220000,15,0.300000,21381,0.500000,5.000000,0.500000,0,6,5,0.850000,12737,31,0.500000,13,0.650000,8386,0.400000,4,12737,10,0.850000,50,38405,0.150000,24,4,69,0.700000,38275,24,0.600000,0.100000,21314,0.500000,0.900000,3.000000,5827
13,0.500000,4,25602,21251,0.750000,0.020000,25,2.000000,0.560000,3-4-2-1,21314,0.700000,0.150000,0.150000,3,0.500000,17,0.900000,25602,0.500000,3.000000,0.350000,0,12,6,0.870000,12737,24,0.560000,16,0.100000,14145,0.500000,19,12865,15,0.700000,52,29570,0.175000,21,5,70,0.500000,38275,19,0.250000,0.650000,29570,0.300000,0.700000,5.000000,5827
7,0.330000,3,12737,8450,0.350000,0.020000,26,2.000000,0.150000,5-3-2,17089,0.500000,0.220000,0.175000,1,0.220000,15,0.300000,21381,0.500000,5.000000,0.500000,0,6,5,0.850000,12737,31,0.500000,13,0.650000,8450,0.400000,4,12737,10,0.850000,54,38213,0.150000,24,4,71,0.700000,38405,24,0.600000,0.100000,21442,0.500000,0.900000,3.000000,5827
7,0.330000,3,14145,8450,0.350000,0.020000,26,2.000000,0.150000,5-3-2,17089,0.500000,0.220000,0.175000,1,0.220000,15,0.300000,21442,0.500000,5.000000,0.500000,0,6,5,0.850000,14145,31,0.500000,13,0.650000,8450,0.400000,4,12737,10,0.850000,55,38275,0.150000,24,4,72,0.700000,38213,24,0.600000,0.100000,21442,0.500000,0.900000,3.000000,4161
10,0.600000,3,8450,17089,0.350000,0.020000,25,1.000000,0.220000,4-1-4-1,25794,0.500000,0.220000,0.150000,2,0.330000,15,0.100000,21314,0.500000,4.500000,0.900000,0,7,6,0.850000,12737,2,0.500000,13,0.650000,8581,0.500000,15,12802,12,0.600000,57,25602,0.150000,31,4,73,0.650000,38341,16,0.100000,0.500000,21314,0.350000,0.900000,4.500000,4226
7,0.330000,3,12802,8450,0.350000,0.020000,26,2.000000,0.150000,5-3-2,17089,0.500000,0.220000,0.175000,1,0.220000,15,0.300000,21185,0.500000,5.000000,0.500000,0,6,5,0.850000,12865,31,0.500000,13,0.650000,8450,0.400000,4,12737,10,0.850000,58,38341,0.150000,24,4,74,0.700000,38405,24,0.600000,0.100000,21314,0.500000,0.900000,3.000000,4161
12,0.500000,3,8581,25602,0.100000,0.020000,26,2.000000,0.220000,4-4-2,21251,0.600000,0.220000,0.150000,2,0.600000,16,0.100000,21381,0.500000,4.000000,0.650000,0,7,6,0.850000,12737,16,0.500000,15,0.350000,8513,0.400000,10,12737,13,0.850000,62,38275,0.150000,11,4,75,0.650000,38341,24,0.600000,0.900000,25602,0.350000,0.900000,4.000000,4161
13,0.500000,4,25729,21314,0.900000,0.020000,27,3.000000,0.560000,3-4-3,21314,0.800000,0.150000,0.150000,4,0.500000,23,0.900000,25729,0.500000,3.000000,0.350000,0,12,6,0.800000,12737,25,0.560000,16,0.100000,14145,0.100000,0,12865,15,0.850000,64,38405,0.175000,2,5,76,0.500000,33986,25,0.500000,0.650000,33986,0.300000,0.700000,4.000000,5827
9,0.350000,3,8581,17155,0.100000,0.020000,25,1.000000,0.220000,4-2-3-1,17089,0.600000,0.220000,0.150000,2,0.350000,16,0.100000,25667,0.500000,5.000000,0.350000,0,7,6,0.870000,12865,4,0.600000,12,0.900000,8581,0.500000,14,12737,11,0.670000,65,29570,0.150000,3,4,77,0.650000,38405,18,0.500000,0.650000,25667,0.350000,0.900000,4.000000,5827
13,0.480000,3,8450,21251,0.900000,0.020000,27,3.000000,0.220000,4-3-3,21314,0.800000,0.220000,0.150000,3,0.500000,23,0.100000,21314,0.500000,4.000000,0.500000,0,7,6,0.800000,12737,8,0.500000,15,0.350000,8450,0.100000,6,12737,14,0.850000,66,38213,0.150000,17,4,78,0.650000,33986,25,0.500000,0.650000,33986,0.350000,0.900000,3.000000,5827
9,0.350000,3,8386,17089,0.100000,0.020000,25,1.000000,0.220000,4-2-3-1,17089,0.600000,0.220000,0.150000,2,0.350000,16,0.100000,25667,0.500000,5.000000,0.350000,0,7,6,0.870000,12737,4,0.600000,12,0.900000,8450,0.500000,14,12865,11,0.670000,68,29570,0.150000,3,4,79,0.650000,38213,18,0.500000,0.650000,25602,0.350000,0.900000,4.000000,4161
13,0.500000,4,25729,21251,0.750000,0.020000,25,2.000000,0.560000,3-4-2-1,21314,0.700000,0.150000,0.150000,3,0.500000,17,0.900000,25729,0.500000,3.000000,0.350000,0,12,6,0.870000,12865,24,0.560000,16,0.100000,12737,0.500000,19,12737,15,0.700000,69,29570,0.175000,21,5,80,0.500000,38341,19,0.250000,0.650000,29570,0.300000,0.700000,5.000000,4161
9,0.350000,3,8450,17155,0.100000,0.020000,25,1.000000,0.220000,4-2-3-1,17089,0.600000,0.220000,0.150000,2,0.350000,16,0.100000,25602,0.500000,5.000000,0.350000,0,7,6,0.870000,12802,4,0.600000,12,0.900000,8386,0.500000,14,12737,11,0.670000,70,29570,0.150000,3,4,81,0.650000,38405,18,0.500000,0.650000,25602,0.350000,0.900000,4.000000,4161
10,0.600000,3,8450,17089,0.350000,0.020000,25,1.000000,0.220000,4-1-4-1,25667,0.500000,0.220000,0.150000,2,0.330000,15,0.100000,21314,0.500000,4.500000,0.900000,0,7,6,0.850000,12737,2,0.500000,13,0.650000,8386,0.500000,15,12865,12,0.600000,71,25794,0.150000,31,4,82,0.650000,38213,16,0.100000,0.500000,21314,0.350000,0.900000,4.500000,5827
7,0.600000,3,12737,8450,0.350000,0.020000,25,1.000000,0.150000,5-4-1,25794,0.500000,0.220000,0.175000,0,0.220000,15,0.300000,21314,0.500000,5.000000,0.900000,0,6,5,0.850000,14145,33,0.500000,13,0.650000,8581,0.500000,5,12737,12,0.600000,72,25667,0.150000,14,4,83,0.700000,38341,16,0.100000,0.100000,21185,0.500000,0.900000,4.000000,5827
13,0.480000,3,8581,21314,0.900000,0.020000,27,3.000000,0.220000,4-3-3,21384,0.800000,0.220000,0.150000,3,0.500000,23,0.100000,21314,0.500000,4.000000,0.500000,0,7,6,0.800000,12865,8,0.500000,15,0.350000,8581,0.100000,6,12737,14,0.850000,73,38275,0.150000,17,4,84,0.650000,33986,25,0.500000,0.650000,33794,0.350000,0.900000,3.000000,5827
12,0.500000,3,8581,25794,0.100000,0.020000,26,2.000000,0.220000,4-4-2,21251,0.600000,0.220000,0.150000,2,0.600000,16,0.100000,21442,0.500000,4.000000,0.650000,0,7,6,0.850000,12737,16,0.500000,15,0.350000,8386,0.400000,10,12865,13,0.850000,74,38341,0.150000,11,4,85,0.650000,38405,24,0.600000,0.900000,25602,0.350000,0.900000,4.000000,5827
9,0.350000,3,8450,17089,0.100000,0.020000,25,1.000000,0.220000,4-2-3-1,17155,0.600000,0.220000,0.150000,2,0.350000,16,0.100000,25794,0.500000,5.000000,0.350000,0,7,6,0.870000,12737,4,0.600000,12,0.900000,8450,0.500000,14,12737,11,0.670000,76,29957,0.150000,3,4,86,0.650000,38405,18,0.500000,0.650000,25794,0.350000,0.900000,4.000000,5827
7,0.330000,3,12737,8386,0.350000,0.020000,26,2.000000,0.150000,5-3-2,17025,0.500000,0.220000,0.175000,1,0.220000,15,0.300000,21185,0.500000,5.000000,0.500000,0,6,5,0.850000,12737,31,0.500000,13,0.650000,8386,0.400000,4,12737,10,0.850000,77,38341,0.150000,24,4,87,0.700000,38341,24,0.600000,0.100000,21185,0.500000,0.900000,3.000000,4161
13,0.480000,3,8386,21442,0.900000,0.020000,27,3.000000,0.220000,4-3-3,21314,0.800000,0.220000,0.150000,3,0.500000,23,0.100000,21381,0.500000,4.000000,0.500000,0,7,6,0.800000,12865,8,0.500000,15,0.350000,8386,0.100000,6,12867,14,0.850000,78,38341,0.150000,17,4,88,0.650000,33986,25,0.500000,0.650000,33794,0.350000,0.900000,3.000000,4226
9,0.350000,3,8386,17155,0.100000,0.020000,25,1.000000,0.220000,4-2-3-1,17153,0.600000,0.220000,0.150000,2,0.350000,16,0.100000,25602,0.500000,5.000000,0.350000,0,7,6,0.870000,12802,4,0.600000,12,0.900000,8386,0.500000,14,12865,11,0.670000,79,29634,0.150000,3,4,89,0.650000,38405,18,0.500000,0.650000,25602,0.350000,0.900000,4.000000,4161
12,0.500000,3,8581,25602,0.100000,0.020000,26,2.000000,0.220000,4-4-2,21314,0.600000,0.220000,0.150000,2,0.600000,16,0.100000,21314,0.500000,4.000000,0.650000,0,7,6,0.850000,12802,16,0.500000,15,0.350000,8581,0.400000,10,12802,13,0.850000,80,38275,0.150000,11,4,90,0.650000,38405,24,0.600000,0.900000,25602,0.350000,0.900000,4.000000,4226
13,0.500000,4,25729,21314,0.500000,0.020000,26,2.500000,0.560000,3-4-1-2,21251,0.670000,0.150000,0.150000,4,0.500000,18,0.900000,25602,0.500000,3.000000,0.350000,0,12,6,0.870000,12738,23,0.560000,16,0.100000,12865,0.400000,1,14145,15,0.870000,81,38410,0.175000,29,5,91,0.500000,38405,24,0.600000,0.650000,29570,0.300000,0.700000,4.500000,5827
12,0.500000,3,8581,25602,0.100000,0.020000,26,2.000000,0.220000,4-4-2,21314,0.600000,0.220000,0.150000,2,0.600000,16,0.100000,21314,0.500000,4.000000,0.650000,0,7,6,0.850000,12737,16,0.500000,15,0.350000,8581,0.400000,10,12737,13,0.850000,82,38275,0.150000,11,4,92,0.650000,38341,24,0.600000,0.900000,25602,0.350000,0.900000,4.000000,4161
9,0.350000,3,8386,17155,0.100000,0.020000,25,1.000000,0.220000,4-2-3-1,17160,0.600000,0.220000,0.150000,2,0.350000,16,0.100000,25602,0.500000,5.000000,0.350000,0,7,6,0.870000,12802,4,0.600000,12,0.900000,8386,0.500000,14,12865,11,0.670000,83,29570,0.150000,3,4,93,0.650000,38213,18,0.500000,0.650000,25669,0.350000,0.900000,4.000000,4161
9,0.350000,3,8386,17155,0.100000,0.020000,25,1.000000,0.220000,4-2-3-1,17155,0.600000,0.220000,0.150000,2,0.350000,16,0.100000,25602,0.500000,5.000000,0.350000,0,7,6,0.870000,12865,4,0.600000,12,0.900000,8386,0.500000,14,12865,11,0.670000,86,29570,0.150000,3,4,94,0.650000,38405,18,0.500000,0.650000,25602,0.350000,0.900000,4.000000,4226
9,0.350000,3,8581,17089,0.100000,0.020000,25,1.000000,0.220000,4-2-3-1,18306,0.600000,0.220000,0.150000,2,0.350000,16,0.100000,25794,0.500000,5.000000,0.350000,0,7,6,0.870000,12737,4,0.600000,12,0.900000,9987,0.500000,14,12737,11,0.670000,88,29570,0.150000,3,4,95,0.650000,38405,18,0.500000,0.650000,25794,0.350000,0.900000,4.000000,4161
7,0.330000,3,12737,8450,0.350000,0.020000,26,2.000000,0.150000,5-3-2,17089,0.500000,0.220000,0.175000,1,0.220000,15,0.300000,21314,0.500000,5.000000,0.500000,0,6,5,0.850000,12737,31,0.500000,13,0.650000,8450,0.400000,4,12802,10,0.850000,89,38213,0.150000,24,4,96,0.700000,38213,24,0.600000,0.100000,21314,0.500000,0.900000,3.000000,4161
9,0.350000,3,8581,17089,0.100000,0.020000,25,1.000000,0.220000,4-2-3-1,17089,0.600000,0.220000,0.150000,2,0.350000,16,0.100000,25794,0.500000,5.000000,0.350000,0,7,6,0.870000,12737,4,0.600000,12,0.900000,8450,0.500000,14,12737,11,0.670000,91,29570,0.150000,3,4,97,0.650000,38213,18,0.500000,0.650000,25794,0.350000,0.900000,4.000000,4161
10,0.600000,3,8452,17153,0.350000,0.020000,25,1.000000,0.220000,4-1-4-1,25605,0.500000,0.220000,0.150000,2,0.330000,15,0.100000,21314,0.500000,4.500000,0.900000,0,7,6,0.850000,12802,2,0.500000,13,0.650000,8394,0.500000,15,12802,12,0.600000,92,25605,0.150000,31,4,98,0.650000,38213,16,0.100000,0.500000,21314,0.350000,0.900000,4.500000,4161
9,0.350000,3,8581,17089,0.100000,0.020000,25,1.000000,0.220000,4-2-3-1,17089,0.600000,0.220000,0.150000,2,0.350000,16,0.100000,25602,0.500000,5.000000,0.350000,0,7,6,0.870000,12737,4,0.600000,12,0.900000,8450,0.500000,14,12737,11,0.670000,94,29570,0.150000,3,4,99,0.650000,38405,18,0.500000,0.650000,25667,0.350000,0.900000,4.000000,4161
9,0.350000,3,8386,17155,0.100000,0.020000,25,1.000000,0.220000,4-2-3-1,17089,0.600000,0.220000,0.150000,2,0.350000,16,0.100000,25602,0.500000,5.000000,0.350000,0,7,6,0.870000,12737,4,0.600000,12,0.900000,9987,0.500000,14,12737,11,0.670000,95,29570,0.150000,3,4,100,0.650000,38405,18,0.500000,0.650000,25794,0.350000,0.900000,4.000000,4161
9,0.350000,3,8386,17089,0.100000,0.020000,25,1.000000,0.220000,4-2-3-1,17025,0.600000,0.220000,0.150000,2,0.350000,16,0.100000,25794,0.500000,5.000000,0.350000,0,7,6,0.870000,12737,4,0.600000,12,0.900000,8513,0.500000,14,12737,11,0.670000,97,29570,0.150000,3,4,101,0.650000,38405,18,0.500000,0.650000,25794,0.350000,0.900000,4.000000,4161
9,0.350000,3,8386,17155,0.100000,0.020000,25,1.000000,0.220000,4-2-3-1,18306,0.600000,0.220000,0.150000,2,0.350000,16,0.100000,25602,0.500000,5.000000,0.350000,0,7,6,0.870000,12802,4,0.600000,12,0.900000,8386,0.500000,14,12865,11,0.670000,106,29570,0.150000,3,4,102,0.650000,38210,18,0.500000,0.650000,25605,0.350000,0.900000,4.000000,5827
12,0.500000,3,8450,25667,0.100000,0.020000,26,2.000000,0.220000,4-4-2,21314,0.600000,0.220000,0.150000,2,0.600000,16,0.100000,21314,0.500000,4.000000,0.650000,0,7,6,0.850000,12737,16,0.500000,15,0.350000,8386,0.400000,10,12737,13,0.850000,109,38341,0.150000,11,4,103,0.650000,38213,24,0.600000,0.900000,25602,0.350000,0.900000,4.000000,4161
7,0.330000,3,12737,8581,0.350000,0.020000,26,2.000000,0.150000,5-3-2,17155,0.500000,0.220000,0.175000,1,0.220000,15,0.300000,21185,0.500000,5.000000,0.500000,0,6,5,0.850000,12737,31,0.500000,13,0.650000,8581,0.400000,4,12737,10,0.850000,110,38213,0.150000,24,4,104,0.700000,38341,24,0.600000,0.100000,21442,0.500000,0.900000,3.000000,4161
13,0.500000,3,8386,21314,0.875000,0.075000,27,3.000000,0.112500,4-3-3,21314,0.825000,0.112500,0.100000,3,0.500000,23,0.150000,29570,0.500000,4.000000,0.375000,0,7,6,0.825000,12737,11,0.650000,18,0.500000,8386,0.125000,6,12737,15,0.925000,111,38405,0.100000,4,4,105,0.625000,33794,25,0.500000,0.625000,33794,0.375000,0.850000,3.000000,4161
13,0.500000,3,8386,21314,0.875000,0.075000,27,3.000000,0.112500,4-3-3,21314,0.825000,0.112500,0.100000,3,0.500000,23,0.150000,29570,0.500000,4.000000,0.375000,0,7,6,0.825000,12737,11,0.650000,18,0.500000,8386,0.125000,6,12737,15,0.925000,112,38405,0.100000,4,4,106,0.625000,33794,25,0.500000,0.625000,33794,0.375000,0.850000,3.000000,4161
9,0.350000,3,8450,17155,0.100000,0.020000,25,1.000000,0.220000,4-2-3-1,17089,0.600000,0.220000,0.150000,2,0.350000,16,0.100000,25602,0.500000,5.000000,0.350000,0,7,6,0.870000,12737,4,0.600000,12,0.900000,8581,0.500000,14,12737,11,0.670000,121,29570,0.150000,3,4,107,0.650000,38213,18,0.500000,0.650000,25794,0.350000,0.900000,4.000000,4161
7,0.500000,3,12737,8581,0.500000,0.020000,26,2.000000,0.150000,5-2-1-2,21314,0.670000,0.220000,0.175000,1,0.220000,18,0.300000,21314,0.500000,6.000000,0.650000,0,6,5,0.870000,12737,29,0.500000,15,0.350000,8581,0.400000,4,12737,13,0.870000,127,38341,0.150000,35,4,108,0.700000,38405,24,0.600000,0.100000,29957,0.500000,0.900000,2.000000,4161
9,0.350000,3,8450,17089,0.100000,0.020000,25,1.000000,0.220000,4-2-3-1,18306,0.600000,0.220000,0.150000,2,0.350000,16,0.100000,25667,0.500000,5.000000,0.350000,0,7,6,0.870000,12865,4,0.600000,12,0.900000,8450,0.500000,14,12802,11,0.670000,135,29570,0.150000,3,4,109,0.650000,38341,18,0.500000,0.650000,25605,0.350000,0.900000,4.000000,5827
10,0.600000,3,8386,17089,0.350000,0.020000,25,1.000000,0.220000,4-1-4-1,25602,0.500000,0.220000,0.150000,2,0.330000,15,0.100000,21314,0.500000,4.500000,0.900000,0,7,6,0.850000,12737,2,0.500000,13,0.650000,8450,0.500000,15,12737,12,0.600000,142,25794,0.150000,31,4,110,0.650000,38405,16,0.100000,0.500000,21381,0.350000,0.900000,4.500000,4161
9,0.350000,3,8386,17089,0.100000,0.020000,25,1.000000,0.220000,4-2-3-1,17089,0.600000,0.220000,0.150000,2,0.350000,16,0.100000,25729,0.500000,5.000000,0.350000,0,7,6,0.870000,12737,4,0.600000,12,0.900000,8386,0.500000,14,12737,11,0.670000,143,29634,0.150000,3,4,111,0.650000,38405,18,0.500000,0.650000,25794,0.350000,0.900000,4.000000,4161
9,0.350000,3,8450,17089,0.100000,0.020000,25,1.000000,0.220000,4-2-3-1,17096,0.600000,0.220000,0.150000,2,0.350000,16,0.100000,25794,0.500000,5.000000,0.350000,0,7,6,0.870000,12865,4,0.600000,12,0.900000,8386,0.500000,14,12802,11,0.670000,144,29634,0.150000,3,4,112,0.650000,38213,18,0.500000,0.650000,25669,0.350000,0.900000,4.000000,4161
9,0.350000,3,9987,17089,0.100000,0.020000,25,1.000000,0.220000,4-2-3-1,17089,0.600000,0.220000,0.150000,2,0.350000,16,0.100000,25794,0.500000,5.000000,0.350000,0,7,6,0.870000,12737,4,0.600000,12,0.900000,9987,0.500000,14,12737,11,0.670000,149,29570,0.150000,3,4,113,0.650000,38405,18,0.500000,0.650000,25602,0.350000,0.900000,4.000000,4161
10,0.600000,3,9987,17025,0.350000,0.020000,25,1.000000,0.220000,4-1-4-1,25602,0.500000,0.220000,0.150000,2,0.330000,15,0.100000,21442,0.500000,4.500000,0.900000,0,7,6,0.850000,14145,2,0.500000,13,0.650000,8581,0.500000,15,12737,12,0.600000,159,25667,0.150000,31,4,114,0.650000,38275,16,0.100000,0.500000,21442,0.350000,0.900000,4.500000,5827
9,0.350000,3,8450,18306,0.100000,0.020000,25,1.000000,0.220000,4-2-3-1,17160,0.600000,0.220000,0.150000,2,0.350000,16,0.100000,25794,0.500000,5.000000,0.350000,0,7,6,0.870000,12737,4,0.600000,12,0.900000,8513,0.500000,14,12870,11,0.670000,160,29570,0.150000,3,4,115,0.650000,38213,18,0.500000,0.650000,25602,0.350000,0.900000,4.000000,4161
9,0.350000,3,8581,17025,0.100000,0.020000,25,1.000000,0.220000,4-2-3-1,17089,0.600000,0.220000,0.150000,2,0.350000,16,0.100000,25794,0.500000,5.000000,0.350000,0,7,6,0.870000,12802,4,0.600000,12,0.900000,9987,0.500000,14,12802,11,0.670000,162,29570,0.150000,3,4,116,0.650000,38405,18,0.500000,0.650000,25797,0.350000,0.900000,4.000000,5827
9,0.350000,3,8386,17025,0.100000,0.020000,25,1.000000,0.220000,4-2-3-1,17153,0.600000,0.220000,0.150000,2,0.350000,16,0.100000,25602,0.500000,5.000000,0.350000,0,7,6,0.870000,14145,4,0.600000,12,0.900000,8450,0.500000,14,12802,11,0.670000,165,29634,0.150000,3,4,117,0.650000,38346,18,0.500000,0.650000,25605,0.350000,0.900000,4.000000,4161
9,0.350000,3,8513,17160,0.100000,0.020000,25,1.000000,0.220000,4-2-3-1,17155,0.600000,0.220000,0.150000,2,0.350000,16,0.100000,25602,0.500000,5.000000,0.350000,0,7,6,0.870000,12802,4,0.600000,12,0.900000,8386,0.500000,14,12865,11,0.670000,166,29637,0.150000,3,4,118,0.650000,38405,18,0.500000,0.650000,25797,0.350000,0.900000,4.000000,5827
7,0.330000,3,12802,8581,0.350000,0.020000,26,2.000000,0.150000,5-3-2,17096,0.500000,0.220000,0.175000,1,0.220000,15,0.300000,21445,0.500000,5.000000,0.500000,0,6,5,0.850000,12802,31,0.500000,13,0.650000,8450,0.400000,4,12737,10,0.850000,169,38277,0.150000,24,4,119,0.700000,38210,24,0.600000,0.100000,21381,0.500000,0.900000,3.000000,4226
10,0.500000,3,8581,17155,0.900000,0.020000,27,3.000000,0.220000,4-3-3,21384,0.800000,0.220000,0.150000,3,0.330000,23,0.100000,21442,0.500000,4.000000,0.650000,0,7,6,0.800000,12802,9,0.500000,15,0.350000,8581,0.100000,6,12865,13,0.850000,171,38213,0.150000,7,4,120,0.650000,33986,25,0.500000,0.500000,33992,0.350000,0.900000,3.000000,5827
7,0.330000,3,12865,8580,0.350000,0.020000,26,2.000000,0.150000,5-3-2,17095,0.500000,0.220000,0.175000,1,0.220000,15,0.300000,21445,0.500000,5.000000,0.500000,0,6,5,0.850000,12737,31,0.500000,13,0.650000,8452,0.400000,4,12802,10,0.850000,175,38405,0.150000,24,4,121,0.700000,38277,24,0.600000,0.100000,21251,0.500000,0.900000,3.000000,5827
9,0.350000,3,8581,17089,0.100000,0.020000,25,1.000000,0.220000,4-2-3-1,17089,0.600000,0.220000,0.150000,2,0.350000,16,0.100000,25602,0.500000,5.000000,0.350000,0,7,6,0.870000,12737,4,0.600000,12,0.900000,8450,0.500000,14,12737,11,0.670000,180,29571,0.150000,3,4,122,0.650000,38405,18,0.500000,0.650000,25794,0.350000,0.900000,4.000000,4161
13,0.500000,4,25602,21251,0.900000,0.020000,27,3.000000,0.560000,3-4-3,21249,0.800000,0.150000,0.150000,4,0.500000,23,0.900000,25602,0.500000,3.000000,0.350000,0,12,6,0.800000,12737,25,0.560000,16,0.100000,12865,0.100000,0,12865,15,0.850000,181,38213,0.175000,2,5,123,0.500000,33802,25,0.500000,0.650000,33794,0.300000,0.700000,4.000000,4161
9,0.350000,3,8450,17155,0.100000,0.020000,25,1.000000,0.220000,4-2-3-1,17089,0.600000,0.220000,0.150000,2,0.350000,16,0.100000,25794,0.500000,5.000000,0.350000,0,7,6,0.870000,12802,4,0.600000,12,0.900000,8581,0.500000,14,12865,11,0.670000,189,29634,0.150000,3,4,124,0.650000,38341,18,0.500000,0.650000,25667,0.350000,0.900000,4.000000,5827
9,0.350000,3,8581,17985,0.250000,0.020000,26,2.000000,0.220000,4-2-2-2,17155,0.670000,0.220000,0.150000,2,0.350000,19,0.100000,29957,0.500000,5.000000,0.350000,0,7,6,0.870000,12802,13,0.670000,17,0.750000,8450,0.400000,10,12802,11,0.870000,191,38341,0.150000,32,4,125,0.650000,38341,24,0.600000,0.650000,29634,0.350000,0.900000,3.000000,4161
13,0.480000,3,8386,21442,0.750000,0.020000,25,2.500000,0.220000,4-3-2-1,21251,0.700000,0.220000,0.150000,2,0.500000,17,0.100000,21442,0.500000,4.000000,0.500000,0,7,6,0.850000,12737,7,0.500000,15,0.350000,8581,0.500000,8,12737,14,0.700000,200,29957,0.150000,20,4,126,0.650000,38405,19,0.250000,0.650000,29570,0.350000,0.900000,3.500000,4161
7,0.330000,3,14145,8450,0.350000,0.020000,26,2.000000,0.150000,5-3-2,17155,0.500000,0.220000,0.175000,1,0.220000,15,0.300000,21314,0.500000,5.000000,0.500000,0,6,5,0.850000,12737,31,0.500000,13,0.650000,8450,0.400000,4,12737,10,0.850000,205,38275,0.150000,24,4,127,0.700000,38213,24,0.600000,0.100000,21314,0.500000,0.900000,3.000000,5827
7,0.330000,3,14145,8450,0.350000,0.020000,26,2.000000,0.150000,5-3-2,17089,0.500000,0.220000,0.175000,1,0.220000,15,0.300000,21185,0.500000,5.000000,0.500000,0,6,5,0.850000,12737,31,0.500000,13,0.650000,8450,0.400000,4,12737,10,0.850000,206,38213,0.150000,24,4,128,0.700000,38341,24,0.600000,0.100000,21314,0.500000,0.900000,3.000000,4161
13,0.500000,4,25602,21185,0.750000,0.020000,25,2.000000,0.560000,3-4-2-1,21314,0.700000,0.150000,0.150000,3,0.500000,17,0.900000,25729,0.500000,3.000000,0.350000,0,12,6,0.870000,12737,24,0.560000,16,0.100000,12802,0.500000,19,12865,15,0.700000,209,29570,0.175000,21,5,129,0.500000,38405,19,0.250000,0.650000,29570,0.300000,0.700000,5.000000,4161
13,0.500000,3,8386,21251,0.900000,0.020000,27,3.000000,0.220000,4-3-3,21185,0.800000,0.220000,0.150000,3,0.500000,23,0.100000,29570,0.500000,4.000000,0.350000,0,7,6,0.800000,12865,11,0.670000,18,0.500000,8386,0.100000,6,12737,15,0.870000,211,38405,0.150000,4,4,130,0.650000,33794,25,0.500000,0.650000,33861,0.350000,0.900000,3.000000,4161
13,0.500000,4,25729,21314,0.750000,0.020000,25,2.000000,0.560000,3-4-2-1,21251,0.700000,0.150000,0.150000,3,0.500000,17,0.900000,25729,0.500000,3.000000,0.350000,0,12,6,0.870000,12737,24,0.560000,16,0.100000,14145,0.500000,19,12737,15,0.700000,217,29634,0.175000,21,5,131,0.500000,38405,19,0.250000,0.650000,29634,0.300000,0.700000,5.000000,5827
9,0.350000,3,8450,17155,0.100000,0.020000,25,1.000000,0.220000,4-2-3-1,17985,0.600000,0.220000,0.150000,2,0.350000,16,0.100000,25794,0.500000,5.000000,0.350000,0,7,6,0.870000,12737,4,0.600000,12,0.900000,8581,0.500000,14,12865,11,0.670000,219,29570,0.150000,3,4,132,0.650000,38275,18,0.500000,0.650000,25794,0.350000,0.900000,4.000000,5827
9,0.350000,3,8450,17089,0.100000,0.020000,25,1.000000,0.220000,4-2-3-1,17089,0.600000,0.220000,0.150000,2,0.350000,16,0.100000,25669,0.500000,5.000000,0.350000,0,7,6,0.870000,12737,4,0.600000,12,0.900000,8450,0.500000,14,12737,11,0.670000,229,29570,0.150000,3,4,133,0.650000,38341,18,0.500000,0.650000,25794,0.350000,0.900000,4.000000,4161
13,0.500000,4,25794,21314,0.900000,0.020000,27,3.000000,0.560000,3-4-3,21314,0.800000,0.150000,0.150000,4,0.500000,23,0.900000,25794,0.500000,3.000000,0.350000,0,12,6,0.800000,12737,25,0.560000,16,0.100000,12865,0.100000,0,12865,15,0.850000,230,38405,0.175000,2,5,134,0.500000,33794,25,0.500000,0.650000,33794,0.300000,0.700000,4.000000,4161
13,0.480000,3,8450,21314,0.900000,0.020000,27,3.000000,0.220000,4-3-3,21314,0.800000,0.220000,0.150000,3,0.500000,23,0.100000,21314,0.500000,4.000000,0.500000,0,7,6,0.800000,12737,8,0.500000,15,0.350000,8386,0.100000,6,12865,14,0.850000,231,38213,0.150000,17,4,135,0.650000,33794,25,0.500000,0.650000,33794,0.350000,0.900000,3.000000,4226
9,0.350000,3,8386,17089,0.100000,0.020000,25,1.000000,0.220000,4-2-3-1,17155,0.600000,0.220000,0.150000,2,0.350000,16,0.100000,25602,0.500000,5.000000,0.350000,0,7,6,0.870000,12737,4,0.600000,12,0.900000,8450,0.500000,14,12737,11,0.670000,232,29570,0.150000,3,4,136,0.650000,38405,18,0.500000,0.650000,25602,0.350000,0.900000,4.000000,4226
9,0.350000,3,8452,18306,0.100000,0.020000,25,1.000000,0.220000,4-2-3-1,17155,0.600000,0.220000,0.150000,2,0.350000,16,0.100000,25729,0.500000,5.000000,0.350000,0,7,6,0.870000,12737,4,0.600000,12,0.900000,8581,0.500000,14,12806,11,0.670000,234,29570,0.150000,3,4,137,0.650000,38405,18,0.500000,0.650000,25794,0.350000,0.900000,4.000000,4161
10,0.500000,3,8450,17155,0.900000,0.020000,27,3.000000,0.220000,4-3-3,21319,0.800000,0.220000,0.150000,3,0.330000,23,0.100000,21381,0.500000,4.000000,0.650000,0,7,6,0.800000,12738,9,0.500000,15,0.350000,8450,0.100000,6,12867,13,0.850000,236,38213,0.150000,7,4,138,0.650000,33986,25,0.500000,0.500000,33859,0.350000,0.900000,3.000000,4226
9,0.350000,3,8581,17095,0.100000,0.020000,25,1.000000,0.220000,4-2-3-1,17155,0.600000,0.220000,0.150000,2,0.350000,16,0.100000,25794,0.500000,5.000000,0.350000,0,7,6,0.870000,12865,4,0.600000,12,0.900000,8450,0.500000,14,12865,11,0.670000,237,29576,0.150000,3,4,139,0.650000,38341,18,0.500000,0.650000,25794,0.350000,0.900000,4.000000,4161
12,0.500000,3,8386,25729,0.100000,0.020000,26,2.000000,0.220000,4-4-2,21314,0.600000,0.220000,0.150000,2,0.600000,16,0.100000,21251,0.500000,4.000000,0.650000,0,7,6,0.850000,12737,16,0.500000,15,0.350000,9987,0.400000,10,12865,13,0.850000,240,38275,0.150000,11,4,140,0.650000,38405,24,0.600000,0.900000,25667,0.350000,0.900000,4.000000,4161
9,0.350000,3,8450,17155,0.900000,0.020000,27,3.000000,0.220000,4-2-1-3,17155,0.800000,0.220000,0.150000,3,0.350000,23,0.100000,29957,0.500000,4.000000,0.350000,0,7,6,0.800000,12865,36,0.670000,18,0.500000,8450,0.100000,18,12865,11,0.870000,241,38341,0.150000,27,4,141,0.650000,33794,25,0.500000,0.650000,33794,0.350000,0.900000,3.000000,5827
9,0.350000,3,8386,17089,0.100000,0.020000,25,1.000000,0.220000,4-2-3-1,17089,0.600000,0.220000,0.150000,2,0.350000,16,0.100000,25794,0.500000,5.000000,0.350000,0,7,6,0.870000,12737,4,0.600000,12,0.900000,8386,0.500000,14,12737,11,0.670000,242,29570,0.150000,3,4,142,0.650000,38341,18,0.500000,0.650000,25794,0.350000,0.900000,4.000000,4161
10,0.500000,3,8450,17089,0.500000,0.020000,26,2.500000,0.220000,4-1-2-1-2,21442,0.670000,0.220000,0.150000,2,0.330000,18,0.100000,21381,0.500000,4.000000,0.650000,0,7,6,0.870000,12802,15,0.500000,15,0.350000,8581,0.400000,11,12865,13,0.870000,243,38405,0.150000,9,4,143,0.650000,38410,24,0.600000,0.500000,29570,0.350000,0.900000,3.500000,5827
9,0.350000,3,8450,17089,0.100000,0.020000,25,1.000000,0.220000,4-2-3-1,17089,0.600000,0.220000,0.150000,2,0.350000,16,0.100000,25794,0.500000,5.000000,0.350000,0,7,6,0.870000,12737,4,0.600000,12,0.900000,8386,0.500000,14,12737,11,0.670000,244,29570,0.150000,3,4,144,0.650000,38405,18,0.500000,0.650000,25667,0.350000,0.900000,4.000000,4161
10,0.500000,3,8450,17096,0.900000,0.020000,27,3.000000,0.220000,4-3-3,21319,0.800000,0.220000,0.150000,3,0.330000,23,0.100000,21384,0.500000,4.000000,0.650000,0,7,6,0.800000,12737,9,0.500000,15,0.350000,8581,0.100000,6,12867,13,0.850000,245,38213,0.150000,7,4,145,0.650000,33989,25,0.500000,0.500000,33859,0.350000,0.900000,3.000000,4226
10,0.500000,3,8452,17096,0.900000,0.020000,27,3.000000,0.220000,4-3-3,21314,0.800000,0.220000,0.150000,3,0.330000,23,0.100000,21251,0.500000,4.000000,0.650000,0,7,6,0.800000,12737,9,0.500000,15,0.350000,8452,0.100000,6,12737,13,0.850000,246,38341,0.150000,7,4,146,0.650000,33797,25,0.500000,0.500000,33986,0.350000,0.900000,3.000000,4161
10,0.500000,3,9989,17160,0.900000,0.020000,27,3.000000,0.220000,4-3-3,21381,0.800000,0.220000,0.150000,3,0.330000,23,0.100000,21314,0.500000,4.000000,0.650000,0,7,6,0.800000,12802,9,0.500000,15,0.350000,8581,0.100000,6,12867,13,0.850000,247,38404,0.150000,7,4,147,0.650000,33794,25,0.500000,0.500000,33986,0.350000,0.900000,3.000000,4161
13,0.500000,4,25794,21442,0.500000,0.020000,26,2.500000,0.560000,3-4-1-2,21251,0.670000,0.150000,0.150000,4,0.500000,18,0.900000,25794,0.500000,3.000000,0.350000,0,12,6,0.870000,12802,23,0.560000,16,0.100000,12737,0.400000,1,12737,15,0.870000,252,38275,0.175000,29,5,148,0.500000,38405,24,0.600000,0.650000,29570,0.300000,0.700000,4.500000,4161
13,0.500000,4,25794,21314,0.900000,0.020000,27,3.000000,0.560000,3-4-3,21381,0.800000,0.150000,0.150000,4,0.500000,23,0.900000,25602,0.500000,3.000000,0.350000,0,12,6,0.800000,12737,25,0.560000,16,0.100000,12802,0.100000,0,12802,15,0.850000,254,38341,0.175000,2,5,149,0.500000,33986,25,0.500000,0.650000,33986,0.300000,0.700000,4.000000,5827
13,0.500000,4,25729,21185,0.750000,0.020000,25,2.000000,0.560000,3-4-2-1,21185,0.700000,0.150000,0.150000,3,0.500000,17,0.900000,25794,0.500000,3.000000,0.350000,0,12,6,0.870000,12737,24,0.560000,16,0.100000,12865,0.500000,19,12802,15,0.700000,256,29634,0.175000,21,5,150,0.500000,38341,19,0.250000,0.650000,29570,0.300000,0.700000,5.000000,4226
13,0.500000,3,8386,21314,0.900000,0.020000,27,3.000000,0.220000,4-3-3,21251,0.800000,0.220000,0.150000,3,0.500000,23,0.100000,29570,0.500000,4.000000,0.350000,0,7,6,0.800000,12737,11,0.670000,18,0.500000,8386,0.100000,6,12865,15,0.870000,263,38213,0.150000,4,4,151,0.650000,33794,25,0.500000,0.650000,33794,0.350000,0.900000,3.000000,4161
13,0.500000,4,25729,21314,0.500000,0.020000,26,2.500000,0.560000,3-4-1-2,21314,0.670000,0.150000,0.150000,4,0.500000,18,0.900000,25602,0.500000,3.000000,0.350000,0,12,6,0.870000,12737,23,0.560000,16,0.100000,12865,0.400000,1,12865,15,0.870000,266,38405,0.175000,29,5,152,0.500000,38405,24,0.600000,0.650000,29570,0.300000,0.700000,4.500000,4161
13,0.500000,4,25602,21314,0.900000,0.020000,27,3.000000,0.560000,3-4-3,21381,0.800000,0.150000,0.150000,4,0.500000,23,0.900000,25602,0.500000,3.000000,0.350000,0,12,6,0.800000,12737,25,0.560000,16,0.100000,12737,0.100000,0,12865,15,0.850000,267,38405,0.175000,2,5,153,0.500000,33794,25,0.500000,0.650000,33794,0.300000,0.700000,4.000000,4226
9,0.350000,3,8581,17155,0.100000,0.020000,25,1.000000,0.220000,4-2-3-1,18306,0.600000,0.220000,0.150000,2,0.350000,16,0.100000,25794,0.500000,5.000000,0.350000,0,7,6,0.870000,12737,4,0.600000,12,0.900000,8450,0.500000,14,12865,11,0.670000,269,29634,0.150000,3,4,154,0.650000,38341,18,0.500000,0.650000,25794,0.350000,0.900000,4.000000,5827
13,0.480000,3,8450,21314,0.750000,0.020000,25,2.500000,0.220000,4-3-2-1,21249,0.700000,0.220000,0.150000,2,0.500000,17,0.100000,21445,0.500000,4.000000,0.500000,0,7,6,0.850000,12737,7,0.500000,15,0.350000,8450,0.500000,8,12737,14,0.700000,270,29634,0.150000,20,4,155,0.650000,38341,19,0.250000,0.650000,29570,0.350000,0.900000,3.500000,4161
13,0.500000,4,25667,21381,0.900000,0.020000,27,3.000000,0.560000,3-4-3,21314,0.800000,0.150000,0.150000,4,0.500000,23,0.900000,25794,0.500000,3.000000,0.350000,0,12,6,0.800000,12737,25,0.560000,16,0.100000,12865,0.100000,0,12865,15,0.850000,271,38405,0.175000,2,5,156,0.500000,33859,25,0.500000,0.650000,33986,0.300000,0.700000,4.000000,5827
12,0.500000,3,8581,25602,0.100000,0.020000,26,2.000000,0.220000,4-4-2,21251,0.600000,0.220000,0.150000,2,0.600000,16,0.100000,21251,0.500000,4.000000,0.650000,0,7,6,0.850000,12865,16,0.500000,15,0.350000,8581,0.400000,10,12737,13,0.850000,272,38405,0.150000,11,4,157,0.650000,38405,24,0.600000,0.900000,25602,0.350000,0.900000,4.000000,5827
12,0.500000,3,8386,25729,0.100000,0.020000,26,2.000000,0.220000,4-4-2,21314,0.600000,0.220000,0.150000,2,0.600000,16,0.100000,21381,0.500000,4.000000,0.650000,0,7,6,0.850000,12737,16,0.500000,15,0.350000,8386,0.400000,10,12802,13,0.850000,278,38341,0.150000,11,4,158,0.650000,38405,24,0.600000,0.900000,25602,0.350000,0.900000,4.000000,4161
9,0.350000,3,8513,17155,0.100000,0.020000,25,1.000000,0.220000,4-2-3-1,17155,0.600000,0.220000,0.150000,2,0.350000,16,0.100000,25667,0.500000,5.000000,0.350000,0,7,6,0.870000,12865,4,0.600000,12,0.900000,8386,0.500000,14,12865,11,0.670000,280,29957,0.150000,3,4,159,0.650000,38341,18,0.500000,0.650000,25667,0.350000,0.900000,4.000000,4226
10,0.600000,3,8513,17089,0.350000,0.020000,25,1.000000,0.220000,4-1-4-1,25667,0.500000,0.220000,0.150000,2,0.330000,15,0.100000,21384,0.500000,4.500000,0.900000,0,7,6,0.850000,12802,2,0.500000,13,0.650000,8386,0.500000,15,12737,12,0.600000,294,25794,0.150000,31,4,160,0.650000,38405,16,0.100000,0.500000,21314,0.350000,0.900000,4.500000,4161
12,0.500000,3,8581,25602,0.100000,0.020000,26,2.000000,0.220000,4-4-2,21185,0.600000,0.220000,0.150000,2,0.600000,16,0.100000,21251,0.500000,4.000000,0.650000,0,7,6,0.850000,12865,16,0.500000,15,0.350000,9987,0.400000,10,12865,13,0.850000,298,38213,0.150000,11,4,161,0.650000,38275,24,0.600000,0.900000,25602,0.350000,0.900000,4.000000,4161
10,0.600000,3,8581,17155,0.350000,0.020000,25,1.000000,0.220000,4-1-4-1,25602,0.500000,0.220000,0.150000,2,0.330000,15,0.100000,21314,0.500000,4.500000,0.900000,0,7,6,0.850000,12865,2,0.500000,13,0.650000,8450,0.500000,15,12802,12,0.600000,300,25794,0.150000,31,4,162,0.650000,38341,16,0.100000,0.500000,21442,0.350000,0.900000,4.500000,5827
13,0.500000,4,25602,21185,0.750000,0.020000,25,2.000000,0.560000,3-4-2-1,21185,0.700000,0.150000,0.150000,3,0.500000,17,0.900000,25667,0.500000,3.000000,0.350000,0,12,6,0.870000,12865,24,0.560000,16,0.100000,12737,0.500000,19,12865,15,0.700000,301,29570,0.175000,21,5,163,0.500000,38405,19,0.250000,0.650000,29570,0.300000,0.700000,5.000000,4161
9,0.350000,3,8513,17096,0.100000,0.020000,25,1.000000,0.220000,4-2-3-1,17985,0.600000,0.220000,0.150000,2,0.350000,16,0.100000,25605,0.500000,5.000000,0.350000,0,7,6,0.870000,12737,4,0.600000,12,0.900000,8386,0.500000,14,12737,11,0.670000,305,29957,0.150000,3,4,164,0.650000,38341,18,0.500000,0.650000,25605,0.350000,0.900000,4.000000,4161
12,0.500000,4,17153,25732,0.100000,0.020000,26,2.000000,0.350000,3-1-4-2,21384,0.560000,0.150000,0.150000,3,0.560000,16,0.500000,21314,0.500000,3.500000,0.650000,0,10,6,0.850000,12738,22,0.500000,15,0.350000,14148,0.400000,1,14148,13,0.850000,306,38340,0.175000,28,5,165,0.500000,38275,24,0.600000,0.900000,25732,0.300000,0.700000,4.500000,5827
13,0.500000,4,25794,21314,0.750000,0.020000,25,2.000000,0.560000,3-4-2-1,21185,0.700000,0.150000,0.150000,3,0.500000,17,0.900000,25667,0.500000,3.000000,0.350000,0,12,6,0.870000,12865,24,0.560000,16,0.100000,14145,0.500000,19,12865,15,0.700000,308,29570,0.175000,21,5,166,0.500000,38341,19,0.250000,0.650000,29570,0.300000,0.700000,5.000000,5827
9,0.350000,3,9987,17155,0.100000,0.020000,25,1.000000,0.220000,4-2-3-1,17155,0.600000,0.220000,0.150000,2,0.350000,16,0.100000,25794,0.500000,5.000000,0.350000,0,7,6,0.870000,12737,4,0.600000,12,0.900000,8450,0.500000,14,12865,11,0.670000,310,29957,0.150000,3,4,167,0.650000,38405,18,0.500000,0.650000,25602,0.350000,0.900000,4.000000,4161
9,0.350000,3,8450,17089,0.100000,0.020000,25,1.000000,0.220000,4-2-3-1,17089,0.600000,0.220000,0.150000,2,0.350000,16,0.100000,25602,0.500000,5.000000,0.350000,0,7,6,0.870000,12802,4,0.600000,12,0.900000,8450,0.500000,14,12737,11,0.670000,319,29570,0.150000,3,4,168,0.650000,38341,18,0.500000,0.650000,25602,0.350000,0.900000,4.000000,4161
12,0.500000,3,8581,25794,0.100000,0.020000,26,2.000000,0.220000,4-4-2,21314,0.600000,0.220000,0.150000,2,0.600000,16,0.100000,21314,0.500000,4.000000,0.650000,0,7,6,0.850000,12737,16,0.500000,15,0.350000,8386,0.400000,10,12737,13,0.850000,320,38405,0.150000,11,4,169,0.650000,38405,24,0.600000,0.900000,25602,0.350000,0.900000,4.000000,5827
12,0.500000,3,8581,25602,0.100000,0.020000,26,2.000000,0.220000,4-4-2,21381,0.600000,0.220000,0.150000,2,0.600000,16,0.100000,21314,0.500000,4.000000,0.650000,0,7,6,0.850000,12737,16,0.500000,15,0.350000,8581,0.400000,10,12737,13,0.850000,321,38405,0.150000,11,4,170,0.650000,38405,24,0.600000,0.900000,25602,0.350000,0.900000,4.000000,4161
13,0.500000,4,25667,21314,0.500000,0.020000,26,2.500000,0.560000,3-4-1-2,21185,0.670000,0.150000,0.150000,4,0.500000,18,0.900000,25602,0.500000,3.000000,0.350000,0,12,6,0.870000,12737,23,0.560000,16,0.100000,12737,0.400000,1,12737,15,0.870000,322,38213,0.175000,29,5,171,0.500000,38405,24,0.600000,0.650000,29957,0.300000,0.700000,4.500000,4161
9,0.350000,3,8386,17089,0.100000,0.020000,25,1.000000,0.220000,4-2-3-1,17089,0.600000,0.220000,0.150000,2,0.350000,16,0.100000,25794,0.500000,5.000000,0.350000,0,7,6,0.870000,12802,4,0.600000,12,0.900000,8386,0.500000,14,12737,11,0.670000,324,29570,0.150000,3,4,172,0.650000,38213,18,0.500000,0.650000,25605,0.350000,0.900000,4.000000,4161
9,0.350000,3,8450,17155,0.100000,0.020000,25,1.000000,0.220000,4-2-3-1,17089,0.600000,0.220000,0.150000,2,0.350000,16,0.100000,25794,0.500000,5.000000,0.350000,0,7,6,0.870000,12865,4,0.600000,12,0.900000,8581,0.500000,14,12865,11,0.670000,325,29957,0.150000,3,4,173,0.650000,38213,18,0.500000,0.650000,25794,0.350000,0.900000,4.000000,5827
9,0.350000,3,8450,17155,0.100000,0.020000,25,1.000000,0.220000,4-2-3-1,18306,0.600000,0.220000,0.150000,2,0.350000,16,0.100000,25602,0.500000,5.000000,0.350000,0,7,6,0.870000,12867,4,0.600000,12,0.900000,8450,0.500000,14,12865,11,0.670000,326,29570,0.150000,3,4,174,0.650000,38341,18,0.500000,0.650000,25794,0.350000,0.900000,4.000000,5827
10,0.600000,3,8581,17089,0.350000,0.020000,25,1.000000,0.220000,4-1-4-1,25794,0.500000,0.220000,0.150000,2,0.330000,15,0.100000,21314,0.500000,4.500000,0.900000,0,7,6,0.850000,12737,2,0.500000,13,0.650000,8450,0.500000,15,12865,12,0.600000,327,25794,0.150000,31,4,175,0.650000,38341,16,0.100000,0.500000,21381,0.350000,0.900000,4.500000,4161
9,0.350000,3,8450,17089,0.100000,0.020000,25,1.000000,0.220000,4-2-3-1,17089,0.600000,0.220000,0.150000,2,0.350000,16,0.100000,25729,0.500000,5.000000,0.350000,0,7,6,0.870000,12737,4,0.600000,12,0.900000,8450,0.500000,14,12802,11,0.670000,347,29570,0.150000,3,4,176,0.650000,38405,18,0.500000,0.650000,25667,0.350000,0.900000,4.000000,4161
12,0.500000,3,8386,25602,0.100000,0.020000,26,2.000000,0.220000,4-4-2,21185,0.600000,0.220000,0.150000,2,0.600000,16,0.100000,21185,0.500000,4.000000,0.650000,0,7,6,0.850000,12737,16,0.500000,15,0.350000,8450,0.400000,10,12737,13,0.850000,361,38341,0.150000,11,4,177,0.650000,38405,24,0.600000,0.900000,25602,0.350000,0.900000,4.000000,4161
9,0.350000,3,8450,17089,0.100000,0.020000,25,1.000000,0.220000,4-2-3-1,17985,0.600000,0.220000,0.150000,2,0.350000,16,0.100000,25667,0.500000,5.000000,0.350000,0,7,6,0.870000,12737,4,0.600000,12,0.900000,8450,0.500000,14,12737,11,0.670000,378,29570,0.150000,3,4,178,0.650000,38213,18,0.500000,0.650000,25794,0.350000,0.900000,4.000000,5827
9,0.350000,3,8450,17089,0.100000,0.020000,25,1.000000,0.220000,4-2-3-1,17089,0.600000,0.220000,0.150000,2,0.350000,16,0.100000,25794,0.500000,5.000000,0.350000,0,7,6,0.870000,12737,4,0.600000,12,0.900000,8513,0.500000,14,12737,11,0.670000,379,29570,0.150000,3,4,179,0.650000,38405,18,0.500000,0.650000,25794,0.350000,0.900000,4.000000,5827
12,0.500000,3,8450,25602,0.100000,0.020000,26,2.000000,0.220000,4-4-2,21314,0.600000,0.220000,0.150000,2,0.600000,16,0.100000,21381,0.500000,4.000000,0.650000,0,7,6,0.850000,12802,16,0.500000,15,0.350000,8450,0.400000,10,12737,13,0.850000,381,38405,0.150000,11,4,180,0.650000,38210,24,0.600000,0.900000,25602,0.350000,0.900000,4.000000,4226
9,0.350000,3,8386,17089,0.100000,0.020000,25,1.000000,0.220000,4-2-3-1,17089,0.600000,0.220000,0.150000,2,0.350000,16,0.100000,25729,0.500000,5.000000,0.350000,0,7,6,0.870000,12737,4,0.600000,12,0.900000,8386,0.500000,14,12737,11,0.670000,383,29570,0.150000,3,4,181,0.650000,38213,18,0.500000,0.650000,25729,0.350000,0.900000,4.000000,4161
9,0.350000,3,8581,17089,0.100000,0.020000,25,1.000000,0.220000,4-2-3-1,17096,0.600000,0.220000,0.150000,2,0.350000,16,0.100000,25602,0.500000,5.000000,0.350000,0,7,6,0.870000,12865,4,0.600000,12,0.900000,8386,0.500000,14,12802,11,0.670000,393,29571,0.150000,3,4,182,0.650000,38405,18,0.500000,0.650000,25667,0.350000,0.900000,4.000000,4161
9,0.350000,3,8386,17089,0.100000,0.020000,25,1.000000,0.220000,4-2-3-1,17089,0.600000,0.220000,0.150000,2,0.350000,16,0.100000,25794,0.500000,5.000000,0.350000,0,7,6,0.870000,12865,4,0.600000,12,0.900000,8450,0.500000,14,12865,11,0.670000,417,29570,0.150000,3,4,183,0.650000,38405,18,0.500000,0.650000,25602,0.350000,0.900000,4.000000,4226
7,0.330000,3,12737,8450,0.350000,0.020000,26,2.000000,0.150000,5-3-2,17155,0.500000,0.220000,0.175000,1,0.220000,15,0.300000,21251,0.500000,5.000000,0.500000,0,6,5,0.850000,12865,31,0.500000,13,0.650000,8581,0.400000,4,12802,10,0.850000,418,38341,0.150000,24,4,184,0.700000,38405,24,0.600000,0.100000,21314,0.500000,0.900000,3.000000,5827
10,0.600000,3,8581,17089,0.350000,0.020000,25,1.000000,0.220000,4-1-4-1,25667,0.500000,0.220000,0.150000,2,0.330000,15,0.100000,21251,0.500000,4.500000,0.900000,0,7,6,0.850000,12865,2,0.500000,13,0.650000,9987,0.500000,15,12737,12,0.600000,420,25602,0.150000,31,4,185,0.650000,38341,16,0.100000,0.500000,21314,0.350000,0.900000,4.500000,4161
12,0.500000,3,8450,25602,0.100000,0.020000,26,2.000000,0.220000,4-4-2,21314,0.600000,0.220000,0.150000,2,0.600000,16,0.100000,21251,0.500000,4.000000,0.650000,0,7,6,0.850000,12737,16,0.500000,15,0.350000,8513,0.400000,10,12737,13,0.850000,422,38405,0.150000,11,4,186,0.650000,38275,24,0.600000,0.900000,25602,0.350000,0.900000,4.000000,4226
7,0.330000,3,12802,8581,0.350000,0.020000,26,2.000000,0.150000,5-3-2,17095,0.500000,0.220000,0.175000,1,0.220000,15,0.300000,21445,0.500000,5.000000,0.500000,0,6,5,0.850000,12865,31,0.500000,13,0.650000,8581,0.400000,4,12737,10,0.850000,423,38213,0.150000,24,4,187,0.700000,38275,24,0.600000,0.100000,21251,0.500000,0.900000,3.000000,5827
9,0.350000,3,8450,17089,0.100000,0.020000,25,1.000000,0.220000,4-2-3-1,18306,0.600000,0.220000,0.150000,2,0.350000,16,0.100000,25667,0.500000,5.000000,0.350000,0,7,6,0.870000,12737,4,0.600000,12,0.900000,8386,0.500000,14,12737,11,0.670000,433,29570,0.150000,3,4,188,0.650000,38341,18,0.500000,0.650000,25602,0.350000,0.900000,4.000000,4161
9,0.350000,3,8450,17025,0.100000,0.020000,25,1.000000,0.220000,4-2-3-1,17089,0.600000,0.220000,0.150000,2,0.350000,16,0.100000,25602,0.500000,5.000000,0.350000,0,7,6,0.870000,12802,4,0.600000,12,0.900000,8450,0.500000,14,12865,11,0.670000,436,29957,0.150000,3,4,189,0.650000,38213,18,0.500000,0.650000,25667,0.350000,0.900000,4.000000,5827
9,0.350000,3,8450,17089,0.100000,0.020000,25,1.000000,0.220000,4-2-3-1,17089,0.600000,0.220000,0.150000,2,0.350000,16,0.100000,25602,0.500000,5.000000,0.350000,0,7,6,0.870000,12737,4,0.600000,12,0.900000,8450,0.500000,14,12802,11,0.670000,445,29570,0.150000,3,4,190,0.650000,38213,18,0.500000,0.650000,25602,0.350000,0.900000,4.000000,5827
9,0.350000,3,8452,17155,0.100000,0.020000,25,1.000000,0.220000,4-2-3-1,17089,0.600000,0.220000,0.150000,2,0.350000,16,0.100000,25794,0.500000,5.000000,0.350000,0,7,6,0.870000,12737,4,0.600000,12,0.900000,8450,0.500000,14,12737,11,0.670000,448,29957,0.150000,3,4,191,0.650000,38213,18,0.500000,0.650000,25794,0.350000,0.900000,4.000000,4226
10,0.500000,3,8450,17089,0.900000,0.020000,27,3.000000,0.220000,4-3-3,21251,0.800000,0.220000,0.150000,3,0.330000,23,0.100000,21314,0.500000,4.000000,0.650000,0,7,6,0.800000,12865,9,0.500000,15,0.350000,8450,0.100000,6,12802,13,0.850000,449,38275,0.150000,7,4,192,0.650000,33794,25,0.500000,0.500000,33986,0.350000,0.900000,3.000000,4161
13,0.500000,4,25602,21445,0.750000,0.020000,25,2.000000,0.560000,3-4-2-1,21445,0.700000,0.150000,0.150000,3,0.500000,17,0.900000,25602,0.500000,3.000000,0.350000,0,12,6,0.870000,12737,24,0.560000,16,0.100000,12865,0.500000,19,12865,15,0.700000,450,29957,0.175000,21,5,193,0.500000,38213,19,0.250000,0.650000,29576,0.300000,0.700000,5.000000,4161
9,0.350000,3,8450,17155,0.100000,0.020000,25,1.000000,0.220000,4-2-3-1,17096,0.600000,0.220000,0.150000,2,0.350000,16,0.100000,25794,0.500000,5.000000,0.350000,0,7,6,0.870000,12737,4,0.600000,12,0.900000,8385,0.500000,14,12737,11,0.670000,452,29570,0.150000,3,4,194,0.650000,38410,18,0.500000,0.650000,25797,0.350000,0.900000,4.000000,4161
10,0.500000,3,8450,17089,0.500000,0.020000,26,2.500000,0.220000,4-1-2-1-2,21251,0.670000,0.220000,0.150000,2,0.330000,18,0.100000,21319,0.500000,4.000000,0.650000,0,7,6,0.870000,12737,15,0.500000,15,0.350000,8386,0.400000,11,12737,13,0.870000,453,38405,0.150000,9,4,195,0.650000,38213,24,0.600000,0.500000,29570,0.350000,0.900000,3.500000,4161
9,0.350000,3,8513,17155,0.100000,0.020000,25,1.000000,0.220000,4-2-3-1,17155,0.600000,0.220000,0.150000,2,0.350000,16,0.100000,25667,0.500000,5.000000,0.350000,0,7,6,0.870000,12802,4,0.600000,12,0.900000,8513,0.500000,14,12865,11,0.670000,456,29570,0.150000,3,4,196,0.650000,38405,18,0.500000,0.650000,25667,0.350000,0.900000,4.000000,4226
10,0.600000,3,8513,17025,0.350000,0.020000,25,1.000000,0.220000,4-1-4-1,25602,0.500000,0.220000,0.150000,2,0.330000,15,0.100000,21314,0.500000,4.500000,0.900000,0,7,6,0.850000,12865,2,0.500000,13,0.650000,8386,0.500000,15,12865,12,0.600000,457,25729,0.150000,31,4,197,0.650000,38405,16,0.100000,0.500000,21314,0.350000,0.900000,4.500000,4226
9,0.350000,3,8386,17089,0.100000,0.020000,25,1.000000,0.220000,4-2-3-1,17155,0.600000,0.220000,0.150000,2,0.350000,16,0.100000,25794,0.500000,5.000000,0.350000,0,7,6,0.870000,12737,4,0.600000,12,0.900000,8450,0.500000,14,12737,11,0.670000,459,29570,0.150000,3,4,198,0.650000,38410,18,0.500000,0.650000,25602,0.350000,0.900000,4.000000,4161
9,0.350000,3,8450,17089,0.100000,0.020000,25,1.000000,0.220000,4-2-3-1,17089,0.600000,0.220000,0.150000,2,0.350000,16,0.100000,25794,0.500000,5.000000,0.350000,0,7,6,0.870000,12737,4,0.600000,12,0.900000,8386,0.500000,14,12737,11,0.670000,461,29576,0.150000,3,4,199,0.650000,38405,18,0.500000,0.650000,25794,0.350000,0.900000,4.000000,4161
9,0.350000,3,8386,17089,0.100000,0.020000,25,1.000000,0.220000,4-2-3-1,18306,0.600000,0.220000,0.150000,2,0.350000,16,0.100000,25602,0.500000,5.000000,0.350000,0,7,6,0.870000,12737,4,0.600000,12,0.900000,8386,0.500000,14,12737,11,0.670000,462,29570,0.150000,3,4,200,0.650000,38213,18,0.500000,0.650000,25729,0.350000,0.900000,4.000000,4161
12,0.500000,4,17155,25794,0.100000,0.020000,26,2.000000,0.350000,3-1-4-2,21314,0.560000,0.150000,0.150000,3,0.560000,16,0.500000,21314,0.500000,3.500000,0.650000,0,10,6,0.850000,12737,22,0.500000,15,0.350000,12737,0.400000,1,12737,13,0.850000,463,38405,0.175000,28,5,201,0.500000,38405,24,0.600000,0.900000,25669,0.300000,0.700000,4.500000,4161
9,0.350000,3,8450,17089,0.100000,0.020000,25,1.000000,0.220000,4-2-3-1,17155,0.600000,0.220000,0.150000,2,0.350000,16,0.100000,25794,0.500000,5.000000,0.350000,0,7,6,0.870000,12737,4,0.600000,12,0.900000,8450,0.500000,14,12737,11,0.670000,467,29570,0.150000,3,4,202,0.650000,38213,18,0.500000,0.650000,25794,0.350000,0.900000,4.000000,4161
12,0.500000,4,17155,25602,0.100000,0.020000,26,2.000000,0.350000,3-1-4-2,21314,0.560000,0.150000,0.150000,3,0.560000,16,0.500000,21381,0.500000,3.500000,0.650000,0,10,6,0.850000,12870,22,0.500000,15,0.350000,12870,0.400000,1,12737,13,0.850000,468,38405,0.175000,28,5,203,0.500000,38213,24,0.600000,0.900000,25667,0.300000,0.700000,4.500000,5827
9,0.350000,3,8513,17089,0.100000,0.020000,25,1.000000,0.220000,4-2-3-1,17089,0.600000,0.220000,0.150000,2,0.350000,16,0.100000,25667,0.500000,5.000000,0.350000,0,7,6,0.870000,12865,4,0.600000,12,0.900000,8513,0.500000,14,12865,11,0.670000,472,29570,0.150000,3,4,204,0.650000,38405,18,0.500000,0.650000,25667,0.350000,0.900000,4.000000,4226
9,0.350000,3,8386,17155,0.100000,0.020000,25,1.000000,0.220000,4-2-3-1,17089,0.600000,0.220000,0.150000,2,0.350000,16,0.100000,25729,0.500000,5.000000,0.350000,0,7,6,0.870000,12737,4,0.600000,12,0.900000,8386,0.500000,14,12737,11,0.670000,479,29570,0.150000,3,4,205,0.650000,38213,18,0.500000,0.650000,25605,0.350000,0.900000,4.000000,4226
9,0.350000,3,8386,17155,0.100000,0.020000,25,1.000000,0.220000,4-2-3-1,17089,0.600000,0.220000,0.150000,2,0.350000,16,0.100000,25794,0.500000,5.000000,0.350000,0,7,6,0.870000,12737,4,0.600000,12,0.900000,8450,0.500000,14,12737,11,0.670000,480,29570,0.150000,3,4,206,0.650000,38405,18,0.500000,0.650000,25605,0.350000,0.900000,4.000000,4161
13,0.500000,4,25602,21185,0.750000,0.020000,25,2.000000,0.560000,3-4-2-1,21314,0.700000,0.150000,0.150000,3,0.500000,17,0.900000,25602,0.500000,3.000000,0.350000,0,12,6,0.870000,12802,24,0.560000,16,0.100000,12865,0.500000,19,12802,15,0.700000,481,29570,0.175000,21,5,207,0.500000,38213,19,0.250000,0.650000,29957,0.300000,0.700000,5.000000,4161
12,0.500000,3,8450,25602,0.100000,0.020000,26,2.000000,0.220000,4-4-2,21381,0.600000,0.220000,0.150000,2,0.600000,16,0.100000,21185,0.500000,4.000000,0.650000,0,7,6,0.850000,12737,16,0.500000,15,0.350000,8385,0.400000,10,12737,13,0.850000,483,38275,0.150000,11,4,208,0.650000,38213,24,0.600000,0.900000,25669,0.350000,0.900000,4.000000,4161
13,0.500000,4,25667,21314,0.900000,0.020000,27,3.000000,0.560000,3-4-3,21251,0.800000,0.150000,0.150000,4,0.500000,23,0.900000,25667,0.500000,3.000000,0.350000,0,12,6,0.800000,12865,25,0.560000,16,0.100000,12865,0.100000,0,12802,15,0.850000,485,38405,0.175000,2,5,209,0.500000,33986,25,0.500000,0.650000,33859,0.300000,0.700000,4.000000,5827
13,0.500000,4,25667,21185,0.750000,0.020000,25,2.000000,0.560000,3-4-2-1,21314,0.700000,0.150000,0.150000,3,0.500000,17,0.900000,25602,0.500000,3.000000,0.350000,0,12,6,0.870000,12737,24,0.560000,16,0.100000,14145,0.500000,19,12737,15,0.700000,487,29576,0.175000,21,5,210,0.500000,38275,19,0.250000,0.650000,29570,0.300000,0.700000,5.000000,4161
13,0.500000,4,25729,21314,0.750000,0.020000,25,2.000000,0.560000,3-4-2-1,21314,0.700000,0.150000,0.150000,3,0.500000,17,0.900000,25667,0.500000,3.000000,0.350000,0,12,6,0.870000,12737,24,0.560000,16,0.100000,12737,0.500000,19,12737,15,0.700000,492,29570,0.175000,21,5,211,0.500000,38213,19,0.250000,0.650000,29570,0.300000,0.700000,5.000000,5827
9,0.350000,3,8386,17089,0.100000,0.020000,25,1.000000,0.220000,4-2-3-1,17089,0.600000,0.220000,0.150000,2,0.350000,16,0.100000,25669,0.500000,5.000000,0.350000,0,7,6,0.870000,12737,4,0.600000,12,0.900000,8581,0.500000,14,12802,11,0.670000,503,29570,0.150000,3,4,212,0.650000,38213,18,0.500000,0.650000,25794,0.350000,0.900000,4.000000,5827
9,0.350000,3,8513,17089,0.100000,0.020000,25,1.000000,0.220000,4-2-3-1,17089,0.600000,0.220000,0.150000,2,0.350000,16,0.100000,25602,0.500000,5.000000,0.350000,0,7,6,0.870000,12737,4,0.600000,12,0.900000,8386,0.500000,14,12737,11,0.670000,506,29957,0.150000,3,4,213,0.650000,38341,18,0.500000,0.650000,25602,0.350000,0.900000,4.000000,5827
9,0.350000,3,8386,17089,0.100000,0.020000,25,1.000000,0.220000,4-2-3-1,17089,0.600000,0.220000,0.150000,2,0.350000,16,0.100000,25602,0.500000,5.000000,0.350000,0,7,6,0.870000,12737,4,0.600000,12,0.900000,8386,0.500000,14,12737,11,0.670000,517,29570,0.150000,3,4,214,0.650000,38405,18,0.500000,0.650000,25602,0.350000,0.900000,4.000000,4161
9,0.350000,3,8450,17985,0.100000,0.020000,25,1.000000,0.220000,4-2-3-1,17985,0.600000,0.220000,0.150000,2,0.350000,16,0.100000,25605,0.500000,5.000000,0.350000,0,7,6,0.870000,12865,4,0.600000,12,0.900000,8513,0.500000,14,12737,11,0.670000,523,29570,0.150000,3,4,215,0.650000,38213,18,0.500000,0.650000,25794,0.350000,0.900000,4.000000,5827
9,0.350000,3,8386,17025,0.100000,0.020000,25,1.000000,0.220000,4-2-3-1,17096,0.600000,0.220000,0.150000,2,0.350000,16,0.100000,25794,0.500000,5.000000,0.350000,0,7,6,0.870000,14145,4,0.600000,12,0.900000,8450,0.500000,14,12737,11,0.670000,526,29570,0.150000,3,4,216,0.650000,38405,18,0.500000,0.650000,25667,0.350000,0.900000,4.000000,5827
10,0.500000,3,8386,17153,0.500000,0.020000,26,2.500000,0.220000,4-1-2-1-2,21314,0.670000,0.220000,0.150000,2,0.330000,18,0.100000,21319,0.500000,4.000000,0.650000,0,7,6,0.870000,12737,15,0.500000,15,0.350000,8386,0.400000,11,12737,13,0.870000,531,38341,0.150000,9,4,217,0.650000,38277,24,0.600000,0.500000,29570,0.350000,0.900000,3.500000,5827
9,0.350000,3,8386,17089,0.100000,0.020000,25,1.000000,0.220000,4-2-3-1,17089,0.600000,0.220000,0.150000,2,0.350000,16,0.100000,25602,0.500000,5.000000,0.350000,0,7,6,0.870000,12865,4,0.600000,12,0.900000,8386,0.500000,14,12865,11,0.670000,537,30341,0.150000,3,4,218,0.650000,38405,18,0.500000,0.650000,25602,0.350000,0.900000,4.000000,4161
13,0.500000,4,25729,21251,0.750000,0.020000,25,2.000000,0.560000,3-4-2-1,21251,0.700000,0.150000,0.150000,3,0.500000,17,0.900000,25794,0.500000,3.000000,0.350000,0,12,6,0.870000,12737,24,0.560000,16,0.100000,14145,0.500000,19,14145,15,0.700000,543,29570,0.175000,21,5,219,0.500000,38405,19,0.250000,0.650000,29957,0.300000,0.700000,5.000000,4161
9,0.350000,3,8386,17985,0.100000,0.020000,25,1.000000,0.220000,4-2-3-1,17025,0.600000,0.220000,0.150000,2,0.350000,16,0.100000,25605,0.500000,5.000000,0.350000,0,7,6,0.870000,12737,4,0.600000,12,0.900000,8386,0.500000,14,12802,11,0.670000,563,29637,0.150000,3,4,220,0.650000,38341,18,0.500000,0.650000,25602,0.350000,0.900000,4.000000,4161
9,0.350000,3,8386,17089,0.100000,0.020000,25,1.000000,0.220000,4-2-3-1,17089,0.600000,0.220000,0.150000,2,0.350000,16,0.100000,25602,0.500000,5.000000,0.350000,0,7,6,0.870000,12737,4,0.600000,12,0.900000,8386,0.500000,14,12737,11,0.670000,567,29570,0.150000,3,4,221,0.650000,38405,18,0.500000,0.650000,25602,0.350000,0.900000,4.000000,4161
12,0.500000,3,8386,25602,0.100000,0.020000,25,1.500000,0.220000,4-4-1-1,21314,0.560000,0.220000,0.150000,2,0.560000,16,0.100000,21314,0.500000,4.000000,0.650000,0,7,6,0.870000,12737,18,0.500000,15,0.350000,8386,0.500000,14,12737,13,0.670000,568,29570,0.150000,18,4,222,0.650000,38405,18,0.500000,0.900000,25602,0.350000,0.900000,4.500000,4161
9,0.350000,3,8386,17089,0.100000,0.020000,25,1.000000,0.220000,4-2-3-1,17089,0.600000,0.220000,0.150000,2,0.350000,16,0.100000,25602,0.500000,5.000000,0.350000,0,7,6,0.870000,12737,4,0.600000,12,0.900000,8386,0.500000,14,12737,11,0.670000,569,29570,0.150000,3,4,223,0.650000,38405,18,0.500000,0.650000,25602,0.350000,0.900000,4.000000,4161
10,0.500000,3,8450,17089,0.900000,0.020000,27,3.000000,0.220000,4-3-3,21314,0.800000,0.220000,0.150000,3,0.330000,23,0.100000,21251,0.500000,4.000000,0.650000,0,7,6,0.800000,12737,9,0.500000,15,0.350000,8386,0.100000,6,12737,13,0.850000,573,38341,0.150000,7,4,224,0.650000,33794,25,0.500000,0.500000,33859,0.350000,0.900000,3.000000,4161
10,0.600000,3,8450,17089,0.350000,0.020000,25,1.000000,0.220000,4-1-4-1,25602,0.500000,0.220000,0.150000,2,0.330000,15,0.100000,21314,0.500000,4.500000,0.900000,0,7,6,0.850000,12737,2,0.500000,13,0.650000,8386,0.500000,15,12737,12,0.600000,576,25794,0.150000,31,4,225,0.650000,38341,16,0.100000,0.500000,21314,0.350000,0.900000,4.500000,5827
9,0.350000,3,8450,17096,0.100000,0.020000,25,1.000000,0.220000,4-2-3-1,17089,0.600000,0.220000,0.150000,2,0.350000,16,0.100000,25602,0.500000,5.000000,0.350000,0,7,6,0.870000,12737,4,0.600000,12,0.900000,9987,0.500000,14,12802,11,0.670000,580,29576,0.150000,3,4,226,0.650000,38341,18,0.500000,0.650000,25794,0.350000,0.900000,4.000000,5827
13,0.500000,4,25729,21185,0.750000,0.020000,25,2.000000,0.560000,3-4-2-1,21314,0.700000,0.150000,0.150000,3,0.500000,17,0.900000,25794,0.500000,3.000000,0.350000,0,12,6,0.870000,12865,24,0.560000,16,0.100000,12737,0.500000,19,12737,15,0.700000,583,29570,0.175000,21,5,227,0.500000,38405,19,0.250000,0.650000,29634,0.300000,0.700000,5.000000,4226
10,0.500000,3,8386,17089,0.500000,0.020000,26,2.500000,0.220000,4-1-2-1-2,21314,0.670000,0.220000,0.150000,2,0.330000,18,0.100000,21314,0.500000,4.000000,0.650000,0,7,6,0.870000,12737,15,0.500000,15,0.350000,8386,0.400000,11,12737,13,0.870000,598,38405,0.150000,9,4,228,0.650000,38405,24,0.600000,0.500000,29570,0.350000,0.900000,3.500000,4161
10,0.600000,3,8450,17155,0.350000,0.020000,25,1.000000,0.220000,4-1-4-1,25667,0.500000,0.220000,0.150000,2,0.330000,15,0.100000,21314,0.500000,4.500000,0.900000,0,7,6,0.850000,12806,2,0.500000,13,0.650000,8581,0.500000,15,12802,12,0.600000,605,25794,0.150000,31,4,229,0.650000,38275,16,0.100000,0.500000,21251,0.350000,0.900000,4.500000,4226
9,0.350000,3,8450,17089,0.100000,0.020000,25,1.000000,0.220000,4-2-3-1,17089,0.600000,0.220000,0.150000,2,0.350000,16,0.100000,25605,0.500000,5.000000,0.350000,0,7,6,0.870000,12865,4,0.600000,12,0.900000,8450,0.500000,14,12865,11,0.670000,607,29576,0.150000,3,4,230,0.650000,38213,18,0.500000,0.650000,25794,0.350000,0.900000,4.000000,4226
7,0.330000,3,12737,8581,0.350000,0.020000,26,2.000000,0.150000,5-3-2,17089,0.500000,0.220000,0.175000,1,0.220000,15,0.300000,21314,0.500000,5.000000,0.500000,0,6,5,0.850000,12737,31,0.500000,13,0.650000,8386,0.400000,4,12865,10,0.850000,621,38405,0.150000,24,4,231,0.700000,38217,24,0.600000,0.100000,21251,0.500000,0.900000,3.000000,4161
9,0.350000,3,8580,17096,0.100000,0.020000,25,1.000000,0.220000,4-2-3-1,18306,0.600000,0.220000,0.150000,2,0.350000,16,0.100000,25669,0.500000,5.000000,0.350000,0,7,6,0.870000,12806,4,0.600000,12,0.900000,8580,0.500000,14,12738,11,0.670000,634,29957,0.150000,3,4,232,0.650000,38213,18,0.500000,0.650000,25605,0.350000,0.900000,4.000000,4161
9,0.350000,3,8450,17160,0.900000,0.020000,27,3.000000,0.220000,4-2-1-3,17089,0.800000,0.220000,0.150000,3,0.350000,23,0.100000,29570,0.500000,4.000000,0.350000,0,7,6,0.800000,12737,36,0.670000,18,0.500000,8450,0.100000,18,12737,11,0.870000,645,38210,0.150000,27,4,233,0.650000,33989,25,0.500000,0.650000,33794,0.350000,0.900000,3.000000,4161
9,0.350000,3,8450,17153,0.100000,0.020000,25,1.000000,0.220000,4-2-3-1,17089,0.600000,0.220000,0.150000,2,0.350000,16,0.100000,25602,0.500000,5.000000,0.350000,0,7,6,0.870000,12865,4,0.600000,12,0.900000,8581,0.500000,14,12737,11,0.670000,670,29570,0.150000,3,4,234,0.650000,38341,18,0.500000,0.650000,25602,0.350000,0.900000,4.000000,4226
9,0.350000,3,8450,17089,0.100000,0.020000,25,1.000000,0.220000,4-2-3-1,17089,0.600000,0.220000,0.150000,2,0.350000,16,0.100000,25602,0.500000,5.000000,0.350000,0,7,6,0.870000,12802,4,0.600000,12,0.900000,8450,0.500000,14,12865,11,0.670000,673,29570,0.150000,3,4,235,0.650000,38405,18,0.500000,0.650000,25602,0.350000,0.900000,4.000000,4161
9,0.350000,3,8386,17089,0.100000,0.020000,25,1.000000,0.220000,4-2-3-1,17089,0.600000,0.220000,0.150000,2,0.350000,16,0.100000,25729,0.500000,5.000000,0.350000,0,7,6,0.870000,12802,4,0.600000,12,0.900000,8386,0.500000,14,12867,11,0.670000,674,29570,0.150000,3,4,236,0.650000,38405,18,0.500000,0.650000,25729,0.350000,0.900000,4.000000,4161
9,0.350000,3,8386,17089,0.100000,0.020000,25,1.000000,0.220000,4-2-3-1,17089,0.600000,0.220000,0.150000,2,0.350000,16,0.100000,25602,0.500000,5.000000,0.350000,0,7,6,0.870000,12737,4,0.600000,12,0.900000,8386,0.500000,14,12865,11,0.670000,680,29957,0.150000,3,4,237,0.650000,38341,18,0.500000,0.650000,25602,0.350000,0.900000,4.000000,4161
9,0.350000,3,8450,17089,0.100000,0.020000,25,1.000000,0.220000,4-2-3-1,17025,0.600000,0.220000,0.150000,2,0.350000,16,0.100000,25602,0.500000,5.000000,0.350000,0,7,6,0.870000,12737,4,0.600000,12,0.900000,8450,0.500000,14,12737,11,0.670000,681,29637,0.150000,3,4,238,0.650000,38341,18,0.500000,0.650000,25602,0.350000,0.900000,4.000000,4161
12,0.500000,3,8386,25602,0.100000,0.020000,26,2.000000,0.220000,4-4-2,21442,0.600000,0.220000,0.150000,2,0.600000,16,0.100000,21381,0.500000,4.000000,0.650000,0,7,6,0.850000,12737,16,0.500000,15,0.350000,8386,0.400000,10,12737,13,0.850000,687,38405,0.150000,11,4,239,0.650000,38341,24,0.600000,0.900000,25602,0.350000,0.900000,4.000000,4161
12,0.500000,3,8450,25602,0.100000,0.020000,26,2.000000,0.220000,4-4-2,21314,0.600000,0.220000,0.150000,2,0.600000,16,0.100000,21314,0.500000,4.000000,0.650000,0,7,6,0.850000,12737,16,0.500000,15,0.350000,8386,0.400000,10,12865,13,0.850000,688,38405,0.150000,11,4,240,0.650000,38405,24,0.600000,0.900000,25667,0.350000,0.900000,4.000000,4161
9,0.350000,3,8450,17089,0.100000,0.020000,25,1.000000,0.220000,4-2-3-1,17089,0.600000,0.220000,0.150000,2,0.350000,16,0.100000,25602,0.500000,5.000000,0.350000,0,7,6,0.870000,12737,4,0.600000,12,0.900000,8450,0.500000,14,12865,11,0.670000,689,29570,0.150000,3,4,241,0.650000,38405,18,0.500000,0.650000,25602,0.350000,0.900000,4.000000,4161
9,0.350000,3,8450,17089,0.100000,0.020000,25,1.000000,0.220000,4-2-3-1,17089,0.600000,0.220000,0.150000,2,0.350000,16,0.100000,25602,0.500000,5.000000,0.350000,0,7,6,0.870000,12865,4,0.600000,12,0.900000,8450,0.500000,14,12737,11,0.670000,691,29570,0.150000,3,4,242,0.650000,38405,18,0.500000,0.650000,25602,0.350000,0.900000,4.000000,4161
13,0.480000,3,8386,21251,0.900000,0.020000,27,3.000000,0.220000,4-3-3,21185,0.800000,0.220000,0.150000,3,0.500000,23,0.100000,21381,0.500000,4.000000,0.500000,0,7,6,0.800000,12737,8,0.500000,15,0.350000,8450,0.100000,6,12737,14,0.850000,693,38405,0.150000,17,4,243,0.650000,33794,25,0.500000,0.650000,33794,0.350000,0.900000,3.000000,4226
9,0.350000,3,8513,17089,0.100000,0.020000,25,1.000000,0.220000,4-2-3-1,17089,0.600000,0.220000,0.150000,2,0.350000,16,0.100000,25602,0.500000,5.000000,0.350000,0,7,6,0.870000,12737,4,0.600000,12,0.900000,8386,0.500000,14,12737,11,0.670000,694,29570,0.150000,3,4,244,0.650000,38275,18,0.500000,0.650000,25667,0.350000,0.900000,4.000000,4161
9,0.350000,3,8450,17089,0.100000,0.020000,25,1.000000,0.220000,4-2-3-1,17089,0.600000,0.220000,0.150000,2,0.350000,16,0.100000,25602,0.500000,5.000000,0.350000,0,7,6,0.870000,12737,4,0.600000,12,0.900000,8450,0.500000,14,12865,11,0.670000,695,29957,0.150000,3,4,245,0.650000,38213,18,0.500000,0.650000,25602,0.350000,0.900000,4.000000,4161
9,0.350000,3,8450,17089,0.100000,0.020000,25,1.000000,0.220000,4-2-3-1,17089,0.600000,0.220000,0.150000,2,0.350000,16,0.100000,25602,0.500000,5.000000,0.350000,0,7,6,0.870000,12737,4,0.600000,12,0.900000,8581,0.500000,14,12737,11,0.670000,696,29570,0.150000,3,4,246,0.650000,38341,18,0.500000,0.650000,25602,0.350000,0.900000,4.000000,4161
12,0.500000,3,8386,25602,0.350000,0.020000,25,1.000000,0.220000,4-5-1,21314,0.500000,0.220000,0.150000,2,0.560000,15,0.100000,21314,0.500000,4.000000,0.650000,0,7,6,0.850000,12737,20,0.480000,14,0.500000,8581,0.500000,15,12865,13,0.560000,697,25667,0.150000,19,4,247,0.650000,38405,16,0.100000,0.900000,21314,0.350000,0.900000,5.000000,4161
13,0.500000,4,25602,21314,0.500000,0.020000,26,2.500000,0.560000,3-4-1-2,21185,0.670000,0.150000,0.150000,4,0.500000,18,0.900000,25602,0.500000,3.000000,0.350000,0,12,6,0.870000,12737,23,0.560000,16,0.100000,12865,0.400000,1,12737,15,0.870000,698,38405,0.175000,29,5,248,0.500000,38405,24,0.600000,0.650000,29570,0.300000,0.700000,4.500000,4226
13,0.500000,4,25602,21314,0.900000,0.020000,27,3.000000,0.560000,3-4-3,21314,0.800000,0.150000,0.150000,4,0.500000,23,0.900000,25729,0.500000,3.000000,0.350000,0,12,6,0.800000,12737,25,0.560000,16,0.100000,12865,0.100000,0,12737,15,0.850000,700,38405,0.175000,2,5,249,0.500000,33794,25,0.500000,0.650000,33794,0.300000,0.700000,4.000000,5827
9,0.350000,3,8450,17089,0.100000,0.020000,25,1.000000,0.220000,4-2-3-1,17089,0.600000,0.220000,0.150000,2,0.350000,16,0.100000,25602,0.500000,5.000000,0.350000,0,7,6,0.870000,12737,4,0.600000,12,0.900000,8450,0.500000,14,12737,11,0.670000,702,29570,0.150000,3,4,250,0.650000,38405,18,0.500000,0.650000,25602,0.350000,0.900000,4.000000,5827
9,0.350000,3,8581,17089,0.100000,0.020000,25,1.000000,0.220000,4-2-3-1,17089,0.600000,0.220000,0.150000,2,0.350000,16,0.100000,25602,0.500000,5.000000,0.350000,0,7,6,0.870000,12802,4,0.600000,12,0.900000,8450,0.500000,14,12737,11,0.670000,708,29576,0.150000,3,4,251,0.650000,38405,18,0.500000,0.650000,25602,0.350000,0.900000,4.000000,4161
9,0.350000,3,8450,17089,0.100000,0.020000,25,1.000000,0.220000,4-2-3-1,17089,0.600000,0.220000,0.150000,2,0.350000,16,0.100000,25602,0.500000,5.000000,0.350000,0,7,6,0.870000,12737,4,0.600000,12,0.900000,8450,0.500000,14,12865,11,0.670000,710,29570,0.150000,3,4,252,0.650000,38341,18,0.500000,0.650000,25605,0.350000,0.900000,4.000000,4161
9,0.350000,3,8450,17089,0.100000,0.020000,25,1.000000,0.220000,4-2-3-1,17089,0.600000,0.220000,0.150000,2,0.350000,16,0.100000,25794,0.500000,5.000000,0.350000,0,7,6,0.870000,12737,4,0.600000,12,0.900000,8450,0.500000,14,12737,11,0.670000,711,29570,0.150000,3,4,253,0.650000,38405,18,0.500000,0.650000,25602,0.350000,0.900000,4.000000,4161
13,0.500000,4,25605,21185,0.900000,0.020000,27,3.000000,0.560000,3-4-3,21185,0.800000,0.150000,0.150000,4,0.500000,23,0.900000,25605,0.500000,3.000000,0.350000,0,12,6,0.800000,12737,25,0.560000,16,0.100000,12737,0.100000,0,12737,15,0.850000,717,38405,0.175000,2,5,254,0.500000,33986,25,0.500000,0.650000,33797,0.300000,0.700000,4.000000,4161
10,0.500000,3,8581,17089,0.900000,0.020000,27,3.000000,0.220000,4-3-3,21314,0.800000,0.220000,0.150000,3,0.330000,23,0.100000,21314,0.500000,4.000000,0.650000,0,7,6,0.800000,12737,9,0.500000,15,0.350000,8581,0.100000,6,12737,13,0.850000,718,38341,0.150000,7,4,255,0.650000,33794,25,0.500000,0.500000,33794,0.350000,0.900000,3.000000,4161
10,0.600000,3,8386,17089,0.350000,0.020000,25,1.000000,0.220000,4-1-4-1,25602,0.500000,0.220000,0.150000,2,0.330000,15,0.100000,21314,0.500000,4.500000,0.900000,0,7,6,0.850000,12737,2,0.500000,13,0.650000,8386,0.500000,15,12737,12,0.600000,741,25602,0.150000,31,4,256,0.650000,38341,16,0.100000,0.500000,21185,0.350000,0.900000,4.500000,5827
9,0.350000,3,8386,17089,0.100000,0.020000,25,1.000000,0.220000,4-2-3-1,17089,0.600000,0.220000,0.150000,2,0.350000,16,0.100000,25729,0.500000,5.000000,0.350000,0,7,6,0.870000,12737,4,0.600000,12,0.900000,8386,0.500000,14,12737,11,0.670000,744,29570,0.150000,3,4,257,0.650000,38213,18,0.500000,0.650000,25729,0.350000,0.900000,4.000000,4226
9,0.350000,3,8450,17089,0.100000,0.020000,25,1.000000,0.220000,4-2-3-1,17155,0.600000,0.220000,0.150000,2,0.350000,16,0.100000,25602,0.500000,5.000000,0.350000,0,7,6,0.870000,12737,4,0.600000,12,0.900000,8386,0.500000,14,12802,11,0.670000,748,29570,0.150000,3,4,258,0.650000,38213,18,0.500000,0.650000,25602,0.350000,0.900000,4.000000,4161
7,0.330000,3,12737,8450,0.350000,0.020000,26,2.000000,0.150000,5-3-2,17089,0.500000,0.220000,0.175000,1,0.220000,15,0.300000,21314,0.500000,5.000000,0.500000,0,6,5,0.850000,12737,31,0.500000,13,0.650000,8450,0.400000,4,12737,10,0.850000,753,38405,0.150000,24,4,259,0.700000,38405,24,0.600000,0.100000,21314,0.500000,0.900000,3.000000,4226
13,0.500000,4,25602,21442,0.500000,0.020000,26,2.500000,0.560000,3-4-1-2,21251,0.670000,0.150000,0.150000,4,0.500000,18,0.900000,25729,0.500000,3.000000,0.350000,0,12,6,0.870000,12802,23,0.560000,16,0.100000,14145,0.400000,1,12737,15,0.870000,780,38341,0.175000,29,5,260,0.500000,38405,24,0.600000,0.650000,29634,0.300000,0.700000,4.500000,5827
12,0.500000,3,8452,25797,0.100000,0.020000,26,2.000000,0.220000,4-4-2,21314,0.600000,0.220000,0.150000,2,0.600000,16,0.100000,21251,0.500000,4.000000,0.650000,0,7,6,0.850000,12865,16,0.500000,15,0.350000,8452,0.400000,10,12737,13,0.850000,819,38405,0.150000,11,4,261,0.650000,38275,24,0.600000,0.900000,25602,0.350000,0.900000,4.000000,5827
7,0.330000,3,12865,8386,0.350000,0.020000,26,2.000000,0.150000,5-3-2,17089,0.500000,0.220000,0.175000,1,0.220000,15,0.300000,21442,0.500000,5.000000,0.500000,0,6,5,0.850000,12737,31,0.500000,13,0.650000,8386,0.400000,4,12737,10,0.850000,822,38405,0.150000,24,4,262,0.700000,38341,24,0.600000,0.100000,21251,0.500000,0.900000,3.000000,4161
9,0.350000,3,8581,17089,0.100000,0.020000,25,1.000000,0.220000,4-2-3-1,17155,0.600000,0.220000,0.150000,2,0.350000,16,0.100000,25602,0.500000,5.000000,0.350000,0,7,6,0.870000,12865,4,0.600000,12,0.900000,8513,0.500000,14,12737,11,0.670000,834,29570,0.150000,3,4,263,0.650000,38405,18,0.500000,0.650000,25602,0.350000,0.900000,4.000000,4161
12,0.500000,3,8450,25794,0.100000,0.020000,25,1.500000,0.220000,4-4-1-1,21314,0.560000,0.220000,0.150000,2,0.560000,16,0.100000,21381,0.500000,4.000000,0.650000,0,7,6,0.870000,12737,18,0.500000,15,0.350000,8581,0.500000,14,12737,13,0.670000,873,29634,0.150000,18,4,264,0.650000,38341,18,0.500000,0.900000,25602,0.350000,0.900000,4.500000,5827
13,0.500000,4,25602,21381,0.500000,0.020000,26,2.500000,0.560000,3-4-1-2,21314,0.670000,0.150000,0.150000,4,0.500000,18,0.900000,25602,0.500000,3.000000,0.350000,0,12,6,0.870000,12737,23,0.560000,16,0.100000,12737,0.400000,1,12737,15,0.870000,894,38405,0.175000,29,5,265,0.500000,38213,24,0.600000,0.650000,29570,0.300000,0.700000,4.500000,5827
9,0.350000,3,8581,17089,0.100000,0.020000,25,1.000000,0.220000,4-2-3-1,18306,0.600000,0.220000,0.150000,2,0.350000,16,0.100000,25602,0.500000,5.000000,0.350000,0,7,6,0.870000,12737,4,0.600000,12,0.900000,8581,0.500000,14,12737,11,0.670000,896,29570,0.150000,3,4,266,0.650000,38213,18,0.500000,0.650000,25794,0.350000,0.900000,4.000000,5827
9,0.350000,3,8450,17089,0.100000,0.020000,25,1.000000,0.220000,4-2-3-1,17089,0.600000,0.220000,0.150000,2,0.350000,16,0.100000,25602,0.500000,5.000000,0.350000,0,7,6,0.870000,12737,4,0.600000,12,0.900000,8581,0.500000,14,12737,11,0.670000,897,29570,0.150000,3,4,267,0.650000,38405,18,0.500000,0.650000,25602,0.350000,0.900000,4.000000,5827
12,0.500000,4,17089,25729,0.100000,0.020000,26,2.000000,0.350000,3-1-4-2,21314,0.560000,0.150000,0.150000,3,0.560000,16,0.500000,21442,0.500000,3.500000,0.650000,0,10,6,0.850000,12737,22,0.500000,15,0.350000,12737,0.400000,1,12737,13,0.850000,898,38405,0.175000,28,5,268,0.500000,38341,24,0.600000,0.900000,25602,0.300000,0.700000,4.500000,4161
9,0.350000,3,8581,17089,0.100000,0.020000,25,1.000000,0.220000,4-2-3-1,17089,0.600000,0.220000,0.150000,2,0.350000,16,0.100000,25667,0.500000,5.000000,0.350000,0,7,6,0.870000,12802,4,0.600000,12,0.900000,8581,0.500000,14,12737,11,0.670000,900,29570,0.150000,3,4,269,0.650000,38213,18,0.500000,0.650000,25602,0.350000,0.900000,4.000000,5827
10,0.500000,3,8450,17155,0.900000,0.020000,27,3.000000,0.220000,4-3-3,21314,0.800000,0.220000,0.150000,3,0.330000,23,0.100000,21445,0.500000,4.000000,0.650000,0,7,6,0.800000,12865,9,0.500000,15,0.350000,8450,0.100000,6,12865,13,0.850000,918,38213,0.150000,7,4,270,0.650000,33861,25,0.500000,0.500000,33989,0.350000,0.900000,3.000000,5827
10,0.500000,3,8581,17155,0.900000,0.020000,27,3.000000,0.220000,4-3-3,21381,0.800000,0.220000,0.150000,3,0.330000,23,0.100000,21445,0.500000,4.000000,0.650000,0,7,6,0.800000,12865,9,0.500000,15,0.350000,8450,0.100000,6,12865,13,0.850000,919,38341,0.150000,7,4,271,0.650000,33989,25,0.500000,0.500000,33794,0.350000,0.900000,3.000000,5827
12,0.500000,3,8386,25667,0.100000,0.020000,26,2.000000,0.220000,4-4-2,21314,0.600000,0.220000,0.150000,2,0.600000,16,0.100000,21381,0.500000,4.000000,0.650000,0,7,6,0.850000,12737,16,0.500000,15,0.350000,9987,0.400000,10,12865,13,0.850000,920,38405,0.150000,11,4,272,0.650000,38405,24,0.600000,0.900000,25602,0.350000,0.900000,4.000000,5827
10,0.500000,3,8386,17089,0.900000,0.020000,27,3.000000,0.220000,4-3-3,21314,0.800000,0.220000,0.150000,3,0.330000,23,0.100000,21381,0.500000,4.000000,0.650000,0,7,6,0.800000,12865,9,0.500000,15,0.350000,8581,0.100000,6,12802,13,0.850000,922,38405,0.150000,7,4,273,0.650000,33794,25,0.500000,0.500000,33794,0.350000,0.900000,3.000000,5827
13,0.500000,4,25729,21191,0.750000,0.020000,25,2.000000,0.560000,3-4-2-1,21251,0.700000,0.150000,0.150000,3,0.500000,17,0.900000,25729,0.500000,3.000000,0.350000,0,12,6,0.870000,12870,24,0.560000,16,0.100000,12806,0.500000,19,12806,15,0.700000,974,29634,0.175000,21,5,274,0.500000,38346,19,0.250000,0.650000,29576,0.300000,0.700000,5.000000,4226
12,0.500000,3,8386,25602,0.100000,0.020000,26,2.000000,0.220000,4-4-2,21251,0.600000,0.220000,0.150000,2,0.600000,16,0.100000,21185,0.500000,4.000000,0.650000,0,7,6,0.850000,12737,16,0.500000,15,0.350000,9987,0.400000,10,12737,13,0.850000,980,38405,0.150000,11,4,275,0.650000,38275,24,0.600000,0.900000,25602,0.350000,0.900000,4.000000,4161
10,0.600000,3,8450,17089,0.350000,0.020000,25,1.000000,0.220000,4-1-4-1,25602,0.500000,0.220000,0.150000,2,0.330000,15,0.100000,21314,0.500000,4.500000,0.900000,0,7,6,0.850000,12802,2,0.500000,13,0.650000,8450,0.500000,15,12865,12,0.600000,982,25667,0.150000,31,4,276,0.650000,38341,16,0.100000,0.500000,21314,0.350000,0.900000,4.500000,4161
12,0.500000,4,18306,25602,0.100000,0.020000,26,2.000000,0.350000,3-1-4-2,21442,0.560000,0.150000,0.150000,3,0.560000,16,0.500000,21251,0.500000,3.500000,0.650000,0,10,6,0.850000,12737,22,0.500000,15,0.350000,12806,0.400000,1,12802,13,0.850000,1013,38213,0.175000,28,5,277,0.500000,38213,24,0.600000,0.900000,25602,0.300000,0.700000,4.500000,4161
10,0.500000,3,8386,17089,0.900000,0.020000,27,3.000000,0.220000,4-3-3,21314,0.800000,0.220000,0.150000,3,0.330000,23,0.100000,21314,0.500000,4.000000,0.650000,0,7,6,0.800000,12737,9,0.500000,15,0.350000,8386,0.100000,6,12737,13,0.850000,1035,38405,0.150000,7,4,278,0.650000,33794,25,0.500000,0.500000,33794,0.350000,0.900000,3.000000,4161
10,0.600000,3,8386,17089,0.350000,0.020000,25,1.000000,0.220000,4-1-4-1,25794,0.500000,0.220000,0.150000,2,0.330000,15,0.100000,21442,0.500000,4.500000,0.900000,0,7,6,0.850000,12737,2,0.500000,13,0.650000,8386,0.500000,15,12737,12,0.600000,1041,25602,0.150000,31,4,279,0.650000,38405,16,0.100000,0.500000,21185,0.350000,0.900000,4.500000,4161
12,0.500000,3,8386,25602,0.100000,0.020000,26,2.000000,0.220000,4-4-2,21314,0.600000,0.220000,0.150000,2,0.600000,16,0.100000,21314,0.500000,4.000000,0.650000,0,7,6,0.850000,12737,16,0.500000,15,0.350000,8386,0.400000,10,12737,13,0.850000,1043,38405,0.150000,11,4,280,0.650000,38405,24,0.600000,0.900000,25602,0.350000,0.900000,4.000000,4161
10,0.600000,3,8386,17089,0.350000,0.020000,25,1.000000,0.220000,4-1-4-1,25602,0.500000,0.220000,0.150000,2,0.330000,15,0.100000,21314,0.500000,4.500000,0.900000,0,7,6,0.850000,12865,2,0.500000,13,0.650000,8386,0.500000,15,12737,12,0.600000,1053,25602,0.150000,31,4,281,0.650000,38275,16,0.100000,0.500000,21381,0.350000,0.900000,4.500000,4161
10,0.500000,3,8450,17155,0.900000,0.020000,27,3.000000,0.220000,4-3-3,21381,0.800000,0.220000,0.150000,3,0.330000,23,0.100000,21314,0.500000,4.000000,0.650000,0,7,6,0.800000,12865,9,0.500000,15,0.350000,8450,0.100000,6,12865,13,0.850000,1318,38275,0.150000,7,4,282,0.650000,33989,25,0.500000,0.500000,33797,0.350000,0.900000,3.000000,4226
9,0.350000,3,8581,17089,0.500000,0.020000,25,1.000000,0.220000,4-2-3-1,18306,0.670000,0.220000,0.150000,2,0.350000,18,0.100000,29637,0.500000,5.000000,0.350000,0,7,6,0.870000,12737,3,0.670000,17,0.850000,8450,0.500000,14,12737,11,0.670000,1322,29570,0.150000,16,4,283,0.650000,38341,19,0.150000,0.650000,29570,0.350000,0.900000,4.000000,4161
9,0.350000,3,8581,17089,0.100000,0.020000,25,1.000000,0.220000,4-2-3-1,17089,0.600000,0.220000,0.150000,2,0.350000,16,0.100000,25602,0.500000,5.000000,0.350000,0,7,6,0.870000,12737,4,0.600000,12,0.900000,8386,0.500000,14,12737,11,0.670000,1325,29570,0.150000,3,4,284,0.650000,38213,18,0.500000,0.650000,25667,0.350000,0.900000,4.000000,4161
13,0.500000,4,25602,21381,0.750000,0.020000,25,2.000000,0.560000,3-4-2-1,21314,0.700000,0.150000,0.150000,3,0.500000,17,0.900000,25602,0.500000,3.000000,0.350000,0,12,6,0.870000,12737,24,0.560000,16,0.100000,12865,0.500000,19,14145,15,0.700000,1328,29570,0.175000,21,5,285,0.500000,38213,19,0.250000,0.650000,29570,0.300000,0.700000,5.000000,4161
7,0.330000,3,12737,8386,0.350000,0.020000,26,2.000000,0.150000,5-3-2,17089,0.500000,0.220000,0.175000,1,0.220000,15,0.300000,21314,0.500000,5.000000,0.500000,0,6,5,0.850000,12737,31,0.500000,13,0.650000,8450,0.400000,4,12737,10,0.850000,1330,38341,0.150000,24,4,286,0.700000,38213,24,0.600000,0.100000,21314,0.500000,0.900000,3.000000,5827
13,0.480000,3,8581,21442,0.900000,0.020000,27,3.000000,0.220000,4-3-3,21251,0.800000,0.220000,0.150000,3,0.500000,23,0.100000,21314,0.500000,4.000000,0.500000,0,7,6,0.800000,12865,8,0.500000,15,0.350000,8385,0.100000,6,12737,14,0.850000,1331,38341,0.150000,17,4,287,0.650000,33794,25,0.500000,0.650000,33794,0.350000,0.900000,3.000000,5827
13,0.500000,4,25732,21251,0.750000,0.020000,25,2.000000,0.560000,3-4-2-1,21442,0.700000,0.150000,0.150000,3,0.500000,17,0.900000,25667,0.500000,3.000000,0.350000,0,12,6,0.870000,12737,24,0.560000,16,0.100000,12737,0.500000,19,12737,15,0.700000,1334,29570,0.175000,21,5,288,0.500000,38405,19,0.250000,0.650000,29570,0.300000,0.700000,5.000000,4161
13,0.500000,3,8450,21251,0.900000,0.020000,27,3.000000,0.220000,4-3-3,21314,0.800000,0.220000,0.150000,3,0.500000,23,0.100000,29634,0.500000,4.000000,0.350000,0,7,6,0.800000,12737,11,0.670000,18,0.500000,8450,0.100000,6,12865,15,0.870000,1335,38410,0.150000,4,4,289,0.650000,33794,25,0.500000,0.650000,33986,0.350000,0.900000,3.000000,5827
9,0.350000,3,8581,18306,0.100000,0.020000,25,1.000000,0.220000,4-2-3-1,17153,0.600000,0.220000,0.150000,2,0.350000,16,0.100000,25605,0.500000,5.000000,0.350000,0,7,6,0.870000,12806,4,0.600000,12,0.900000,8513,0.500000,14,12737,11,0.670000,1337,29957,0.150000,3,4,290,0.650000,38277,18,0.500000,0.650000,25669,0.350000,0.900000,4.000000,5827
12,0.500000,3,8386,25602,0.100000,0.020000,26,2.000000,0.220000,4-4-2,21381,0.600000,0.220000,0.150000,2,0.600000,16,0.100000,21381,0.500000,4.000000,0.650000,0,7,6,0.850000,12737,16,0.500000,15,0.350000,8386,0.400000,10,12865,13,0.850000,1341,38275,0.150000,11,4,291,0.650000,38213,24,0.600000,0.900000,25602,0.350000,0.900000,4.000000,4226
7,0.330000,3,12865,8581,0.350000,0.020000,26,2.000000,0.150000,5-3-2,17025,0.500000,0.220000,0.175000,1,0.220000,15,0.300000,21314,0.500000,5.000000,0.500000,0,6,5,0.850000,12865,31,0.500000,13,0.650000,8581,0.400000,4,12865,10,0.850000,1343,38213,0.150000,24,4,292,0.700000,38405,24,0.600000,0.100000,21251,0.500000,0.900000,3.000000,4161
13,0.480000,3,8581,21381,0.900000,0.020000,27,3.000000,0.220000,4-3-3,21314,0.800000,0.220000,0.150000,3,0.500000,23,0.100000,21251,0.500000,4.000000,0.500000,0,7,6,0.800000,12737,8,0.500000,15,0.350000,8581,0.100000,6,12737,14,0.850000,1352,38405,0.150000,17,4,293,0.650000,33794,25,0.500000,0.650000,33794,0.350000,0.900000,3.000000,4161
13,0.500000,4,25729,21381,0.750000,0.020000,25,2.000000,0.560000,3-4-2-1,21251,0.700000,0.150000,0.150000,3,0.500000,17,0.900000,25667,0.500000,3.000000,0.350000,0,12,6,0.870000,12737,24,0.560000,16,0.100000,12737,0.500000,19,14145,15,0.700000,1353,29634,0.175000,21,5,294,0.500000,38405,19,0.250000,0.650000,29570,0.300000,0.700000,5.000000,5827
10,0.500000,3,8581,17155,0.900000,0.020000,27,3.000000,0.220000,4-3-3,21314,0.800000,0.220000,0.150000,3,0.330000,23,0.100000,21442,0.500000,4.000000,0.650000,0,7,6,0.800000,12865,9,0.500000,15,0.350000,9987,0.100000,6,12865,13,0.850000,1354,38341,0.150000,7,4,295,0.650000,33794,25,0.500000,0.500000,33794,0.350000,0.900000,3.000000,4226
7,0.600000,3,12865,8581,0.350000,0.020000,25,1.000000,0.150000,5-4-1,25797,0.500000,0.220000,0.175000,0,0.220000,15,0.300000,21314,0.500000,5.000000,0.900000,0,6,5,0.850000,12865,33,0.500000,13,0.650000,8581,0.500000,5,12737,12,0.600000,1355,25669,0.150000,14,4,296,0.700000,38405,16,0.100000,0.100000,21314,0.500000,0.900000,4.000000,5827
13,0.500000,3,8450,21314,0.900000,0.020000,27,3.000000,0.220000,4-3-3,21442,0.800000,0.220000,0.150000,3,0.500000,23,0.100000,29570,0.500000,4.000000,0.350000,0,7,6,0.800000,12737,11,0.670000,18,0.500000,8581,0.100000,6,12865,15,0.870000,1356,38213,0.150000,4,4,297,0.650000,33794,25,0.500000,0.650000,33794,0.350000,0.900000,3.000000,4161
9,0.350000,3,8581,17153,0.100000,0.020000,25,1.000000,0.220000,4-2-3-1,18306,0.600000,0.220000,0.150000,2,0.350000,16,0.100000,25602,0.500000,5.000000,0.350000,0,7,6,0.870000,12737,4,0.600000,12,0.900000,8450,0.500000,14,12737,11,0.670000,1359,29957,0.150000,3,4,298,0.650000,38341,18,0.500000,0.650000,25729,0.350000,0.900000,4.000000,4161
9,0.350000,3,8385,17153,0.900000,0.020000,27,3.000000,0.220000,4-2-1-3,17155,0.800000,0.220000,0.150000,3,0.350000,23,0.100000,29570,0.500000,4.000000,0.350000,0,7,6,0.800000,12865,36,0.670000,18,0.500000,8450,0.100000,18,12865,11,0.870000,1362,38217,0.150000,27,4,299,0.650000,33986,25,0.500000,0.650000,33986,0.350000,0.900000,3.000000,4226
12,0.500000,4,17089,25602,0.100000,0.020000,26,2.000000,0.350000,3-1-4-2,21314,0.560000,0.150000,0.150000,3,0.560000,16,0.500000,21314,0.500000,3.500000,0.650000,0,10,6,0.850000,12802,22,0.500000,15,0.350000,12737,0.400000,1,12737,13,0.850000,1363,38405,0.175000,28,5,300,0.500000,38405,24,0.600000,0.900000,25667,0.300000,0.700000,4.500000,4226
13,0.480000,3,8450,21314,0.500000,0.020000,26,2.500000,0.220000,4-3-1-2,21251,0.700000,0.220000,0.150000,2,0.500000,18,0.100000,21314,0.500000,4.000000,0.500000,0,7,6,0.850000,12865,6,0.500000,15,0.350000,8450,0.400000,9,12737,14,0.850000,1364,38405,0.150000,34,4,301,0.650000,38275,24,0.600000,0.650000,29634,0.350000,0.900000,3.500000,4161
9,0.350000,3,8450,17155,0.100000,0.020000,25,1.000000,0.220000,4-2-3-1,17155,0.600000,0.220000,0.150000,2,0.350000,16,0.100000,25667,0.500000,5.000000,0.350000,0,7,6,0.870000,12737,4,0.600000,12,0.900000,8450,0.500000,14,12737,11,0.670000,1365,30341,0.150000,3,4,302,0.650000,38341,18,0.500000,0.650000,25794,0.350000,0.900000,4.000000,5827
10,0.600000,3,8386,17089,0.350000,0.020000,25,1.000000,0.220000,4-1-4-1,25729,0.500000,0.220000,0.150000,2,0.330000,15,0.100000,21314,0.500000,4.500000,0.900000,0,7,6,0.850000,12737,2,0.500000,13,0.650000,8386,0.500000,15,12737,12,0.600000,1366,25729,0.150000,31,4,303,0.650000,38213,16,0.100000,0.500000,21314,0.350000,0.900000,4.500000,4161
9,0.350000,3,8386,17155,0.100000,0.020000,25,1.000000,0.220000,4-2-3-1,17089,0.600000,0.220000,0.150000,2,0.350000,16,0.100000,25794,0.500000,5.000000,0.350000,0,7,6,0.870000,12737,4,0.600000,12,0.900000,8386,0.500000,14,12737,11,0.670000,1367,29570,0.150000,3,4,304,0.650000,38213,18,0.500000,0.650000,25602,0.350000,0.900000,4.000000,4161
12,0.500000,3,8386,25667,0.100000,0.020000,26,2.000000,0.220000,4-4-2,21249,0.600000,0.220000,0.150000,2,0.600000,16,0.100000,21251,0.500000,4.000000,0.650000,0,7,6,0.850000,12806,16,0.500000,15,0.350000,8513,0.400000,10,12870,13,0.850000,1369,38275,0.150000,11,4,305,0.650000,38341,24,0.600000,0.900000,25667,0.350000,0.900000,4.000000,5827
10,0.500000,3,8386,17095,0.900000,0.020000,27,3.000000,0.220000,4-3-3,21384,0.800000,0.220000,0.150000,3,0.330000,23,0.100000,21314,0.500000,4.000000,0.650000,0,7,6,0.800000,12865,9,0.500000,15,0.350000,8394,0.100000,6,12802,13,0.850000,1370,38275,0.150000,7,4,306,0.650000,33989,25,0.500000,0.500000,33986,0.350000,0.900000,3.000000,5827
9,0.350000,3,8386,17153,0.100000,0.020000,26,2.000000,0.220000,4-4-2,18306,0.560000,0.220000,0.150000,2,0.350000,16,0.100000,25667,0.500000,4.000000,0.350000,0,7,6,0.850000,12737,17,0.560000,12,0.900000,8386,0.400000,10,12865,11,0.850000,1375,38405,0.150000,12,4,307,0.650000,38275,24,0.600000,0.650000,25602,0.350000,0.900000,4.000000,4161
10,0.600000,3,8450,17089,0.350000,0.020000,25,1.000000,0.220000,4-1-4-1,25794,0.500000,0.220000,0.150000,2,0.330000,15,0.100000,21251,0.500000,4.500000,0.900000,0,7,6,0.850000,12737,2,0.500000,13,0.650000,8581,0.500000,15,12865,12,0.600000,1377,25602,0.150000,31,4,308,0.650000,38405,16,0.100000,0.500000,21314,0.350000,0.900000,4.500000,5827
13,0.500000,3,8450,21185,0.900000,0.020000,27,3.000000,0.220000,4-3-3,21314,0.800000,0.220000,0.150000,3,0.500000,23,0.100000,29571,0.500000,4.000000,0.350000,0,7,6,0.800000,12737,11,0.670000,18,0.500000,8385,0.100000,6,12802,15,0.870000,1386,38410,0.150000,4,4,309,0.650000,33989,25,0.500000,0.650000,33794,0.350000,0.900000,3.000000,5827
12,0.500000,3,8581,25602,0.100000,0.020000,25,1.500000,0.220000,4-4-1-1,21442,0.560000,0.220000,0.150000,2,0.560000,16,0.100000,21314,0.500000,4.000000,0.650000,0,7,6,0.870000,12737,18,0.500000,15,0.350000,8581,0.500000,14,12737,13,0.670000,1387,29570,0.150000,18,4,310,0.650000,38341,18,0.500000,0.900000,25729,0.350000,0.900000,4.500000,4226
7,0.600000,3,12737,8581,0.350000,0.020000,25,1.000000,0.150000,5-4-1,25602,0.500000,0.220000,0.175000,0,0.220000,15,0.300000,21314,0.500000,5.000000,0.900000,0,6,5,0.850000,12737,33,0.500000,13,0.650000,8581,0.500000,5,12737,12,0.600000,1391,25667,0.150000,14,4,311,0.700000,38405,16,0.100000,0.100000,21314,0.500000,0.900000,4.000000,4161
13,0.500000,4,25602,21185,0.900000,0.020000,27,3.000000,0.560000,3-4-3,21314,0.800000,0.150000,0.150000,4,0.500000,23,0.900000,25602,0.500000,3.000000,0.350000,0,12,6,0.800000,12865,25,0.560000,16,0.100000,12737,0.100000,0,12737,15,0.850000,1411,38405,0.175000,2,5,312,0.500000,33794,25,0.500000,0.650000,33859,0.300000,0.700000,4.000000,4161
7,0.600000,3,12737,8581,0.350000,0.020000,25,1.000000,0.150000,5-4-1,25667,0.500000,0.220000,0.175000,0,0.220000,15,0.300000,21251,0.500000,5.000000,0.900000,0,6,5,0.850000,12737,33,0.500000,13,0.650000,8450,0.500000,5,12737,12,0.600000,1415,25794,0.150000,14,4,313,0.700000,38275,16,0.100000,0.100000,21251,0.500000,0.900000,4.000000,5827
10,0.500000,3,8386,17089,0.900000,0.020000,27,3.000000,0.220000,4-3-3,21314,0.800000,0.220000,0.150000,3,0.330000,23,0.100000,21191,0.500000,4.000000,0.650000,0,7,6,0.800000,12806,9,0.500000,15,0.350000,8386,0.100000,6,12806,13,0.850000,1438,38405,0.150000,7,4,314,0.650000,33794,25,0.500000,0.500000,33986,0.350000,0.900000,3.000000,4226
10,0.500000,3,8450,17025,0.900000,0.020000,27,3.000000,0.220000,4-3-3,21314,0.800000,0.220000,0.150000,3,0.330000,23,0.100000,21251,0.500000,4.000000,0.650000,0,7,6,0.800000,12865,9,0.500000,15,0.350000,9987,0.100000,6,12737,13,0.850000,1443,38405,0.150000,7,4,315,0.650000,33794,25,0.500000,0.500000,33794,0.350000,0.900000,3.000000,5827
9,0.350000,3,8386,17155,0.100000,0.020000,25,1.000000,0.220000,4-2-3-1,17089,0.600000,0.220000,0.150000,2,0.350000,16,0.100000,25602,0.500000,5.000000,0.350000,0,7,6,0.870000,12865,4,0.600000,12,0.900000,8386,0.500000,14,12737,11,0.670000,1447,29570,0.150000,3,4,316,0.650000,38405,18,0.500000,0.650000,25602,0.350000,0.900000,4.000000,5827
12,0.500000,3,8386,25602,0.100000,0.020000,26,2.000000,0.220000,4-4-2,21251,0.600000,0.220000,0.150000,2,0.600000,16,0.100000,21314,0.500000,4.000000,0.650000,0,7,6,0.850000,12737,16,0.500000,15,0.350000,8386,0.400000,10,12802,13,0.850000,1463,38213,0.150000,11,4,317,0.650000,38405,24,0.600000,0.900000,25602,0.350000,0.900000,4.000000,4161
10,0.600000,3,8581,17089,0.350000,0.020000,25,1.000000,0.220000,4-1-4-1,25794,0.500000,0.220000,0.150000,2,0.330000,15,0.100000,21251,0.500000,4.500000,0.900000,0,7,6,0.850000,12802,2,0.500000,13,0.650000,8386,0.500000,15,12865,12,0.600000,1473,25602,0.150000,31,4,318,0.650000,38405,16,0.100000,0.500000,21381,0.350000,0.900000,4.500000,4161
12,0.500000,3,9987,25794,0.100000,0.020000,26,2.000000,0.220000,4-4-2,21249,0.600000,0.220000,0.150000,2,0.600000,16,0.100000,21185,0.500000,4.000000,0.650000,0,7,6,0.850000,12737,16,0.500000,15,0.350000,8513,0.400000,10,12737,13,0.850000,1474,38405,0.150000,11,4,319,0.650000,38405,24,0.600000,0.900000,25602,0.350000,0.900000,4.000000,4161
9,0.350000,3,8386,17089,0.100000,0.020000,25,1.000000,0.220000,4-2-3-1,17089,0.600000,0.220000,0.150000,2,0.350000,16,0.100000,25602,0.500000,5.000000,0.350000,0,7,6,0.870000,12865,4,0.600000,12,0.900000,8450,0.500000,14,12737,11,0.670000,1477,29570,0.150000,3,4,320,0.650000,38213,18,0.500000,0.650000,25602,0.350000,0.900000,4.000000,4161
12,0.500000,3,8450,25602,0.100000,0.020000,26,2.000000,0.220000,4-4-2,21251,0.600000,0.220000,0.150000,2,0.600000,16,0.100000,21314,0.500000,4.000000,0.650000,0,7,6,0.850000,12737,16,0.500000,15,0.350000,8450,0.400000,10,12737,13,0.850000,1478,38405,0.150000,11,4,321,0.650000,38405,24,0.600000,0.900000,25602,0.350000,0.900000,4.000000,4161
13,0.500000,4,25602,21314,0.500000,0.020000,26,2.500000,0.560000,3-4-1-2,21251,0.670000,0.150000,0.150000,4,0.500000,18,0.900000,25602,0.500000,3.000000,0.350000,0,12,6,0.870000,12737,23,0.560000,16,0.100000,14145,0.400000,1,12737,15,0.870000,1516,38405,0.175000,29,5,322,0.500000,38275,24,0.600000,0.650000,29570,0.300000,0.700000,4.500000,4226
12,0.500000,3,8450,25794,0.100000,0.020000,26,2.000000,0.220000,4-4-2,21314,0.600000,0.220000,0.150000,2,0.600000,16,0.100000,21314,0.500000,4.000000,0.650000,0,7,6,0.850000,12737,16,0.500000,15,0.350000,8450,0.400000,10,12865,13,0.850000,1523,38341,0.150000,11,4,323,0.650000,38275,24,0.600000,0.900000,25729,0.350000,0.900000,4.000000,4161
7,0.330000,3,12737,8450,0.350000,0.020000,26,2.000000,0.150000,5-3-2,17155,0.500000,0.220000,0.175000,1,0.220000,15,0.300000,21381,0.500000,5.000000,0.500000,0,6,5,0.850000,12737,31,0.500000,13,0.650000,8450,0.400000,4,12737,10,0.850000,1530,38405,0.150000,24,4,324,0.700000,38275,24,0.600000,0.100000,21185,0.500000,0.900000,3.000000,4161
7,0.330000,3,14145,8581,0.350000,0.020000,26,2.000000,0.150000,5-3-2,17155,0.500000,0.220000,0.175000,1,0.220000,15,0.300000,21251,0.500000,5.000000,0.500000,0,6,5,0.850000,12802,31,0.500000,13,0.650000,8450,0.400000,4,12865,10,0.850000,1569,38341,0.150000,24,4,325,0.700000,38341,24,0.600000,0.100000,21314,0.500000,0.900000,3.000000,4161
9,0.350000,3,8450,17095,0.100000,0.020000,25,1.000000,0.220000,4-2-3-1,17089,0.600000,0.220000,0.150000,2,0.350000,16,0.100000,25602,0.500000,5.000000,0.350000,0,7,6,0.870000,12737,4,0.600000,12,0.900000,8450,0.500000,14,12737,11,0.670000,1571,29957,0.150000,3,4,326,0.650000,38405,18,0.500000,0.650000,25602,0.350000,0.900000,4.000000,4162
9,0.350000,3,8450,17095,0.100000,0.020000,25,1.000000,0.220000,4-2-3-1,17089,0.600000,0.220000,0.150000,2,0.350000,16,0.100000,25602,0.500000,5.000000,0.350000,0,7,6,0.870000,12737,4,0.600000,12,0.900000,8450,0.500000,14,12737,11,0.670000,1572,29570,0.150000,3,4,327,0.650000,38341,18,0.500000,0.650000,25602,0.350000,0.900000,4.000000,4162
9,0.350000,3,8386,17089,0.100000,0.020000,25,1.000000,0.220000,4-2-3-1,17089,0.600000,0.220000,0.150000,2,0.350000,16,0.100000,25602,0.500000,5.000000,0.350000,0,7,6,0.870000,12737,4,0.600000,12,0.900000,8386,0.500000,14,12737,11,0.670000,1598,29570,0.150000,3,4,328,0.650000,38405,18,0.500000,0.650000,25602,0.350000,0.900000,4.000000,4161
9,0.350000,3,8386,17089,0.100000,0.020000,25,1.000000,0.220000,4-2-3-1,17089,0.600000,0.220000,0.150000,2,0.350000,16,0.100000,25602,0.500000,5.000000,0.350000,0,7,6,0.870000,12737,4,0.600000,12,0.900000,8386,0.500000,14,12737,11,0.670000,1629,29570,0.150000,3,4,329,0.650000,38405,18,0.500000,0.650000,25602,0.350000,0.900000,4.000000,4161
9,0.350000,3,8450,17089,0.100000,0.020000,25,1.000000,0.220000,4-2-3-1,17089,0.600000,0.220000,0.150000,2,0.350000,16,0.100000,25602,0.500000,5.000000,0.350000,0,7,6,0.870000,12737,4,0.600000,12,0.900000,8450,0.500000,14,12737,11,0.670000,1667,29570,0.150000,3,4,330,0.650000,38405,18,0.500000,0.650000,25794,0.350000,0.900000,4.000000,4161
13,0.500000,4,25602,21314,0.500000,0.020000,26,2.500000,0.560000,3-4-1-2,21381,0.670000,0.150000,0.150000,4,0.500000,18,0.900000,25729,0.500000,3.000000,0.350000,0,12,6,0.870000,12737,23,0.560000,16,0.100000,12737,0.400000,1,12865,15,0.870000,1713,38405,0.175000,29,5,331,0.500000,38405,24,0.600000,0.650000,29570,0.300000,0.700000,4.500000,4161
9,0.350000,3,8581,17089,0.250000,0.020000,26,2.000000,0.220000,4-2-2-2,17089,0.670000,0.220000,0.150000,2,0.350000,19,0.100000,29570,0.500000,5.000000,0.350000,0,7,6,0.870000,12865,13,0.670000,17,0.750000,8386,0.400000,10,12737,11,0.870000,1715,38405,0.150000,32,4,332,0.650000,38213,24,0.600000,0.650000,29570,0.350000,0.900000,3.000000,4161
9,0.350000,3,8581,17155,0.100000,0.020000,25,1.000000,0.220000,4-2-3-1,17089,0.600000,0.220000,0.150000,2,0.350000,16,0.100000,25729,0.500000,5.000000,0.350000,0,7,6,0.870000,12737,4,0.600000,12,0.900000,8386,0.500000,14,12737,11,0.670000,1738,29570,0.150000,3,4,333,0.650000,38405,18,0.500000,0.650000,25602,0.350000,0.900000,4.000000,5827
12,0.500000,4,17089,25602,0.100000,0.020000,26,2.000000,0.350000,3-1-4-2,21185,0.560000,0.150000,0.150000,3,0.560000,16,0.500000,21314,0.500000,3.500000,0.650000,0,10,6,0.850000,12865,22,0.500000,15,0.350000,12737,0.400000,1,12737,13,0.850000,1739,38341,0.175000,28,5,334,0.500000,38405,24,0.600000,0.900000,25602,0.300000,0.700000,4.500000,4161
7,0.330000,3,14145,8581,0.350000,0.020000,26,2.000000,0.150000,5-3-2,17155,0.500000,0.220000,0.175000,1,0.220000,15,0.300000,21314,0.500000,5.000000,0.500000,0,6,5,0.850000,14145,31,0.500000,13,0.650000,8581,0.400000,4,12737,10,0.850000,1744,38341,0.150000,24,4,335,0.700000,38275,24,0.600000,0.100000,21251,0.500000,0.900000,3.000000,4161
9,0.350000,3,8450,17025,0.100000,0.020000,25,1.000000,0.220000,4-2-3-1,17155,0.600000,0.220000,0.150000,2,0.350000,16,0.100000,25794,0.500000,5.000000,0.350000,0,7,6,0.870000,12802,4,0.600000,12,0.900000,9987,0.500000,14,12802,11,0.670000,1745,29570,0.150000,3,4,336,0.650000,38405,18,0.500000,0.650000,25794,0.350000,0.900000,4.000000,5827
12,0.500000,3,8581,25602,0.100000,0.020000,25,1.500000,0.220000,4-4-1-1,21314,0.560000,0.220000,0.150000,2,0.560000,16,0.100000,21314,0.500000,4.000000,0.650000,0,7,6,0.870000,12802,18,0.500000,15,0.350000,8450,0.500000,14,12737,13,0.670000,1746,29570,0.150000,18,4,337,0.650000,38341,18,0.500000,0.900000,25602,0.350000,0.900000,4.500000,5827
12,0.500000,3,8386,25602,0.100000,0.020000,26,2.000000,0.220000,4-4-2,21314,0.600000,0.220000,0.150000,2,0.600000,16,0.100000,21249,0.500000,4.000000,0.650000,0,7,6,0.850000,12865,16,0.500000,15,0.350000,8386,0.400000,10,12737,13,0.850000,1750,38405,0.150000,11,4,338,0.650000,38405,24,0.600000,0.900000,25667,0.350000,0.900000,4.000000,4161
7,0.330000,3,12865,8450,0.350000,0.020000,26,2.000000,0.150000,5-3-2,17089,0.500000,0.220000,0.175000,1,0.220000,15,0.300000,21442,0.500000,5.000000,0.500000,0,6,5,0.850000,14145,31,0.500000,13,0.650000,8450,0.400000,4,12737,10,0.850000,1756,38341,0.150000,24,4,339,0.700000,38341,24,0.600000,0.100000,21381,0.500000,0.900000,3.000000,4226
9,0.350000,3,8450,17089,0.100000,0.020000,25,1.000000,0.220000,4-2-3-1,17089,0.600000,0.220000,0.150000,2,0.350000,16,0.100000,25602,0.500000,5.000000,0.350000,0,7,6,0.870000,12737,4,0.600000,12,0.900000,8450,0.500000,14,12865,11,0.670000,1757,29570,0.150000,3,4,340,0.650000,38213,18,0.500000,0.650000,25794,0.350000,0.900000,4.000000,5827
12,0.500000,3,8450,25667,0.100000,0.020000,25,1.500000,0.220000,4-4-1-1,21314,0.560000,0.220000,0.150000,2,0.560000,16,0.100000,21314,0.500000,4.000000,0.650000,0,7,6,0.870000,12865,18,0.500000,15,0.350000,8450,0.500000,14,12737,13,0.670000,1786,29570,0.150000,18,4,341,0.650000,38405,18,0.500000,0.900000,25729,0.350000,0.900000,4.500000,4226
7,0.500000,3,12737,8450,0.900000,0.020000,27,1.000000,0.150000,5-2-3,21381,0.800000,0.220000,0.175000,1,0.220000,23,0.300000,21314,0.500000,6.000000,0.650000,0,6,5,0.800000,12865,30,0.500000,15,0.350000,8581,0.100000,3,12737,13,0.850000,1788,38405,0.150000,36,4,342,0.700000,33986,25,0.500000,0.100000,33986,0.500000,0.900000,3.000000,5827
9,0.350000,3,8450,17089,0.100000,0.020000,25,1.000000,0.220000,4-2-3-1,17089,0.600000,0.220000,0.150000,2,0.350000,16,0.100000,25667,0.500000,5.000000,0.350000,0,7,6,0.870000,12737,4,0.600000,12,0.900000,8386,0.500000,14,12737,11,0.670000,1790,29570,0.150000,3,4,343,0.650000,38213,18,0.500000,0.650000,25602,0.350000,0.900000,4.000000,4161
9,0.350000,3,8386,17089,0.100000,0.020000,25,1.000000,0.220000,4-2-3-1,17155,0.600000,0.220000,0.150000,2,0.350000,16,0.100000,25602,0.500000,5.000000,0.350000,0,7,6,0.870000,12737,4,0.600000,12,0.900000,8450,0.500000,14,12737,11,0.670000,1792,29570,0.150000,3,4,344,0.650000,38341,18,0.500000,0.650000,25667,0.350000,0.900000,4.000000,4226
9,0.350000,3,8386,17155,0.100000,0.020000,25,1.000000,0.220000,4-2-3-1,17089,0.600000,0.220000,0.150000,2,0.350000,16,0.100000,25602,0.500000,5.000000,0.350000,0,7,6,0.870000,12802,4,0.600000,12,0.900000,8450,0.500000,14,12737,11,0.670000,1793,29570,0.150000,3,4,345,0.650000,38405,18,0.500000,0.650000,25602,0.350000,0.900000,4.000000,5827
9,0.350000,3,8581,17089,0.100000,0.020000,25,1.000000,0.220000,4-2-3-1,17089,0.600000,0.220000,0.150000,2,0.350000,16,0.100000,25602,0.500000,5.000000,0.350000,0,7,6,0.870000,12737,4,0.600000,12,0.900000,8581,0.500000,14,12737,11,0.670000,1794,29570,0.150000,3,4,346,0.650000,38341,18,0.500000,0.650000,25667,0.350000,0.900000,4.000000,4161
12,0.500000,3,8581,25602,0.100000,0.020000,25,1.500000,0.220000,4-4-1-1,21314,0.560000,0.220000,0.150000,2,0.560000,16,0.100000,21314,0.500000,4.000000,0.650000,0,7,6,0.870000,12737,18,0.500000,15,0.350000,8450,0.500000,14,12737,13,0.670000,1795,29570,0.150000,18,4,347,0.650000,38405,18,0.500000,0.900000,25667,0.350000,0.900000,4.500000,4161
9,0.350000,3,8450,17155,0.100000,0.020000,25,1.000000,0.220000,4-2-3-1,17095,0.600000,0.220000,0.150000,2,0.350000,16,0.100000,25602,0.500000,5.000000,0.350000,0,7,6,0.870000,12865,4,0.600000,12,0.900000,8450,0.500000,14,12737,11,0.670000,1796,29570,0.150000,3,4,348,0.650000,38405,18,0.500000,0.650000,25794,0.350000,0.900000,4.000000,5827
7,0.330000,3,12737,8450,0.350000,0.020000,26,2.000000,0.150000,5-3-2,17089,0.500000,0.220000,0.175000,1,0.220000,15,0.300000,21314,0.500000,5.000000,0.500000,0,6,5,0.850000,12737,31,0.500000,13,0.650000,8513,0.400000,4,12802,10,0.850000,1797,38213,0.150000,24,4,349,0.700000,38405,24,0.600000,0.100000,21314,0.500000,0.900000,3.000000,4161
7,0.330000,3,12737,8581,0.350000,0.020000,26,2.000000,0.150000,5-3-2,17089,0.500000,0.220000,0.175000,1,0.220000,15,0.300000,21381,0.500000,5.000000,0.500000,0,6,5,0.850000,12737,31,0.500000,13,0.650000,8581,0.400000,4,12737,10,0.850000,1798,38405,0.150000,24,4,350,0.700000,38404,24,0.600000,0.100000,21381,0.500000,0.900000,3.000000,4161
7,0.500000,3,14145,8581,0.900000,0.020000,27,1.000000,0.150000,5-2-3,21251,0.800000,0.220000,0.175000,1,0.220000,23,0.300000,21185,0.500000,6.000000,0.650000,0,6,5,0.800000,14145,30,0.500000,15,0.350000,8581,0.100000,3,12802,13,0.850000,1799,38341,0.150000,36,4,351,0.700000,33861,25,0.500000,0.100000,33992,0.500000,0.900000,3.000000,4161
9,0.350000,3,8581,17089,0.100000,0.020000,25,1.000000,0.220000,4-2-3-1,17089,0.600000,0.220000,0.150000,2,0.350000,16,0.100000,25602,0.500000,5.000000,0.350000,0,7,6,0.870000,12737,4,0.600000,12,0.900000,8581,0.500000,14,12737,11,0.670000,1800,29570,0.150000,3,4,352,0.650000,38405,18,0.500000,0.650000,25794,0.350000,0.900000,4.000000,4161
7,0.330000,3,12737,8450,0.350000,0.020000,26,2.000000,0.150000,5-3-2,17089,0.500000,0.220000,0.175000,1,0.220000,15,0.300000,21314,0.500000,5.000000,0.500000,0,6,5,0.850000,12737,31,0.500000,13,0.650000,8450,0.400000,4,12737,10,0.850000,1801,38405,0.150000,24,4,353,0.700000,38275,24,0.600000,0.100000,21381,0.500000,0.900000,3.000000,4161
9,0.350000,3,8581,17089,0.100000,0.020000,25,1.000000,0.220000,4-2-3-1,17089,0.600000,0.220000,0.150000,2,0.350000,16,0.100000,25602,0.500000,5.000000,0.350000,0,7,6,0.870000,12737,4,0.600000,12,0.900000,8581,0.500000,14,12737,11,0.670000,1802,29576,0.150000,3,4,354,0.650000,38213,18,0.500000,0.650000,25602,0.350000,0.900000,4.000000,4161
10,0.600000,3,8450,17095,0.350000,0.020000,25,1.000000,0.220000,4-1-4-1,25602,0.500000,0.220000,0.150000,2,0.330000,15,0.100000,21314,0.500000,4.500000,0.900000,0,7,6,0.850000,12737,2,0.500000,13,0.650000,8450,0.500000,15,12865,12,0.600000,1803,25794,0.150000,31,4,355,0.650000,38341,16,0.100000,0.500000,21314,0.350000,0.900000,4.500000,4162
7,0.600000,3,12737,8386,0.350000,0.020000,25,1.000000,0.150000,5-4-1,25602,0.500000,0.220000,0.175000,0,0.220000,15,0.300000,21314,0.500000,5.000000,0.900000,0,6,5,0.850000,12737,33,0.500000,13,0.650000,8581,0.500000,5,12802,12,0.600000,1804,25602,0.150000,14,4,356,0.700000,38405,16,0.100000,0.100000,21251,0.500000,0.900000,4.000000,4161
9,0.350000,3,8450,17089,0.100000,0.020000,25,1.000000,0.220000,4-2-3-1,17089,0.600000,0.220000,0.150000,2,0.350000,16,0.100000,25729,0.500000,5.000000,0.350000,0,7,6,0.870000,12737,4,0.600000,12,0.900000,8450,0.500000,14,12737,11,0.670000,1805,30341,0.150000,3,4,357,0.650000,38405,18,0.500000,0.650000,25602,0.350000,0.900000,4.000000,4161
9,0.350000,3,8386,17089,0.100000,0.020000,25,1.000000,0.220000,4-2-3-1,17089,0.600000,0.220000,0.150000,2,0.350000,16,0.100000,25794,0.500000,5.000000,0.350000,0,7,6,0.870000,12737,4,0.600000,12,0.900000,8386,0.500000,14,12737,11,0.670000,1806,29634,0.150000,3,4,358,0.650000,38275,18,0.500000,0.650000,25602,0.350000,0.900000,4.000000,4161
7,0.500000,3,12737,8581,0.500000,0.020000,26,2.000000,0.150000,5-2-1-2,21314,0.670000,0.220000,0.175000,1,0.220000,18,0.300000,21314,0.500000,6.000000,0.650000,0,6,5,0.870000,12737,29,0.500000,15,0.350000,8450,0.400000,4,12737,13,0.870000,1807,38341,0.150000,35,4,359,0.700000,38405,24,0.600000,0.100000,29570,0.500000,0.900000,2.000000,5827
9,0.350000,3,8450,18306,0.100000,0.020000,25,1.000000,0.220000,4-2-3-1,17155,0.600000,0.220000,0.150000,2,0.350000,16,0.100000,25797,0.500000,5.000000,0.350000,0,7,6,0.870000,12865,4,0.600000,12,0.900000,8514,0.500000,14,12865,11,0.670000,1808,29570,0.150000,3,4,360,0.650000,38404,18,0.500000,0.650000,25669,0.350000,0.900000,4.000000,5827
13,0.500000,4,25729,21314,0.900000,0.020000,27,3.000000,0.560000,3-4-3,21185,0.800000,0.150000,0.150000,4,0.500000,23,0.900000,25729,0.500000,3.000000,0.350000,0,12,6,0.800000,12737,25,0.560000,16,0.100000,12737,0.100000,0,12737,15,0.850000,1809,38213,0.175000,2,5,361,0.500000,33859,25,0.500000,0.650000,33986,0.300000,0.700000,4.000000,4161
7,0.600000,3,12737,8386,0.350000,0.020000,25,1.000000,0.150000,5-4-1,25794,0.500000,0.220000,0.175000,0,0.220000,15,0.300000,21314,0.500000,5.000000,0.900000,0,6,5,0.850000,12737,33,0.500000,13,0.650000,8581,0.500000,5,12737,12,0.600000,1814,25794,0.150000,14,4,362,0.700000,38405,16,0.100000,0.100000,21314,0.500000,0.900000,4.000000,4161
7,0.600000,3,12737,8450,0.350000,0.020000,25,1.000000,0.150000,5-4-1,25602,0.500000,0.220000,0.175000,0,0.220000,15,0.300000,21314,0.500000,5.000000,0.900000,0,6,5,0.850000,12737,33,0.500000,13,0.650000,8581,0.500000,5,12737,12,0.600000,1815,25667,0.150000,14,4,363,0.700000,38341,16,0.100000,0.100000,21185,0.500000,0.900000,4.000000,5827
12,0.500000,3,8450,25667,0.100000,0.020000,26,2.000000,0.220000,4-4-2,21314,0.600000,0.220000,0.150000,2,0.600000,16,0.100000,21185,0.500000,4.000000,0.650000,0,7,6,0.850000,12737,16,0.500000,15,0.350000,8386,0.400000,10,12737,13,0.850000,1816,38405,0.150000,11,4,364,0.650000,38341,24,0.600000,0.900000,25602,0.350000,0.900000,4.000000,4161
9,0.350000,3,8386,17025,0.100000,0.020000,25,1.000000,0.220000,4-2-3-1,17155,0.600000,0.220000,0.150000,2,0.350000,16,0.100000,25602,0.500000,5.000000,0.350000,0,7,6,0.870000,12737,4,0.600000,12,0.900000,8386,0.500000,14,12737,11,0.670000,1819,29570,0.150000,3,4,365,0.650000,38405,18,0.500000,0.650000,25602,0.350000,0.900000,4.000000,5827
7,0.600000,3,12737,8581,0.350000,0.020000,25,1.000000,0.150000,5-4-1,25729,0.500000,0.220000,0.175000,0,0.220000,15,0.300000,21381,0.500000,5.000000,0.900000,0,6,5,0.850000,12737,33,0.500000,13,0.650000,8581,0.500000,5,12737,12,0.600000,1823,25602,0.150000,14,4,366,0.700000,38405,16,0.100000,0.100000,21314,0.500000,0.900000,4.000000,4226
10,0.600000,3,8581,17089,0.350000,0.020000,25,1.000000,0.220000,4-1-4-1,25731,0.500000,0.220000,0.150000,2,0.330000,15,0.100000,21445,0.500000,4.500000,0.900000,0,7,6,0.850000,12737,2,0.500000,13,0.650000,8386,0.500000,15,12806,12,0.600000,1824,25605,0.150000,31,4,367,0.650000,38405,16,0.100000,0.500000,21314,0.350000,0.900000,4.500000,5827
7,0.600000,3,12737,8581,0.350000,0.020000,25,1.000000,0.150000,5-4-1,25794,0.500000,0.220000,0.175000,0,0.220000,15,0.300000,21185,0.500000,5.000000,0.900000,0,6,5,0.850000,12737,33,0.500000,13,0.650000,8450,0.500000,5,12737,12,0.600000,1825,25794,0.150000,14,4,368,0.700000,38213,16,0.100000,0.100000,21381,0.500000,0.900000,4.000000,5827
13,0.500000,4,25602,21251,0.750000,0.020000,25,2.000000,0.560000,3-4-2-1,21314,0.700000,0.150000,0.150000,3,0.500000,17,0.900000,25794,0.500000,3.000000,0.350000,0,12,6,0.870000,12737,24,0.560000,16,0.100000,14145,0.500000,19,12737,15,0.700000,1826,29570,0.175000,21,5,369,0.500000,38277,19,0.250000,0.650000,29957,0.300000,0.700000,5.000000,4161
13,0.500000,4,25729,21185,0.750000,0.020000,25,2.000000,0.560000,3-4-2-1,21314,0.700000,0.150000,0.150000,3,0.500000,17,0.900000,25729,0.500000,3.000000,0.350000,0,12,6,0.870000,12865,24,0.560000,16,0.100000,12737,0.500000,19,12802,15,0.700000,1831,29957,0.175000,21,5,370,0.500000,38210,19,0.250000,0.650000,29957,0.300000,0.700000,5.000000,4161
7,0.330000,3,12865,8580,0.350000,0.020000,26,2.000000,0.150000,5-3-2,17089,0.500000,0.220000,0.175000,1,0.220000,15,0.300000,21314,0.500000,5.000000,0.500000,0,6,5,0.850000,14145,31,0.500000,13,0.650000,8450,0.400000,4,12865,10,0.850000,1832,38277,0.150000,24,4,371,0.700000,38341,24,0.600000,0.100000,21381,0.500000,0.900000,3.000000,5827
12,0.500000,3,8450,25794,0.100000,0.020000,25,1.500000,0.220000,4-4-1-1,21442,0.560000,0.220000,0.150000,2,0.560000,16,0.100000,21251,0.500000,4.000000,0.650000,0,7,6,0.870000,12802,18,0.500000,15,0.350000,8450,0.500000,14,12737,13,0.670000,1837,29634,0.150000,18,4,372,0.650000,38346,18,0.500000,0.900000,25794,0.350000,0.900000,4.500000,4161
7,0.330000,3,12737,8513,0.350000,0.020000,26,2.000000,0.150000,5-3-2,17155,0.500000,0.220000,0.175000,1,0.220000,15,0.300000,21185,0.500000,5.000000,0.500000,0,6,5,0.850000,12737,31,0.500000,13,0.650000,8450,0.400000,4,12802,10,0.850000,1842,38213,0.150000,24,4,373,0.700000,38275,24,0.600000,0.100000,21185,0.500000,0.900000,3.000000,4226
13,0.500000,4,25602,21319,0.750000,0.020000,25,2.000000,0.560000,3-4-2-1,21251,0.700000,0.150000,0.150000,3,0.500000,17,0.900000,25602,0.500000,3.000000,0.350000,0,12,6,0.870000,12806,24,0.560000,16,0.100000,12802,0.500000,19,14145,15,0.700000,1843,29634,0.175000,21,5,374,0.500000,38405,19,0.250000,0.650000,29570,0.300000,0.700000,5.000000,5827
13,0.500000,4,25729,21185,0.750000,0.020000,25,2.000000,0.560000,3-4-2-1,21251,0.700000,0.150000,0.150000,3,0.500000,17,0.900000,25729,0.500000,3.000000,0.350000,0,12,6,0.870000,12865,24,0.560000,16,0.100000,14145,0.500000,19,12737,15,0.700000,1848,29634,0.175000,21,5,375,0.500000,38213,19,0.250000,0.650000,29570,0.300000,0.700000,5.000000,4161
9,0.350000,3,8386,17089,0.100000,0.020000,25,1.000000,0.220000,4-2-3-1,17089,0.600000,0.220000,0.150000,2,0.350000,16,0.100000,25667,0.500000,5.000000,0.350000,0,7,6,0.870000,12737,4,0.600000,12,0.900000,8450,0.500000,14,12737,11,0.670000,1853,29570,0.150000,3,4,376,0.650000,38405,18,0.500000,0.650000,25794,0.350000,0.900000,4.000000,4161
7,0.600000,3,12737,8386,0.350000,0.020000,25,1.000000,0.150000,5-4-1,25667,0.500000,0.220000,0.175000,0,0.220000,15,0.300000,21314,0.500000,5.000000,0.900000,0,6,5,0.850000,12737,33,0.500000,13,0.650000,8450,0.500000,5,12802,12,0.600000,1854,25602,0.150000,14,4,377,0.700000,38405,16,0.100000,0.100000,21314,0.500000,0.900000,4.000000,4161
7,0.500000,3,12737,8450,0.500000,0.020000,26,2.000000,0.150000,5-2-1-2,21251,0.670000,0.220000,0.175000,1,0.220000,18,0.300000,21314,0.500000,6.000000,0.650000,0,6,5,0.870000,12737,29,0.500000,15,0.350000,8386,0.400000,4,12737,13,0.870000,1860,38341,0.150000,35,4,378,0.700000,38213,24,0.600000,0.100000,29634,0.500000,0.900000,2.000000,4161
9,0.350000,3,8450,17089,0.100000,0.020000,25,1.000000,0.220000,4-2-3-1,17089,0.600000,0.220000,0.150000,2,0.350000,16,0.100000,25794,0.500000,5.000000,0.350000,0,7,6,0.870000,12737,4,0.600000,12,0.900000,8450,0.500000,14,12737,11,0.670000,1861,29570,0.150000,3,4,379,0.650000,38341,18,0.500000,0.650000,25667,0.350000,0.900000,4.000000,4161
10,0.500000,3,8581,17089,0.900000,0.020000,27,3.000000,0.220000,4-3-3,21314,0.800000,0.220000,0.150000,3,0.330000,23,0.100000,21442,0.500000,4.000000,0.650000,0,7,6,0.800000,12737,9,0.500000,15,0.350000,8450,0.100000,6,12802,13,0.850000,1862,38213,0.150000,7,4,380,0.650000,33794,25,0.500000,0.500000,33794,0.350000,0.900000,3.000000,4161
13,0.480000,3,8450,21314,0.900000,0.020000,27,3.000000,0.220000,4-3-3,21251,0.800000,0.220000,0.150000,3,0.500000,23,0.100000,21314,0.500000,4.000000,0.500000,0,7,6,0.800000,12737,8,0.500000,15,0.350000,8386,0.100000,6,12737,14,0.850000,1867,38213,0.150000,17,4,381,0.650000,33986,25,0.500000,0.650000,33986,0.350000,0.900000,3.000000,4161
13,0.480000,3,8386,21314,0.900000,0.020000,27,3.000000,0.220000,4-3-3,21381,0.800000,0.220000,0.150000,3,0.500000,23,0.100000,21251,0.500000,4.000000,0.500000,0,7,6,0.800000,12867,8,0.500000,15,0.350000,8450,0.100000,6,12737,14,0.850000,1870,38405,0.150000,17,4,382,0.650000,33794,25,0.500000,0.650000,33794,0.350000,0.900000,3.000000,4161
7,0.330000,3,12865,8450,0.350000,0.020000,26,2.000000,0.150000,5-3-2,17155,0.500000,0.220000,0.175000,1,0.220000,15,0.300000,21381,0.500000,5.000000,0.500000,0,6,5,0.850000,12865,31,0.500000,13,0.650000,8581,0.400000,4,12865,10,0.850000,1871,38213,0.150000,24,4,383,0.700000,38405,24,0.600000,0.100000,21314,0.500000,0.900000,3.000000,4226
13,0.500000,4,25729,21314,0.750000,0.020000,25,2.000000,0.560000,3-4-2-1,21314,0.700000,0.150000,0.150000,3,0.500000,17,0.900000,25602,0.500000,3.000000,0.350000,0,12,6,0.870000,12737,24,0.560000,16,0.100000,14145,0.500000,19,12865,15,0.700000,1874,29570,0.175000,21,5,384,0.500000,38405,19,0.250000,0.650000,29570,0.300000,0.700000,5.000000,4161
9,0.350000,3,8450,18306,0.100000,0.020000,25,1.000000,0.220000,4-2-3-1,17025,0.600000,0.220000,0.150000,2,0.350000,16,0.100000,25797,0.500000,5.000000,0.350000,0,7,6,0.870000,12867,4,0.600000,12,0.900000,8581,0.500000,14,12870,11,0.670000,1876,29634,0.150000,3,4,385,0.650000,38275,18,0.500000,0.650000,25605,0.350000,0.900000,4.000000,4226
12,0.500000,3,8581,25729,0.100000,0.020000,26,2.000000,0.220000,4-4-2,21251,0.600000,0.220000,0.150000,2,0.600000,16,0.100000,21185,0.500000,4.000000,0.650000,0,7,6,0.850000,12737,16,0.500000,15,0.350000,8386,0.400000,10,12737,13,0.850000,1877,38405,0.150000,11,4,386,0.650000,38405,24,0.600000,0.900000,25797,0.350000,0.900000,4.000000,4161
7,0.600000,3,12802,8386,0.350000,0.020000,25,1.000000,0.150000,5-4-1,25602,0.500000,0.220000,0.175000,0,0.220000,15,0.300000,21314,0.500000,5.000000,0.900000,0,6,5,0.850000,12865,33,0.500000,13,0.650000,8386,0.500000,5,12737,12,0.600000,1884,25602,0.150000,14,4,387,0.700000,38405,16,0.100000,0.100000,21314,0.500000,0.900000,4.000000,4226
9,0.350000,3,8450,17089,0.100000,0.020000,25,1.000000,0.220000,4-2-3-1,17089,0.600000,0.220000,0.150000,2,0.350000,16,0.100000,25602,0.500000,5.000000,0.350000,0,7,6,0.870000,12737,4,0.600000,12,0.900000,8581,0.500000,14,12865,11,0.670000,1886,29570,0.150000,3,4,388,0.650000,38405,18,0.500000,0.650000,25602,0.350000,0.900000,4.000000,4161
9,0.350000,3,8450,17095,0.100000,0.020000,25,1.000000,0.220000,4-2-3-1,17089,0.600000,0.220000,0.150000,2,0.350000,16,0.100000,25667,0.500000,5.000000,0.350000,0,7,6,0.870000,12737,4,0.600000,12,0.900000,8386,0.500000,14,12802,11,0.670000,1887,29570,0.150000,3,4,389,0.650000,38341,18,0.500000,0.650000,25794,0.350000,0.900000,4.000000,4161
9,0.350000,3,8581,17096,0.100000,0.020000,25,1.000000,0.220000,4-2-3-1,17096,0.600000,0.220000,0.150000,2,0.350000,16,0.100000,25605,0.500000,5.000000,0.350000,0,7,6,0.870000,12806,4,0.600000,12,0.900000,8386,0.500000,14,12737,11,0.670000,1888,29571,0.150000,3,4,390,0.650000,38275,18,0.500000,0.650000,25602,0.350000,0.900000,4.000000,4161
10,0.500000,3,8450,17025,0.900000,0.020000,27,3.000000,0.220000,4-3-3,21381,0.800000,0.220000,0.150000,3,0.330000,23,0.100000,21314,0.500000,4.000000,0.650000,0,7,6,0.800000,12737,9,0.500000,15,0.350000,8386,0.100000,6,12802,13,0.850000,1891,38405,0.150000,7,4,391,0.650000,33794,25,0.500000,0.500000,33794,0.350000,0.900000,3.000000,4161
13,0.480000,3,8450,21381,0.900000,0.020000,27,3.000000,0.220000,4-3-3,21251,0.800000,0.220000,0.150000,3,0.500000,23,0.100000,21442,0.500000,4.000000,0.500000,0,7,6,0.800000,12865,8,0.500000,15,0.350000,8386,0.100000,6,12737,14,0.850000,1894,38341,0.150000,17,4,392,0.650000,33794,25,0.500000,0.650000,33794,0.350000,0.900000,3.000000,4161
13,0.500000,4,25794,21314,0.900000,0.020000,27,3.000000,0.560000,3-4-3,21314,0.800000,0.150000,0.150000,4,0.500000,23,0.900000,25667,0.500000,3.000000,0.350000,0,12,6,0.800000,12737,25,0.560000,16,0.100000,12737,0.100000,0,12802,15,0.850000,1896,38341,0.175000,2,5,393,0.500000,33794,25,0.500000,0.650000,33794,0.300000,0.700000,4.000000,4161
9,0.350000,3,8386,17089,0.100000,0.020000,25,1.000000,0.220000,4-2-3-1,17089,0.600000,0.220000,0.150000,2,0.350000,16,0.100000,25729,0.500000,5.000000,0.350000,0,7,6,0.870000,12802,4,0.600000,12,0.900000,8386,0.500000,14,12802,11,0.670000,1900,29570,0.150000,3,4,394,0.650000,38213,18,0.500000,0.650000,25729,0.350000,0.900000,4.000000,4226
9,0.350000,3,8581,17095,0.900000,0.020000,27,3.000000,0.220000,4-2-1-3,17160,0.800000,0.220000,0.150000,3,0.350000,23,0.100000,29957,0.500000,4.000000,0.350000,0,7,6,0.800000,12737,36,0.670000,18,0.500000,8450,0.100000,18,12737,11,0.870000,1903,38213,0.150000,27,4,395,0.650000,33986,25,0.500000,0.650000,33986,0.350000,0.900000,3.000000,4161
7,0.500000,3,14145,8450,0.500000,0.020000,26,2.000000,0.150000,5-2-1-2,21191,0.670000,0.220000,0.175000,1,0.220000,18,0.300000,21444,0.500000,6.000000,0.650000,0,6,5,0.870000,12738,29,0.500000,15,0.350000,8581,0.400000,4,12737,13,0.870000,1904,38405,0.150000,35,4,396,0.700000,38275,24,0.600000,0.100000,29570,0.500000,0.900000,2.000000,4161
12,0.500000,3,8450,25605,0.100000,0.020000,25,1.500000,0.220000,4-4-1-1,21249,0.560000,0.220000,0.150000,2,0.560000,16,0.100000,21381,0.500000,4.000000,0.650000,0,7,6,0.870000,12806,18,0.500000,15,0.350000,8581,0.500000,14,12737,13,0.670000,1906,29570,0.150000,18,4,397,0.650000,38341,18,0.500000,0.900000,25797,0.350000,0.900000,4.500000,4161
10,0.500000,3,8581,17095,0.900000,0.020000,27,3.000000,0.220000,4-3-3,21381,0.800000,0.220000,0.150000,3,0.330000,23,0.100000,21314,0.500000,4.000000,0.650000,0,7,6,0.800000,12737,9,0.500000,15,0.350000,8450,0.100000,6,12737,13,0.850000,1908,38277,0.150000,7,4,398,0.650000,33989,25,0.500000,0.500000,33989,0.350000,0.900000,3.000000,4161
13,0.500000,4,25605,21185,0.750000,0.020000,25,2.000000,0.560000,3-4-2-1,21314,0.700000,0.150000,0.150000,3,0.500000,17,0.900000,25605,0.500000,3.000000,0.350000,0,12,6,0.870000,12865,24,0.560000,16,0.100000,14150,0.500000,19,14150,15,0.700000,1910,29634,0.175000,21,5,399,0.500000,38405,19,0.250000,0.650000,29637,0.300000,0.700000,5.000000,4227
9,0.350000,3,8581,18306,0.100000,0.020000,25,1.000000,0.220000,4-2-3-1,17155,0.600000,0.220000,0.150000,2,0.350000,16,0.100000,25605,0.500000,5.000000,0.350000,0,7,6,0.870000,12737,4,0.600000,12,0.900000,8450,0.500000,14,12737,11,0.670000,1913,29570,0.150000,3,4,400,0.650000,38341,18,0.500000,0.650000,25669,0.350000,0.900000,4.000000,4161
12,0.500000,3,8450,25669,0.100000,0.020000,25,1.500000,0.220000,4-4-1-1,21251,0.560000,0.220000,0.150000,2,0.560000,16,0.100000,21319,0.500000,4.000000,0.650000,0,7,6,0.870000,12737,18,0.500000,15,0.350000,8450,0.500000,14,12737,13,0.670000,1914,29957,0.150000,18,4,401,0.650000,38405,18,0.500000,0.900000,25732,0.350000,0.900000,4.500000,4161
9,0.350000,3,8386,17089,0.100000,0.020000,25,1.000000,0.220000,4-2-3-1,17155,0.600000,0.220000,0.150000,2,0.350000,16,0.100000,25797,0.500000,5.000000,0.350000,0,7,6,0.870000,12737,4,0.600000,12,0.900000,8386,0.500000,14,12737,11,0.670000,1915,29640,0.150000,3,4,402,0.650000,38405,18,0.500000,0.650000,25794,0.350000,0.900000,4.000000,4161
7,0.600000,3,12737,8581,0.350000,0.020000,25,1.000000,0.150000,5-4-1,25794,0.500000,0.220000,0.175000,0,0.220000,15,0.300000,21314,0.500000,5.000000,0.900000,0,6,5,0.850000,12737,33,0.500000,13,0.650000,8581,0.500000,5,12737,12,0.600000,1917,25794,0.150000,14,4,403,0.700000,38405,16,0.100000,0.100000,21314,0.500000,0.900000,4.000000,4161
7,0.600000,3,12737,8450,0.350000,0.020000,25,1.000000,0.150000,5-4-1,25602,0.500000,0.220000,0.175000,0,0.220000,15,0.300000,21314,0.500000,5.000000,0.900000,0,6,5,0.850000,12737,33,0.500000,13,0.650000,8450,0.500000,5,12802,12,0.600000,1919,25667,0.150000,14,4,404,0.700000,38341,16,0.100000,0.100000,21185,0.500000,0.900000,4.000000,4161
12,0.500000,3,8450,25794,0.100000,0.020000,26,2.000000,0.220000,4-4-2,21314,0.600000,0.220000,0.150000,2,0.600000,16,0.100000,21251,0.500000,4.000000,0.650000,0,7,6,0.850000,12737,16,0.500000,15,0.350000,8386,0.400000,10,12737,13,0.850000,1920,38405,0.150000,11,4,405,0.650000,38341,24,0.600000,0.900000,25794,0.350000,0.900000,4.000000,4161
9,0.350000,3,8386,17089,0.100000,0.020000,25,1.000000,0.220000,4-2-3-1,17155,0.600000,0.220000,0.150000,2,0.350000,16,0.100000,25602,0.500000,5.000000,0.350000,0,7,6,0.870000,12737,4,0.600000,12,0.900000,8386,0.500000,14,12737,11,0.670000,1923,29634,0.150000,3,4,406,0.650000,38341,18,0.500000,0.650000,25602,0.350000,0.900000,4.000000,4161
9,0.350000,3,8450,17155,0.100000,0.020000,25,1.000000,0.220000,4-2-3-1,17095,0.600000,0.220000,0.150000,2,0.350000,16,0.100000,25602,0.500000,5.000000,0.350000,0,7,6,0.870000,12737,4,0.600000,12,0.900000,8450,0.500000,14,12737,11,0.670000,1924,29570,0.150000,3,4,407,0.650000,38405,18,0.500000,0.650000,25602,0.350000,0.900000,4.000000,4161
9,0.350000,3,8450,17089,0.100000,0.020000,25,1.000000,0.220000,4-2-3-1,17155,0.600000,0.220000,0.150000,2,0.350000,16,0.100000,25605,0.500000,5.000000,0.350000,0,7,6,0.870000,12737,4,0.600000,12,0.900000,8450,0.500000,14,12737,11,0.670000,1925,29576,0.150000,3,4,408,0.650000,38213,18,0.500000,0.650000,25605,0.350000,0.900000,4.000000,5827
7,0.330000,3,12802,8581,0.350000,0.020000,26,2.000000,0.150000,5-3-2,17089,0.500000,0.220000,0.175000,1,0.220000,15,0.300000,21442,0.500000,5.000000,0.500000,0,6,5,0.850000,12737,31,0.500000,13,0.650000,8450,0.400000,4,12737,10,0.850000,1926,38341,0.150000,24,4,409,0.700000,38405,24,0.600000,0.100000,21381,0.500000,0.900000,3.000000,4161
9,0.350000,3,8581,17089,0.100000,0.020000,25,1.000000,0.220000,4-2-3-1,17089,0.600000,0.220000,0.150000,2,0.350000,16,0.100000,25602,0.500000,5.000000,0.350000,0,7,6,0.870000,12737,4,0.600000,12,0.900000,8450,0.500000,14,12737,11,0.670000,1928,29570,0.150000,3,4,410,0.650000,38213,18,0.500000,0.650000,25602,0.350000,0.900000,4.000000,4161
12,0.500000,3,8386,25794,0.100000,0.020000,26,2.000000,0.220000,4-4-2,21185,0.600000,0.220000,0.150000,2,0.600000,16,0.100000,21185,0.500000,4.000000,0.650000,0,7,6,0.850000,12737,16,0.500000,15,0.350000,8386,0.400000,10,12737,13,0.850000,1929,38341,0.150000,11,4,411,0.650000,38213,24,0.600000,0.900000,25602,0.350000,0.900000,4.000000,4161
7,0.600000,3,12737,8450,0.350000,0.020000,25,1.000000,0.150000,5-4-1,25602,0.500000,0.220000,0.175000,0,0.220000,15,0.300000,21314,0.500000,5.000000,0.900000,0,6,5,0.850000,12802,33,0.500000,13,0.650000,8386,0.500000,5,12802,12,0.600000,1930,25794,0.150000,14,4,412,0.700000,38213,16,0.100000,0.100000,21314,0.500000,0.900000,4.000000,4226
9,0.350000,3,8386,17155,0.100000,0.020000,25,1.000000,0.220000,4-2-3-1,17089,0.600000,0.220000,0.150000,2,0.350000,16,0.100000,25602,0.500000,5.000000,0.350000,0,7,6,0.870000,12737,4,0.600000,12,0.900000,8581,0.500000,14,12737,11,0.670000,1931,29570,0.150000,3,4,413,0.650000,38405,18,0.500000,0.650000,25794,0.350000,0.900000,4.000000,4161
9,0.350000,3,8386,17089,0.100000,0.020000,25,1.000000,0.220000,4-2-3-1,17089,0.600000,0.220000,0.150000,2,0.350000,16,0.100000,25602,0.500000,5.000000,0.350000,0,7,6,0.870000,12737,4,0.600000,12,0.900000,8581,0.500000,14,12737,11,0.670000,1932,29570,0.150000,3,4,414,0.650000,38213,18,0.500000,0.650000,25794,0.350000,0.900000,4.000000,4161
9,0.350000,3,8513,17089,0.100000,0.020000,25,1.000000,0.220000,4-2-3-1,17985,0.600000,0.220000,0.150000,2,0.350000,16,0.100000,25667,0.500000,5.000000,0.350000,0,7,6,0.870000,12737,4,0.600000,12,0.900000,8386,0.500000,14,12737,11,0.670000,1933,29570,0.150000,3,4,415,0.650000,38405,18,0.500000,0.650000,25602,0.350000,0.900000,4.000000,4161
7,0.330000,3,12737,8581,0.350000,0.020000,26,2.000000,0.150000,5-3-2,17155,0.500000,0.220000,0.175000,1,0.220000,15,0.300000,21314,0.500000,5.000000,0.500000,0,6,5,0.850000,12867,31,0.500000,13,0.650000,8581,0.400000,4,12737,10,0.850000,1934,38341,0.150000,24,4,416,0.700000,38341,24,0.600000,0.100000,21185,0.500000,0.900000,3.000000,5827
9,0.350000,3,8450,17155,0.100000,0.020000,25,1.000000,0.220000,4-2-3-1,17089,0.600000,0.220000,0.150000,2,0.350000,16,0.100000,25602,0.500000,5.000000,0.350000,0,7,6,0.870000,12737,4,0.600000,12,0.900000,8450,0.500000,14,12737,11,0.670000,1935,29570,0.150000,3,4,417,0.650000,38341,18,0.500000,0.650000,25602,0.350000,0.900000,4.000000,4161
10,0.600000,3,8450,17155,0.350000,0.020000,25,1.000000,0.220000,4-1-4-1,25605,0.500000,0.220000,0.150000,2,0.330000,15,0.100000,21314,0.500000,4.500000,0.900000,0,7,6,0.850000,12737,2,0.500000,13,0.650000,8450,0.500000,15,12737,12,0.600000,1936,25794,0.150000,31,4,418,0.650000,38405,16,0.100000,0.500000,21381,0.350000,0.900000,4.500000,4161
7,0.600000,3,12865,8581,0.350000,0.020000,25,1.000000,0.150000,5-4-1,25669,0.500000,0.220000,0.175000,0,0.220000,15,0.300000,21185,0.500000,5.000000,0.900000,0,6,5,0.850000,12865,33,0.500000,13,0.650000,8581,0.500000,5,12737,12,0.600000,1937,25669,0.150000,14,4,419,0.700000,38405,16,0.100000,0.100000,21251,0.500000,0.900000,4.000000,4161
9,0.350000,3,8450,17025,0.100000,0.020000,25,1.000000,0.220000,4-2-3-1,17089,0.600000,0.220000,0.150000,2,0.350000,16,0.100000,25602,0.500000,5.000000,0.350000,0,7,6,0.870000,12737,4,0.600000,12,0.900000,8450,0.500000,14,12737,11,0.670000,1938,29570,0.150000,3,4,420,0.650000,38405,18,0.500000,0.650000,25602,0.350000,0.900000,4.000000,4161
7,0.500000,3,12737,8450,0.500000,0.020000,26,2.000000,0.150000,5-2-1-2,21314,0.670000,0.220000,0.175000,1,0.220000,18,0.300000,21314,0.500000,6.000000,0.650000,0,6,5,0.870000,12737,29,0.500000,15,0.350000,8581,0.400000,4,12737,13,0.870000,1939,38405,0.150000,35,4,421,0.700000,38405,24,0.600000,0.100000,29634,0.500000,0.900000,2.000000,4161
7,0.600000,3,12737,8581,0.350000,0.020000,25,1.000000,0.150000,5-4-1,25602,0.500000,0.220000,0.175000,0,0.220000,15,0.300000,21314,0.500000,5.000000,0.900000,0,6,5,0.850000,12737,33,0.500000,13,0.650000,8581,0.500000,5,12737,12,0.600000,1940,25602,0.150000,14,4,422,0.700000,38213,16,0.100000,0.100000,21314,0.500000,0.900000,4.000000,4161
9,0.350000,3,8450,18306,0.100000,0.020000,25,1.000000,0.220000,4-2-3-1,17095,0.600000,0.220000,0.150000,2,0.350000,16,0.100000,25794,0.500000,5.000000,0.350000,0,7,6,0.870000,12865,4,0.600000,12,0.900000,8450,0.500000,14,12865,11,0.670000,1943,29957,0.150000,3,4,423,0.650000,38340,18,0.500000,0.650000,25794,0.350000,0.900000,4.000000,5827
7,0.600000,3,12737,8581,0.350000,0.020000,25,1.000000,0.150000,5-4-1,25669,0.500000,0.220000,0.175000,0,0.220000,15,0.300000,21185,0.500000,5.000000,0.900000,0,6,5,0.850000,12737,33,0.500000,13,0.650000,8581,0.500000,5,12737,12,0.600000,1944,25794,0.150000,14,4,424,0.700000,38405,16,0.100000,0.100000,21314,0.500000,0.900000,4.000000,4161
7,0.600000,3,12737,8386,0.350000,0.020000,25,1.000000,0.150000,5-4-1,25794,0.500000,0.220000,0.175000,0,0.220000,15,0.300000,21314,0.500000,5.000000,0.900000,0,6,5,0.850000,12737,33,0.500000,13,0.650000,8581,0.500000,5,12737,12,0.600000,1947,25794,0.150000,14,4,425,0.700000,38213,16,0.100000,0.100000,21314,0.500000,0.900000,4.000000,4161
9,0.350000,3,8386,17089,0.100000,0.020000,25,1.000000,0.220000,4-2-3-1,17089,0.600000,0.220000,0.150000,2,0.350000,16,0.100000,25602,0.500000,5.000000,0.350000,0,7,6,0.870000,12802,4,0.600000,12,0.900000,8513,0.500000,14,12737,11,0.670000,1951,29570,0.150000,3,4,426,0.650000,38405,18,0.500000,0.650000,25602,0.350000,0.900000,4.000000,5827
9,0.350000,3,8581,18306,0.100000,0.020000,25,1.000000,0.220000,4-2-3-1,17155,0.600000,0.220000,0.150000,2,0.350000,16,0.100000,25794,0.500000,5.000000,0.350000,0,7,6,0.870000,12737,4,0.600000,12,0.900000,8386,0.500000,14,12737,11,0.670000,1952,29570,0.150000,3,4,427,0.650000,38405,18,0.500000,0.650000,25602,0.350000,0.900000,4.000000,4162
9,0.350000,3,8386,17089,0.100000,0.020000,25,1.000000,0.220000,4-2-3-1,17089,0.600000,0.220000,0.150000,2,0.350000,16,0.100000,25729,0.500000,5.000000,0.350000,0,7,6,0.870000,12737,4,0.600000,12,0.900000,9987,0.500000,14,12737,11,0.670000,1958,29570,0.150000,3,4,428,0.650000,38341,18,0.500000,0.650000,25602,0.350000,0.900000,4.000000,4226
10,0.600000,3,8581,17025,0.350000,0.020000,25,1.000000,0.220000,4-1-4-1,25602,0.500000,0.220000,0.150000,2,0.330000,15,0.100000,21314,0.500000,4.500000,0.900000,0,7,6,0.850000,12737,2,0.500000,13,0.650000,8581,0.500000,15,12737,12,0.600000,1960,25602,0.150000,31,4,429,0.650000,38405,16,0.100000,0.500000,21314,0.350000,0.900000,4.500000,4226
9,0.350000,3,8386,17089,0.100000,0.020000,25,1.000000,0.220000,4-2-3-1,17025,0.600000,0.220000,0.150000,2,0.350000,16,0.100000,25729,0.500000,5.000000,0.350000,0,7,6,0.870000,12737,4,0.600000,12,0.900000,8386,0.500000,14,12737,11,0.670000,1961,29570,0.150000,3,4,430,0.650000,38275,18,0.500000,0.650000,25602,0.350000,0.900000,4.000000,4161
7,0.500000,3,14145,8581,0.500000,0.020000,26,2.000000,0.150000,5-2-1-2,21185,0.670000,0.220000,0.175000,1,0.220000,18,0.300000,21249,0.500000,6.000000,0.650000,0,6,5,0.870000,14145,29,0.500000,15,0.350000,8581,0.400000,4,12737,13,0.870000,1962,38405,0.150000,35,4,431,0.700000,38341,24,0.600000,0.100000,29570,0.500000,0.900000,2.000000,4161
12,0.500000,3,8450,25794,0.100000,0.020000,26,2.000000,0.220000,4-4-2,21185,0.600000,0.220000,0.150000,2,0.600000,16,0.100000,21314,0.500000,4.000000,0.650000,0,7,6,0.850000,12802,16,0.500000,15,0.350000,8450,0.400000,10,12737,13,0.850000,1968,38405,0.150000,11,4,432,0.650000,38213,24,0.600000,0.900000,25602,0.350000,0.900000,4.000000,4161
10,0.600000,3,8450,17089,0.350000,0.020000,25,1.000000,0.220000,4-1-4-1,25797,0.500000,0.220000,0.150000,2,0.330000,15,0.100000,21381,0.500000,4.500000,0.900000,0,7,6,0.850000,12737,2,0.500000,13,0.650000,8386,0.500000,15,12737,12,0.600000,1971,25605,0.150000,31,4,433,0.650000,38277,16,0.100000,0.500000,21314,0.350000,0.900000,4.500000,4161
13,0.500000,4,25602,21314,0.500000,0.020000,26,2.500000,0.560000,3-4-1-2,21185,0.670000,0.150000,0.150000,4,0.500000,18,0.900000,25602,0.500000,3.000000,0.350000,0,12,6,0.870000,12737,23,0.560000,16,0.100000,12806,0.400000,1,12802,15,0.870000,2014,38405,0.175000,29,5,434,0.500000,38405,24,0.600000,0.650000,29570,0.300000,0.700000,4.500000,4226
7,0.330000,3,12737,8450,0.350000,0.020000,26,2.000000,0.150000,5-3-2,17089,0.500000,0.220000,0.175000,1,0.220000,15,0.300000,21314,0.500000,5.000000,0.500000,0,6,5,0.850000,12737,31,0.500000,13,0.650000,8450,0.400000,4,12737,10,0.850000,2017,38405,0.150000,24,4,435,0.700000,38405,24,0.600000,0.100000,21185,0.500000,0.900000,3.000000,4161
13,0.480000,3,8513,21442,0.500000,0.020000,26,2.500000,0.220000,4-3-1-2,21251,0.700000,0.220000,0.150000,2,0.500000,18,0.100000,21442,0.500000,4.000000,0.500000,0,7,6,0.850000,12737,6,0.500000,15,0.350000,8513,0.400000,9,12865,14,0.850000,2038,38405,0.150000,34,4,436,0.650000,38341,24,0.600000,0.650000,29570,0.350000,0.900000,3.500000,4161
7,0.330000,3,12865,9987,0.350000,0.020000,26,2.000000,0.150000,5-3-2,17089,0.500000,0.220000,0.175000,1,0.220000,15,0.300000,21314,0.500000,5.000000,0.500000,0,6,5,0.850000,12737,31,0.500000,13,0.650000,8450,0.400000,4,12737,10,0.850000,2041,38405,0.150000,24,4,437,0.700000,38405,24,0.600000,0.100000,21314,0.500000,0.900000,3.000000,5827
12,0.500000,3,8450,25602,0.100000,0.020000,26,2.000000,0.220000,4-4-2,21442,0.600000,0.220000,0.150000,2,0.600000,16,0.100000,21185,0.500000,4.000000,0.650000,0,7,6,0.850000,12737,16,0.500000,15,0.350000,8450,0.400000,10,12737,13,0.850000,2055,38275,0.150000,11,4,438,0.650000,38213,24,0.600000,0.900000,25602,0.350000,0.900000,4.000000,4161
7,0.600000,3,12802,8450,0.350000,0.020000,25,1.000000,0.150000,5-4-1,25602,0.500000,0.220000,0.175000,0,0.220000,15,0.300000,21251,0.500000,5.000000,0.900000,0,6,5,0.850000,12737,33,0.500000,13,0.650000,8513,0.500000,5,12737,12,0.600000,2056,25797,0.150000,14,4,439,0.700000,38405,16,0.100000,0.100000,21442,0.500000,0.900000,4.000000,4161
12,0.500000,3,8386,25667,0.100000,0.020000,26,2.000000,0.220000,4-4-2,21314,0.600000,0.220000,0.150000,2,0.600000,16,0.100000,21185,0.500000,4.000000,0.650000,0,7,6,0.850000,12802,16,0.500000,15,0.350000,8386,0.400000,10,12737,13,0.850000,10020,38405,0.150000,11,4,440,0.650000,38405,24,0.600000,0.900000,25732,0.350000,0.900000,4.000000,4226
10,0.500000,3,8385,17153,0.900000,0.020000,27,3.000000,0.220000,4-3-3,21445,0.800000,0.220000,0.150000,3,0.330000,23,0.100000,21314,0.500000,4.000000,0.650000,0,7,6,0.800000,12806,9,0.500000,15,0.350000,8452,0.100000,6,12806,13,0.850000,10029,38277,0.150000,7,4,441,0.650000,33797,25,0.500000,0.500000,33989,0.350000,0.900000,3.000000,5827
13,0.500000,4,25729,21384,0.750000,0.020000,25,2.000000,0.560000,3-4-2-1,21319,0.700000,0.150000,0.150000,3,0.500000,17,0.900000,25667,0.500000,3.000000,0.350000,0,12,6,0.870000,12737,24,0.560000,16,0.100000,12865,0.500000,19,12865,15,0.700000,10030,29576,0.175000,21,5,442,0.500000,38405,19,0.250000,0.650000,29634,0.300000,0.700000,5.000000,5827
13,0.500000,4,25602,21314,0.750000,0.020000,25,2.000000,0.560000,3-4-2-1,21314,0.700000,0.150000,0.150000,3,0.500000,17,0.900000,25794,0.500000,3.000000,0.350000,0,12,6,0.870000,12802,24,0.560000,16,0.100000,12737,0.500000,19,12737,15,0.700000,10032,29957,0.175000,21,5,443,0.500000,38213,19,0.250000,0.650000,29570,0.300000,0.700000,5.000000,5827
9,0.350000,3,8386,17155,0.100000,0.020000,25,1.000000,0.220000,4-2-3-1,17089,0.600000,0.220000,0.150000,2,0.350000,16,0.100000,25729,0.500000,5.000000,0.350000,0,7,6,0.870000,12737,4,0.600000,12,0.900000,8386,0.500000,14,12737,11,0.670000,10846,29570,0.150000,3,4,444,0.650000,38213,18,0.500000,0.650000,25794,0.350000,0.900000,4.000000,4161
9,0.350000,3,8386,17089,0.100000,0.020000,25,1.000000,0.220000,4-2-3-1,17089,0.600000,0.220000,0.150000,2,0.350000,16,0.100000,25794,0.500000,5.000000,0.350000,0,7,6,0.870000,12737,4,0.600000,12,0.900000,8386,0.500000,14,12737,11,0.670000,15005,29570,0.150000,3,4,445,0.650000,38213,18,0.500000,0.650000,25794,0.350000,0.900000,4.000000,4161
9,0.350000,3,8386,17089,0.100000,0.020000,25,1.000000,0.220000,4-2-3-1,17155,0.600000,0.220000,0.150000,2,0.350000,16,0.100000,25794,0.500000,5.000000,0.350000,0,7,6,0.870000,12737,4,0.600000,12,0.900000,8581,0.500000,14,12865,11,0.670000,15006,29570,0.150000,3,4,446,0.650000,38405,18,0.500000,0.650000,25602,0.350000,0.900000,4.000000,4161
13,0.500000,4,25602,21442,0.750000,0.020000,25,2.000000,0.560000,3-4-2-1,21185,0.700000,0.150000,0.150000,3,0.500000,17,0.900000,25602,0.500000,3.000000,0.350000,0,12,6,0.870000,12737,24,0.560000,16,0.100000,12865,0.500000,19,12865,15,0.700000,15009,29570,0.175000,21,5,447,0.500000,38405,19,0.250000,0.650000,29570,0.300000,0.700000,5.000000,4226
9,0.350000,3,8386,17089,0.100000,0.020000,25,1.000000,0.220000,4-2-3-1,17155,0.600000,0.220000,0.150000,2,0.350000,16,0.100000,25729,0.500000,5.000000,0.350000,0,7,6,0.870000,12737,4,0.600000,12,0.900000,8581,0.500000,14,12737,11,0.670000,15012,29570,0.150000,3,4,448,0.650000,38341,18,0.500000,0.650000,25667,0.350000,0.900000,4.000000,4161
7,0.500000,3,12737,8450,0.500000,0.020000,26,2.000000,0.150000,5-2-1-2,21314,0.670000,0.220000,0.175000,1,0.220000,18,0.300000,21314,0.500000,6.000000,0.650000,0,6,5,0.870000,12737,29,0.500000,15,0.350000,8450,0.400000,4,12737,13,0.870000,15015,38341,0.150000,35,4,449,0.700000,38405,24,0.600000,0.100000,29570,0.500000,0.900000,2.000000,4161
13,0.500000,4,25605,21251,0.750000,0.020000,25,2.000000,0.560000,3-4-2-1,21314,0.700000,0.150000,0.150000,3,0.500000,17,0.900000,25602,0.500000,3.000000,0.350000,0,12,6,0.870000,12802,24,0.560000,16,0.100000,12865,0.500000,19,12737,15,0.700000,15040,29634,0.175000,21,5,450,0.500000,38275,19,0.250000,0.650000,29570,0.300000,0.700000,5.000000,4161
7,0.600000,3,12737,8581,0.350000,0.020000,25,1.000000,0.150000,5-4-1,25669,0.500000,0.220000,0.175000,0,0.220000,15,0.300000,21381,0.500000,5.000000,0.900000,0,6,5,0.850000,12737,33,0.500000,13,0.650000,8581,0.500000,5,12737,12,0.600000,15048,25669,0.150000,14,4,451,0.700000,38405,16,0.100000,0.100000,21185,0.500000,0.900000,4.000000,4161
13,0.500000,4,25602,21314,0.500000,0.020000,26,2.500000,0.560000,3-4-1-2,21314,0.670000,0.150000,0.150000,4,0.500000,18,0.900000,25602,0.500000,3.000000,0.350000,0,12,6,0.870000,12737,23,0.560000,16,0.100000,12865,0.400000,1,12802,15,0.870000,100087,38405,0.175000,29,5,452,0.500000,38405,24,0.600000,0.650000,30341,0.300000,0.700000,4.500000,4161
10,0.500000,3,8450,17089,0.900000,0.020000,27,3.000000,0.220000,4-3-3,21314,0.800000,0.220000,0.150000,3,0.330000,23,0.100000,21314,0.500000,4.000000,0.650000,0,7,6,0.800000,12802,9,0.500000,15,0.350000,8386,0.100000,6,12737,13,0.850000,100135,38405,0.150000,7,4,453,0.650000,33794,25,0.500000,0.500000,33794,0.350000,0.900000,3.000000,4226
9,0.350000,3,8450,17089,0.100000,0.020000,25,1.000000,0.220000,4-2-3-1,17089,0.600000,0.220000,0.150000,2,0.350000,16,0.100000,25602,0.500000,5.000000,0.350000,0,7,6,0.870000,12865,4,0.600000,12,0.900000,8386,0.500000,14,12737,11,0.670000,100325,29570,0.150000,3,4,454,0.650000,38341,18,0.500000,0.650000,25602,0.350000,0.900000,4.000000,4161
13,0.500000,4,25729,21191,0.750000,0.020000,25,2.000000,0.560000,3-4-2-1,21249,0.700000,0.150000,0.150000,3,0.500000,17,0.900000,25729,0.500000,3.000000,0.350000,0,12,6,0.870000,12737,24,0.560000,16,0.100000,14148,0.500000,19,12806,15,0.700000,100409,29576,0.175000,21,5,455,0.500000,38210,19,0.250000,0.650000,29957,0.300000,0.700000,5.000000,5827
12,0.500000,3,8452,25605,0.100000,0.020000,25,1.500000,0.220000,4-4-1-1,21185,0.560000,0.220000,0.150000,2,0.560000,16,0.100000,21384,0.500000,4.000000,0.650000,0,7,6,0.870000,12737,18,0.500000,15,0.350000,8386,0.500000,14,12867,13,0.670000,100632,29957,0.150000,18,4,456,0.650000,38410,18,0.500000,0.900000,25797,0.350000,0.900000,4.500000,4161
9,0.350000,3,8385,17089,0.100000,0.020000,25,1.000000,0.220000,4-2-3-1,17089,0.600000,0.220000,0.150000,2,0.350000,16,0.100000,25602,0.500000,5.000000,0.350000,0,7,6,0.870000,12737,4,0.600000,12,0.900000,8450,0.500000,14,12865,11,0.670000,100634,29576,0.150000,3,4,457,0.650000,38213,18,0.500000,0.650000,25605,0.350000,0.900000,4.000000,4161
13,0.500000,4,25732,21251,0.750000,0.020000,25,2.000000,0.560000,3-4-2-1,21314,0.700000,0.150000,0.150000,3,0.500000,17,0.900000,25732,0.500000,3.000000,0.350000,0,12,6,0.870000,12867,24,0.560000,16,0.100000,12737,0.500000,19,12737,15,0.700000,100638,29637,0.175000,21,5,458,0.500000,38410,19,0.250000,0.650000,29576,0.300000,0.700000,5.000000,4161
12,0.500000,3,8513,25605,0.100000,0.020000,25,1.500000,0.220000,4-4-1-1,21314,0.560000,0.220000,0.150000,2,0.560000,16,0.100000,21191,0.500000,4.000000,0.650000,0,7,6,0.870000,12737,18,0.500000,15,0.350000,8450,0.500000,14,12737,13,0.670000,100646,29570,0.150000,18,4,459,0.650000,38210,18,0.500000,0.900000,25605,0.350000,0.900000,4.500000,4161
10,0.500000,3,8450,17089,0.900000,0.020000,27,3.000000,0.220000,4-3-3,21314,0.800000,0.220000,0.150000,3,0.330000,23,0.100000,21381,0.500000,4.000000,0.650000,0,7,6,0.800000,12737,9,0.500000,15,0.350000,8450,0.100000,6,12802,13,0.850000,100757,38275,0.150000,7,4,460,0.650000,33794,25,0.500000,0.500000,33986,0.350000,0.900000,3.000000,4161
13,0.480000,3,8450,21381,0.900000,0.020000,27,3.000000,0.220000,4-3-3,21314,0.800000,0.220000,0.150000,3,0.500000,23,0.100000,21314,0.500000,4.000000,0.500000,0,7,6,0.800000,12737,8,0.500000,15,0.350000,8450,0.100000,6,12737,14,0.850000,100759,38405,0.150000,17,4,461,0.650000,33986,25,0.500000,0.650000,33794,0.350000,0.900000,3.000000,4161
13,0.500000,3,8513,21314,0.900000,0.020000,27,3.000000,0.220000,4-3-3,21314,0.800000,0.220000,0.150000,3,0.500000,23,0.100000,29570,0.500000,4.000000,0.350000,0,7,6,0.800000,12737,11,0.670000,18,0.500000,8450,0.100000,6,12802,15,0.870000,100761,38405,0.150000,4,4,462,0.650000,33986,25,0.500000,0.650000,33794,0.350000,0.900000,3.000000,4161
13,0.500000,4,25602,21381,0.500000,0.020000,26,2.500000,0.560000,3-4-1-2,21314,0.670000,0.150000,0.150000,4,0.500000,18,0.900000,25602,0.500000,3.000000,0.350000,0,12,6,0.870000,12802,23,0.560000,16,0.100000,12737,0.400000,1,12737,15,0.870000,100805,38405,0.175000,29,5,463,0.500000,38213,24,0.600000,0.650000,29570,0.300000,0.700000,4.500000,4161
12,0.500000,3,8386,25602,0.100000,0.020000,26,2.000000,0.220000,4-4-2,21384,0.600000,0.220000,0.150000,2,0.600000,16,0.100000,21445,0.500000,4.000000,0.650000,0,7,6,0.850000,12865,16,0.500000,15,0.350000,8386,0.400000,10,12865,13,0.850000,100852,38405,0.150000,11,4,464,0.650000,38405,24,0.600000,0.900000,25602,0.350000,0.900000,4.000000,4161
9,0.350000,3,8385,17089,0.100000,0.020000,25,1.000000,0.220000,4-2-3-1,18306,0.600000,0.220000,0.150000,2,0.350000,16,0.100000,25667,0.500000,5.000000,0.350000,0,7,6,0.870000,12737,4,0.600000,12,0.900000,8450,0.500000,14,12737,11,0.670000,100888,29570,0.150000,3,4,465,0.650000,38405,18,0.500000,0.650000,25794,0.350000,0.900000,4.000000,4161
9,0.350000,3,8386,17089,0.100000,0.020000,25,1.000000,0.220000,4-2-3-1,17025,0.600000,0.220000,0.150000,2,0.350000,16,0.100000,25794,0.500000,5.000000,0.350000,0,7,6,0.870000,14145,4,0.600000,12,0.900000,9987,0.500000,14,12737,11,0.670000,101014,29957,0.150000,3,4,466,0.650000,38405,18,0.500000,0.650000,25602,0.350000,0.900000,4.000000,5827
9,0.350000,3,8513,17025,0.100000,0.020000,25,1.000000,0.220000,4-2-3-1,17155,0.600000,0.220000,0.150000,2,0.350000,16,0.100000,25602,0.500000,5.000000,0.350000,0,7,6,0.870000,12737,4,0.600000,12,0.900000,8386,0.500000,14,12737,11,0.670000,101020,29634,0.150000,3,4,467,0.650000,38213,18,0.500000,0.650000,25602,0.350000,0.900000,4.000000,5827
10,0.600000,3,8513,17089,0.350000,0.020000,25,1.000000,0.220000,4-1-4-1,25794,0.500000,0.220000,0.150000,2,0.330000,15,0.100000,21381,0.500000,4.500000,0.900000,0,7,6,0.850000,12737,2,0.500000,13,0.650000,8450,0.500000,15,12737,12,0.600000,101025,25602,0.150000,31,4,468,0.650000,38341,16,0.100000,0.500000,21442,0.350000,0.900000,4.500000,4161
13,0.500000,4,25602,21314,0.500000,0.020000,26,2.500000,0.560000,3-4-1-2,21185,0.670000,0.150000,0.150000,4,0.500000,18,0.900000,25602,0.500000,3.000000,0.350000,0,12,6,0.870000,12737,23,0.560000,16,0.100000,12737,0.400000,1,12737,15,0.870000,101026,38405,0.175000,29,5,469,0.500000,38275,24,0.600000,0.650000,29570,0.300000,0.700000,4.500000,4226
9,0.350000,3,8450,17089,0.100000,0.020000,25,1.000000,0.220000,4-2-3-1,17089,0.600000,0.220000,0.150000,2,0.350000,16,0.100000,25602,0.500000,5.000000,0.350000,0,7,6,0.870000,12865,4,0.600000,12,0.900000,8386,0.500000,14,12737,11,0.670000,101032,29570,0.150000,3,4,470,0.650000,38275,18,0.500000,0.650000,25794,0.350000,0.900000,4.000000,4161
13,0.500000,3,8450,21185,0.900000,0.020000,27,3.000000,0.220000,4-3-3,21185,0.800000,0.220000,0.150000,3,0.500000,23,0.100000,29634,0.500000,4.000000,0.350000,0,7,6,0.800000,12737,11,0.670000,18,0.500000,8513,0.100000,6,12737,15,0.870000,101033,38213,0.150000,4,4,471,0.650000,33794,25,0.500000,0.650000,33794,0.350000,0.900000,3.000000,5827
9,0.350000,3,8450,17155,0.100000,0.020000,25,1.000000,0.220000,4-2-3-1,17089,0.600000,0.220000,0.150000,2,0.350000,16,0.100000,25602,0.500000,5.000000,0.350000,0,7,6,0.870000,12737,4,0.600000,12,0.900000,8450,0.500000,14,12737,11,0.670000,101037,29570,0.150000,3,4,472,0.650000,38405,18,0.500000,0.650000,25602,0.350000,0.900000,4.000000,4161
12,0.500000,3,8386,25667,0.100000,0.020000,25,1.500000,0.220000,4-4-1-1,21314,0.560000,0.220000,0.150000,2,0.560000,16,0.100000,21314,0.500000,4.000000,0.650000,0,7,6,0.870000,12865,18,0.500000,15,0.350000,8581,0.500000,14,12865,13,0.670000,101047,29570,0.150000,18,4,473,0.650000,38405,18,0.500000,0.900000,25602,0.350000,0.900000,4.500000,4161
13,0.480000,3,8386,21442,0.900000,0.020000,27,3.000000,0.220000,4-3-3,21314,0.800000,0.220000,0.150000,3,0.500000,23,0.100000,21381,0.500000,4.000000,0.500000,0,7,6,0.800000,12737,8,0.500000,15,0.350000,8386,0.100000,6,12737,14,0.850000,101059,38405,0.150000,17,4,474,0.650000,33986,25,0.500000,0.650000,33797,0.350000,0.900000,3.000000,4161
9,0.350000,3,8581,17089,0.100000,0.020000,25,1.000000,0.220000,4-2-3-1,17089,0.600000,0.220000,0.150000,2,0.350000,16,0.100000,25667,0.500000,5.000000,0.350000,0,7,6,0.870000,12867,4,0.600000,12,0.900000,8450,0.500000,14,12802,11,0.670000,101083,29570,0.150000,3,4,475,0.650000,38213,18,0.500000,0.650000,25605,0.350000,0.900000,4.000000,4161
9,0.350000,3,8450,17089,0.100000,0.020000,25,1.000000,0.220000,4-2-3-1,17155,0.600000,0.220000,0.150000,2,0.350000,16,0.100000,25794,0.500000,5.000000,0.350000,0,7,6,0.870000,12737,4,0.600000,12,0.900000,8581,0.500000,14,12737,11,0.670000,101084,29570,0.150000,3,4,476,0.650000,38405,18,0.500000,0.650000,25602,0.350000,0.900000,4.000000,4161
9,0.350000,3,8581,17985,0.100000,0.020000,25,1.000000,0.220000,4-2-3-1,17089,0.600000,0.220000,0.150000,2,0.350000,16,0.100000,25602,0.500000,5.000000,0.350000,0,7,6,0.870000,12737,4,0.600000,12,0.900000,8385,0.500000,14,12737,11,0.670000,101085,29570,0.150000,3,4,477,0.650000,38213,18,0.500000,0.650000,25602,0.350000,0.900000,4.000000,4161
9,0.350000,3,8581,17155,0.100000,0.020000,25,1.000000,0.220000,4-2-3-1,17025,0.600000,0.220000,0.150000,2,0.350000,16,0.100000,25797,0.500000,5.000000,0.350000,0,7,6,0.870000,12867,4,0.600000,12,0.900000,8450,0.500000,14,12802,11,0.670000,101088,29571,0.150000,3,4,478,0.650000,38404,18,0.500000,0.650000,25794,0.350000,0.900000,4.000000,4161
12,0.500000,4,17089,25794,0.100000,0.020000,26,2.000000,0.350000,3-1-4-2,21314,0.560000,0.150000,0.150000,3,0.560000,16,0.500000,21314,0.500000,3.500000,0.650000,0,10,6,0.850000,12737,22,0.500000,15,0.350000,14145,0.400000,1,12737,13,0.850000,101097,38405,0.175000,28,5,479,0.500000,38275,24,0.600000,0.900000,25729,0.300000,0.700000,4.500000,4161
9,0.350000,3,8450,17160,0.100000,0.020000,25,1.000000,0.220000,4-2-3-1,17025,0.600000,0.220000,0.150000,2,0.350000,16,0.100000,25602,0.500000,5.000000,0.350000,0,7,6,0.870000,12737,4,0.600000,12,0.900000,8386,0.500000,14,12865,11,0.670000,101099,29570,0.150000,3,4,480,0.650000,38405,18,0.500000,0.650000,25602,0.350000,0.900000,4.000000,4161
9,0.350000,3,8450,17025,0.100000,0.020000,25,1.000000,0.220000,4-2-3-1,18306,0.600000,0.220000,0.150000,2,0.350000,16,0.100000,25602,0.500000,5.000000,0.350000,0,7,6,0.870000,12737,4,0.600000,12,0.900000,8452,0.500000,14,12865,11,0.670000,101100,29576,0.150000,3,4,481,0.650000,38341,18,0.500000,0.650000,25605,0.350000,0.900000,4.000000,4161
9,0.350000,3,8386,17089,0.100000,0.020000,25,1.000000,0.220000,4-2-3-1,18306,0.600000,0.220000,0.150000,2,0.350000,16,0.100000,25602,0.500000,5.000000,0.350000,0,7,6,0.870000,12802,4,0.600000,12,0.900000,8386,0.500000,14,12802,11,0.670000,101101,29570,0.150000,3,4,482,0.650000,38405,18,0.500000,0.650000,25602,0.350000,0.900000,4.000000,4161
12,0.500000,4,17089,25602,0.100000,0.020000,26,2.000000,0.350000,3-1-4-2,21314,0.560000,0.150000,0.150000,3,0.560000,16,0.500000,21319,0.500000,3.500000,0.650000,0,10,6,0.850000,12737,22,0.500000,15,0.350000,12865,0.400000,1,12865,13,0.850000,101103,38405,0.175000,28,5,483,0.500000,38275,24,0.600000,0.900000,25667,0.300000,0.700000,4.500000,4161
9,0.350000,3,8386,17089,0.100000,0.020000,25,1.000000,0.220000,4-2-3-1,17089,0.600000,0.220000,0.150000,2,0.350000,16,0.100000,25602,0.500000,5.000000,0.350000,0,7,6,0.870000,12865,4,0.600000,12,0.900000,8386,0.500000,14,12737,11,0.670000,101104,29634,0.150000,3,4,484,0.650000,38405,18,0.500000,0.650000,25667,0.350000,0.900000,4.000000,4161
7,0.330000,3,14145,8450,0.350000,0.020000,26,2.000000,0.150000,5-3-2,17089,0.500000,0.220000,0.175000,1,0.220000,15,0.300000,21251,0.500000,5.000000,0.500000,0,6,5,0.850000,12737,31,0.500000,13,0.650000,8386,0.400000,4,12737,10,0.850000,101105,38405,0.150000,24,4,485,0.700000,38405,24,0.600000,0.100000,21381,0.500000,0.900000,3.000000,4161
10,0.600000,3,8450,17089,0.350000,0.020000,25,1.000000,0.220000,4-1-4-1,25602,0.500000,0.220000,0.150000,2,0.330000,15,0.100000,21314,0.500000,4.500000,0.900000,0,7,6,0.850000,12737,2,0.500000,13,0.650000,8386,0.500000,15,12737,12,0.600000,101108,25667,0.150000,31,4,486,0.650000,38405,16,0.100000,0.500000,21314,0.350000,0.900000,4.500000,4226
9,0.350000,3,8386,17155,0.100000,0.020000,25,1.000000,0.220000,4-2-3-1,17089,0.600000,0.220000,0.150000,2,0.350000,16,0.100000,25797,0.500000,5.000000,0.350000,0,7,6,0.870000,12737,4,0.600000,12,0.900000,9987,0.500000,14,12865,11,0.670000,101110,29637,0.150000,3,4,487,0.650000,38410,18,0.500000,0.650000,25794,0.350000,0.900000,4.000000,4226
9,0.350000,3,8450,17089,0.100000,0.020000,25,1.000000,0.220000,4-2-3-1,17089,0.600000,0.220000,0.150000,2,0.350000,16,0.100000,25794,0.500000,5.000000,0.350000,0,7,6,0.870000,12737,4,0.600000,12,0.900000,8386,0.500000,14,12737,11,0.670000,101112,29957,0.150000,3,4,488,0.650000,38213,18,0.500000,0.650000,25602,0.350000,0.900000,4.000000,4161
12,0.500000,3,8386,25602,0.100000,0.020000,26,2.000000,0.220000,4-4-2,21314,0.600000,0.220000,0.150000,2,0.600000,16,0.100000,21185,0.500000,4.000000,0.650000,0,7,6,0.850000,12802,16,0.500000,15,0.350000,8581,0.400000,10,12737,13,0.850000,105013,38213,0.150000,11,4,489,0.650000,38405,24,0.600000,0.900000,25602,0.350000,0.900000,4.000000,5827
9,0.350000,3,8394,17160,0.900000,0.020000,27,3.000000,0.220000,4-2-1-3,17153,0.800000,0.220000,0.150000,3,0.350000,23,0.100000,29640,0.500000,4.000000,0.350000,0,7,6,0.800000,12802,36,0.670000,18,0.500000,8581,0.100000,18,12865,11,0.870000,105035,38210,0.150000,27,4,490,0.650000,33989,25,0.500000,0.650000,33989,0.350000,0.900000,3.000000,4226
9,0.350000,3,8513,17155,0.100000,0.020000,25,1.000000,0.220000,4-2-3-1,17155,0.600000,0.220000,0.150000,2,0.350000,16,0.100000,25794,0.500000,5.000000,0.350000,0,7,6,0.870000,12865,4,0.600000,12,0.900000,8386,0.500000,14,12737,11,0.670000,110062,29571,0.150000,3,4,491,0.650000,38405,18,0.500000,0.650000,25602,0.350000,0.900000,4.000000,4226
7,0.330000,3,12737,8450,0.350000,0.020000,26,2.000000,0.150000,5-3-2,17153,0.500000,0.220000,0.175000,1,0.220000,15,0.300000,21319,0.500000,5.000000,0.500000,0,6,5,0.850000,12737,31,0.500000,13,0.650000,8450,0.400000,4,12737,10,0.850000,110069,38405,0.150000,24,4,492,0.700000,38275,24,0.600000,0.100000,21251,0.500000,0.900000,3.000000,4161
9,0.350000,3,8581,17089,0.100000,0.020000,25,1.000000,0.220000,4-2-3-1,17089,0.600000,0.220000,0.150000,2,0.350000,16,0.100000,25602,0.500000,5.000000,0.350000,0,7,6,0.870000,12865,4,0.600000,12,0.900000,8386,0.500000,14,12865,11,0.670000,110072,29570,0.150000,3,4,493,0.650000,38213,18,0.500000,0.650000,25667,0.350000,0.900000,4.000000,4161
10,0.500000,3,8386,17089,0.900000,0.020000,27,3.000000,0.220000,4-3-3,21381,0.800000,0.220000,0.150000,3,0.330000,23,0.100000,21314,0.500000,4.000000,0.650000,0,7,6,0.800000,12802,9,0.500000,15,0.350000,8581,0.100000,6,12737,13,0.850000,110075,38275,0.150000,7,4,494,0.650000,33794,25,0.500000,0.500000,33859,0.350000,0.900000,3.000000,4161
10,0.500000,3,8386,17089,0.900000,0.020000,27,3.000000,0.220000,4-3-3,21314,0.800000,0.220000,0.150000,3,0.330000,23,0.100000,21442,0.500000,4.000000,0.650000,0,7,6,0.800000,12806,9,0.500000,15,0.350000,8386,0.100000,6,12737,13,0.850000,110078,38405,0.150000,7,4,495,0.650000,33986,25,0.500000,0.500000,33794,0.350000,0.900000,3.000000,4161
7,0.600000,3,12802,8450,0.350000,0.020000,25,1.000000,0.150000,5-4-1,25602,0.500000,0.220000,0.175000,0,0.220000,15,0.300000,21314,0.500000,5.000000,0.900000,0,6,5,0.850000,12737,33,0.500000,13,0.650000,8450,0.500000,5,12802,12,0.600000,110081,25602,0.150000,14,4,496,0.700000,38405,16,0.100000,0.100000,21314,0.500000,0.900000,4.000000,5827
9,0.350000,3,8450,17089,0.100000,0.020000,25,1.000000,0.220000,4-2-3-1,17089,0.600000,0.220000,0.150000,2,0.350000,16,0.100000,25794,0.500000,5.000000,0.350000,0,7,6,0.870000,12737,4,0.600000,12,0.900000,8386,0.500000,14,12865,11,0.670000,110093,29570,0.150000,3,4,497,0.650000,38275,18,0.500000,0.650000,25602,0.350000,0.900000,4.000000,4161
7,0.600000,3,12737,8581,0.350000,0.020000,25,1.000000,0.150000,5-4-1,25602,0.500000,0.220000,0.175000,0,0.220000,15,0.300000,21251,0.500000,5.000000,0.900000,0,6,5,0.850000,12865,33,0.500000,13,0.650000,8386,0.500000,5,12865,12,0.600000,110176,25602,0.150000,14,4,498,0.700000,38405,16,0.100000,0.100000,21251,0.500000,0.900000,4.000000,4226
13,0.500000,4,25729,21185,0.900000,0.020000,27,3.000000,0.560000,3-4-3,21185,0.800000,0.150000,0.150000,4,0.500000,23,0.900000,25729,0.500000,3.000000,0.350000,0,12,6,0.800000,12737,25,0.560000,16,0.100000,14145,0.100000,0,12737,15,0.850000,110206,38213,0.175000,2,5,499,0.500000,33859,25,0.500000,0.650000,33859,0.300000,0.700000,4.000000,4226
7,0.330000,3,12737,8581,0.350000,0.020000,26,2.000000,0.150000,5-3-2,17095,0.500000,0.220000,0.175000,1,0.220000,15,0.300000,21381,0.500000,5.000000,0.500000,0,6,5,0.850000,12737,31,0.500000,13,0.650000,8581,0.400000,4,12737,10,0.850000,110313,38275,0.150000,24,4,500,0.700000,38405,24,0.600000,0.100000,21314,0.500000,0.900000,3.000000,4161
7,0.330000,3,12737,8450,0.350000,0.020000,26,2.000000,0.150000,5-3-2,17025,0.500000,0.220000,0.175000,1,0.220000,15,0.300000,21314,0.500000,5.000000,0.500000,0,6,5,0.850000,12737,31,0.500000,13,0.650000,8386,0.400000,4,12737,10,0.850000,110321,38405,0.150000,24,4,501,0.700000,38405,24,0.600000,0.100000,21442,0.500000,0.900000,3.000000,4161
13,0.500000,4,25729,21314,0.750000,0.020000,25,2.000000,0.560000,3-4-2-1,21381,0.700000,0.150000,0.150000,3,0.500000,17,0.900000,25729,0.500000,3.000000,0.350000,0,12,6,0.870000,12867,24,0.560000,16,0.100000,12737,0.500000,19,12737,15,0.700000,110329,29957,0.175000,21,5,502,0.500000,38341,19,0.250000,0.650000,29576,0.300000,0.700000,5.000000,5827
10,0.500000,3,8386,17025,0.900000,0.020000,27,3.000000,0.220000,4-3-3,21314,0.800000,0.220000,0.150000,3,0.330000,23,0.100000,21314,0.500000,4.000000,0.650000,0,7,6,0.800000,12737,9,0.500000,15,0.350000,8581,0.100000,6,12865,13,0.850000,110374,38213,0.150000,7,4,503,0.650000,33794,25,0.500000,0.500000,33794,0.350000,0.900000,3.000000,4161
9,0.350000,3,8450,17155,0.100000,0.020000,25,1.000000,0.220000,4-2-3-1,17089,0.600000,0.220000,0.150000,2,0.350000,16,0.100000,25602,0.500000,5.000000,0.350000,0,7,6,0.870000,12737,4,0.600000,12,0.900000,8386,0.500000,14,12737,11,0.670000,110395,29634,0.150000,3,4,504,0.650000,38405,18,0.500000,0.650000,25602,0.350000,0.900000,4.000000,4161
9,0.350000,3,8386,17089,0.100000,0.020000,25,1.000000,0.220000,4-2-3-1,17089,0.600000,0.220000,0.150000,2,0.350000,16,0.100000,25729,0.500000,5.000000,0.350000,0,7,6,0.870000,12865,4,0.600000,12,0.900000,8386,0.500000,14,12737,11,0.670000,110396,29570,0.150000,3,4,505,0.650000,38405,18,0.500000,0.650000,25729,0.350000,0.900000,4.000000,4161
12,0.500000,3,8450,25729,0.100000,0.020000,26,2.000000,0.220000,4-4-2,21185,0.600000,0.220000,0.150000,2,0.600000,16,0.100000,21314,0.500000,4.000000,0.650000,0,7,6,0.850000,12802,16,0.500000,15,0.350000,8450,0.400000,10,12737,13,0.850000,110404,38405,0.150000,11,4,506,0.650000,38405,24,0.600000,0.900000,25605,0.350000,0.900000,4.000000,4161
13,0.500000,4,25669,21314,0.500000,0.020000,26,2.500000,0.560000,3-4-1-2,21314,0.670000,0.150000,0.150000,4,0.500000,18,0.900000,25669,0.500000,3.000000,0.350000,0,12,6,0.870000,12737,23,0.560000,16,0.100000,12865,0.400000,1,12737,15,0.870000,110468,38405,0.175000,29,5,507,0.500000,38405,24,0.600000,0.650000,29957,0.300000,0.700000,4.500000,4161
9,0.350000,3,8450,17089,0.500000,0.020000,25,1.000000,0.220000,4-2-3-1,17160,0.670000,0.220000,0.150000,2,0.350000,18,0.100000,29634,0.500000,5.000000,0.350000,0,7,6,0.870000,12737,3,0.670000,17,0.850000,8452,0.500000,14,12802,11,0.670000,110500,29637,0.150000,16,4,508,0.650000,38213,19,0.150000,0.650000,29576,0.350000,0.900000,4.000000,5827
13,0.480000,3,8581,21185,0.500000,0.020000,26,2.500000,0.220000,4-3-1-2,21442,0.700000,0.220000,0.150000,2,0.500000,18,0.100000,21314,0.500000,4.000000,0.500000,0,7,6,0.850000,12737,6,0.500000,15,0.350000,8450,0.400000,9,12737,14,0.850000,110501,38213,0.150000,34,4,509,0.650000,38405,24,0.600000,0.650000,29957,0.350000,0.900000,3.500000,5827
9,0.350000,3,8450,17096,0.100000,0.020000,26,2.000000,0.220000,4-4-2,17155,0.560000,0.220000,0.150000,2,0.350000,16,0.100000,25794,0.500000,4.000000,0.350000,0,7,6,0.850000,12865,17,0.560000,12,0.900000,8581,0.400000,10,12737,11,0.850000,110502,38341,0.150000,12,4,510,0.650000,38404,24,0.600000,0.650000,25797,0.350000,0.900000,4.000000,4161
9,0.350000,3,9987,17089,0.100000,0.020000,25,1.000000,0.220000,4-2-3-1,17089,0.600000,0.220000,0.150000,2,0.350000,16,0.100000,25602,0.500000,5.000000,0.350000,0,7,6,0.870000,12802,4,0.600000,12,0.900000,8450,0.500000,14,12737,11,0.670000,110532,29570,0.150000,3,4,511,0.650000,38341,18,0.500000,0.650000,25605,0.350000,0.900000,4.000000,5827
7,0.330000,3,12806,8450,0.350000,0.020000,26,2.000000,0.150000,5-3-2,17089,0.500000,0.220000,0.175000,1,0.220000,15,0.300000,21314,0.500000,5.000000,0.500000,0,6,5,0.850000,12737,31,0.500000,13,0.650000,8450,0.400000,4,12802,10,0.850000,110556,38213,0.150000,24,4,512,0.700000,38275,24,0.600000,0.100000,21442,0.500000,0.900000,3.000000,5827
9,0.350000,3,8386,17089,0.100000,0.020000,25,1.000000,0.220000,4-2-3-1,17160,0.600000,0.220000,0.150000,2,0.350000,16,0.100000,25602,0.500000,5.000000,0.350000,0,7,6,0.870000,12802,4,0.600000,12,0.900000,8386,0.500000,14,12737,11,0.670000,110580,30346,0.150000,3,4,513,0.650000,38405,18,0.500000,0.650000,25602,0.350000,0.900000,4.000000,4161
10,0.500000,3,8581,17025,0.900000,0.020000,27,3.000000,0.220000,4-3-3,21381,0.800000,0.220000,0.150000,3,0.330000,23,0.100000,21314,0.500000,4.000000,0.650000,0,7,6,0.800000,12865,9,0.500000,15,0.350000,8581,0.100000,6,12865,13,0.850000,110588,38341,0.150000,7,4,514,0.650000,33859,25,0.500000,0.500000,33986,0.350000,0.900000,3.000000,5827
9,0.350000,3,8386,18306,0.100000,0.020000,25,1.000000,0.220000,4-2-3-1,17025,0.600000,0.220000,0.150000,2,0.350000,16,0.100000,25602,0.500000,5.000000,0.350000,0,7,6,0.870000,12865,4,0.600000,12,0.900000,8450,0.500000,14,12802,11,0.670000,110636,29570,0.150000,3,4,515,0.650000,38213,18,0.500000,0.650000,25667,0.350000,0.900000,4.000000,5827
13,0.500000,4,25729,21314,0.750000,0.020000,25,2.000000,0.560000,3-4-2-1,21314,0.700000,0.150000,0.150000,3,0.500000,17,0.900000,25794,0.500000,3.000000,0.350000,0,12,6,0.870000,12737,24,0.560000,16,0.100000,12802,0.500000,19,12737,15,0.700000,110645,29957,0.175000,21,5,516,0.500000,38213,19,0.250000,0.650000,29570,0.300000,0.700000,5.000000,5827
7,0.330000,3,12737,8450,0.350000,0.020000,26,2.000000,0.150000,5-3-2,17089,0.500000,0.220000,0.175000,1,0.220000,15,0.300000,21381,0.500000,5.000000,0.500000,0,6,5,0.850000,12737,31,0.500000,13,0.650000,8450,0.400000,4,12802,10,0.850000,110678,38405,0.150000,24,4,517,0.700000,38275,24,0.600000,0.100000,21381,0.500000,0.900000,3.000000,4226
9,0.350000,3,8450,17155,0.100000,0.020000,25,1.000000,0.220000,4-2-3-1,17089,0.600000,0.220000,0.150000,2,0.350000,16,0.100000,25602,0.500000,5.000000,0.350000,0,7,6,0.870000,12737,4,0.600000,12,0.900000,8513,0.500000,14,12865,11,0.670000,110685,29576,0.150000,3,4,518,0.650000,38405,18,0.500000,0.650000,25794,0.350000,0.900000,4.000000,4161
9,0.350000,3,8581,17155,0.100000,0.020000,25,1.000000,0.220000,4-2-3-1,17089,0.600000,0.220000,0.150000,2,0.350000,16,0.100000,25605,0.500000,5.000000,0.350000,0,7,6,0.870000,12737,4,0.600000,12,0.900000,9987,0.500000,14,12802,11,0.670000,110697,29570,0.150000,3,4,519,0.650000,38405,18,0.500000,0.650000,25602,0.350000,0.900000,4.000000,4161
9,0.350000,3,8386,17089,0.100000,0.020000,25,1.000000,0.220000,4-2-3-1,17089,0.600000,0.220000,0.150000,2,0.350000,16,0.100000,25729,0.500000,5.000000,0.350000,0,7,6,0.870000,12737,4,0.600000,12,0.900000,8386,0.500000,14,12737,11,0.670000,110711,29570,0.150000,3,4,520,0.650000,38213,18,0.500000,0.650000,25729,0.350000,0.900000,4.000000,4161
13,0.500000,4,25602,21314,0.500000,0.020000,26,2.500000,0.560000,3-4-1-2,21314,0.670000,0.150000,0.150000,4,0.500000,18,0.900000,25729,0.500000,3.000000,0.350000,0,12,6,0.870000,12802,23,0.560000,16,0.100000,14145,0.400000,1,12802,15,0.870000,110720,38405,0.175000,29,5,521,0.500000,38405,24,0.600000,0.650000,29570,0.300000,0.700000,4.500000,5827
13,0.500000,4,25669,21314,0.500000,0.020000,26,2.500000,0.560000,3-4-1-2,21314,0.670000,0.150000,0.150000,4,0.500000,18,0.900000,25729,0.500000,3.000000,0.350000,0,12,6,0.870000,12865,23,0.560000,16,0.100000,12802,0.400000,1,12865,15,0.870000,110724,38405,0.175000,29,5,522,0.500000,38405,24,0.600000,0.650000,29570,0.300000,0.700000,4.500000,4161
7,0.330000,3,14145,8450,0.350000,0.020000,26,2.000000,0.150000,5-3-2,17089,0.500000,0.220000,0.175000,1,0.220000,15,0.300000,21442,0.500000,5.000000,0.500000,0,6,5,0.850000,14145,31,0.500000,13,0.650000,8450,0.400000,4,12737,10,0.850000,110738,38405,0.150000,24,4,523,0.700000,38405,24,0.600000,0.100000,21251,0.500000,0.900000,3.000000,5827
13,0.480000,3,8386,21185,0.750000,0.020000,25,2.500000,0.220000,4-3-2-1,21185,0.700000,0.220000,0.150000,2,0.500000,17,0.100000,21442,0.500000,4.000000,0.500000,0,7,6,0.850000,12737,7,0.500000,15,0.350000,8386,0.500000,8,12737,14,0.700000,110740,29634,0.150000,20,4,524,0.650000,38405,19,0.250000,0.650000,29570,0.350000,0.900000,3.500000,4161
9,0.350000,3,9987,18306,0.100000,0.020000,25,1.000000,0.220000,4-2-3-1,17089,0.600000,0.220000,0.150000,2,0.350000,16,0.100000,25729,0.500000,5.000000,0.350000,0,7,6,0.870000,12737,4,0.600000,12,0.900000,8386,0.500000,14,12737,11,0.670000,110745,29570,0.150000,3,4,525,0.650000,38341,18,0.500000,0.650000,25602,0.350000,0.900000,4.000000,4161
10,0.600000,3,8450,17025,0.350000,0.020000,25,1.000000,0.220000,4-1-4-1,25602,0.500000,0.220000,0.150000,2,0.330000,15,0.100000,21442,0.500000,4.500000,0.900000,0,7,6,0.850000,12737,2,0.500000,13,0.650000,8513,0.500000,15,12737,12,0.600000,110746,25794,0.150000,31,4,526,0.650000,38341,16,0.100000,0.500000,21314,0.350000,0.900000,4.500000,4161
7,0.500000,3,12802,8450,0.900000,0.020000,27,1.000000,0.150000,5-2-3,21314,0.800000,0.220000,0.175000,1,0.220000,23,0.300000,21185,0.500000,6.000000,0.650000,0,6,5,0.800000,14145,30,0.500000,15,0.350000,8450,0.100000,3,12737,13,0.850000,110747,38275,0.150000,36,4,527,0.700000,33986,25,0.500000,0.100000,33859,0.500000,0.900000,3.000000,4161
7,0.600000,3,12737,8386,0.350000,0.020000,25,1.000000,0.150000,5-4-1,25602,0.500000,0.220000,0.175000,0,0.220000,15,0.300000,21185,0.500000,5.000000,0.900000,0,6,5,0.850000,12737,33,0.500000,13,0.650000,8450,0.500000,5,12802,12,0.600000,110749,25602,0.150000,14,4,528,0.700000,38405,16,0.100000,0.100000,21251,0.500000,0.900000,4.000000,4161
9,0.350000,3,8581,17089,0.100000,0.020000,25,1.000000,0.220000,4-2-3-1,17089,0.600000,0.220000,0.150000,2,0.350000,16,0.100000,25794,0.500000,5.000000,0.350000,0,7,6,0.870000,12802,4,0.600000,12,0.900000,8386,0.500000,14,12737,11,0.670000,110750,29570,0.150000,3,4,529,0.650000,38213,18,0.500000,0.650000,25602,0.350000,0.900000,4.000000,4161
9,0.350000,3,8450,17155,0.100000,0.020000,25,1.000000,0.220000,4-2-3-1,17025,0.600000,0.220000,0.150000,2,0.350000,16,0.100000,25602,0.500000,5.000000,0.350000,0,7,6,0.870000,12737,4,0.600000,12,0.900000,8386,0.500000,14,12737,11,0.670000,110751,29570,0.150000,3,4,530,0.650000,38213,18,0.500000,0.650000,25602,0.350000,0.900000,4.000000,4161
9,0.350000,3,8450,17155,0.100000,0.020000,25,1.000000,0.220000,4-2-3-1,17025,0.600000,0.220000,0.150000,2,0.350000,16,0.100000,25794,0.500000,5.000000,0.350000,0,7,6,0.870000,12737,4,0.600000,12,0.900000,8450,0.500000,14,12737,11,0.670000,110752,29570,0.150000,3,4,531,0.650000,38275,18,0.500000,0.650000,25602,0.350000,0.900000,4.000000,4161
9,0.350000,3,8450,17089,0.100000,0.020000,25,1.000000,0.220000,4-2-3-1,17089,0.600000,0.220000,0.150000,2,0.350000,16,0.100000,25602,0.500000,5.000000,0.350000,0,7,6,0.870000,12737,4,0.600000,12,0.900000,8386,0.500000,14,12737,11,0.670000,110770,29570,0.150000,3,4,532,0.650000,38213,18,0.500000,0.650000,25794,0.350000,0.900000,4.000000,4226
13,0.500000,4,25602,21381,0.750000,0.020000,25,2.000000,0.560000,3-4-2-1,21442,0.700000,0.150000,0.150000,3,0.500000,17,0.900000,25667,0.500000,3.000000,0.350000,0,12,6,0.870000,12737,24,0.560000,16,0.100000,12802,0.500000,19,12737,15,0.700000,110776,29570,0.175000,21,5,533,0.500000,38341,19,0.250000,0.650000,29570,0.300000,0.700000,5.000000,4161
9,0.350000,3,8450,17096,0.100000,0.020000,25,1.000000,0.220000,4-2-3-1,17155,0.600000,0.220000,0.150000,2,0.350000,16,0.100000,25797,0.500000,5.000000,0.350000,0,7,6,0.870000,12737,4,0.600000,12,0.900000,8386,0.500000,14,12737,11,0.670000,110827,29576,0.150000,3,4,534,0.650000,38213,18,0.500000,0.650000,25602,0.350000,0.900000,4.000000,4161
13,0.480000,3,8386,21314,0.900000,0.020000,27,3.000000,0.220000,4-3-3,21185,0.800000,0.220000,0.150000,3,0.500000,23,0.100000,21251,0.500000,4.000000,0.500000,0,7,6,0.800000,12737,8,0.500000,15,0.350000,8581,0.100000,6,12737,14,0.850000,110832,38213,0.150000,17,4,535,0.650000,33986,25,0.500000,0.650000,33859,0.350000,0.900000,3.000000,4161
9,0.350000,3,8450,17089,0.100000,0.020000,25,1.000000,0.220000,4-2-3-1,17089,0.600000,0.220000,0.150000,2,0.350000,16,0.100000,25794,0.500000,5.000000,0.350000,0,7,6,0.870000,12802,4,0.600000,12,0.900000,8386,0.500000,14,12865,11,0.670000,110839,29570,0.150000,3,4,536,0.650000,38213,18,0.500000,0.650000,25667,0.350000,0.900000,4.000000,4161
12,0.500000,3,8450,25602,0.100000,0.020000,26,2.000000,0.220000,4-4-2,21185,0.600000,0.220000,0.150000,2,0.600000,16,0.100000,21314,0.500000,4.000000,0.650000,0,7,6,0.850000,12865,16,0.500000,15,0.350000,8450,0.400000,10,12865,13,0.850000,110890,38405,0.150000,11,4,537,0.650000,38341,24,0.600000,0.900000,25602,0.350000,0.900000,4.000000,5827
13,0.500000,4,25729,21314,0.750000,0.020000,25,2.000000,0.560000,3-4-2-1,21251,0.700000,0.150000,0.150000,3,0.500000,17,0.900000,25729,0.500000,3.000000,0.350000,0,12,6,0.870000,12737,24,0.560000,16,0.100000,14145,0.500000,19,14145,15,0.700000,110908,29957,0.175000,21,5,538,0.500000,38341,19,0.250000,0.650000,29570,0.300000,0.700000,5.000000,5827
7,0.330000,3,12737,8386,0.350000,0.020000,26,2.000000,0.150000,5-3-2,17025,0.500000,0.220000,0.175000,1,0.220000,15,0.300000,21314,0.500000,5.000000,0.500000,0,6,5,0.850000,14145,31,0.500000,13,0.650000,8581,0.400000,4,12802,10,0.850000,110912,38405,0.150000,24,4,539,0.700000,38275,24,0.600000,0.100000,21381,0.500000,0.900000,3.000000,5827
9,0.350000,3,8450,17155,0.100000,0.020000,25,1.000000,0.220000,4-2-3-1,17025,0.600000,0.220000,0.150000,2,0.350000,16,0.100000,25602,0.500000,5.000000,0.350000,0,7,6,0.870000,12802,4,0.600000,12,0.900000,8386,0.500000,14,12737,11,0.670000,110915,29570,0.150000,3,4,540,0.650000,38213,18,0.500000,0.650000,25794,0.350000,0.900000,4.000000,4161
13,0.500000,4,25729,21314,0.900000,0.020000,27,3.000000,0.560000,3-4-3,21314,0.800000,0.150000,0.150000,4,0.500000,23,0.900000,25729,0.500000,3.000000,0.350000,0,12,6,0.800000,12737,25,0.560000,16,0.100000,12802,0.100000,0,12737,15,0.850000,110953,38405,0.175000,2,5,541,0.500000,33794,25,0.500000,0.650000,33794,0.300000,0.700000,4.000000,4161
10,0.500000,3,8581,17089,0.500000,0.020000,26,2.500000,0.220000,4-1-2-1-2,21314,0.670000,0.220000,0.150000,2,0.330000,18,0.100000,21381,0.500000,4.000000,0.650000,0,7,6,0.870000,12737,15,0.500000,15,0.350000,9987,0.400000,11,12737,13,0.870000,110955,38405,0.150000,9,4,542,0.650000,38405,24,0.600000,0.500000,29957,0.350000,0.900000,3.500000,4161
9,0.350000,3,8386,17089,0.100000,0.020000,25,1.000000,0.220000,4-2-3-1,17155,0.600000,0.220000,0.150000,2,0.350000,16,0.100000,25602,0.500000,5.000000,0.350000,0,7,6,0.870000,12737,4,0.600000,12,0.900000,8386,0.500000,14,12737,11,0.670000,110967,29634,0.150000,3,4,543,0.650000,38405,18,0.500000,0.650000,25667,0.350000,0.900000,4.000000,4161
10,0.600000,3,8385,17089,0.350000,0.020000,25,1.000000,0.220000,4-1-4-1,25667,0.500000,0.220000,0.150000,2,0.330000,15,0.100000,21384,0.500000,4.500000,0.900000,0,7,6,0.850000,12737,2,0.500000,13,0.650000,8386,0.500000,15,12802,12,0.600000,110968,25602,0.150000,31,4,544,0.650000,38405,16,0.100000,0.500000,21442,0.350000,0.900000,4.500000,5827
10,0.500000,3,8450,17025,0.900000,0.020000,27,3.000000,0.220000,4-3-3,21251,0.800000,0.220000,0.150000,3,0.330000,23,0.100000,21442,0.500000,4.000000,0.650000,0,7,6,0.800000,12737,9,0.500000,15,0.350000,8385,0.100000,6,12737,13,0.850000,110975,38341,0.150000,7,4,545,0.650000,33986,25,0.500000,0.500000,33794,0.350000,0.900000,3.000000,4161
9,0.350000,3,8513,18306,0.100000,0.020000,25,1.000000,0.220000,4-2-3-1,17089,0.600000,0.220000,0.150000,2,0.350000,16,0.100000,25602,0.500000,5.000000,0.350000,0,7,6,0.870000,12737,4,0.600000,12,0.900000,8450,0.500000,14,12737,11,0.670000,110981,29957,0.150000,3,4,546,0.650000,38405,18,0.500000,0.650000,25602,0.350000,0.900000,4.000000,4161
10,0.600000,3,8450,17089,0.350000,0.020000,25,1.000000,0.220000,4-1-4-1,25602,0.500000,0.220000,0.150000,2,0.330000,15,0.100000,21185,0.500000,4.500000,0.900000,0,7,6,0.850000,12737,2,0.500000,13,0.650000,8386,0.500000,15,12737,12,0.600000,110982,25605,0.150000,31,4,547,0.650000,38405,16,0.100000,0.500000,21381,0.350000,0.900000,4.500000,4161
12,0.500000,4,17089,25794,0.100000,0.020000,26,2.000000,0.350000,3-1-4-2,21185,0.560000,0.150000,0.150000,3,0.560000,16,0.500000,21314,0.500000,3.500000,0.650000,0,10,6,0.850000,12737,22,0.500000,15,0.350000,12737,0.400000,1,12865,13,0.850000,110986,38405,0.175000,28,5,548,0.500000,38405,24,0.600000,0.900000,25602,0.300000,0.700000,4.500000,5827
13,0.500000,3,8386,21185,0.900000,0.020000,27,3.000000,0.220000,4-3-3,21314,0.800000,0.220000,0.150000,3,0.500000,23,0.100000,29570,0.500000,4.000000,0.350000,0,7,6,0.800000,12737,11,0.670000,18,0.500000,8386,0.100000,6,12802,15,0.870000,110989,38405,0.150000,4,4,549,0.650000,33859,25,0.500000,0.650000,33794,0.350000,0.900000,3.000000,4161
13,0.500000,4,25602,21185,0.750000,0.020000,25,2.000000,0.560000,3-4-2-1,21251,0.700000,0.150000,0.150000,3,0.500000,17,0.900000,25602,0.500000,3.000000,0.350000,0,12,6,0.870000,12737,24,0.560000,16,0.100000,12737,0.500000,19,12737,15,0.700000,110991,29957,0.175000,21,5,550,0.500000,38405,19,0.250000,0.650000,29634,0.300000,0.700000,5.000000,4161
9,0.350000,3,8450,17089,0.100000,0.020000,25,1.000000,0.220000,4-2-3-1,17089,0.600000,0.220000,0.150000,2,0.350000,16,0.100000,25602,0.500000,5.000000,0.350000,0,7,6,0.870000,12737,4,0.600000,12,0.900000,8450,0.500000,14,12865,11,0.670000,111008,29570,0.150000,3,4,551,0.650000,38405,18,0.500000,0.650000,25667,0.350000,0.900000,4.000000,4161
13,0.500000,3,8386,21185,0.900000,0.020000,27,3.000000,0.220000,4-3-3,21314,0.800000,0.220000,0.150000,3,0.500000,23,0.100000,29957,0.500000,4.000000,0.350000,0,7,6,0.800000,12737,11,0.670000,18,0.500000,8513,0.100000,6,12737,15,0.870000,111011,38405,0.150000,4,4,552,0.650000,33986,25,0.500000,0.650000,33794,0.350000,0.900000,3.000000,4161
10,0.500000,3,8386,17089,0.900000,0.020000,27,3.000000,0.220000,4-3-3,21381,0.800000,0.220000,0.150000,3,0.330000,23,0.100000,21314,0.500000,4.000000,0.650000,0,7,6,0.800000,12737,9,0.500000,15,0.350000,8386,0.100000,6,12737,13,0.850000,111012,38405,0.150000,7,4,553,0.650000,33986,25,0.500000,0.500000,33859,0.350000,0.900000,3.000000,4161
10,0.500000,3,8386,17089,0.900000,0.020000,27,3.000000,0.220000,4-3-3,21314,0.800000,0.220000,0.150000,3,0.330000,23,0.100000,21251,0.500000,4.000000,0.650000,0,7,6,0.800000,12737,9,0.500000,15,0.350000,8450,0.100000,6,12737,13,0.850000,111013,38405,0.150000,7,4,554,0.650000,33794,25,0.500000,0.500000,33986,0.350000,0.900000,3.000000,4226
12,0.500000,4,17025,25602,0.100000,0.020000,26,2.000000,0.350000,3-1-4-2,21442,0.560000,0.150000,0.150000,3,0.560000,16,0.500000,21381,0.500000,3.500000,0.650000,0,10,6,0.850000,12737,22,0.500000,15,0.350000,12737,0.400000,1,12737,13,0.850000,111014,38213,0.175000,28,5,555,0.500000,38275,24,0.600000,0.900000,25794,0.300000,0.700000,4.500000,4161
9,0.350000,3,8386,17155,0.100000,0.020000,25,1.000000,0.220000,4-2-3-1,17089,0.600000,0.220000,0.150000,2,0.350000,16,0.100000,25667,0.500000,5.000000,0.350000,0,7,6,0.870000,12802,4,0.600000,12,0.900000,8386,0.500000,14,12737,11,0.670000,111019,29570,0.150000,3,4,556,0.650000,38405,18,0.500000,0.650000,25602,0.350000,0.900000,4.000000,4161
9,0.350000,3,9987,17089,0.100000,0.020000,25,1.000000,0.220000,4-2-3-1,17089,0.600000,0.220000,0.150000,2,0.350000,16,0.100000,25602,0.500000,5.000000,0.350000,0,7,6,0.870000,12802,4,0.600000,12,0.900000,8450,0.500000,14,12737,11,0.670000,111020,29570,0.150000,3,4,557,0.650000,38405,18,0.500000,0.650000,25602,0.350000,0.900000,4.000000,4161
9,0.350000,3,8386,17089,0.100000,0.020000,25,1.000000,0.220000,4-2-3-1,17160,0.600000,0.220000,0.150000,2,0.350000,16,0.100000,25729,0.500000,5.000000,0.350000,0,7,6,0.870000,12737,4,0.600000,12,0.900000,8386,0.500000,14,12737,11,0.670000,111022,29957,0.150000,3,4,558,0.650000,38405,18,0.500000,0.650000,25605,0.350000,0.900000,4.000000,4161
13,0.500000,4,25794,21314,0.900000,0.020000,27,3.000000,0.560000,3-4-3,21314,0.800000,0.150000,0.150000,4,0.500000,23,0.900000,25602,0.500000,3.000000,0.350000,0,12,6,0.800000,12737,25,0.560000,16,0.100000,12865,0.100000,0,12865,15,0.850000,111065,38405,0.175000,2,5,559,0.500000,33794,25,0.500000,0.650000,33794,0.300000,0.700000,4.000000,4161
13,0.500000,4,25729,21314,0.750000,0.020000,25,2.000000,0.560000,3-4-2-1,21185,0.700000,0.150000,0.150000,3,0.500000,17,0.900000,25729,0.500000,3.000000,0.350000,0,12,6,0.870000,12737,24,0.560000,16,0.100000,12737,0.500000,19,12737,15,0.700000,111082,29570,0.175000,21,5,560,0.500000,38405,19,0.250000,0.650000,29957,0.300000,0.700000,5.000000,4161
13,0.500000,4,25729,21381,0.900000,0.020000,27,3.000000,0.560000,3-4-3,21314,0.800000,0.150000,0.150000,4,0.500000,23,0.900000,25729,0.500000,3.000000,0.350000,0,12,6,0.800000,12737,25,0.560000,16,0.100000,12737,0.100000,0,12737,15,0.850000,111083,38405,0.175000,2,5,561,0.500000,33794,25,0.500000,0.650000,33986,0.300000,0.700000,4.000000,4161
9,0.350000,3,8450,17155,0.100000,0.020000,25,1.000000,0.220000,4-2-3-1,17089,0.600000,0.220000,0.150000,2,0.350000,16,0.100000,25602,0.500000,5.000000,0.350000,0,7,6,0.870000,12737,4,0.600000,12,0.900000,9987,0.500000,14,12737,11,0.670000,111086,29957,0.150000,3,4,562,0.650000,38405,18,0.500000,0.650000,25602,0.350000,0.900000,4.000000,5827
10,0.600000,3,8450,17089,0.350000,0.020000,25,1.000000,0.220000,4-1-4-1,25602,0.500000,0.220000,0.150000,2,0.330000,15,0.100000,21381,0.500000,4.500000,0.900000,0,7,6,0.850000,12737,2,0.500000,13,0.650000,8450,0.500000,15,12737,12,0.600000,111088,25602,0.150000,31,4,563,0.650000,38405,16,0.100000,0.500000,21251,0.350000,0.900000,4.500000,4226
9,0.350000,3,8450,17155,0.100000,0.020000,25,1.000000,0.220000,4-2-3-1,17155,0.600000,0.220000,0.150000,2,0.350000,16,0.100000,25602,0.500000,5.000000,0.350000,0,7,6,0.870000,12738,4,0.600000,12,0.900000,8450,0.500000,14,12737,11,0.670000,111091,29570,0.150000,3,4,564,0.650000,38213,18,0.500000,0.650000,25602,0.350000,0.900000,4.000000,4226
10,0.600000,3,8450,17155,0.350000,0.020000,25,1.000000,0.220000,4-1-4-1,25602,0.500000,0.220000,0.150000,2,0.330000,15,0.100000,21251,0.500000,4.500000,0.900000,0,7,6,0.850000,12737,2,0.500000,13,0.650000,8450,0.500000,15,12737,12,0.600000,111097,25602,0.150000,31,4,565,0.650000,38405,16,0.100000,0.500000,21251,0.350000,0.900000,4.500000,5827
9,0.350000,3,8386,17155,0.100000,0.020000,25,1.000000,0.220000,4-2-3-1,17089,0.600000,0.220000,0.150000,2,0.350000,16,0.100000,25667,0.500000,5.000000,0.350000,0,7,6,0.870000,12865,4,0.600000,12,0.900000,8386,0.500000,14,12802,11,0.670000,111099,29570,0.150000,3,4,566,0.650000,38405,18,0.500000,0.650000,25667,0.350000,0.900000,4.000000,4161
9,0.350000,3,8581,18306,0.100000,0.020000,25,1.000000,0.220000,4-2-3-1,17096,0.600000,0.220000,0.150000,2,0.350000,16,0.100000,25794,0.500000,5.000000,0.350000,0,7,6,0.870000,12865,4,0.600000,12,0.900000,8450,0.500000,14,12865,11,0.670000,111109,29570,0.150000,3,4,567,0.650000,38341,18,0.500000,0.650000,25794,0.350000,0.900000,4.000000,4161
9,0.350000,3,8513,17089,0.100000,0.020000,25,1.000000,0.220000,4-2-3-1,17089,0.600000,0.220000,0.150000,2,0.350000,16,0.100000,25794,0.500000,5.000000,0.350000,0,7,6,0.870000,12737,4,0.600000,12,0.900000,8581,0.500000,14,12737,11,0.670000,111111,29570,0.150000,3,4,568,0.650000,38405,18,0.500000,0.650000,25794,0.350000,0.900000,4.000000,4161
10,0.600000,3,8450,17155,0.350000,0.020000,25,1.000000,0.220000,4-1-4-1,25794,0.500000,0.220000,0.150000,2,0.330000,15,0.100000,21251,0.500000,4.500000,0.900000,0,7,6,0.850000,12737,2,0.500000,13,0.650000,8386,0.500000,15,12737,12,0.600000,111112,25602,0.150000,31,4,569,0.650000,38275,16,0.100000,0.500000,21381,0.350000,0.900000,4.500000,4161
12,0.500000,3,8580,25602,0.100000,0.020000,26,2.000000,0.220000,4-4-2,21314,0.600000,0.220000,0.150000,2,0.600000,16,0.100000,21314,0.500000,4.000000,0.650000,0,7,6,0.850000,12737,16,0.500000,15,0.350000,8580,0.400000,10,12737,13,0.850000,111114,38405,0.150000,11,4,570,0.650000,38275,24,0.600000,0.900000,25797,0.350000,0.900000,4.000000,4161
9,0.350000,3,8450,17089,0.100000,0.020000,25,1.000000,0.220000,4-2-3-1,17155,0.600000,0.220000,0.150000,2,0.350000,16,0.100000,25729,0.500000,5.000000,0.350000,0,7,6,0.870000,12737,4,0.600000,12,0.900000,8450,0.500000,14,12737,11,0.670000,111115,29570,0.150000,3,4,571,0.650000,38405,18,0.500000,0.650000,25729,0.350000,0.900000,4.000000,4161
12,0.500000,3,8386,25794,0.100000,0.020000,26,2.000000,0.220000,4-4-2,21314,0.600000,0.220000,0.150000,2,0.600000,16,0.100000,21314,0.500000,4.000000,0.650000,0,7,6,0.850000,12865,16,0.500000,15,0.350000,8450,0.400000,10,12737,13,0.850000,111117,38275,0.150000,11,4,572,0.650000,38341,24,0.600000,0.900000,25794,0.350000,0.900000,4.000000,5827
9,0.350000,3,8386,18306,0.100000,0.020000,25,1.000000,0.220000,4-2-3-1,17089,0.600000,0.220000,0.150000,2,0.350000,16,0.100000,25602,0.500000,5.000000,0.350000,0,7,6,0.870000,12802,4,0.600000,12,0.900000,8581,0.500000,14,12865,11,0.670000,111130,29957,0.150000,3,4,573,0.650000,38405,18,0.500000,0.650000,25794,0.350000,0.900000,4.000000,4161
9,0.350000,3,8581,17089,0.100000,0.020000,25,1.000000,0.220000,4-2-3-1,17089,0.600000,0.220000,0.150000,2,0.350000,16,0.100000,25602,0.500000,5.000000,0.350000,0,7,6,0.870000,12737,4,0.600000,12,0.900000,8386,0.500000,14,12737,11,0.670000,111138,29957,0.150000,3,4,574,0.650000,38341,18,0.500000,0.650000,25602,0.350000,0.900000,4.000000,4161
9,0.350000,3,8386,17089,0.100000,0.020000,25,1.000000,0.220000,4-2-3-1,17089,0.600000,0.220000,0.150000,2,0.350000,16,0.100000,25794,0.500000,5.000000,0.350000,0,7,6,0.870000,12737,4,0.600000,12,0.900000,8386,0.500000,14,12737,11,0.670000,111139,29571,0.150000,3,4,575,0.650000,38213,18,0.500000,0.650000,25794,0.350000,0.900000,4.000000,4161
9,0.350000,3,8386,17089,0.100000,0.020000,25,1.000000,0.220000,4-2-3-1,17155,0.600000,0.220000,0.150000,2,0.350000,16,0.100000,25667,0.500000,5.000000,0.350000,0,7,6,0.870000,12737,4,0.600000,12,0.900000,8450,0.500000,14,12865,11,0.670000,111140,29634,0.150000,3,4,576,0.650000,38341,18,0.500000,0.650000,25602,0.350000,0.900000,4.000000,4161
9,0.350000,3,8386,17089,0.100000,0.020000,25,1.000000,0.220000,4-2-3-1,17155,0.600000,0.220000,0.150000,2,0.350000,16,0.100000,25602,0.500000,5.000000,0.350000,0,7,6,0.870000,12865,4,0.600000,12,0.900000,8386,0.500000,14,12737,11,0.670000,111144,29957,0.150000,3,4,577,0.650000,38341,18,0.500000,0.650000,25602,0.350000,0.900000,4.000000,4161
10,0.560000,3,8386,17089,0.500000,0.020000,26,2.500000,0.220000,4-1-2-1-2,25602,0.670000,0.220000,0.150000,2,0.330000,18,0.100000,25602,0.500000,4.000000,0.900000,0,7,6,0.870000,12737,14,0.560000,16,0.100000,8386,0.400000,11,12737,12,0.870000,111205,38405,0.150000,10,4,578,0.650000,38405,24,0.600000,0.500000,29570,0.350000,0.900000,3.500000,4161
10,0.600000,3,8385,17089,0.350000,0.020000,25,1.000000,0.220000,4-1-4-1,25797,0.500000,0.220000,0.150000,2,0.330000,15,0.100000,21319,0.500000,4.500000,0.900000,0,7,6,0.850000,12802,2,0.500000,13,0.650000,8580,0.500000,15,12737,12,0.600000,111235,25605,0.150000,31,4,579,0.650000,38213,16,0.100000,0.500000,21251,0.350000,0.900000,4.500000,5827
13,0.500000,4,25794,21249,0.750000,0.020000,25,2.000000,0.560000,3-4-2-1,21384,0.700000,0.150000,0.150000,3,0.500000,17,0.900000,25729,0.500000,3.000000,0.350000,0,12,6,0.870000,12737,24,0.560000,16,0.100000,12737,0.500000,19,12737,15,0.700000,111239,29570,0.175000,21,5,580,0.500000,38405,19,0.250000,0.650000,29570,0.300000,0.700000,5.000000,4161
12,0.500000,4,17089,25729,0.100000,0.020000,26,2.000000,0.350000,3-1-4-2,21314,0.560000,0.150000,0.150000,3,0.560000,16,0.500000,21381,0.500000,3.500000,0.650000,0,10,6,0.850000,12737,22,0.500000,15,0.350000,14148,0.400000,1,12865,13,0.850000,111273,38405,0.175000,28,5,581,0.500000,38275,24,0.600000,0.900000,25794,0.300000,0.700000,4.500000,4161
10,0.600000,3,8450,17089,0.350000,0.020000,25,1.000000,0.220000,4-1-4-1,25602,0.500000,0.220000,0.150000,2,0.330000,15,0.100000,21314,0.500000,4.500000,0.900000,0,7,6,0.850000,12737,2,0.500000,13,0.650000,8386,0.500000,15,12737,12,0.600000,111276,25602,0.150000,31,4,582,0.650000,38275,16,0.100000,0.500000,21314,0.350000,0.900000,4.500000,5827
10,0.600000,3,9987,17089,0.350000,0.020000,25,1.000000,0.220000,4-1-4-1,25794,0.500000,0.220000,0.150000,2,0.330000,15,0.100000,21251,0.500000,4.500000,0.900000,0,7,6,0.850000,12738,2,0.500000,13,0.650000,8581,0.500000,15,12737,12,0.600000,111325,25605,0.150000,31,4,583,0.650000,38405,16,0.100000,0.500000,21314,0.350000,0.900000,4.500000,4162
10,0.600000,3,8386,17155,0.350000,0.020000,25,1.000000,0.220000,4-1-4-1,25602,0.500000,0.220000,0.150000,2,0.330000,15,0.100000,21314,0.500000,4.500000,0.900000,0,7,6,0.850000,12737,2,0.500000,13,0.650000,8386,0.500000,15,12865,12,0.600000,111328,25602,0.150000,31,4,584,0.650000,38405,16,0.100000,0.500000,21314,0.350000,0.900000,4.500000,4226
9,0.350000,3,8450,17025,0.100000,0.020000,25,1.000000,0.220000,4-2-3-1,17155,0.600000,0.220000,0.150000,2,0.350000,16,0.100000,25794,0.500000,5.000000,0.350000,0,7,6,0.870000,14145,4,0.600000,12,0.900000,8581,0.500000,14,12737,11,0.670000,111339,29634,0.150000,3,4,585,0.650000,38341,18,0.500000,0.650000,25729,0.350000,0.900000,4.000000,4161
10,0.600000,3,8386,17155,0.350000,0.020000,25,1.000000,0.220000,4-1-4-1,25602,0.500000,0.220000,0.150000,2,0.330000,15,0.100000,21314,0.500000,4.500000,0.900000,0,7,6,0.850000,12737,2,0.500000,13,0.650000,8513,0.500000,15,12737,12,0.600000,111393,25602,0.150000,31,4,586,0.650000,38341,16,0.100000,0.500000,21381,0.350000,0.900000,4.500000,5827
12,0.500000,3,8450,25729,0.100000,0.020000,26,2.000000,0.220000,4-4-2,21314,0.600000,0.220000,0.150000,2,0.600000,16,0.100000,21314,0.500000,4.000000,0.650000,0,7,6,0.850000,12737,16,0.500000,15,0.350000,8513,0.400000,10,12865,13,0.850000,111395,38341,0.150000,11,4,587,0.650000,38341,24,0.600000,0.900000,25602,0.350000,0.900000,4.000000,5827
10,0.600000,3,8450,17089,0.350000,0.020000,25,1.000000,0.220000,4-1-4-1,25602,0.500000,0.220000,0.150000,2,0.330000,15,0.100000,21251,0.500000,4.500000,0.900000,0,7,6,0.850000,12737,2,0.500000,13,0.650000,8513,0.500000,15,12802,12,0.600000,111396,25602,0.150000,31,4,588,0.650000,38405,16,0.100000,0.500000,21314,0.350000,0.900000,4.500000,4226
9,0.350000,3,8386,17155,0.100000,0.020000,25,1.000000,0.220000,4-2-3-1,17089,0.600000,0.220000,0.150000,2,0.350000,16,0.100000,25667,0.500000,5.000000,0.350000,0,7,6,0.870000,12802,4,0.600000,12,0.900000,8513,0.500000,14,12865,11,0.670000,111397,29957,0.150000,3,4,589,0.650000,38405,18,0.500000,0.650000,25602,0.350000,0.900000,4.000000,4161
10,0.600000,3,8450,17155,0.350000,0.020000,25,1.000000,0.220000,4-1-4-1,25794,0.500000,0.220000,0.150000,2,0.330000,15,0.100000,21251,0.500000,4.500000,0.900000,0,7,6,0.850000,12737,2,0.500000,13,0.650000,9987,0.500000,15,12865,12,0.600000,111398,25794,0.150000,31,4,590,0.650000,38341,16,0.100000,0.500000,21314,0.350000,0.900000,4.500000,5827
12,0.500000,3,8450,25729,0.100000,0.020000,26,2.000000,0.220000,4-4-2,21185,0.600000,0.220000,0.150000,2,0.600000,16,0.100000,21251,0.500000,4.000000,0.650000,0,7,6,0.850000,12737,16,0.500000,15,0.350000,8386,0.400000,10,12737,13,0.850000,111399,38405,0.150000,11,4,591,0.650000,38275,24,0.600000,0.900000,25602,0.350000,0.900000,4.000000,5827
9,0.350000,3,8581,17089,0.100000,0.020000,25,1.000000,0.220000,4-2-3-1,17025,0.600000,0.220000,0.150000,2,0.350000,16,0.100000,25794,0.500000,5.000000,0.350000,0,7,6,0.870000,12737,4,0.600000,12,0.900000,9987,0.500000,14,14145,11,0.670000,111400,29570,0.150000,3,4,592,0.650000,38213,18,0.500000,0.650000,25602,0.350000,0.900000,4.000000,5827
13,0.500000,4,25729,21314,0.750000,0.020000,25,2.000000,0.560000,3-4-2-1,21314,0.700000,0.150000,0.150000,3,0.500000,17,0.900000,25729,0.500000,3.000000,0.350000,0,12,6,0.870000,12802,24,0.560000,16,0.100000,14145,0.500000,19,14145,15,0.700000,111433,29634,0.175000,21,5,593,0.500000,38341,19,0.250000,0.650000,29634,0.300000,0.700000,5.000000,4161
12,0.500000,3,8450,25729,0.100000,0.020000,26,2.000000,0.220000,4-4-2,21185,0.600000,0.220000,0.150000,2,0.600000,16,0.100000,21314,0.500000,4.000000,0.650000,0,7,6,0.850000,12865,16,0.500000,15,0.350000,8386,0.400000,10,12737,13,0.850000,111434,38275,0.150000,11,4,594,0.650000,38405,24,0.600000,0.900000,25794,0.350000,0.900000,4.000000,5827
10,0.500000,3,8386,17089,0.900000,0.020000,27,3.000000,0.220000,4-3-3,21314,0.800000,0.220000,0.150000,3,0.330000,23,0.100000,21251,0.500000,4.000000,0.650000,0,7,6,0.800000,12737,9,0.500000,15,0.350000,8450,0.100000,6,12737,13,0.850000,111448,38405,0.150000,7,4,595,0.650000,33986,25,0.500000,0.500000,33794,0.350000,0.900000,3.000000,4161
12,0.500000,3,8581,25602,0.100000,0.020000,26,2.000000,0.220000,4-4-2,21314,0.600000,0.220000,0.150000,2,0.600000,16,0.100000,21185,0.500000,4.000000,0.650000,0,7,6,0.850000,12802,16,0.500000,15,0.350000,8581,0.400000,10,12802,13,0.850000,111455,38405,0.150000,11,4,596,0.650000,38213,24,0.600000,0.900000,25667,0.350000,0.900000,4.000000,5827
10,0.600000,3,8386,17089,0.350000,0.020000,25,1.000000,0.220000,4-1-4-1,25729,0.500000,0.220000,0.150000,2,0.330000,15,0.100000,21314,0.500000,4.500000,0.900000,0,7,6,0.850000,12737,2,0.500000,13,0.650000,8386,0.500000,15,12737,12,0.600000,111456,25729,0.150000,31,4,597,0.650000,38213,16,0.100000,0.500000,21314,0.350000,0.900000,4.500000,4161
13,0.480000,3,8450,21251,0.900000,0.020000,27,3.000000,0.220000,4-3-3,21314,0.800000,0.220000,0.150000,3,0.500000,23,0.100000,21185,0.500000,4.000000,0.500000,0,7,6,0.800000,12737,8,0.500000,15,0.350000,9987,0.100000,6,12737,14,0.850000,111462,38341,0.150000,17,4,598,0.650000,33794,25,0.500000,0.650000,33986,0.350000,0.900000,3.000000,4161
12,0.500000,4,17089,25794,0.100000,0.020000,26,2.000000,0.350000,3-1-4-2,21314,0.560000,0.150000,0.150000,3,0.560000,16,0.500000,21314,0.500000,3.500000,0.650000,0,10,6,0.850000,12737,22,0.500000,15,0.350000,14145,0.400000,1,14148,13,0.850000,111465,38410,0.175000,28,5,599,0.500000,38405,24,0.600000,0.900000,25602,0.300000,0.700000,4.500000,4161
9,0.350000,3,8513,18306,0.100000,0.020000,25,1.000000,0.220000,4-2-3-1,17089,0.600000,0.220000,0.150000,2,0.350000,16,0.100000,25794,0.500000,5.000000,0.350000,0,7,6,0.870000,12737,4,0.600000,12,0.900000,8581,0.500000,14,12737,11,0.670000,111473,29570,0.150000,3,4,600,0.650000,38213,18,0.500000,0.650000,25794,0.350000,0.900000,4.000000,4226
7,0.600000,3,12802,8386,0.350000,0.020000,25,1.000000,0.150000,5-4-1,25729,0.500000,0.220000,0.175000,0,0.220000,15,0.300000,21185,0.500000,5.000000,0.900000,0,6,5,0.850000,12737,33,0.500000,13,0.650000,8581,0.500000,5,12737,12,0.600000,111475,25602,0.150000,14,4,601,0.700000,38405,16,0.100000,0.100000,21381,0.500000,0.900000,4.000000,4161
13,0.500000,4,25602,21251,0.750000,0.020000,25,2.000000,0.560000,3-4-2-1,21314,0.700000,0.150000,0.150000,3,0.500000,17,0.900000,25602,0.500000,3.000000,0.350000,0,12,6,0.870000,12865,24,0.560000,16,0.100000,12737,0.500000,19,12737,15,0.700000,111485,29570,0.175000,21,5,602,0.500000,38213,19,0.250000,0.650000,29570,0.300000,0.700000,5.000000,4161
9,0.350000,3,8386,17089,0.100000,0.020000,25,1.000000,0.220000,4-2-3-1,17089,0.600000,0.220000,0.150000,2,0.350000,16,0.100000,25602,0.500000,5.000000,0.350000,0,7,6,0.870000,12737,4,0.600000,12,0.900000,8450,0.500000,14,12802,11,0.670000,111510,29570,0.150000,3,4,603,0.650000,38405,18,0.500000,0.650000,25602,0.350000,0.900000,4.000000,5827
12,0.500000,3,8386,25602,0.100000,0.020000,26,2.000000,0.220000,4-4-2,21251,0.600000,0.220000,0.150000,2,0.600000,16,0.100000,21314,0.500000,4.000000,0.650000,0,7,6,0.850000,12737,16,0.500000,15,0.350000,8386,0.400000,10,12737,13,0.850000,111512,38213,0.150000,11,4,604,0.650000,38341,24,0.600000,0.900000,25602,0.350000,0.900000,4.000000,4226
12,0.500000,3,8450,25602,0.100000,0.020000,26,2.000000,0.220000,4-4-2,21314,0.600000,0.220000,0.150000,2,0.600000,16,0.100000,21314,0.500000,4.000000,0.650000,0,7,6,0.850000,12737,16,0.500000,15,0.350000,8450,0.400000,10,12737,13,0.850000,111513,38405,0.150000,11,4,605,0.650000,38341,24,0.600000,0.900000,25602,0.350000,0.900000,4.000000,4161
9,0.350000,3,8513,17155,0.900000,0.020000,27,3.000000,0.220000,4-3-3,17155,0.800000,0.220000,0.150000,3,0.350000,23,0.100000,21314,0.500000,4.000000,0.350000,0,7,6,0.800000,12737,10,0.500000,14,0.500000,8513,0.100000,6,12737,11,0.850000,111527,38405,0.150000,5,4,606,0.650000,33989,25,0.500000,0.650000,33797,0.350000,0.900000,3.000000,4161
7,0.330000,3,12802,8386,0.350000,0.020000,26,2.000000,0.150000,5-3-2,17089,0.500000,0.220000,0.175000,1,0.220000,15,0.300000,21442,0.500000,5.000000,0.500000,0,6,5,0.850000,12737,31,0.500000,13,0.650000,8450,0.400000,4,12737,10,0.850000,111545,38405,0.150000,24,4,607,0.700000,38405,24,0.600000,0.100000,21314,0.500000,0.900000,3.000000,4161
9,0.350000,3,8386,17089,0.500000,0.075000,25,1.000000,0.112500,4-2-3-1,17089,0.650000,0.112500,0.100000,2,0.350000,18,0.150000,29570,0.500000,5.000000,0.375000,0,7,6,0.925000,12737,3,0.650000,17,0.675000,8386,0.500000,14,12737,11,0.650000,111592,29570,0.100000,16,4,608,0.625000,38405,19,0.325000,0.625000,29570,0.375000,0.850000,4.000000,4161
10,0.500000,3,8386,17089,0.900000,0.020000,27,3.000000,0.220000,4-3-3,21314,0.800000,0.220000,0.150000,3,0.330000,23,0.100000,21442,0.500000,4.000000,0.650000,0,7,6,0.800000,12737,9,0.500000,15,0.350000,8450,0.100000,6,12865,13,0.850000,111594,38405,0.150000,7,4,609,0.650000,33794,25,0.500000,0.500000,33861,0.350000,0.900000,3.000000,4161
13,0.480000,3,8386,21314,0.900000,0.020000,27,3.000000,0.220000,4-3-3,21314,0.800000,0.220000,0.150000,3,0.500000,23,0.100000,21314,0.500000,4.000000,0.500000,0,7,6,0.800000,12737,8,0.500000,15,0.350000,8386,0.100000,6,12737,14,0.850000,111596,38405,0.150000,17,4,610,0.650000,33794,25,0.500000,0.650000,33794,0.350000,0.900000,3.000000,4161
13,0.480000,3,8450,21381,0.900000,0.020000,27,3.000000,0.220000,4-3-3,21314,0.800000,0.220000,0.150000,3,0.500000,23,0.100000,21445,0.500000,4.000000,0.500000,0,7,6,0.800000,12865,8,0.500000,15,0.350000,8450,0.100000,6,12865,14,0.850000,111629,38341,0.150000,17,4,611,0.650000,33794,25,0.500000,0.650000,33794,0.350000,0.900000,3.000000,4161
12,0.500000,3,8386,25602,0.100000,0.020000,26,2.000000,0.220000,4-4-2,21381,0.600000,0.220000,0.150000,2,0.600000,16,0.100000,21381,0.500000,4.000000,0.650000,0,7,6,0.850000,12865,16,0.500000,15,0.350000,8386,0.400000,10,12865,13,0.850000,111633,38405,0.150000,11,4,612,0.650000,38405,24,0.600000,0.900000,25602,0.350000,0.900000,4.000000,4226
9,0.350000,3,8386,17089,0.100000,0.020000,25,1.000000,0.220000,4-2-3-1,17089,0.600000,0.220000,0.150000,2,0.350000,16,0.100000,25794,0.500000,5.000000,0.350000,0,7,6,0.870000,12737,4,0.600000,12,0.900000,8513,0.500000,14,12737,11,0.670000,111651,29634,0.150000,3,4,613,0.650000,38405,18,0.500000,0.650000,25602,0.350000,0.900000,4.000000,4161
10,0.500000,3,8450,17089,0.900000,0.020000,27,3.000000,0.220000,4-3-3,21314,0.800000,0.220000,0.150000,3,0.330000,23,0.100000,21442,0.500000,4.000000,0.650000,0,7,6,0.800000,12737,9,0.500000,15,0.350000,8450,0.100000,6,12737,13,0.850000,111657,38405,0.150000,7,4,614,0.650000,33986,25,0.500000,0.500000,33986,0.350000,0.900000,3.000000,4226
7,0.330000,3,12737,8386,0.350000,0.020000,26,2.000000,0.150000,5-3-2,17089,0.500000,0.220000,0.175000,1,0.220000,15,0.300000,21185,0.500000,5.000000,0.500000,0,6,5,0.850000,12737,31,0.500000,13,0.650000,8450,0.400000,4,12737,10,0.850000,111659,38341,0.150000,24,4,615,0.700000,38341,24,0.600000,0.100000,21185,0.500000,0.900000,3.000000,4161
9,0.350000,3,8386,17985,0.100000,0.020000,25,1.000000,0.220000,4-2-3-1,17155,0.600000,0.220000,0.150000,2,0.350000,16,0.100000,25602,0.500000,5.000000,0.350000,0,7,6,0.870000,12867,4,0.600000,12,0.900000,8386,0.500000,14,12865,11,0.670000,111674,29570,0.150000,3,4,616,0.650000,38341,18,0.500000,0.650000,25602,0.350000,0.900000,4.000000,4161
7,0.500000,3,12737,8386,0.500000,0.020000,26,2.000000,0.150000,5-2-1-2,21191,0.670000,0.220000,0.175000,1,0.220000,18,0.300000,21442,0.500000,6.000000,0.650000,0,6,5,0.870000,12737,29,0.500000,15,0.350000,8450,0.400000,4,12737,13,0.870000,111701,38410,0.150000,35,4,617,0.700000,38213,24,0.600000,0.100000,29576,0.500000,0.900000,2.000000,5827
9,0.350000,3,8450,17089,0.100000,0.020000,25,1.000000,0.220000,4-2-3-1,17089,0.600000,0.220000,0.150000,2,0.350000,16,0.100000,25667,0.500000,5.000000,0.350000,0,7,6,0.870000,12865,4,0.600000,12,0.900000,8581,0.500000,14,12737,11,0.670000,111705,29570,0.150000,3,4,618,0.650000,38405,18,0.500000,0.650000,25602,0.350000,0.900000,4.000000,4161
12,0.500000,3,8386,25602,0.100000,0.020000,26,2.000000,0.220000,4-4-2,21314,0.600000,0.220000,0.150000,2,0.600000,16,0.100000,21314,0.500000,4.000000,0.650000,0,7,6,0.850000,12865,16,0.500000,15,0.350000,8450,0.400000,10,12737,13,0.850000,111706,38213,0.150000,11,4,619,0.650000,38405,24,0.600000,0.900000,25667,0.350000,0.900000,4.000000,4161
10,0.600000,3,8386,17089,0.350000,0.020000,25,1.000000,0.220000,4-1-4-1,25667,0.500000,0.220000,0.150000,2,0.330000,15,0.100000,21314,0.500000,4.500000,0.900000,0,7,6,0.850000,12802,2,0.500000,13,0.650000,8450,0.500000,15,12737,12,0.600000,111707,25602,0.150000,31,4,620,0.650000,38210,16,0.100000,0.500000,21314,0.350000,0.900000,4.500000,4161
9,0.350000,3,8450,18306,0.100000,0.020000,25,1.000000,0.220000,4-2-3-1,17155,0.600000,0.220000,0.150000,2,0.350000,16,0.100000,25602,0.500000,5.000000,0.350000,0,7,6,0.870000,12802,4,0.600000,12,0.900000,8386,0.500000,14,12737,11,0.670000,111708,29570,0.150000,3,4,621,0.650000,38213,18,0.500000,0.650000,25729,0.350000,0.900000,4.000000,4161
9,0.350000,3,8386,17089,0.100000,0.020000,25,1.000000,0.220000,4-2-3-1,17155,0.600000,0.220000,0.150000,2,0.350000,16,0.100000,25602,0.500000,5.000000,0.350000,0,7,6,0.870000,12802,4,0.600000,12,0.900000,8386,0.500000,14,12737,11,0.670000,111710,29957,0.150000,3,4,622,0.650000,38405,18,0.500000,0.650000,25602,0.350000,0.900000,4.000000,4161
12,0.500000,3,8386,25602,0.100000,0.020000,25,1.500000,0.220000,4-4-1-1,21314,0.560000,0.220000,0.150000,2,0.560000,16,0.100000,21185,0.500000,4.000000,0.650000,0,7,6,0.870000,12737,18,0.500000,15,0.350000,8386,0.500000,14,12865,13,0.670000,111711,29957,0.150000,18,4,623,0.650000,38405,18,0.500000,0.900000,25602,0.350000,0.900000,4.500000,4161
9,0.350000,3,8450,17089,0.100000,0.020000,25,1.000000,0.220000,4-2-3-1,17089,0.600000,0.220000,0.150000,2,0.350000,16,0.100000,25602,0.500000,5.000000,0.350000,0,7,6,0.870000,12802,4,0.600000,12,0.900000,8450,0.500000,14,12802,11,0.670000,111713,29570,0.150000,3,4,624,0.650000,38405,18,0.500000,0.650000,25602,0.350000,0.900000,4.000000,4161
12,0.500000,3,8581,25602,0.100000,0.020000,26,2.000000,0.220000,4-4-2,21185,0.600000,0.220000,0.150000,2,0.600000,16,0.100000,21314,0.500000,4.000000,0.650000,0,7,6,0.850000,12737,16,0.500000,15,0.350000,9987,0.400000,10,12865,13,0.850000,111715,38213,0.150000,11,4,625,0.650000,38405,24,0.600000,0.900000,25729,0.350000,0.900000,4.000000,4161
12,0.500000,3,8386,25602,0.100000,0.020000,26,2.000000,0.220000,4-4-2,21314,0.600000,0.220000,0.150000,2,0.600000,16,0.100000,21185,0.500000,4.000000,0.650000,0,7,6,0.850000,12865,16,0.500000,15,0.350000,8386,0.400000,10,12802,13,0.850000,111716,38213,0.150000,11,4,626,0.650000,38405,24,0.600000,0.900000,25602,0.350000,0.900000,4.000000,4161
9,0.350000,3,8450,17089,0.100000,0.020000,25,1.000000,0.220000,4-2-3-1,17089,0.600000,0.220000,0.150000,2,0.350000,16,0.100000,25602,0.500000,5.000000,0.350000,0,7,6,0.870000,12737,4,0.600000,12,0.900000,8386,0.500000,14,12802,11,0.670000,111722,29570,0.150000,3,4,627,0.650000,38405,18,0.500000,0.650000,25794,0.350000,0.900000,4.000000,4161
12,0.500000,3,8581,25602,0.100000,0.020000,26,2.000000,0.220000,4-4-2,21314,0.600000,0.220000,0.150000,2,0.600000,16,0.100000,21314,0.500000,4.000000,0.650000,0,7,6,0.850000,12737,16,0.500000,15,0.350000,8450,0.400000,10,12737,13,0.850000,111724,38275,0.150000,11,4,628,0.650000,38405,24,0.600000,0.900000,25794,0.350000,0.900000,4.000000,4226
12,0.500000,3,8386,25794,0.100000,0.020000,26,2.000000,0.220000,4-4-2,21251,0.600000,0.220000,0.150000,2,0.600000,16,0.100000,21442,0.500000,4.000000,0.650000,0,7,6,0.850000,12865,16,0.500000,15,0.350000,8581,0.400000,10,12737,13,0.850000,111766,38341,0.150000,11,4,629,0.650000,38341,24,0.600000,0.900000,25602,0.350000,0.900000,4.000000,4226
12,0.500000,4,17155,25602,0.100000,0.020000,26,2.000000,0.350000,3-1-4-2,21442,0.560000,0.150000,0.150000,3,0.560000,16,0.500000,21381,0.500000,3.500000,0.650000,0,10,6,0.850000,12737,22,0.500000,15,0.350000,12865,0.400000,1,12737,13,0.850000,111768,38405,0.175000,28,5,630,0.500000,38275,24,0.600000,0.900000,25794,0.300000,0.700000,4.500000,4161
7,0.500000,3,12737,8386,0.900000,0.020000,27,1.000000,0.150000,5-2-3,21251,0.800000,0.220000,0.175000,1,0.220000,23,0.300000,21314,0.500000,6.000000,0.650000,0,6,5,0.800000,12737,30,0.500000,15,0.350000,8386,0.100000,3,12802,13,0.850000,111769,38405,0.150000,36,4,631,0.700000,33859,25,0.500000,0.100000,33794,0.500000,0.900000,3.000000,4161
7,0.600000,3,12737,8450,0.350000,0.020000,25,1.000000,0.150000,5-4-1,25667,0.500000,0.220000,0.175000,0,0.220000,15,0.300000,21185,0.500000,5.000000,0.900000,0,6,5,0.850000,12737,33,0.500000,13,0.650000,8450,0.500000,5,12737,12,0.600000,111774,25794,0.150000,14,4,632,0.700000,38405,16,0.100000,0.100000,21314,0.500000,0.900000,4.000000,4161
9,0.350000,3,8450,17089,0.100000,0.020000,25,1.000000,0.220000,4-2-3-1,17089,0.600000,0.220000,0.150000,2,0.350000,16,0.100000,25602,0.500000,5.000000,0.350000,0,7,6,0.870000,12865,4,0.600000,12,0.900000,8450,0.500000,14,12737,11,0.670000,111779,29570,0.150000,3,4,633,0.650000,38405,18,0.500000,0.650000,25602,0.350000,0.900000,4.000000,4161
13,0.500000,4,25794,21251,0.750000,0.020000,25,2.000000,0.560000,3-4-2-1,21251,0.700000,0.150000,0.150000,3,0.500000,17,0.900000,25794,0.500000,3.000000,0.350000,0,12,6,0.870000,12802,24,0.560000,16,0.100000,12802,0.500000,19,14145,15,0.700000,111811,29570,0.175000,21,5,634,0.500000,38275,19,0.250000,0.650000,29634,0.300000,0.700000,5.000000,5827
9,0.350000,3,8450,17155,0.100000,0.020000,25,1.000000,0.220000,4-2-3-1,18306,0.600000,0.220000,0.150000,2,0.350000,16,0.100000,25794,0.500000,5.000000,0.350000,0,7,6,0.870000,12737,4,0.600000,12,0.900000,8450,0.500000,14,12737,11,0.670000,111817,29570,0.150000,3,4,635,0.650000,38275,18,0.500000,0.650000,25602,0.350000,0.900000,4.000000,5827
11,0.560000,4,17155,17089,0.500000,0.020000,26,2.000000,0.350000,3-5-2,25794,0.670000,0.150000,0.150000,3,0.350000,18,0.650000,25729,0.500000,3.000000,0.900000,0,9,6,0.870000,12802,27,0.560000,16,0.100000,12865,0.400000,1,12865,12,0.870000,111822,38405,0.175000,22,5,636,0.500000,38341,24,0.600000,0.350000,29634,0.300000,0.700000,5.000000,5827
9,0.350000,3,8386,17089,0.100000,0.020000,25,1.000000,0.220000,4-2-3-1,17089,0.600000,0.220000,0.150000,2,0.350000,16,0.100000,25602,0.500000,5.000000,0.350000,0,7,6,0.870000,12737,4,0.600000,12,0.900000,8386,0.500000,14,12802,11,0.670000,111928,29570,0.150000,3,4,637,0.650000,38213,18,0.500000,0.650000,25794,0.350000,0.900000,4.000000,4161
10,0.500000,3,8450,17155,0.900000,0.020000,27,3.000000,0.220000,4-3-3,21314,0.800000,0.220000,0.150000,3,0.330000,23,0.100000,21314,0.500000,4.000000,0.650000,0,7,6,0.800000,12737,9,0.500000,15,0.350000,8386,0.100000,6,12737,13,0.850000,111974,38405,0.150000,7,4,638,0.650000,33989,25,0.500000,0.500000,33859,0.350000,0.900000,3.000000,5827
10,0.600000,3,8386,17089,0.350000,0.020000,25,1.000000,0.220000,4-1-4-1,25667,0.500000,0.220000,0.150000,2,0.330000,15,0.100000,21314,0.500000,4.500000,0.900000,0,7,6,0.850000,12737,2,0.500000,13,0.650000,8450,0.500000,15,12737,12,0.600000,111975,25794,0.150000,31,4,639,0.650000,38405,16,0.100000,0.500000,21314,0.350000,0.900000,4.500000,4161
12,0.500000,3,9987,25729,0.100000,0.020000,26,2.000000,0.220000,4-4-2,21381,0.600000,0.220000,0.150000,2,0.600000,16,0.100000,21314,0.500000,4.000000,0.650000,0,7,6,0.850000,12737,16,0.500000,15,0.350000,8450,0.400000,10,12865,13,0.850000,112048,38405,0.150000,11,4,640,0.650000,38341,24,0.600000,0.900000,25602,0.350000,0.900000,4.000000,4161
9,0.350000,3,8386,17155,0.100000,0.020000,25,1.000000,0.220000,4-2-3-1,17089,0.600000,0.220000,0.150000,2,0.350000,16,0.100000,25602,0.500000,5.000000,0.350000,0,7,6,0.870000,12737,4,0.600000,12,0.900000,8450,0.500000,14,12865,11,0.670000,112054,29570,0.150000,3,4,641,0.650000,38213,18,0.500000,0.650000,25602,0.350000,0.900000,4.000000,5827
13,0.500000,4,25602,21314,0.900000,0.020000,27,3.000000,0.560000,3-4-3,21251,0.800000,0.150000,0.150000,4,0.500000,23,0.900000,25602,0.500000,3.000000,0.350000,0,12,6,0.800000,12737,25,0.560000,16,0.100000,12737,0.100000,0,12737,15,0.850000,112072,38213,0.175000,2,5,642,0.500000,33986,25,0.500000,0.650000,33794,0.300000,0.700000,4.000000,4161
9,0.350000,3,8581,17089,0.100000,0.020000,25,1.000000,0.220000,4-2-3-1,18306,0.600000,0.220000,0.150000,2,0.350000,16,0.100000,25602,0.500000,5.000000,0.350000,0,7,6,0.870000,12737,4,0.600000,12,0.900000,8450,0.500000,14,12737,11,0.670000,112096,29570,0.150000,3,4,643,0.650000,38405,18,0.500000,0.650000,25602,0.350000,0.900000,4.000000,4161
10,0.500000,3,9987,17089,0.900000,0.020000,27,3.000000,0.220000,4-3-3,21314,0.800000,0.220000,0.150000,3,0.330000,23,0.100000,21314,0.500000,4.000000,0.650000,0,7,6,0.800000,12737,9,0.500000,15,0.350000,8450,0.100000,6,12737,13,0.850000,112112,38405,0.150000,7,4,644,0.650000,33794,25,0.500000,0.500000,33986,0.350000,0.900000,3.000000,4161
12,0.500000,3,8450,25602,0.100000,0.020000,26,2.000000,0.220000,4-4-2,21249,0.600000,0.220000,0.150000,2,0.600000,16,0.100000,21185,0.500000,4.000000,0.650000,0,7,6,0.850000,12737,16,0.500000,15,0.350000,8513,0.400000,10,12802,13,0.850000,112115,38275,0.150000,11,4,645,0.650000,38213,24,0.600000,0.900000,25602,0.350000,0.900000,4.000000,4161
10,0.600000,3,8386,17095,0.350000,0.020000,25,1.000000,0.220000,4-1-4-1,25794,0.500000,0.220000,0.150000,2,0.330000,15,0.100000,21314,0.500000,4.500000,0.900000,0,7,6,0.850000,12737,2,0.500000,13,0.650000,8386,0.500000,15,12865,12,0.600000,112116,25729,0.150000,31,4,646,0.650000,38405,16,0.100000,0.500000,21319,0.350000,0.900000,4.500000,4161
7,0.330000,3,12737,8450,0.350000,0.020000,26,2.000000,0.150000,5-3-2,17155,0.500000,0.220000,0.175000,1,0.220000,15,0.300000,21381,0.500000,5.000000,0.500000,0,6,5,0.850000,14145,31,0.500000,13,0.650000,8450,0.400000,4,12737,10,0.850000,112124,38405,0.150000,24,4,647,0.700000,38213,24,0.600000,0.100000,21185,0.500000,0.900000,3.000000,5827
13,0.480000,3,8450,21314,0.900000,0.020000,27,3.000000,0.220000,4-3-3,21314,0.800000,0.220000,0.150000,3,0.500000,23,0.100000,21314,0.500000,4.000000,0.500000,0,7,6,0.800000,12737,8,0.500000,15,0.350000,8450,0.100000,6,12737,14,0.850000,112126,38341,0.150000,17,4,648,0.650000,33794,25,0.500000,0.650000,33794,0.350000,0.900000,3.000000,4161
12,0.500000,3,8450,25602,0.100000,0.020000,26,2.000000,0.220000,4-4-2,21185,0.600000,0.220000,0.150000,2,0.600000,16,0.100000,21381,0.500000,4.000000,0.650000,0,7,6,0.850000,12865,16,0.500000,15,0.350000,8386,0.400000,10,12737,13,0.850000,112134,38341,0.150000,11,4,649,0.650000,38341,24,0.600000,0.900000,25602,0.350000,0.900000,4.000000,4161
12,0.500000,3,8386,25794,0.100000,0.020000,25,1.500000,0.220000,4-4-1-1,21314,0.560000,0.220000,0.150000,2,0.560000,16,0.100000,21251,0.500000,4.000000,0.650000,0,7,6,0.870000,12737,18,0.500000,15,0.350000,8386,0.500000,14,12737,13,0.670000,112139,29957,0.150000,18,4,650,0.650000,38341,18,0.500000,0.900000,25794,0.350000,0.900000,4.500000,4161
13,0.500000,4,25602,21314,0.900000,0.020000,27,3.000000,0.560000,3-4-3,21251,0.800000,0.150000,0.150000,4,0.500000,23,0.900000,25794,0.500000,3.000000,0.350000,0,12,6,0.800000,12737,25,0.560000,16,0.100000,12737,0.100000,0,14145,15,0.850000,112163,38405,0.175000,2,5,651,0.500000,33794,25,0.500000,0.650000,33794,0.300000,0.700000,4.000000,4161
10,0.500000,3,8581,17095,0.900000,0.020000,27,3.000000,0.220000,4-3-3,21314,0.800000,0.220000,0.150000,3,0.330000,23,0.100000,21445,0.500000,4.000000,0.650000,0,7,6,0.800000,12802,9,0.500000,15,0.350000,8581,0.100000,6,12802,13,0.850000,112172,38210,0.150000,7,4,652,0.650000,33797,25,0.500000,0.500000,33986,0.350000,0.900000,3.000000,5827
12,0.500000,3,8450,25794,0.100000,0.020000,26,2.000000,0.220000,4-4-2,21314,0.600000,0.220000,0.150000,2,0.600000,16,0.100000,21314,0.500000,4.000000,0.650000,0,7,6,0.850000,12865,16,0.500000,15,0.350000,8581,0.400000,10,12865,13,0.850000,112199,38341,0.150000,11,4,653,0.650000,38405,24,0.600000,0.900000,25602,0.350000,0.900000,4.000000,4226
9,0.350000,3,8450,17155,0.100000,0.020000,25,1.000000,0.220000,4-2-3-1,17089,0.600000,0.220000,0.150000,2,0.350000,16,0.100000,25602,0.500000,5.000000,0.350000,0,7,6,0.870000,12802,4,0.600000,12,0.900000,8386,0.500000,14,12737,11,0.670000,112222,29570,0.150000,3,4,654,0.650000,38341,18,0.500000,0.650000,25602,0.350000,0.900000,4.000000,4161
9,0.350000,3,8581,17985,0.100000,0.020000,25,1.000000,0.220000,4-2-3-1,17089,0.600000,0.220000,0.150000,2,0.350000,16,0.100000,25602,0.500000,5.000000,0.350000,0,7,6,0.870000,12802,4,0.600000,12,0.900000,8450,0.500000,14,12865,11,0.670000,112224,29634,0.150000,3,4,655,0.650000,38213,18,0.500000,0.650000,25667,0.350000,0.900000,4.000000,5827
9,0.350000,3,8450,17089,0.100000,0.020000,25,1.000000,0.220000,4-2-3-1,17095,0.600000,0.220000,0.150000,2,0.350000,16,0.100000,25602,0.500000,5.000000,0.350000,0,7,6,0.870000,12737,4,0.600000,12,0.900000,8450,0.500000,14,12737,11,0.670000,112254,29570,0.150000,3,4,656,0.650000,38405,18,0.500000,0.650000,25794,0.350000,0.900000,4.000000,4161
12,0.500000,3,8450,25667,0.100000,0.020000,26,2.000000,0.220000,4-4-2,21381,0.600000,0.220000,0.150000,2,0.600000,16,0.100000,21442,0.500000,4.000000,0.650000,0,7,6,0.850000,12865,16,0.500000,15,0.350000,9987,0.400000,10,12737,13,0.850000,112258,38275,0.150000,11,4,657,0.650000,38405,24,0.600000,0.900000,25602,0.350000,0.900000,4.000000,4226
7,0.330000,3,12737,8450,0.350000,0.020000,26,2.000000,0.150000,5-3-2,17089,0.500000,0.220000,0.175000,1,0.220000,15,0.300000,21314,0.500000,5.000000,0.500000,0,6,5,0.850000,14145,31,0.500000,13,0.650000,8450,0.400000,4,12737,10,0.850000,112259,38405,0.150000,24,4,658,0.700000,38341,24,0.600000,0.100000,21314,0.500000,0.900000,3.000000,4161
7,0.330000,3,12737,8581,0.350000,0.020000,26,2.000000,0.150000,5-3-2,17095,0.500000,0.220000,0.175000,1,0.220000,15,0.300000,21314,0.500000,5.000000,0.500000,0,6,5,0.850000,12865,31,0.500000,13,0.650000,8581,0.400000,4,12737,10,0.850000,112260,38405,0.150000,24,4,659,0.700000,38405,24,0.600000,0.100000,21314,0.500000,0.900000,3.000000,4161
10,0.500000,3,8450,17095,0.900000,0.020000,27,3.000000,0.220000,4-3-3,21314,0.800000,0.220000,0.150000,3,0.330000,23,0.100000,21314,0.500000,4.000000,0.650000,0,7,6,0.800000,12806,9,0.500000,15,0.350000,8386,0.100000,6,12865,13,0.850000,112387,38341,0.150000,7,4,661,0.650000,33794,25,0.500000,0.500000,33986,0.350000,0.900000,3.000000,4161
9,0.350000,3,8386,18306,0.100000,0.020000,25,1.000000,0.220000,4-2-3-1,17096,0.600000,0.220000,0.150000,2,0.350000,16,0.100000,25794,0.500000,5.000000,0.350000,0,7,6,0.870000,12737,4,0.600000,12,0.900000,8386,0.500000,14,12737,11,0.670000,112390,29634,0.150000,3,4,662,0.650000,38405,18,0.500000,0.650000,25729,0.350000,0.900000,4.000000,4226
13,0.500000,4,25602,21442,0.500000,0.020000,26,2.500000,0.560000,3-4-1-2,21185,0.670000,0.150000,0.150000,4,0.500000,18,0.900000,25602,0.500000,3.000000,0.350000,0,12,6,0.870000,12737,23,0.560000,16,0.100000,12802,0.400000,1,12867,15,0.870000,112391,38405,0.175000,29,5,663,0.500000,38213,24,0.600000,0.650000,29571,0.300000,0.700000,4.500000,4161
10,0.500000,3,8386,17155,0.900000,0.020000,27,3.000000,0.220000,4-3-3,21314,0.800000,0.220000,0.150000,3,0.330000,23,0.100000,21381,0.500000,4.000000,0.650000,0,7,6,0.800000,12737,9,0.500000,15,0.350000,8385,0.100000,6,12865,13,0.850000,112393,38341,0.150000,7,4,664,0.650000,33794,25,0.500000,0.500000,33989,0.350000,0.900000,3.000000,4161
10,0.600000,3,8450,17155,0.350000,0.020000,25,1.000000,0.220000,4-1-4-1,25667,0.500000,0.220000,0.150000,2,0.330000,15,0.100000,21185,0.500000,4.500000,0.900000,0,7,6,0.850000,12737,2,0.500000,13,0.650000,8386,0.500000,15,12865,12,0.600000,112427,25602,0.150000,31,4,665,0.650000,38275,16,0.100000,0.500000,21251,0.350000,0.900000,4.500000,5827
12,0.500000,3,8386,25602,0.100000,0.020000,26,2.000000,0.220000,4-4-2,21314,0.600000,0.220000,0.150000,2,0.600000,16,0.100000,21314,0.500000,4.000000,0.650000,0,7,6,0.850000,12737,16,0.500000,15,0.350000,8386,0.400000,10,12737,13,0.850000,112428,38405,0.150000,11,4,666,0.650000,38405,24,0.600000,0.900000,25602,0.350000,0.900000,4.000000,4161
9,0.350000,3,8386,18306,0.900000,0.020000,27,3.000000,0.220000,4-2-1-3,17089,0.800000,0.220000,0.150000,3,0.350000,23,0.100000,29570,0.500000,4.000000,0.350000,0,7,6,0.800000,12865,36,0.670000,18,0.500000,8450,0.100000,18,12737,11,0.870000,112472,38405,0.150000,27,4,667,0.650000,33794,25,0.500000,0.650000,33794,0.350000,0.900000,3.000000,4161
7,0.330000,3,12737,8581,0.350000,0.020000,26,2.000000,0.150000,5-3-2,17025,0.500000,0.220000,0.175000,1,0.220000,15,0.300000,21314,0.500000,5.000000,0.500000,0,6,5,0.850000,14145,31,0.500000,13,0.650000,8581,0.400000,4,12806,10,0.850000,112493,38341,0.150000,24,4,668,0.700000,38405,24,0.600000,0.100000,21314,0.500000,0.900000,3.000000,5827
7,0.330000,3,12737,8450,0.350000,0.020000,26,2.000000,0.150000,5-3-2,17155,0.500000,0.220000,0.175000,1,0.220000,15,0.300000,21314,0.500000,5.000000,0.500000,0,6,5,0.850000,14145,31,0.500000,13,0.650000,8450,0.400000,4,12802,10,0.850000,112494,38405,0.150000,24,4,669,0.700000,38213,24,0.600000,0.100000,21442,0.500000,0.900000,3.000000,4161
13,0.500000,4,25729,21185,0.900000,0.020000,27,3.000000,0.560000,3-4-3,21185,0.800000,0.150000,0.150000,4,0.500000,23,0.900000,25729,0.500000,3.000000,0.350000,0,12,6,0.800000,12865,25,0.560000,16,0.100000,14145,0.100000,0,14145,15,0.850000,112510,38405,0.175000,2,5,670,0.500000,33794,25,0.500000,0.650000,33986,0.300000,0.700000,4.000000,4161
9,0.350000,3,8452,17089,0.100000,0.020000,25,1.000000,0.220000,4-2-3-1,17089,0.600000,0.220000,0.150000,2,0.350000,16,0.100000,25602,0.500000,5.000000,0.350000,0,7,6,0.870000,12737,4,0.600000,12,0.900000,8386,0.500000,14,12870,11,0.670000,112513,29634,0.150000,3,4,671,0.650000,38405,18,0.500000,0.650000,25602,0.350000,0.900000,4.000000,4226
9,0.350000,3,8386,17089,0.100000,0.020000,25,1.000000,0.220000,4-2-3-1,17089,0.600000,0.220000,0.150000,2,0.350000,16,0.100000,25602,0.500000,5.000000,0.350000,0,7,6,0.870000,12865,4,0.600000,12,0.900000,8450,0.500000,14,12737,11,0.670000,112516,29570,0.150000,3,4,672,0.650000,38213,18,0.500000,0.650000,25602,0.350000,0.900000,4.000000,4161
9,0.350000,3,8581,17089,0.100000,0.020000,25,1.000000,0.220000,4-2-3-1,17089,0.600000,0.220000,0.150000,2,0.350000,16,0.100000,25602,0.500000,5.000000,0.350000,0,7,6,0.870000,12737,4,0.600000,12,0.900000,8450,0.500000,14,12802,11,0.670000,112540,29570,0.150000,3,4,673,0.650000,38341,18,0.500000,0.650000,25602,0.350000,0.900000,4.000000,4226
9,0.350000,3,8386,17089,0.100000,0.020000,26,2.000000,0.220000,4-4-2,17089,0.560000,0.220000,0.150000,2,0.350000,16,0.100000,25602,0.500000,4.000000,0.350000,0,7,6,0.850000,12865,17,0.560000,12,0.900000,8450,0.400000,10,12737,11,0.850000,112555,38275,0.150000,12,4,674,0.650000,38213,24,0.600000,0.650000,25602,0.350000,0.900000,4.000000,4161
9,0.350000,3,8450,17089,0.100000,0.020000,25,1.000000,0.220000,4-2-3-1,17155,0.600000,0.220000,0.150000,2,0.350000,16,0.100000,25602,0.500000,5.000000,0.350000,0,7,6,0.870000,12737,4,0.600000,12,0.900000,8386,0.500000,14,12737,11,0.670000,112558,29570,0.150000,3,4,675,0.650000,38405,18,0.500000,0.650000,25794,0.350000,0.900000,4.000000,4161
12,0.500000,3,8386,25667,0.100000,0.020000,25,1.500000,0.220000,4-4-1-1,21314,0.560000,0.220000,0.150000,2,0.560000,16,0.100000,21314,0.500000,4.000000,0.650000,0,7,6,0.870000,12737,18,0.500000,15,0.350000,8581,0.500000,14,12737,13,0.670000,112606,29570,0.150000,18,4,676,0.650000,38275,18,0.500000,0.900000,25602,0.350000,0.900000,4.500000,4161
7,0.500000,3,12737,8581,0.500000,0.020000,26,2.000000,0.150000,5-2-1-2,21314,0.670000,0.220000,0.175000,1,0.220000,18,0.300000,21251,0.500000,6.000000,0.650000,0,6,5,0.870000,12737,29,0.500000,15,0.350000,8581,0.400000,4,12865,13,0.870000,112638,38275,0.150000,35,4,677,0.700000,38405,24,0.600000,0.100000,29570,0.500000,0.900000,2.000000,4161
12,0.500000,3,8386,25602,0.100000,0.020000,25,1.500000,0.220000,4-4-1-1,21314,0.560000,0.220000,0.150000,2,0.560000,16,0.100000,21185,0.500000,4.000000,0.650000,0,7,6,0.870000,12737,18,0.500000,15,0.350000,8386,0.500000,14,12802,13,0.670000,112659,29570,0.150000,18,4,678,0.650000,38275,18,0.500000,0.900000,25602,0.350000,0.900000,4.500000,4161
9,0.350000,3,8386,17089,0.100000,0.020000,25,1.000000,0.220000,4-2-3-1,17985,0.600000,0.220000,0.150000,2,0.350000,16,0.100000,25602,0.500000,5.000000,0.350000,0,7,6,0.870000,12737,4,0.600000,12,0.900000,8386,0.500000,14,12802,11,0.670000,112670,29570,0.150000,3,4,679,0.650000,38405,18,0.500000,0.650000,25797,0.350000,0.900000,4.000000,4161
9,0.350000,3,8386,17089,0.100000,0.020000,25,1.000000,0.220000,4-2-3-1,17089,0.600000,0.220000,0.150000,2,0.350000,16,0.100000,25602,0.500000,5.000000,0.350000,0,7,6,0.870000,12802,4,0.600000,12,0.900000,8386,0.500000,14,12802,11,0.670000,112689,29634,0.150000,3,4,680,0.650000,38405,18,0.500000,0.650000,25602,0.350000,0.900000,4.000000,4226
9,0.350000,3,8386,18306,0.100000,0.020000,25,1.000000,0.220000,4-2-3-1,17089,0.600000,0.220000,0.150000,2,0.350000,16,0.100000,25602,0.500000,5.000000,0.350000,0,7,6,0.870000,12737,4,0.600000,12,0.900000,8386,0.500000,14,12802,11,0.670000,112705,29570,0.150000,3,4,681,0.650000,38405,18,0.500000,0.650000,25602,0.350000,0.900000,4.000000,4226
10,0.600000,3,8450,17089,0.350000,0.020000,25,1.000000,0.220000,4-1-4-1,25602,0.500000,0.220000,0.150000,2,0.330000,15,0.100000,21251,0.500000,4.500000,0.900000,0,7,6,0.850000,12737,2,0.500000,13,0.650000,8450,0.500000,15,12737,12,0.600000,112713,25602,0.150000,31,4,682,0.650000,38405,16,0.100000,0.500000,21185,0.350000,0.900000,4.500000,4161
10,0.500000,3,8450,17089,0.900000,0.020000,27,3.000000,0.220000,4-3-3,21314,0.800000,0.220000,0.150000,3,0.330000,23,0.100000,21314,0.500000,4.000000,0.650000,0,7,6,0.800000,12737,9,0.500000,15,0.350000,8450,0.100000,6,12737,13,0.850000,112716,38213,0.150000,7,4,683,0.650000,33794,25,0.500000,0.500000,33794,0.350000,0.900000,3.000000,4161
10,0.600000,3,8450,17095,0.350000,0.020000,25,1.000000,0.220000,4-1-4-1,25602,0.500000,0.220000,0.150000,2,0.330000,15,0.100000,21314,0.500000,4.500000,0.900000,0,7,6,0.850000,12802,2,0.500000,13,0.650000,8450,0.500000,15,12737,12,0.600000,112764,25602,0.150000,31,4,684,0.650000,38405,16,0.100000,0.500000,21314,0.350000,0.900000,4.500000,4161
9,0.350000,3,8581,17025,0.100000,0.020000,25,1.000000,0.220000,4-2-3-1,17089,0.600000,0.220000,0.150000,2,0.350000,16,0.100000,25794,0.500000,5.000000,0.350000,0,7,6,0.870000,12802,4,0.600000,12,0.900000,8450,0.500000,14,12737,11,0.670000,112809,29576,0.150000,3,4,685,0.650000,38213,18,0.500000,0.650000,25605,0.350000,0.900000,4.000000,4226
9,0.350000,3,8450,17025,0.100000,0.020000,25,1.000000,0.220000,4-2-3-1,17089,0.600000,0.220000,0.150000,2,0.350000,16,0.100000,25602,0.500000,5.000000,0.350000,0,7,6,0.870000,12737,4,0.600000,12,0.900000,8581,0.500000,14,12865,11,0.670000,112828,29957,0.150000,3,4,686,0.650000,38341,18,0.500000,0.650000,25794,0.350000,0.900000,4.000000,4161
13,0.500000,3,8386,21314,0.900000,0.020000,27,3.000000,0.220000,4-3-3,21185,0.800000,0.220000,0.150000,3,0.500000,23,0.100000,29570,0.500000,4.000000,0.350000,0,7,6,0.800000,12737,11,0.670000,18,0.500000,8581,0.100000,6,12802,15,0.870000,112853,38405,0.150000,4,4,687,0.650000,33794,25,0.500000,0.650000,33794,0.350000,0.900000,3.000000,4161
13,0.500000,4,25729,21185,0.900000,0.020000,27,3.000000,0.560000,3-4-3,21319,0.800000,0.150000,0.150000,4,0.500000,23,0.900000,25732,0.500000,3.000000,0.350000,0,12,6,0.800000,12737,25,0.560000,16,0.100000,12737,0.100000,0,12737,15,0.850000,112868,38405,0.175000,2,5,688,0.500000,33986,25,0.500000,0.650000,33794,0.300000,0.700000,4.000000,4161
12,0.500000,3,8450,25794,0.100000,0.020000,26,2.000000,0.220000,4-4-2,21314,0.600000,0.220000,0.150000,2,0.600000,16,0.100000,21314,0.500000,4.000000,0.650000,0,7,6,0.850000,12737,16,0.500000,15,0.350000,8386,0.400000,10,12737,13,0.850000,112883,38405,0.150000,11,4,689,0.650000,38275,24,0.600000,0.900000,25794,0.350000,0.900000,4.000000,4226
9,0.350000,3,8450,17089,0.100000,0.020000,25,1.000000,0.220000,4-2-3-1,17089,0.600000,0.220000,0.150000,2,0.350000,16,0.100000,25667,0.500000,5.000000,0.350000,0,7,6,0.870000,12737,4,0.600000,12,0.900000,8450,0.500000,14,12737,11,0.670000,112885,29570,0.150000,3,4,690,0.650000,38405,18,0.500000,0.650000,25602,0.350000,0.900000,4.000000,4161
9,0.350000,3,8513,17089,0.100000,0.020000,26,2.000000,0.220000,4-4-2,17089,0.560000,0.220000,0.150000,2,0.350000,16,0.100000,25794,0.500000,4.000000,0.350000,0,7,6,0.850000,12737,17,0.560000,12,0.900000,8386,0.400000,10,12737,11,0.850000,112893,38405,0.150000,12,4,691,0.650000,38275,24,0.600000,0.650000,25602,0.350000,0.900000,4.000000,4161
10,0.600000,3,8450,17025,0.350000,0.020000,25,1.000000,0.220000,4-1-4-1,25602,0.500000,0.220000,0.150000,2,0.330000,15,0.100000,21442,0.500000,4.500000,0.900000,0,7,6,0.850000,12737,2,0.500000,13,0.650000,8450,0.500000,15,12737,12,0.600000,112908,25602,0.150000,31,4,692,0.650000,38405,16,0.100000,0.500000,21381,0.350000,0.900000,4.500000,4226
12,0.500000,3,8386,25602,0.100000,0.020000,26,2.000000,0.220000,4-4-2,21314,0.600000,0.220000,0.150000,2,0.600000,16,0.100000,21251,0.500000,4.000000,0.650000,0,7,6,0.850000,12802,16,0.500000,15,0.350000,8386,0.400000,10,12737,13,0.850000,112965,38405,0.150000,11,4,693,0.650000,38213,24,0.600000,0.900000,25602,0.350000,0.900000,4.000000,4161
10,0.500000,3,8513,17089,0.900000,0.020000,27,3.000000,0.220000,4-3-3,21314,0.800000,0.220000,0.150000,3,0.330000,23,0.100000,21314,0.500000,4.000000,0.650000,0,7,6,0.800000,12737,9,0.500000,15,0.350000,8450,0.100000,6,12737,13,0.850000,112996,38405,0.150000,7,4,694,0.650000,33986,25,0.500000,0.500000,33859,0.350000,0.900000,3.000000,4161
9,0.350000,3,8450,17089,0.100000,0.020000,25,1.000000,0.220000,4-2-3-1,17089,0.600000,0.220000,0.150000,2,0.350000,16,0.100000,25794,0.500000,5.000000,0.350000,0,7,6,0.870000,12865,4,0.600000,12,0.900000,8581,0.500000,14,12737,11,0.670000,113000,29570,0.150000,3,4,695,0.650000,38275,18,0.500000,0.650000,25794,0.350000,0.900000,4.000000,5827
12,0.500000,3,9987,25794,0.350000,0.020000,25,1.000000,0.220000,4-5-1,21314,0.500000,0.220000,0.150000,2,0.560000,15,0.100000,21251,0.500000,4.000000,0.650000,0,7,6,0.850000,12737,20,0.480000,14,0.500000,8450,0.500000,15,12865,13,0.560000,113002,25794,0.150000,19,4,696,0.650000,38275,16,0.100000,0.900000,21251,0.350000,0.900000,5.000000,5827
10,0.600000,3,8581,17089,0.350000,0.020000,25,1.000000,0.220000,4-1-4-1,25667,0.500000,0.220000,0.150000,2,0.330000,15,0.100000,21381,0.500000,4.500000,0.900000,0,7,6,0.850000,12865,2,0.500000,13,0.650000,8386,0.500000,15,12737,12,0.600000,113003,25729,0.150000,31,4,697,0.650000,38275,16,0.100000,0.500000,21314,0.350000,0.900000,4.500000,4226
9,0.350000,3,8450,18306,0.100000,0.020000,25,1.000000,0.220000,4-2-3-1,17155,0.600000,0.220000,0.150000,2,0.350000,16,0.100000,25794,0.500000,5.000000,0.350000,0,7,6,0.870000,12737,4,0.600000,12,0.900000,8581,0.500000,14,12865,11,0.670000,113004,29957,0.150000,3,4,698,0.650000,38405,18,0.500000,0.650000,25794,0.350000,0.900000,4.000000,5827
9,0.350000,3,8386,17155,0.100000,0.020000,25,1.000000,0.220000,4-2-3-1,17025,0.600000,0.220000,0.150000,2,0.350000,16,0.100000,25602,0.500000,5.000000,0.350000,0,7,6,0.870000,12737,4,0.600000,12,0.900000,8386,0.500000,14,12737,11,0.670000,113007,29957,0.150000,3,4,699,0.650000,38341,18,0.500000,0.650000,25602,0.350000,0.900000,4.000000,4161
9,0.350000,3,8386,17089,0.100000,0.020000,25,1.000000,0.220000,4-2-3-1,17089,0.600000,0.220000,0.150000,2,0.350000,16,0.100000,25794,0.500000,5.000000,0.350000,0,7,6,0.870000,12802,4,0.600000,12,0.900000,8581,0.500000,14,12865,11,0.670000,113008,29570,0.150000,3,4,700,0.650000,38405,18,0.500000,0.650000,25732,0.350000,0.900000,4.000000,4161
9,0.350000,3,8450,17089,0.100000,0.020000,25,1.000000,0.220000,4-2-3-1,17089,0.600000,0.220000,0.150000,2,0.350000,16,0.100000,25602,0.500000,5.000000,0.350000,0,7,6,0.870000,12737,4,0.600000,12,0.900000,8581,0.500000,14,12737,11,0.670000,113009,29570,0.150000,3,4,701,0.650000,38275,18,0.500000,0.650000,25794,0.350000,0.900000,4.000000,4161
9,0.350000,3,8386,17089,0.100000,0.020000,25,1.000000,0.220000,4-2-3-1,17089,0.600000,0.220000,0.150000,2,0.350000,16,0.100000,25602,0.500000,5.000000,0.350000,0,7,6,0.870000,12802,4,0.600000,12,0.900000,8386,0.500000,14,12737,11,0.670000,113010,29570,0.150000,3,4,702,0.650000,38213,18,0.500000,0.650000,25794,0.350000,0.900000,4.000000,4161
13,0.480000,3,8581,21249,0.900000,0.020000,27,3.000000,0.220000,4-3-3,21251,0.800000,0.220000,0.150000,3,0.500000,23,0.100000,21314,0.500000,4.000000,0.500000,0,7,6,0.800000,12865,8,0.500000,15,0.350000,8450,0.100000,6,12865,14,0.850000,113011,38341,0.150000,17,4,703,0.650000,33986,25,0.500000,0.650000,33794,0.350000,0.900000,3.000000,5827
10,0.500000,3,8581,17155,0.900000,0.020000,27,3.000000,0.220000,4-3-3,21251,0.800000,0.220000,0.150000,3,0.330000,23,0.100000,21381,0.500000,4.000000,0.650000,0,7,6,0.800000,12865,9,0.500000,15,0.350000,8581,0.100000,6,12865,13,0.850000,113012,38405,0.150000,7,4,704,0.650000,33861,25,0.500000,0.500000,33989,0.350000,0.900000,3.000000,4226
13,0.500000,4,25602,21185,0.750000,0.020000,25,2.000000,0.560000,3-4-2-1,21442,0.700000,0.150000,0.150000,3,0.500000,17,0.900000,25729,0.500000,3.000000,0.350000,0,12,6,0.870000,12737,24,0.560000,16,0.100000,12737,0.500000,19,12737,15,0.700000,113018,29570,0.175000,21,5,705,0.500000,38405,19,0.250000,0.650000,29570,0.300000,0.700000,5.000000,4161
9,0.350000,3,8450,17089,0.100000,0.020000,25,1.000000,0.220000,4-2-3-1,17089,0.600000,0.220000,0.150000,2,0.350000,16,0.100000,25602,0.500000,5.000000,0.350000,0,7,6,0.870000,12737,4,0.600000,12,0.900000,8386,0.500000,14,12865,11,0.670000,113037,29570,0.150000,3,4,706,0.650000,38405,18,0.500000,0.650000,25602,0.350000,0.900000,4.000000,4226
9,0.350000,3,8581,17089,0.100000,0.020000,25,1.000000,0.220000,4-2-3-1,17089,0.600000,0.220000,0.150000,2,0.350000,16,0.100000,25794,0.500000,5.000000,0.350000,0,7,6,0.870000,12737,4,0.600000,12,0.900000,8581,0.500000,14,12737,11,0.670000,113040,29570,0.150000,3,4,707,0.650000,38405,18,0.500000,0.650000,25794,0.350000,0.900000,4.000000,4161
7,0.330000,3,12737,8581,0.350000,0.020000,26,2.000000,0.150000,5-3-2,17089,0.500000,0.220000,0.175000,1,0.220000,15,0.300000,21314,0.500000,5.000000,0.500000,0,6,5,0.850000,12737,31,0.500000,13,0.650000,8386,0.400000,4,12802,10,0.850000,113044,38405,0.150000,24,4,708,0.700000,38404,24,0.600000,0.100000,21381,0.500000,0.900000,3.000000,4161
9,0.350000,3,8581,17089,0.100000,0.020000,25,1.000000,0.220000,4-2-3-1,17089,0.600000,0.220000,0.150000,2,0.350000,16,0.100000,25602,0.500000,5.000000,0.350000,0,7,6,0.870000,12737,4,0.600000,12,0.900000,8450,0.500000,14,12737,11,0.670000,113057,29570,0.150000,3,4,709,0.650000,38213,18,0.500000,0.650000,25794,0.350000,0.900000,4.000000,4161
9,0.350000,3,8386,17089,0.100000,0.020000,25,1.000000,0.220000,4-2-3-1,17089,0.600000,0.220000,0.150000,2,0.350000,16,0.100000,25729,0.500000,5.000000,0.350000,0,7,6,0.870000,12737,4,0.600000,12,0.900000,8513,0.500000,14,12737,11,0.670000,113060,29570,0.150000,3,4,710,0.650000,38213,18,0.500000,0.650000,25794,0.350000,0.900000,4.000000,4161
13,0.500000,4,25602,21251,0.750000,0.020000,25,2.000000,0.560000,3-4-2-1,21314,0.700000,0.150000,0.150000,3,0.500000,17,0.900000,25794,0.500000,3.000000,0.350000,0,12,6,0.870000,12865,24,0.560000,16,0.100000,12737,0.500000,19,14145,15,0.700000,113142,29570,0.175000,21,5,711,0.500000,38405,19,0.250000,0.650000,29634,0.300000,0.700000,5.000000,4226
10,0.500000,3,8386,17089,0.900000,0.020000,27,3.000000,0.220000,4-3-3,21442,0.800000,0.220000,0.150000,3,0.330000,23,0.100000,21314,0.500000,4.000000,0.650000,0,7,6,0.800000,12865,9,0.500000,15,0.350000,8386,0.100000,6,12737,13,0.850000,113143,38213,0.150000,7,4,712,0.650000,33794,25,0.500000,0.500000,33794,0.350000,0.900000,3.000000,4226
9,0.350000,3,8386,17089,0.100000,0.020000,25,1.000000,0.220000,4-2-3-1,17089,0.600000,0.220000,0.150000,2,0.350000,16,0.100000,25602,0.500000,5.000000,0.350000,0,7,6,0.870000,12737,4,0.600000,12,0.900000,8450,0.500000,14,12737,11,0.670000,113146,29957,0.150000,3,4,713,0.650000,38405,18,0.500000,0.650000,25667,0.350000,0.900000,4.000000,4161
7,0.330000,3,14145,8450,0.350000,0.020000,26,2.000000,0.150000,5-3-2,17089,0.500000,0.220000,0.175000,1,0.220000,15,0.300000,21442,0.500000,5.000000,0.500000,0,6,5,0.850000,12865,31,0.500000,13,0.650000,8450,0.400000,4,12802,10,0.850000,113147,38405,0.150000,24,4,714,0.700000,38275,24,0.600000,0.100000,21314,0.500000,0.900000,3.000000,4161
13,0.500000,4,25729,21251,0.750000,0.020000,25,2.000000,0.560000,3-4-2-1,21185,0.700000,0.150000,0.150000,3,0.500000,17,0.900000,25729,0.500000,3.000000,0.350000,0,12,6,0.870000,12737,24,0.560000,16,0.100000,12865,0.500000,19,12737,15,0.700000,113149,29957,0.175000,21,5,715,0.500000,38405,19,0.250000,0.650000,29570,0.300000,0.700000,5.000000,4161
10,0.500000,3,8386,17089,0.900000,0.020000,27,3.000000,0.220000,4-3-3,21314,0.800000,0.220000,0.150000,3,0.330000,23,0.100000,21314,0.500000,4.000000,0.650000,0,7,6,0.800000,12737,9,0.500000,15,0.350000,8450,0.100000,6,12737,13,0.850000,113217,38213,0.150000,7,4,716,0.650000,33794,25,0.500000,0.500000,33794,0.350000,0.900000,3.000000,5827
9,0.350000,3,8450,17089,0.100000,0.020000,25,1.000000,0.220000,4-2-3-1,17155,0.600000,0.220000,0.150000,2,0.350000,16,0.100000,25602,0.500000,5.000000,0.350000,0,7,6,0.870000,12802,4,0.600000,12,0.900000,8450,0.500000,14,12865,11,0.670000,113222,29570,0.150000,3,4,717,0.650000,38213,18,0.500000,0.650000,25602,0.350000,0.900000,4.000000,4226
9,0.350000,3,8581,17025,0.100000,0.020000,25,1.000000,0.220000,4-2-3-1,17089,0.600000,0.220000,0.150000,2,0.350000,16,0.100000,25602,0.500000,5.000000,0.350000,0,7,6,0.870000,12737,4,0.600000,12,0.900000,8450,0.500000,14,12737,11,0.670000,113257,29570,0.150000,3,4,718,0.650000,38341,18,0.500000,0.650000,25602,0.350000,0.900000,4.000000,5827
12,0.500000,3,8386,25669,0.100000,0.020000,26,2.000000,0.220000,4-4-2,21314,0.600000,0.220000,0.150000,2,0.600000,16,0.100000,21314,0.500000,4.000000,0.650000,0,7,6,0.850000,12737,16,0.500000,15,0.350000,8450,0.400000,10,12737,13,0.850000,113297,38405,0.150000,11,4,719,0.650000,38275,24,0.600000,0.900000,25602,0.350000,0.900000,4.000000,4161
9,0.350000,3,8386,17089,0.100000,0.020000,25,1.000000,0.220000,4-2-3-1,17153,0.600000,0.220000,0.150000,2,0.350000,16,0.100000,25794,0.500000,5.000000,0.350000,0,7,6,0.870000,12737,4,0.600000,12,0.900000,8386,0.500000,14,12737,11,0.670000,113298,29570,0.150000,3,4,720,0.650000,38341,18,0.500000,0.650000,25669,0.350000,0.900000,4.000000,4161
10,0.600000,3,8386,17089,0.350000,0.020000,25,1.000000,0.220000,4-1-4-1,25602,0.500000,0.220000,0.150000,2,0.330000,15,0.100000,21381,0.500000,4.500000,0.900000,0,7,6,0.850000,12865,2,0.500000,13,0.650000,8386,0.500000,15,12865,12,0.600000,113299,25602,0.150000,31,4,721,0.650000,38213,16,0.100000,0.500000,21314,0.350000,0.900000,4.500000,4161
9,0.350000,3,8386,17089,0.100000,0.020000,25,1.000000,0.220000,4-2-3-1,17089,0.600000,0.220000,0.150000,2,0.350000,16,0.100000,25602,0.500000,5.000000,0.350000,0,7,6,0.870000,12737,4,0.600000,12,0.900000,9987,0.500000,14,12737,11,0.670000,113300,29634,0.150000,3,4,722,0.650000,38213,18,0.500000,0.650000,25602,0.350000,0.900000,4.000000,4161
13,0.500000,4,25602,21314,0.900000,0.020000,27,3.000000,0.560000,3-4-3,21185,0.800000,0.150000,0.150000,4,0.500000,23,0.900000,25669,0.500000,3.000000,0.350000,0,12,6,0.800000,12737,25,0.560000,16,0.100000,12737,0.100000,0,12737,15,0.850000,113301,38405,0.175000,2,5,723,0.500000,33986,25,0.500000,0.650000,33794,0.300000,0.700000,4.000000,4161
13,0.480000,3,8386,21314,0.900000,0.020000,27,3.000000,0.220000,4-3-3,21185,0.800000,0.220000,0.150000,3,0.500000,23,0.100000,21314,0.500000,4.000000,0.500000,0,7,6,0.800000,12865,8,0.500000,15,0.350000,8386,0.100000,6,12737,14,0.850000,113302,38405,0.150000,17,4,724,0.650000,33989,25,0.500000,0.650000,33794,0.350000,0.900000,3.000000,4161
9,0.350000,3,8450,17089,0.100000,0.020000,25,1.000000,0.220000,4-2-3-1,17089,0.600000,0.220000,0.150000,2,0.350000,16,0.100000,25794,0.500000,5.000000,0.350000,0,7,6,0.870000,12865,4,0.600000,12,0.900000,8386,0.500000,14,12737,11,0.670000,113458,29570,0.150000,3,4,725,0.650000,38405,18,0.500000,0.650000,25602,0.350000,0.900000,4.000000,4161
9,0.350000,3,8450,17089,0.100000,0.020000,25,1.000000,0.220000,4-2-3-1,17089,0.600000,0.220000,0.150000,2,0.350000,16,0.100000,25794,0.500000,5.000000,0.350000,0,7,6,0.870000,12865,4,0.600000,12,0.900000,8386,0.500000,14,12737,11,0.670000,113459,29570,0.150000,3,4,726,0.650000,38405,18,0.500000,0.650000,25794,0.350000,0.900000,4.000000,4161
12,0.500000,4,17089,25794,0.100000,0.020000,26,2.000000,0.350000,3-1-4-2,21314,0.560000,0.150000,0.150000,3,0.560000,16,0.500000,21251,0.500000,3.500000,0.650000,0,10,6,0.850000,12802,22,0.500000,15,0.350000,12737,0.400000,1,14145,13,0.850000,113616,38275,0.175000,28,5,727,0.500000,38405,24,0.600000,0.900000,25794,0.300000,0.700000,4.500000,4161
9,0.350000,3,8386,17025,0.100000,0.020000,25,1.000000,0.220000,4-2-3-1,17089,0.600000,0.220000,0.150000,2,0.350000,16,0.100000,25602,0.500000,5.000000,0.350000,0,7,6,0.870000,12737,4,0.600000,12,0.900000,8450,0.500000,14,12737,11,0.670000,113888,29957,0.150000,3,4,728,0.650000,38341,18,0.500000,0.650000,25602,0.350000,0.900000,4.000000,4161
12,0.500000,3,8581,25602,0.100000,0.020000,26,2.000000,0.220000,4-4-2,21381,0.600000,0.220000,0.150000,2,0.600000,16,0.100000,21314,0.500000,4.000000,0.650000,0,7,6,0.850000,12737,16,0.500000,15,0.350000,8450,0.400000,10,12737,13,0.850000,113892,38405,0.150000,11,4,729,0.650000,38405,24,0.600000,0.900000,25602,0.350000,0.900000,4.000000,4161
12,0.500000,3,8450,25602,0.100000,0.020000,26,2.000000,0.220000,4-4-2,21314,0.600000,0.220000,0.150000,2,0.600000,16,0.100000,21185,0.500000,4.000000,0.650000,0,7,6,0.850000,12737,16,0.500000,15,0.350000,8386,0.400000,10,12737,13,0.850000,113926,38410,0.150000,11,4,730,0.650000,38405,24,0.600000,0.900000,25667,0.350000,0.900000,4.000000,4161
7,0.330000,3,14145,8450,0.350000,0.020000,26,2.000000,0.150000,5-3-2,17089,0.500000,0.220000,0.175000,1,0.220000,15,0.300000,21442,0.500000,5.000000,0.500000,0,6,5,0.850000,14145,31,0.500000,13,0.650000,8581,0.400000,4,12802,10,0.850000,113974,38213,0.150000,24,4,731,0.700000,38405,24,0.600000,0.100000,21381,0.500000,0.900000,3.000000,5827
11,0.560000,4,18306,17089,0.500000,0.020000,26,2.000000,0.350000,3-5-2,25794,0.670000,0.150000,0.150000,3,0.350000,18,0.650000,25602,0.500000,3.000000,0.900000,0,9,6,0.870000,12737,27,0.560000,16,0.100000,12802,0.400000,1,12737,12,0.870000,113984,38405,0.175000,22,5,732,0.500000,38341,24,0.600000,0.350000,29570,0.300000,0.700000,5.000000,4161
12,0.500000,3,8386,25602,0.100000,0.020000,26,2.000000,0.220000,4-4-2,21185,0.600000,0.220000,0.150000,2,0.600000,16,0.100000,21185,0.500000,4.000000,0.650000,0,7,6,0.850000,12737,16,0.500000,15,0.350000,8450,0.400000,10,12737,13,0.850000,113996,38275,0.150000,11,4,733,0.650000,38405,24,0.600000,0.900000,25602,0.350000,0.900000,4.000000,4161
9,0.350000,3,8386,17089,0.500000,0.020000,25,1.000000,0.220000,4-2-3-1,17089,0.670000,0.220000,0.150000,2,0.350000,18,0.100000,29570,0.500000,5.000000,0.350000,0,7,6,0.870000,12737,3,0.670000,17,0.850000,8386,0.500000,14,12737,11,0.670000,114019,29570,0.150000,16,4,734,0.650000,38405,19,0.150000,0.650000,29570,0.350000,0.900000,4.000000,4161
19,0.000000,7,0,0,0.000000,0.000000,29,0.000000,0.000000,-NONE-,0,0.000000,0.000000,0.000000,2,0.000000,15,0.000000,0,0.000000,0.000000,0.000000,0,3,4,0.000000,0,-1,0.000000,16,0.000000,0,0.000000,-1,0,18,0.000000,114046,0,0.000000,-1,6,735,0.000000,0,31,0.000000,0.000000,0,0.000000,0.000000,0.000000,0
13,0.480000,3,8450,21251,0.900000,0.020000,27,3.000000,0.220000,4-3-3,21251,0.800000,0.220000,0.150000,3,0.500000,23,0.100000,21314,0.500000,4.000000,0.500000,0,7,6,0.800000,12737,8,0.500000,15,0.350000,8450,0.100000,6,12737,14,0.850000,114147,38213,0.150000,17,4,736,0.650000,33986,25,0.500000,0.650000,33986,0.350000,0.900000,3.000000,4161
12,0.500000,3,8386,25602,0.100000,0.020000,26,2.000000,0.220000,4-4-2,21185,0.600000,0.220000,0.150000,2,0.600000,16,0.100000,21314,0.500000,4.000000,0.650000,0,7,6,0.850000,12737,16,0.500000,15,0.350000,8450,0.400000,10,12737,13,0.850000,114161,38405,0.150000,11,4,737,0.650000,38275,24,0.600000,0.900000,25602,0.350000,0.900000,4.000000,4161
13,0.480000,3,8450,21314,0.900000,0.020000,27,3.000000,0.220000,4-3-3,21314,0.800000,0.220000,0.150000,3,0.500000,23,0.100000,21314,0.500000,4.000000,0.500000,0,7,6,0.800000,12802,8,0.500000,15,0.350000,8386,0.100000,6,12737,14,0.850000,114162,38213,0.150000,17,4,738,0.650000,33794,25,0.500000,0.650000,33794,0.350000,0.900000,3.000000,4161
9,0.350000,3,8386,17089,0.100000,0.020000,25,1.000000,0.220000,4-2-3-1,17089,0.600000,0.220000,0.150000,2,0.350000,16,0.100000,25794,0.500000,5.000000,0.350000,0,7,6,0.870000,12737,4,0.600000,12,0.900000,8386,0.500000,14,12737,11,0.670000,114168,29570,0.150000,3,4,739,0.650000,38213,18,0.500000,0.650000,25794,0.350000,0.900000,4.000000,4161
13,0.500000,4,25602,21251,0.750000,0.020000,25,2.000000,0.560000,3-4-2-1,21381,0.700000,0.150000,0.150000,3,0.500000,17,0.900000,25602,0.500000,3.000000,0.350000,0,12,6,0.870000,12737,24,0.560000,16,0.100000,14145,0.500000,19,12865,15,0.700000,114326,29957,0.175000,21,5,740,0.500000,38341,19,0.250000,0.650000,29570,0.300000,0.700000,5.000000,4161
9,0.350000,3,8581,18306,0.100000,0.020000,25,1.000000,0.220000,4-2-3-1,17089,0.600000,0.220000,0.150000,2,0.350000,16,0.100000,25602,0.500000,5.000000,0.350000,0,7,6,0.870000,12737,4,0.600000,12,0.900000,8450,0.500000,14,12737,11,0.670000,114385,29634,0.150000,3,4,741,0.650000,38213,18,0.500000,0.650000,25602,0.350000,0.900000,4.000000,4161
13,0.500000,4,25732,21314,0.900000,0.020000,27,3.000000,0.560000,3-4-3,21185,0.800000,0.150000,0.150000,4,0.500000,23,0.900000,25729,0.500000,3.000000,0.350000,0,12,6,0.800000,12737,25,0.560000,16,0.100000,12737,0.100000,0,12865,15,0.850000,114510,38410,0.175000,2,5,742,0.500000,33986,25,0.500000,0.650000,33986,0.300000,0.700000,4.000000,4161
7,0.330000,3,14145,8581,0.350000,0.020000,26,2.000000,0.150000,5-3-2,17089,0.500000,0.220000,0.175000,1,0.220000,15,0.300000,21251,0.500000,5.000000,0.500000,0,6,5,0.850000,14145,31,0.500000,13,0.650000,8450,0.400000,4,12737,10,0.850000,114545,38410,0.150000,24,4,743,0.700000,38213,24,0.600000,0.100000,21442,0.500000,0.900000,3.000000,4161
10,0.600000,3,8386,17089,0.350000,0.020000,25,1.000000,0.220000,4-1-4-1,25667,0.500000,0.220000,0.150000,2,0.330000,15,0.100000,21185,0.500000,4.500000,0.900000,0,7,6,0.850000,12737,2,0.500000,13,0.650000,8513,0.500000,15,12802,12,0.600000,114546,25729,0.150000,31,4,744,0.650000,38405,16,0.100000,0.500000,21314,0.350000,0.900000,4.500000,4226
13,0.480000,3,8513,21314,0.900000,0.020000,27,3.000000,0.220000,4-3-3,21251,0.800000,0.220000,0.150000,3,0.500000,23,0.100000,21381,0.500000,4.000000,0.500000,0,7,6,0.800000,12865,8,0.500000,15,0.350000,8513,0.100000,6,12865,14,0.850000,114554,38213,0.150000,17,4,745,0.650000,33797,25,0.500000,0.650000,33859,0.350000,0.900000,3.000000,4161
10,0.600000,3,8450,17089,0.350000,0.020000,25,1.000000,0.220000,4-1-4-1,25794,0.500000,0.220000,0.150000,2,0.330000,15,0.100000,21381,0.500000,4.500000,0.900000,0,7,6,0.850000,12737,2,0.500000,13,0.650000,8450,0.500000,15,12737,12,0.600000,114577,25667,0.150000,31,4,746,0.650000,38213,16,0.100000,0.500000,21314,0.350000,0.900000,4.500000,4161
13,0.500000,3,8386,21314,0.900000,0.020000,27,3.000000,0.220000,4-3-3,21381,0.800000,0.220000,0.150000,3,0.500000,23,0.100000,29570,0.500000,4.000000,0.350000,0,7,6,0.800000,12737,11,0.670000,18,0.500000,8386,0.100000,6,12802,15,0.870000,114578,38213,0.150000,4,4,747,0.650000,33794,25,0.500000,0.650000,33794,0.350000,0.900000,3.000000,4161
9,0.350000,3,8450,17089,0.100000,0.020000,25,1.000000,0.220000,4-2-3-1,17155,0.600000,0.220000,0.150000,2,0.350000,16,0.100000,25602,0.500000,5.000000,0.350000,0,7,6,0.870000,12737,4,0.600000,12,0.900000,8581,0.500000,14,12737,11,0.670000,114604,29634,0.150000,3,4,748,0.650000,38405,18,0.500000,0.650000,25602,0.350000,0.900000,4.000000,4161
9,0.350000,3,8581,17089,0.100000,0.020000,25,1.000000,0.220000,4-2-3-1,17985,0.600000,0.220000,0.150000,2,0.350000,16,0.100000,25602,0.500000,5.000000,0.350000,0,7,6,0.870000,12737,4,0.600000,12,0.900000,8386,0.500000,14,12737,11,0.670000,114611,29570,0.150000,3,4,749,0.650000,38405,18,0.500000,0.650000,25794,0.350000,0.900000,4.000000,4161
9,0.350000,3,8450,17089,0.100000,0.020000,25,1.000000,0.220000,4-2-3-1,17985,0.600000,0.220000,0.150000,2,0.350000,16,0.100000,25602,0.500000,5.000000,0.350000,0,7,6,0.870000,12737,4,0.600000,12,0.900000,8450,0.500000,14,12737,11,0.670000,114628,29634,0.150000,3,4,750,0.650000,38341,18,0.500000,0.650000,25605,0.350000,0.900000,4.000000,4161
9,0.350000,3,8386,17089,0.100000,0.020000,25,1.000000,0.220000,4-2-3-1,17089,0.600000,0.220000,0.150000,2,0.350000,16,0.100000,25602,0.500000,5.000000,0.350000,0,7,6,0.870000,12865,4,0.600000,12,0.900000,8386,0.500000,14,12865,11,0.670000,114640,29570,0.150000,3,4,751,0.650000,38341,18,0.500000,0.650000,25602,0.350000,0.900000,4.000000,4161
10,0.500000,3,8386,17089,0.500000,0.020000,26,2.500000,0.220000,4-1-2-1-2,21314,0.670000,0.220000,0.150000,2,0.330000,18,0.100000,21314,0.500000,4.000000,0.650000,0,7,6,0.870000,12737,15,0.500000,15,0.350000,8386,0.400000,11,12737,13,0.870000,114815,38405,0.150000,9,4,752,0.650000,38405,24,0.600000,0.500000,29570,0.350000,0.900000,3.500000,4161
9,0.350000,3,8450,17089,0.100000,0.020000,25,1.000000,0.220000,4-2-3-1,17089,0.600000,0.220000,0.150000,2,0.350000,16,0.100000,25602,0.500000,5.000000,0.350000,0,7,6,0.870000,12737,4,0.600000,12,0.900000,8450,0.500000,14,12737,11,0.670000,115202,29570,0.150000,3,4,753,0.650000,38405,18,0.500000,0.650000,25602,0.350000,0.900000,4.000000,4226
11,0.560000,4,17089,17089,0.500000,0.020000,26,2.000000,0.350000,3-5-2,25667,0.670000,0.150000,0.150000,3,0.350000,18,0.650000,25667,0.500000,3.000000,0.900000,0,9,6,0.870000,12737,27,0.560000,16,0.100000,12737,0.400000,1,12737,12,0.870000,115362,38405,0.175000,22,5,754,0.500000,38405,24,0.600000,0.350000,30341,0.300000,0.700000,5.000000,4161
7,0.330000,3,12806,8386,0.350000,0.020000,26,2.000000,0.150000,5-3-2,17089,0.500000,0.220000,0.175000,1,0.220000,15,0.300000,21314,0.500000,5.000000,0.500000,0,6,5,0.850000,12806,31,0.500000,13,0.650000,8386,0.400000,4,12737,10,0.850000,115472,38405,0.150000,24,4,755,0.700000,38213,24,0.600000,0.100000,21251,0.500000,0.900000,3.000000,4161
10,0.600000,3,8386,17089,0.350000,0.020000,25,1.000000,0.220000,4-1-4-1,25729,0.500000,0.220000,0.150000,2,0.330000,15,0.100000,21384,0.500000,4.500000,0.900000,0,7,6,0.850000,12737,2,0.500000,13,0.650000,8513,0.500000,15,12737,12,0.600000,115517,25729,0.150000,31,4,757,0.650000,38405,16,0.100000,0.500000,21381,0.350000,0.900000,4.500000,4161
13,0.480000,3,8450,21381,0.500000,0.020000,26,2.500000,0.220000,4-3-1-2,21314,0.700000,0.220000,0.150000,2,0.500000,18,0.100000,21381,0.500000,4.000000,0.500000,0,7,6,0.850000,12737,6,0.500000,15,0.350000,8386,0.400000,9,12737,14,0.850000,115682,38213,0.150000,34,4,758,0.650000,38405,24,0.600000,0.650000,29570,0.350000,0.900000,3.500000,4226
9,0.350000,3,8386,17155,0.100000,0.020000,26,2.000000,0.220000,4-4-2,17089,0.560000,0.220000,0.150000,2,0.350000,16,0.100000,25602,0.500000,4.000000,0.350000,0,7,6,0.850000,12737,17,0.560000,12,0.900000,8386,0.400000,10,12802,11,0.850000,115693,38275,0.150000,12,4,759,0.650000,38405,24,0.600000,0.650000,25602,0.350000,0.900000,4.000000,4161
10,0.500000,3,8581,17155,0.900000,0.020000,27,3.000000,0.220000,4-3-3,21314,0.800000,0.220000,0.150000,3,0.330000,23,0.100000,21314,0.500000,4.000000,0.650000,0,7,6,0.800000,12865,9,0.500000,15,0.350000,8450,0.100000,6,12802,13,0.850000,115841,38275,0.150000,7,4,760,0.650000,33986,25,0.500000,0.500000,33986,0.350000,0.900000,3.000000,4161
13,0.500000,4,25729,21251,0.750000,0.020000,25,2.000000,0.560000,3-4-2-1,21314,0.700000,0.150000,0.150000,3,0.500000,17,0.900000,25729,0.500000,3.000000,0.350000,0,12,6,0.870000,12802,24,0.560000,16,0.100000,14145,0.500000,19,14145,15,0.700000,115845,29957,0.175000,21,5,761,0.500000,38405,19,0.250000,0.650000,29571,0.300000,0.700000,5.000000,5827
7,0.330000,3,12737,8450,0.350000,0.020000,26,2.000000,0.150000,5-3-2,17089,0.500000,0.220000,0.175000,1,0.220000,15,0.300000,21185,0.500000,5.000000,0.500000,0,6,5,0.850000,12737,31,0.500000,13,0.650000,8386,0.400000,4,12737,10,0.850000,115892,38405,0.150000,24,4,762,0.700000,38405,24,0.600000,0.100000,21442,0.500000,0.900000,3.000000,4161
9,0.350000,3,8581,18306,0.100000,0.020000,25,1.000000,0.220000,4-2-3-1,17155,0.600000,0.220000,0.150000,2,0.350000,16,0.100000,25794,0.500000,5.000000,0.350000,0,7,6,0.870000,12865,4,0.600000,12,0.900000,8581,0.500000,14,12865,11,0.670000,115995,29957,0.150000,3,4,763,0.650000,38405,18,0.500000,0.650000,25794,0.350000,0.900000,4.000000,5827
12,0.500000,3,8581,25667,0.100000,0.020000,26,2.000000,0.220000,4-4-2,21251,0.600000,0.220000,0.150000,2,0.600000,16,0.100000,21185,0.500000,4.000000,0.650000,0,7,6,0.850000,12737,16,0.500000,15,0.350000,8450,0.400000,10,12737,13,0.850000,115996,38341,0.150000,11,4,764,0.650000,38275,24,0.600000,0.900000,25602,0.350000,0.900000,4.000000,5827
12,0.500000,3,8581,25602,0.100000,0.020000,26,2.000000,0.220000,4-4-2,21314,0.600000,0.220000,0.150000,2,0.600000,16,0.100000,21251,0.500000,4.000000,0.650000,0,7,6,0.850000,12737,16,0.500000,15,0.350000,8581,0.400000,10,12865,13,0.850000,115997,38405,0.150000,11,4,765,0.650000,38405,24,0.600000,0.900000,25602,0.350000,0.900000,4.000000,4161
9,0.350000,3,8581,17025,0.900000,0.020000,27,3.000000,0.220000,4-3-3,17089,0.800000,0.220000,0.150000,3,0.350000,23,0.100000,21314,0.500000,4.000000,0.350000,0,7,6,0.800000,12865,10,0.500000,14,0.500000,8450,0.100000,6,12865,11,0.850000,115998,38405,0.150000,5,4,766,0.650000,33986,25,0.500000,0.650000,33986,0.350000,0.900000,3.000000,5827
7,0.330000,3,12737,8450,0.350000,0.020000,26,2.000000,0.150000,5-3-2,17089,0.500000,0.220000,0.175000,1,0.220000,15,0.300000,21314,0.500000,5.000000,0.500000,0,6,5,0.850000,12737,31,0.500000,13,0.650000,8450,0.400000,4,12865,10,0.850000,115999,38405,0.150000,24,4,767,0.700000,38341,24,0.600000,0.100000,21249,0.500000,0.900000,3.000000,5827
13,0.500000,4,25602,21314,0.900000,0.020000,27,3.000000,0.560000,3-4-3,21314,0.800000,0.150000,0.150000,4,0.500000,23,0.900000,25602,0.500000,3.000000,0.350000,0,12,6,0.800000,12865,25,0.560000,16,0.100000,12737,0.100000,0,12737,15,0.850000,116001,38341,0.175000,2,5,768,0.500000,33986,25,0.500000,0.650000,33794,0.300000,0.700000,4.000000,4226
9,0.350000,3,8450,17089,0.100000,0.020000,25,1.000000,0.220000,4-2-3-1,17089,0.600000,0.220000,0.150000,2,0.350000,16,0.100000,25602,0.500000,5.000000,0.350000,0,7,6,0.870000,12737,4,0.600000,12,0.900000,8450,0.500000,14,12737,11,0.670000,116002,29570,0.150000,3,4,769,0.650000,38213,18,0.500000,0.650000,25794,0.350000,0.900000,4.000000,5827
10,0.560000,3,8513,17089,0.100000,0.020000,26,2.000000,0.220000,4-1-3-2,25602,0.560000,0.220000,0.150000,2,0.330000,16,0.100000,21314,0.500000,4.500000,0.900000,0,7,6,0.850000,12802,1,0.520000,14,0.500000,8450,0.400000,12,12865,12,0.850000,116003,38405,0.150000,30,4,770,0.650000,38275,24,0.600000,0.500000,25729,0.350000,0.900000,3.500000,4226
12,0.500000,3,8450,25794,0.100000,0.020000,26,2.000000,0.220000,4-4-2,21251,0.600000,0.220000,0.150000,2,0.600000,16,0.100000,21185,0.500000,4.000000,0.650000,0,7,6,0.850000,12737,16,0.500000,15,0.350000,8450,0.400000,10,12737,13,0.850000,116004,38341,0.150000,11,4,771,0.650000,38405,24,0.600000,0.900000,25602,0.350000,0.900000,4.000000,5827
12,0.500000,3,8513,25729,0.100000,0.020000,26,2.000000,0.220000,4-4-2,21314,0.600000,0.220000,0.150000,2,0.600000,16,0.100000,21314,0.500000,4.000000,0.650000,0,7,6,0.850000,12802,16,0.500000,15,0.350000,8450,0.400000,10,12737,13,0.850000,116005,38275,0.150000,11,4,772,0.650000,38341,24,0.600000,0.900000,25602,0.350000,0.900000,4.000000,5827
9,0.350000,3,8581,18306,0.100000,0.020000,25,1.000000,0.220000,4-2-3-1,17155,0.600000,0.220000,0.150000,2,0.350000,16,0.100000,25794,0.500000,5.000000,0.350000,0,7,6,0.870000,12865,4,0.600000,12,0.900000,8581,0.500000,14,12865,11,0.670000,116009,29957,0.150000,3,4,773,0.650000,38341,18,0.500000,0.650000,25794,0.350000,0.900000,4.000000,5827
9,0.350000,3,8581,18306,0.100000,0.020000,25,1.000000,0.220000,4-2-3-1,17985,0.600000,0.220000,0.150000,2,0.350000,16,0.100000,25794,0.500000,5.000000,0.350000,0,7,6,0.870000,12865,4,0.600000,12,0.900000,8581,0.500000,14,12737,11,0.670000,116010,29570,0.150000,3,4,774,0.650000,38213,18,0.500000,0.650000,25794,0.350000,0.900000,4.000000,5827
9,0.350000,3,8450,17025,0.100000,0.020000,25,1.000000,0.220000,4-2-3-1,17153,0.600000,0.220000,0.150000,2,0.350000,16,0.100000,25602,0.500000,5.000000,0.350000,0,7,6,0.870000,12737,4,0.600000,12,0.900000,8450,0.500000,14,12737,11,0.670000,116011,29570,0.150000,3,4,775,0.650000,38405,18,0.500000,0.650000,25794,0.350000,0.900000,4.000000,5827
9,0.350000,3,8450,17089,0.100000,0.020000,25,1.000000,0.220000,4-2-3-1,17155,0.600000,0.220000,0.150000,2,0.350000,16,0.100000,25794,0.500000,5.000000,0.350000,0,7,6,0.870000,12737,4,0.600000,12,0.900000,8450,0.500000,14,12865,11,0.670000,116012,29570,0.150000,3,4,776,0.650000,38405,18,0.500000,0.650000,25794,0.350000,0.900000,4.000000,4161
12,0.500000,3,9987,25602,0.100000,0.020000,25,1.500000,0.220000,4-4-1-1,21314,0.560000,0.220000,0.150000,2,0.560000,16,0.100000,21381,0.500000,4.000000,0.650000,0,7,6,0.870000,12737,18,0.500000,15,0.350000,8513,0.500000,14,12737,13,0.670000,116013,29570,0.150000,18,4,777,0.650000,38275,18,0.500000,0.900000,25794,0.350000,0.900000,4.500000,5827
12,0.500000,3,8581,25602,0.100000,0.020000,26,2.000000,0.220000,4-4-2,21185,0.600000,0.220000,0.150000,2,0.600000,16,0.100000,21185,0.500000,4.000000,0.650000,0,7,6,0.850000,12802,16,0.500000,15,0.350000,8386,0.400000,10,12737,13,0.850000,116014,38405,0.150000,11,4,778,0.650000,38341,24,0.600000,0.900000,25729,0.350000,0.900000,4.000000,4161
12,0.500000,3,8450,25602,0.100000,0.020000,26,2.000000,0.220000,4-4-2,21251,0.600000,0.220000,0.150000,2,0.600000,16,0.100000,21185,0.500000,4.000000,0.650000,0,7,6,0.850000,12737,16,0.500000,15,0.350000,9987,0.400000,10,12865,13,0.850000,116015,38405,0.150000,11,4,779,0.650000,38275,24,0.600000,0.900000,25729,0.350000,0.900000,4.000000,5827
12,0.500000,3,8450,25602,0.100000,0.020000,26,2.000000,0.220000,4-4-2,21185,0.600000,0.220000,0.150000,2,0.600000,16,0.100000,21314,0.500000,4.000000,0.650000,0,7,6,0.850000,12802,16,0.500000,15,0.350000,8513,0.400000,10,12737,13,0.850000,116016,38405,0.150000,11,4,780,0.650000,38341,24,0.600000,0.900000,25602,0.350000,0.900000,4.000000,5827
9,0.350000,3,9987,17089,0.100000,0.020000,25,1.000000,0.220000,4-2-3-1,17985,0.600000,0.220000,0.150000,2,0.350000,16,0.100000,25667,0.500000,5.000000,0.350000,0,7,6,0.870000,12737,4,0.600000,12,0.900000,8581,0.500000,14,12865,11,0.670000,116017,29957,0.150000,3,4,781,0.650000,38213,18,0.500000,0.650000,25602,0.350000,0.900000,4.000000,5827
7,0.600000,3,12802,8386,0.350000,0.020000,25,1.000000,0.150000,5-4-1,25794,0.500000,0.220000,0.175000,0,0.220000,15,0.300000,21314,0.500000,5.000000,0.900000,0,6,5,0.850000,12737,33,0.500000,13,0.650000,8386,0.500000,5,12737,12,0.600000,116020,25602,0.150000,14,4,782,0.700000,38405,16,0.100000,0.100000,21185,0.500000,0.900000,4.000000,5827
9,0.350000,3,8450,17089,0.100000,0.020000,25,1.000000,0.220000,4-2-3-1,17089,0.600000,0.220000,0.150000,2,0.350000,16,0.100000,25602,0.500000,5.000000,0.350000,0,7,6,0.870000,12737,4,0.600000,12,0.900000,8513,0.500000,14,12737,11,0.670000,116021,29570,0.150000,3,4,783,0.650000,38275,18,0.500000,0.650000,25602,0.350000,0.900000,4.000000,4226
10,0.500000,3,8581,17089,0.900000,0.020000,27,3.000000,0.220000,4-3-3,21251,0.800000,0.220000,0.150000,3,0.330000,23,0.100000,21314,0.500000,4.000000,0.650000,0,7,6,0.800000,12865,9,0.500000,15,0.350000,8581,0.100000,6,12737,13,0.850000,116033,38405,0.150000,7,4,784,0.650000,33794,25,0.500000,0.500000,33986,0.350000,0.900000,3.000000,4161
10,0.600000,3,8581,17089,0.350000,0.020000,25,1.000000,0.220000,4-1-4-1,25602,0.500000,0.220000,0.150000,2,0.330000,15,0.100000,21314,0.500000,4.500000,0.900000,0,7,6,0.850000,12865,2,0.500000,13,0.650000,8581,0.500000,15,12737,12,0.600000,116034,25602,0.150000,31,4,785,0.650000,38275,16,0.100000,0.500000,21381,0.350000,0.900000,4.500000,5827
9,0.350000,3,8386,18306,0.100000,0.020000,25,1.000000,0.220000,4-2-3-1,17089,0.600000,0.220000,0.150000,2,0.350000,16,0.100000,25794,0.500000,5.000000,0.350000,0,7,6,0.870000,12737,4,0.600000,12,0.900000,8450,0.500000,14,12865,11,0.670000,116035,29570,0.150000,3,4,786,0.650000,38341,18,0.500000,0.650000,25794,0.350000,0.900000,4.000000,4161
9,0.350000,3,8450,17089,0.100000,0.020000,25,1.000000,0.220000,4-2-3-1,17089,0.600000,0.220000,0.150000,2,0.350000,16,0.100000,25602,0.500000,5.000000,0.350000,0,7,6,0.870000,12737,4,0.600000,12,0.900000,8450,0.500000,14,12737,11,0.670000,116036,29570,0.150000,3,4,787,0.650000,38405,18,0.500000,0.650000,25602,0.350000,0.900000,4.000000,5827
9,0.350000,3,8386,17089,0.100000,0.020000,25,1.000000,0.220000,4-2-3-1,17089,0.600000,0.220000,0.150000,2,0.350000,16,0.100000,25602,0.500000,5.000000,0.350000,0,7,6,0.870000,12737,4,0.600000,12,0.900000,8450,0.500000,14,12737,11,0.670000,116037,29634,0.150000,3,4,788,0.650000,38341,18,0.500000,0.650000,25729,0.350000,0.900000,4.000000,5827
9,0.350000,3,8386,17155,0.100000,0.020000,25,1.000000,0.220000,4-2-3-1,17089,0.600000,0.220000,0.150000,2,0.350000,16,0.100000,25602,0.500000,5.000000,0.350000,0,7,6,0.870000,12737,4,0.600000,12,0.900000,8450,0.500000,14,12737,11,0.670000,116039,29570,0.150000,3,4,789,0.650000,38341,18,0.500000,0.650000,25602,0.350000,0.900000,4.000000,5827
12,0.500000,3,8450,25602,0.100000,0.020000,26,2.000000,0.220000,4-4-2,21314,0.600000,0.220000,0.150000,2,0.600000,16,0.100000,21314,0.500000,4.000000,0.650000,0,7,6,0.850000,12737,16,0.500000,15,0.350000,8386,0.400000,10,12737,13,0.850000,116044,38405,0.150000,11,4,790,0.650000,38275,24,0.600000,0.900000,25602,0.350000,0.900000,4.000000,4226
13,0.500000,4,25602,21185,0.900000,0.020000,27,3.000000,0.560000,3-4-3,21314,0.800000,0.150000,0.150000,4,0.500000,23,0.900000,25602,0.500000,3.000000,0.350000,0,12,6,0.800000,12802,25,0.560000,16,0.100000,12737,0.100000,0,12802,15,0.850000,116280,38275,0.175000,2,5,791,0.500000,33794,25,0.500000,0.650000,33797,0.300000,0.700000,4.000000,4161
10,0.500000,3,8450,17153,0.900000,0.020000,27,3.000000,0.220000,4-3-3,21314,0.800000,0.220000,0.150000,3,0.330000,23,0.100000,21314,0.500000,4.000000,0.650000,0,7,6,0.800000,12737,9,0.500000,15,0.350000,8386,0.100000,6,12737,13,0.850000,116282,38341,0.150000,7,4,792,0.650000,33794,25,0.500000,0.500000,33794,0.350000,0.900000,3.000000,4161
9,0.350000,3,8450,17089,0.100000,0.020000,25,1.000000,0.220000,4-2-3-1,17089,0.600000,0.220000,0.150000,2,0.350000,16,0.100000,25602,0.500000,5.000000,0.350000,0,7,6,0.870000,12737,4,0.600000,12,0.900000,8450,0.500000,14,12737,11,0.670000,116300,29570,0.150000,3,4,793,0.650000,38275,18,0.500000,0.650000,25794,0.350000,0.900000,4.000000,5827
9,0.350000,3,8450,17089,0.100000,0.020000,25,1.000000,0.220000,4-2-3-1,17089,0.600000,0.220000,0.150000,2,0.350000,16,0.100000,25794,0.500000,5.000000,0.350000,0,7,6,0.870000,12737,4,0.600000,12,0.900000,8450,0.500000,14,12737,11,0.670000,116302,29634,0.150000,3,4,794,0.650000,38405,18,0.500000,0.650000,25602,0.350000,0.900000,4.000000,5827
9,0.350000,3,8450,17025,0.100000,0.020000,25,1.000000,0.220000,4-2-3-1,17089,0.600000,0.220000,0.150000,2,0.350000,16,0.100000,25602,0.500000,5.000000,0.350000,0,7,6,0.870000,12737,4,0.600000,12,0.900000,8450,0.500000,14,12737,11,0.670000,116303,29570,0.150000,3,4,795,0.650000,38405,18,0.500000,0.650000,25797,0.350000,0.900000,4.000000,5827
9,0.350000,3,8450,17025,0.100000,0.020000,25,1.000000,0.220000,4-2-3-1,17089,0.600000,0.220000,0.150000,2,0.350000,16,0.100000,25794,0.500000,5.000000,0.350000,0,7,6,0.870000,12737,4,0.600000,12,0.900000,8450,0.500000,14,12737,11,0.670000,116304,29570,0.150000,3,4,796,0.650000,38275,18,0.500000,0.650000,25794,0.350000,0.900000,4.000000,4161
9,0.350000,3,8386,17089,0.100000,0.020000,25,1.000000,0.220000,4-2-3-1,17089,0.600000,0.220000,0.150000,2,0.350000,16,0.100000,25602,0.500000,5.000000,0.350000,0,7,6,0.870000,12802,4,0.600000,12,0.900000,8581,0.500000,14,12737,11,0.670000,116305,29570,0.150000,3,4,797,0.650000,38341,18,0.500000,0.650000,25729,0.350000,0.900000,4.000000,4161
12,0.500000,3,8386,25729,0.100000,0.020000,26,2.000000,0.220000,4-4-2,21314,0.600000,0.220000,0.150000,2,0.600000,16,0.100000,21185,0.500000,4.000000,0.650000,0,7,6,0.850000,12737,16,0.500000,15,0.350000,8450,0.400000,10,12737,13,0.850000,116306,38341,0.150000,11,4,798,0.650000,38275,24,0.600000,0.900000,25729,0.350000,0.900000,4.000000,4161
9,0.350000,3,8450,17089,0.100000,0.020000,25,1.000000,0.220000,4-2-3-1,17025,0.600000,0.220000,0.150000,2,0.350000,16,0.100000,25602,0.500000,5.000000,0.350000,0,7,6,0.870000,12865,4,0.600000,12,0.900000,8450,0.500000,14,12737,11,0.670000,116307,29570,0.150000,3,4,799,0.650000,38341,18,0.500000,0.650000,25602,0.350000,0.900000,4.000000,4161
9,0.350000,3,8513,17089,0.100000,0.020000,25,1.000000,0.220000,4-2-3-1,17089,0.600000,0.220000,0.150000,2,0.350000,16,0.100000,25602,0.500000,5.000000,0.350000,0,7,6,0.870000,12737,4,0.600000,12,0.900000,8450,0.500000,14,12865,11,0.670000,116308,29957,0.150000,3,4,800,0.650000,38213,18,0.500000,0.650000,25602,0.350000,0.900000,4.000000,4161
9,0.350000,3,8452,17089,0.100000,0.020000,25,1.000000,0.220000,4-2-3-1,17089,0.600000,0.220000,0.150000,2,0.350000,16,0.100000,25602,0.500000,5.000000,0.350000,0,7,6,0.870000,12737,4,0.600000,12,0.900000,8450,0.500000,14,12737,11,0.670000,116309,29570,0.150000,3,4,801,0.650000,38275,18,0.500000,0.650000,25794,0.350000,0.900000,4.000000,4161
10,0.500000,3,8450,17089,0.900000,0.020000,27,3.000000,0.220000,4-3-3,21442,0.800000,0.220000,0.150000,3,0.330000,23,0.100000,21251,0.500000,4.000000,0.650000,0,7,6,0.800000,12737,9,0.500000,15,0.350000,8450,0.100000,6,12865,13,0.850000,116310,38341,0.150000,7,4,802,0.650000,33986,25,0.500000,0.500000,33986,0.350000,0.900000,3.000000,5827
9,0.350000,3,8513,17089,0.100000,0.020000,25,1.000000,0.220000,4-2-3-1,17089,0.600000,0.220000,0.150000,2,0.350000,16,0.100000,25794,0.500000,5.000000,0.350000,0,7,6,0.870000,12737,4,0.600000,12,0.900000,8450,0.500000,14,12737,11,0.670000,116311,29957,0.150000,3,4,803,0.650000,38341,18,0.500000,0.650000,25794,0.350000,0.900000,4.000000,5827
9,0.350000,3,8581,17155,0.100000,0.020000,25,1.000000,0.220000,4-2-3-1,17025,0.600000,0.220000,0.150000,2,0.350000,16,0.100000,25602,0.500000,5.000000,0.350000,0,7,6,0.870000,12737,4,0.600000,12,0.900000,8386,0.500000,14,12737,11,0.670000,116312,29570,0.150000,3,4,804,0.650000,38341,18,0.500000,0.650000,25797,0.350000,0.900000,4.000000,4161
13,0.480000,3,8581,21185,0.900000,0.020000,27,3.000000,0.220000,4-3-3,21251,0.800000,0.220000,0.150000,3,0.500000,23,0.100000,21384,0.500000,4.000000,0.500000,0,7,6,0.800000,12737,8,0.500000,15,0.350000,8581,0.100000,6,12865,14,0.850000,116325,38346,0.150000,17,4,805,0.650000,33861,25,0.500000,0.650000,33989,0.350000,0.900000,3.000000,4227
13,0.480000,3,8450,21314,0.900000,0.020000,27,3.000000,0.220000,4-3-3,21314,0.800000,0.220000,0.150000,3,0.500000,23,0.100000,21314,0.500000,4.000000,0.500000,0,7,6,0.800000,12865,8,0.500000,15,0.350000,8450,0.100000,6,12865,14,0.850000,116326,38341,0.150000,17,4,806,0.650000,33989,25,0.500000,0.650000,33797,0.350000,0.900000,3.000000,4226
7,0.330000,3,12865,8450,0.350000,0.020000,26,2.000000,0.150000,5-3-2,17089,0.500000,0.220000,0.175000,1,0.220000,15,0.300000,21314,0.500000,5.000000,0.500000,0,6,5,0.850000,12737,31,0.500000,13,0.650000,8450,0.400000,4,12737,10,0.850000,116327,38405,0.150000,24,4,807,0.700000,38405,24,0.600000,0.100000,21314,0.500000,0.900000,3.000000,5827
13,0.500000,4,25602,21314,0.900000,0.020000,27,3.000000,0.560000,3-4-3,21381,0.800000,0.150000,0.150000,4,0.500000,23,0.900000,25602,0.500000,3.000000,0.350000,0,12,6,0.800000,12737,25,0.560000,16,0.100000,12737,0.100000,0,12737,15,0.850000,116328,38341,0.175000,2,5,808,0.500000,33794,25,0.500000,0.650000,33794,0.300000,0.700000,4.000000,5827
7,0.330000,3,12737,8386,0.350000,0.020000,26,2.000000,0.150000,5-3-2,17089,0.500000,0.220000,0.175000,1,0.220000,15,0.300000,21185,0.500000,5.000000,0.500000,0,6,5,0.850000,12865,31,0.500000,13,0.650000,8386,0.400000,4,12802,10,0.850000,116331,38405,0.150000,24,4,809,0.700000,38405,24,0.600000,0.100000,21185,0.500000,0.900000,3.000000,4161
7,0.330000,3,12737,8386,0.350000,0.020000,26,2.000000,0.150000,5-3-2,17089,0.500000,0.220000,0.175000,1,0.220000,15,0.300000,21314,0.500000,5.000000,0.500000,0,6,5,0.850000,12737,31,0.500000,13,0.650000,8450,0.400000,4,12737,10,0.850000,116332,38405,0.150000,24,4,810,0.700000,38341,24,0.600000,0.100000,21185,0.500000,0.900000,3.000000,4161
7,0.600000,3,12737,8450,0.350000,0.020000,25,1.000000,0.150000,5-4-1,25602,0.500000,0.220000,0.175000,0,0.220000,15,0.300000,21314,0.500000,5.000000,0.900000,0,6,5,0.850000,12737,33,0.500000,13,0.650000,8450,0.500000,5,12737,12,0.600000,116333,25602,0.150000,14,4,811,0.700000,38405,16,0.100000,0.100000,21442,0.500000,0.900000,4.000000,4226
7,0.330000,3,12865,8581,0.350000,0.020000,26,2.000000,0.150000,5-3-2,17155,0.500000,0.220000,0.175000,1,0.220000,15,0.300000,21445,0.500000,5.000000,0.500000,0,6,5,0.850000,12737,31,0.500000,13,0.650000,8450,0.400000,4,12737,10,0.850000,116334,38341,0.150000,24,4,812,0.700000,38405,24,0.600000,0.100000,21381,0.500000,0.900000,3.000000,4161
12,0.500000,3,8581,25667,0.100000,0.020000,26,2.000000,0.220000,4-4-2,21251,0.600000,0.220000,0.150000,2,0.600000,16,0.100000,21381,0.500000,4.000000,0.650000,0,7,6,0.850000,12737,16,0.500000,15,0.350000,8513,0.400000,10,12865,13,0.850000,116336,38275,0.150000,11,4,813,0.650000,38405,24,0.600000,0.900000,25602,0.350000,0.900000,4.000000,5827
10,0.600000,3,8386,17089,0.350000,0.020000,25,1.000000,0.220000,4-1-4-1,25794,0.500000,0.220000,0.150000,2,0.330000,15,0.100000,21314,0.500000,4.500000,0.900000,0,7,6,0.850000,12737,2,0.500000,13,0.650000,8386,0.500000,15,12737,12,0.600000,116337,25602,0.150000,31,4,814,0.650000,38341,16,0.100000,0.500000,21314,0.350000,0.900000,4.500000,4226
10,0.600000,3,8386,17089,0.350000,0.020000,25,1.000000,0.220000,4-1-4-1,25794,0.500000,0.220000,0.150000,2,0.330000,15,0.100000,21314,0.500000,4.500000,0.900000,0,7,6,0.850000,12737,2,0.500000,13,0.650000,8450,0.500000,15,12737,12,0.600000,116343,25794,0.150000,31,4,815,0.650000,38341,16,0.100000,0.500000,21314,0.350000,0.900000,4.500000,5827
7,0.600000,3,12737,8581,0.350000,0.020000,25,1.000000,0.150000,5-4-1,25667,0.500000,0.220000,0.175000,0,0.220000,15,0.300000,21314,0.500000,5.000000,0.900000,0,6,5,0.850000,12865,33,0.500000,13,0.650000,8581,0.500000,5,12802,12,0.600000,116360,25794,0.150000,14,4,816,0.700000,38213,16,0.100000,0.100000,21185,0.500000,0.900000,4.000000,4226
12,0.500000,3,8450,25602,0.100000,0.020000,26,2.000000,0.220000,4-4-2,21314,0.600000,0.220000,0.150000,2,0.600000,16,0.100000,21381,0.500000,4.000000,0.650000,0,7,6,0.850000,12737,16,0.500000,15,0.350000,8581,0.400000,10,12737,13,0.850000,116361,38213,0.150000,11,4,817,0.650000,38405,24,0.600000,0.900000,25602,0.350000,0.900000,4.000000,4161
10,0.600000,3,8386,17089,0.350000,0.020000,25,1.000000,0.220000,4-1-4-1,25602,0.500000,0.220000,0.150000,2,0.330000,15,0.100000,21314,0.500000,4.500000,0.900000,0,7,6,0.850000,12737,2,0.500000,13,0.650000,8581,0.500000,15,12806,12,0.600000,116416,25602,0.150000,31,4,818,0.650000,38405,16,0.100000,0.500000,21442,0.350000,0.900000,4.500000,5827
7,0.330000,3,12737,8581,0.350000,0.020000,26,2.000000,0.150000,5-3-2,17089,0.500000,0.220000,0.175000,1,0.220000,15,0.300000,21442,0.500000,5.000000,0.500000,0,6,5,0.850000,12737,31,0.500000,13,0.650000,8386,0.400000,4,12737,10,0.850000,116417,38405,0.150000,24,4,819,0.700000,38405,24,0.600000,0.100000,21185,0.500000,0.900000,3.000000,4161
10,0.500000,3,8581,17089,0.900000,0.020000,27,3.000000,0.220000,4-3-3,21314,0.800000,0.220000,0.150000,3,0.330000,23,0.100000,21442,0.500000,4.000000,0.650000,0,7,6,0.800000,12865,9,0.500000,15,0.350000,8385,0.100000,6,12737,13,0.850000,116428,38405,0.150000,7,4,820,0.650000,33794,25,0.500000,0.500000,33986,0.350000,0.900000,3.000000,4161
9,0.350000,3,8386,17089,0.100000,0.020000,25,1.000000,0.220000,4-2-3-1,17089,0.600000,0.220000,0.150000,2,0.350000,16,0.100000,25602,0.500000,5.000000,0.350000,0,7,6,0.870000,12802,4,0.600000,12,0.900000,8450,0.500000,14,12737,11,0.670000,131123,29570,0.150000,3,4,821,0.650000,38341,18,0.500000,0.650000,25602,0.350000,0.900000,4.000000,4226
12,0.500000,3,8386,25602,0.100000,0.020000,25,1.500000,0.220000,4-4-1-1,21185,0.560000,0.220000,0.150000,2,0.560000,16,0.100000,21251,0.500000,4.000000,0.650000,0,7,6,0.870000,12737,18,0.500000,15,0.350000,8386,0.500000,14,12802,13,0.670000,131124,29570,0.150000,18,4,822,0.650000,38405,18,0.500000,0.900000,25667,0.350000,0.900000,4.500000,4161
9,0.350000,3,8581,17155,0.100000,0.020000,25,1.000000,0.220000,4-2-3-1,17155,0.600000,0.220000,0.150000,2,0.350000,16,0.100000,25794,0.500000,5.000000,0.350000,0,7,6,0.870000,12806,4,0.600000,12,0.900000,8450,0.500000,14,12737,11,0.670000,131125,29570,0.150000,3,4,823,0.650000,38341,18,0.500000,0.650000,25794,0.350000,0.900000,4.000000,4161
7,0.600000,3,12802,8450,0.350000,0.020000,25,1.000000,0.150000,5-4-1,25602,0.500000,0.220000,0.175000,0,0.220000,15,0.300000,21185,0.500000,5.000000,0.900000,0,6,5,0.850000,12737,33,0.500000,13,0.650000,8386,0.500000,5,12737,12,0.600000,131173,25602,0.150000,14,4,824,0.700000,38213,16,0.100000,0.100000,21314,0.500000,0.900000,4.000000,4161
12,0.500000,3,8386,25602,0.100000,0.020000,26,2.000000,0.220000,4-4-2,21381,0.600000,0.220000,0.150000,2,0.600000,16,0.100000,21314,0.500000,4.000000,0.650000,0,7,6,0.850000,12737,16,0.500000,15,0.350000,8386,0.400000,10,12737,13,0.850000,131174,38341,0.150000,11,4,825,0.650000,38405,24,0.600000,0.900000,25794,0.350000,0.900000,4.000000,4161
11,0.560000,4,17089,17155,0.500000,0.020000,26,2.000000,0.350000,3-5-2,25729,0.670000,0.150000,0.150000,3,0.350000,18,0.650000,25602,0.500000,3.000000,0.900000,0,9,6,0.870000,12737,27,0.560000,16,0.100000,12737,0.400000,1,12737,12,0.870000,131358,38405,0.175000,22,5,826,0.500000,38275,24,0.600000,0.350000,29570,0.300000,0.700000,5.000000,4161
13,0.480000,3,8386,21442,0.900000,0.020000,27,3.000000,0.220000,4-3-3,21314,0.800000,0.220000,0.150000,3,0.500000,23,0.100000,21314,0.500000,4.000000,0.500000,0,7,6,0.800000,12737,8,0.500000,15,0.350000,8386,0.100000,6,12737,14,0.850000,131359,38405,0.150000,17,4,827,0.650000,33986,25,0.500000,0.650000,33986,0.350000,0.900000,3.000000,4161
9,0.350000,3,8450,17089,0.100000,0.020000,25,1.000000,0.220000,4-2-3-1,17155,0.600000,0.220000,0.150000,2,0.350000,16,0.100000,25602,0.500000,5.000000,0.350000,0,7,6,0.870000,12737,4,0.600000,12,0.900000,8386,0.500000,14,12737,11,0.670000,131360,29570,0.150000,3,4,828,0.650000,38213,18,0.500000,0.650000,25602,0.350000,0.900000,4.000000,4161
9,0.350000,3,8386,17089,0.100000,0.020000,25,1.000000,0.220000,4-2-3-1,17089,0.600000,0.220000,0.150000,2,0.350000,16,0.100000,25794,0.500000,5.000000,0.350000,0,7,6,0.870000,12802,4,0.600000,12,0.900000,8386,0.500000,14,12802,11,0.670000,131361,29570,0.150000,3,4,829,0.650000,38405,18,0.500000,0.650000,25602,0.350000,0.900000,4.000000,4161
9,0.350000,3,8581,17089,0.100000,0.020000,25,1.000000,0.220000,4-2-3-1,17089,0.600000,0.220000,0.150000,2,0.350000,16,0.100000,25602,0.500000,5.000000,0.350000,0,7,6,0.870000,12865,4,0.600000,12,0.900000,8450,0.500000,14,12865,11,0.670000,131362,29570,0.150000,3,4,830,0.650000,38405,18,0.500000,0.650000,25602,0.350000,0.900000,4.000000,4161
10,0.560000,3,8386,17089,0.100000,0.020000,26,2.000000,0.220000,4-1-3-2,25731,0.560000,0.220000,0.150000,2,0.330000,16,0.100000,21314,0.500000,4.500000,0.900000,0,7,6,0.850000,12802,1,0.520000,14,0.500000,8386,0.400000,12,12802,12,0.850000,131363,38405,0.150000,30,4,831,0.650000,38405,24,0.600000,0.500000,25602,0.350000,0.900000,3.500000,4161
9,0.350000,3,8386,17089,0.500000,0.075000,25,1.000000,0.112500,4-2-3-1,17089,0.650000,0.112500,0.100000,2,0.350000,18,0.150000,29570,0.500000,5.000000,0.375000,0,7,6,0.925000,12737,3,0.650000,17,0.675000,8386,0.500000,14,12737,11,0.650000,131368,29570,0.100000,16,4,832,0.625000,38405,19,0.325000,0.625000,29570,0.375000,0.850000,4.000000,4161
12,0.500000,3,8386,25729,0.100000,0.020000,26,2.000000,0.220000,4-4-2,21314,0.600000,0.220000,0.150000,2,0.600000,16,0.100000,21185,0.500000,4.000000,0.650000,0,7,6,0.850000,12737,16,0.500000,15,0.350000,8450,0.400000,10,12737,13,0.850000,131386,38275,0.150000,11,4,833,0.650000,38341,24,0.600000,0.900000,25794,0.350000,0.900000,4.000000,4161
7,0.330000,3,12737,8386,0.350000,0.020000,26,2.000000,0.150000,5-3-2,17089,0.500000,0.220000,0.175000,1,0.220000,15,0.300000,21185,0.500000,5.000000,0.500000,0,6,5,0.850000,12737,31,0.500000,13,0.650000,8513,0.400000,4,12737,10,0.850000,131391,38405,0.150000,24,4,834,0.700000,38410,24,0.600000,0.100000,21251,0.500000,0.900000,3.000000,4161
9,0.350000,3,8450,17025,0.900000,0.020000,27,3.000000,0.220000,4-3-3,17155,0.800000,0.220000,0.150000,3,0.350000,23,0.100000,21442,0.500000,4.000000,0.350000,0,7,6,0.800000,12737,10,0.500000,14,0.500000,8386,0.100000,6,12737,11,0.850000,131439,38405,0.150000,5,4,835,0.650000,33986,25,0.500000,0.650000,33794,0.350000,0.900000,3.000000,4161
9,0.350000,3,8386,17089,0.100000,0.020000,25,1.000000,0.220000,4-2-3-1,17089,0.600000,0.220000,0.150000,2,0.350000,16,0.100000,25729,0.500000,5.000000,0.350000,0,7,6,0.870000,12737,4,0.600000,12,0.900000,8581,0.500000,14,12802,11,0.670000,131447,29570,0.150000,3,4,836,0.650000,38275,18,0.500000,0.650000,25729,0.350000,0.900000,4.000000,4161
9,0.350000,3,8386,17089,0.100000,0.020000,25,1.000000,0.220000,4-2-3-1,17089,0.600000,0.220000,0.150000,2,0.350000,16,0.100000,25602,0.500000,5.000000,0.350000,0,7,6,0.870000,12737,4,0.600000,12,0.900000,8450,0.500000,14,12802,11,0.670000,131459,29570,0.150000,3,4,837,0.650000,38213,18,0.500000,0.650000,25602,0.350000,0.900000,4.000000,4161
10,0.500000,3,8450,17089,0.900000,0.020000,27,3.000000,0.220000,4-3-3,21314,0.800000,0.220000,0.150000,3,0.330000,23,0.100000,21314,0.500000,4.000000,0.650000,0,7,6,0.800000,12802,9,0.500000,15,0.350000,8386,0.100000,6,12737,13,0.850000,131463,38213,0.150000,7,4,838,0.650000,33794,25,0.500000,0.500000,33794,0.350000,0.900000,3.000000,4161
9,0.350000,3,8386,17089,0.100000,0.020000,25,1.000000,0.220000,4-2-3-1,17985,0.600000,0.220000,0.150000,2,0.350000,16,0.100000,25602,0.500000,5.000000,0.350000,0,7,6,0.870000,12737,4,0.600000,12,0.900000,8513,0.500000,14,12737,11,0.670000,131477,29570,0.150000,3,4,839,0.650000,38405,18,0.500000,0.650000,25602,0.350000,0.900000,4.000000,5827
9,0.350000,3,8386,17089,0.100000,0.020000,25,1.000000,0.220000,4-2-3-1,17089,0.600000,0.220000,0.150000,2,0.350000,16,0.100000,25794,0.500000,5.000000,0.350000,0,7,6,0.870000,12737,4,0.600000,12,0.900000,8450,0.500000,14,12737,11,0.670000,131478,29571,0.150000,3,4,840,0.650000,38405,18,0.500000,0.650000,25794,0.350000,0.900000,4.000000,4161
7,0.330000,3,12737,8581,0.350000,0.020000,26,2.000000,0.150000,5-3-2,17089,0.500000,0.220000,0.175000,1,0.220000,15,0.300000,21314,0.500000,5.000000,0.500000,0,6,5,0.850000,12802,31,0.500000,13,0.650000,8450,0.400000,4,12802,10,0.850000,131487,38405,0.150000,24,4,841,0.700000,38275,24,0.600000,0.100000,21381,0.500000,0.900000,3.000000,4161
9,0.350000,3,8450,17089,0.100000,0.020000,25,1.000000,0.220000,4-2-3-1,17985,0.600000,0.220000,0.150000,2,0.350000,16,0.100000,25602,0.500000,5.000000,0.350000,0,7,6,0.870000,12737,4,0.600000,12,0.900000,8386,0.500000,14,12737,11,0.670000,131488,29570,0.150000,3,4,842,0.650000,38405,18,0.500000,0.650000,25794,0.350000,0.900000,4.000000,4161
13,0.500000,4,25602,21185,0.900000,0.020000,27,3.000000,0.560000,3-4-3,21251,0.800000,0.150000,0.150000,4,0.500000,23,0.900000,25602,0.500000,3.000000,0.350000,0,12,6,0.800000,12737,25,0.560000,16,0.100000,12737,0.100000,0,12802,15,0.850000,131491,38275,0.175000,2,5,843,0.500000,33794,25,0.500000,0.650000,33859,0.300000,0.700000,4.000000,4226
9,0.350000,3,8386,17089,0.500000,0.075000,25,1.000000,0.112500,4-2-3-1,17089,0.650000,0.112500,0.100000,2,0.350000,18,0.150000,29570,0.500000,5.000000,0.375000,0,7,6,0.925000,12737,3,0.650000,17,0.675000,8386,0.500000,14,12737,11,0.650000,131524,29570,0.100000,16,4,844,0.625000,38405,19,0.325000,0.625000,29570,0.375000,0.850000,4.000000,4161
9,0.350000,3,8386,17089,0.500000,0.075000,25,1.000000,0.112500,4-2-3-1,17089,0.650000,0.112500,0.100000,2,0.350000,18,0.150000,29570,0.500000,5.000000,0.375000,0,7,6,0.925000,12737,3,0.650000,17,0.675000,8386,0.500000,14,12737,11,0.650000,131527,29570,0.100000,16,4,845,0.625000,38405,19,0.325000,0.625000,29570,0.375000,0.850000,4.000000,4161
10,0.600000,3,8386,17985,0.350000,0.020000,25,1.000000,0.220000,4-1-4-1,25602,0.500000,0.220000,0.150000,2,0.330000,15,0.100000,21381,0.500000,4.500000,0.900000,0,7,6,0.850000,12737,2,0.500000,13,0.650000,8450,0.500000,15,12802,12,0.600000,131531,25602,0.150000,31,4,846,0.650000,38213,16,0.100000,0.500000,21314,0.350000,0.900000,4.500000,4161
9,0.350000,3,8386,17089,0.500000,0.075000,25,1.000000,0.112500,4-2-3-1,17089,0.650000,0.112500,0.100000,2,0.350000,18,0.150000,29570,0.500000,5.000000,0.375000,0,7,6,0.925000,12737,3,0.650000,17,0.675000,8386,0.500000,14,12737,11,0.650000,131680,29570,0.100000,16,4,847,0.625000,38405,19,0.325000,0.625000,29570,0.375000,0.850000,4.000000,4161
7,0.330000,3,12865,8581,0.350000,0.020000,26,2.000000,0.150000,5-3-2,17155,0.500000,0.220000,0.175000,1,0.220000,15,0.300000,21314,0.500000,5.000000,0.500000,0,6,5,0.850000,14145,31,0.500000,13,0.650000,8581,0.400000,4,12737,10,0.850000,131681,38341,0.150000,24,4,848,0.700000,38275,24,0.600000,0.100000,21314,0.500000,0.900000,3.000000,5827
7,0.330000,3,12865,8581,0.350000,0.020000,26,2.000000,0.150000,5-3-2,17155,0.500000,0.220000,0.175000,1,0.220000,15,0.300000,21314,0.500000,5.000000,0.500000,0,6,5,0.850000,14145,31,0.500000,13,0.650000,8581,0.400000,4,12737,10,0.850000,131682,38405,0.150000,24,4,849,0.700000,38341,24,0.600000,0.100000,21314,0.500000,0.900000,3.000000,5827
10,0.500000,3,8450,17089,0.900000,0.020000,27,3.000000,0.220000,4-3-3,21185,0.800000,0.220000,0.150000,3,0.330000,23,0.100000,21185,0.500000,4.000000,0.650000,0,7,6,0.800000,12737,9,0.500000,15,0.350000,8450,0.100000,6,12737,13,0.850000,131720,38405,0.150000,7,4,850,0.650000,33794,25,0.500000,0.500000,33794,0.350000,0.900000,3.000000,4226
12,0.500000,3,8386,25602,0.100000,0.020000,26,2.000000,0.220000,4-4-2,21314,0.600000,0.220000,0.150000,2,0.600000,16,0.100000,21251,0.500000,4.000000,0.650000,0,7,6,0.850000,12737,16,0.500000,15,0.350000,8450,0.400000,10,12737,13,0.850000,131724,38405,0.150000,11,4,851,0.650000,38405,24,0.600000,0.900000,25602,0.350000,0.900000,4.000000,5827
9,0.350000,3,8450,17089,0.100000,0.020000,25,1.000000,0.220000,4-2-3-1,17089,0.600000,0.220000,0.150000,2,0.350000,16,0.100000,25794,0.500000,5.000000,0.350000,0,7,6,0.870000,12737,4,0.600000,12,0.900000,8450,0.500000,14,12737,11,0.670000,131733,29570,0.150000,3,4,852,0.650000,38405,18,0.500000,0.650000,25667,0.350000,0.900000,4.000000,4161
12,0.500000,3,8386,25602,0.100000,0.020000,26,2.000000,0.220000,4-4-2,21185,0.600000,0.220000,0.150000,2,0.600000,16,0.100000,21249,0.500000,4.000000,0.650000,0,7,6,0.850000,12737,16,0.500000,15,0.350000,8386,0.400000,10,12865,13,0.850000,131735,38410,0.150000,11,4,853,0.650000,38341,24,0.600000,0.900000,25602,0.350000,0.900000,4.000000,4226
12,0.500000,3,8386,25602,0.100000,0.020000,26,2.000000,0.220000,4-4-2,21251,0.600000,0.220000,0.150000,2,0.600000,16,0.100000,21442,0.500000,4.000000,0.650000,0,7,6,0.850000,12738,16,0.500000,15,0.350000,8513,0.400000,10,12802,13,0.850000,131739,38213,0.150000,11,4,854,0.650000,38275,24,0.600000,0.900000,25605,0.350000,0.900000,4.000000,4226
12,0.500000,3,8450,25605,0.100000,0.020000,26,2.000000,0.220000,4-4-2,21314,0.600000,0.220000,0.150000,2,0.600000,16,0.100000,21314,0.500000,4.000000,0.650000,0,7,6,0.850000,12737,16,0.500000,15,0.350000,8450,0.400000,10,12737,13,0.850000,131798,38405,0.150000,11,4,855,0.650000,38341,24,0.600000,0.900000,25602,0.350000,0.900000,4.000000,5827
12,0.500000,3,8581,25602,0.100000,0.020000,26,2.000000,0.220000,4-4-2,21185,0.600000,0.220000,0.150000,2,0.600000,16,0.100000,21314,0.500000,4.000000,0.650000,0,7,6,0.850000,12737,16,0.500000,15,0.350000,8450,0.400000,10,12737,13,0.850000,131826,38405,0.150000,11,4,856,0.650000,38405,24,0.600000,0.900000,25602,0.350000,0.900000,4.000000,4161
9,0.350000,3,8450,17089,0.100000,0.020000,25,1.000000,0.220000,4-2-3-1,17089,0.600000,0.220000,0.150000,2,0.350000,16,0.100000,25602,0.500000,5.000000,0.350000,0,7,6,0.870000,12737,4,0.600000,12,0.900000,8386,0.500000,14,12865,11,0.670000,131877,29570,0.150000,3,4,857,0.650000,38341,18,0.500000,0.650000,25729,0.350000,0.900000,4.000000,4161
9,0.350000,3,8386,17155,0.100000,0.020000,25,1.000000,0.220000,4-2-3-1,17089,0.600000,0.220000,0.150000,2,0.350000,16,0.100000,25602,0.500000,5.000000,0.350000,0,7,6,0.870000,12737,4,0.600000,12,0.900000,8581,0.500000,14,12737,11,0.670000,132176,29570,0.150000,3,4,858,0.650000,38341,18,0.500000,0.650000,25794,0.350000,0.900000,4.000000,5827
7,0.330000,3,12865,8386,0.350000,0.020000,26,2.000000,0.150000,5-3-2,17089,0.500000,0.220000,0.175000,1,0.220000,15,0.300000,21314,0.500000,5.000000,0.500000,0,6,5,0.850000,12865,31,0.500000,13,0.650000,8581,0.400000,4,12737,10,0.850000,132231,38405,0.150000,24,4,859,0.700000,38405,24,0.600000,0.100000,21314,0.500000,0.900000,3.000000,4161
12,0.500000,3,8450,25602,0.100000,0.020000,26,2.000000,0.220000,4-4-2,21185,0.600000,0.220000,0.150000,2,0.600000,16,0.100000,21314,0.500000,4.000000,0.650000,0,7,6,0.850000,12737,16,0.500000,15,0.350000,8450,0.400000,10,12737,13,0.850000,132305,38405,0.150000,11,4,860,0.650000,38213,24,0.600000,0.900000,25602,0.350000,0.900000,4.000000,4161
10,0.600000,3,8386,17089,0.350000,0.020000,25,1.000000,0.220000,4-1-4-1,25602,0.500000,0.220000,0.150000,2,0.330000,15,0.100000,21381,0.500000,4.500000,0.900000,0,7,6,0.850000,12737,2,0.500000,13,0.650000,8450,0.500000,15,12737,12,0.600000,132370,25602,0.150000,31,4,861,0.650000,38405,16,0.100000,0.500000,21381,0.350000,0.900000,4.500000,4161
9,0.350000,3,8450,17089,0.100000,0.020000,25,1.000000,0.220000,4-2-3-1,17155,0.600000,0.220000,0.150000,2,0.350000,16,0.100000,25602,0.500000,5.000000,0.350000,0,7,6,0.870000,12737,4,0.600000,12,0.900000,8513,0.500000,14,12737,11,0.670000,132533,29957,0.150000,3,4,862,0.650000,38341,18,0.500000,0.650000,25729,0.350000,0.900000,4.000000,4161
13,0.500000,4,25729,21314,0.900000,0.020000,27,3.000000,0.560000,3-4-3,21314,0.800000,0.150000,0.150000,4,0.500000,23,0.900000,25729,0.500000,3.000000,0.350000,0,12,6,0.800000,12737,25,0.560000,16,0.100000,12737,0.100000,0,12737,15,0.850000,132588,38405,0.175000,2,5,863,0.500000,33794,25,0.500000,0.650000,33986,0.300000,0.700000,4.000000,4161
9,0.350000,3,8450,17089,0.100000,0.020000,25,1.000000,0.220000,4-2-3-1,17089,0.600000,0.220000,0.150000,2,0.350000,16,0.100000,25794,0.500000,5.000000,0.350000,0,7,6,0.870000,12737,4,0.600000,12,0.900000,9987,0.500000,14,12737,11,0.670000,132589,29570,0.150000,3,4,864,0.650000,38405,18,0.500000,0.650000,25794,0.350000,0.900000,4.000000,4161
9,0.350000,3,8386,17155,0.100000,0.020000,25,1.000000,0.220000,4-2-3-1,17089,0.600000,0.220000,0.150000,2,0.350000,16,0.100000,25602,0.500000,5.000000,0.350000,0,7,6,0.870000,12865,4,0.600000,12,0.900000,8386,0.500000,14,12802,11,0.670000,132629,29957,0.150000,3,4,865,0.650000,38341,18,0.500000,0.650000,25602,0.350000,0.900000,4.000000,4226
9,0.350000,3,8450,17155,0.100000,0.020000,25,1.000000,0.220000,4-2-3-1,17025,0.600000,0.220000,0.150000,2,0.350000,16,0.100000,25605,0.500000,5.000000,0.350000,0,7,6,0.870000,12737,4,0.600000,12,0.900000,8386,0.500000,14,12806,11,0.670000,132630,30341,0.150000,3,4,866,0.650000,38405,18,0.500000,0.650000,25602,0.350000,0.900000,4.000000,5827
13,0.480000,3,8386,21314,0.750000,0.020000,25,2.500000,0.220000,4-3-2-1,21251,0.700000,0.220000,0.150000,2,0.500000,17,0.100000,21314,0.500000,4.000000,0.500000,0,7,6,0.850000,12737,7,0.500000,15,0.350000,8386,0.500000,8,12737,14,0.700000,132670,30346,0.150000,20,4,867,0.650000,38405,19,0.250000,0.650000,29957,0.350000,0.900000,3.500000,4161
12,0.500000,3,8386,25602,0.100000,0.020000,25,1.500000,0.220000,4-4-1-1,21314,0.560000,0.220000,0.150000,2,0.560000,16,0.100000,21251,0.500000,4.000000,0.650000,0,7,6,0.870000,12865,18,0.500000,15,0.350000,8386,0.500000,14,12737,13,0.670000,132671,29570,0.150000,18,4,868,0.650000,38405,18,0.500000,0.900000,25602,0.350000,0.900000,4.500000,4161
13,0.480000,3,8386,21314,0.500000,0.020000,26,2.500000,0.220000,4-3-1-2,21314,0.700000,0.220000,0.150000,2,0.500000,18,0.100000,21314,0.500000,4.000000,0.500000,0,7,6,0.850000,12737,6,0.500000,15,0.350000,8386,0.400000,9,12737,14,0.850000,132672,38213,0.150000,34,4,869,0.650000,38405,24,0.600000,0.650000,29957,0.350000,0.900000,3.500000,4161
10,0.560000,3,8386,17089,0.500000,0.020000,26,2.500000,0.220000,4-1-2-1-2,25602,0.670000,0.220000,0.150000,2,0.330000,18,0.100000,25794,0.500000,4.000000,0.900000,0,7,6,0.870000,12737,14,0.560000,16,0.100000,8386,0.400000,11,12737,12,0.870000,132673,38405,0.150000,10,4,870,0.650000,38405,24,0.600000,0.500000,30346,0.350000,0.900000,3.500000,4161
13,0.500000,4,25602,21249,0.750000,0.020000,25,2.000000,0.560000,3-4-2-1,21314,0.700000,0.150000,0.150000,3,0.500000,17,0.900000,25602,0.500000,3.000000,0.350000,0,12,6,0.870000,12737,24,0.560000,16,0.100000,12737,0.500000,19,12737,15,0.700000,132674,29570,0.175000,21,5,871,0.500000,38405,19,0.250000,0.650000,29957,0.300000,0.700000,5.000000,4161
10,0.600000,3,8386,17089,0.350000,0.020000,25,1.000000,0.220000,4-1-4-1,25667,0.500000,0.220000,0.150000,2,0.330000,15,0.100000,21185,0.500000,4.500000,0.900000,0,7,6,0.850000,12737,2,0.500000,13,0.650000,8386,0.500000,15,12737,12,0.600000,132680,25667,0.150000,31,4,872,0.650000,38405,16,0.100000,0.500000,21185,0.350000,0.900000,4.500000,4161
9,0.350000,3,8386,17089,0.100000,0.020000,25,1.000000,0.220000,4-2-3-1,17089,0.600000,0.220000,0.150000,2,0.350000,16,0.100000,25794,0.500000,5.000000,0.350000,0,7,6,0.870000,12737,4,0.600000,12,0.900000,8386,0.500000,14,12737,11,0.670000,132681,29570,0.150000,3,4,873,0.650000,38213,18,0.500000,0.650000,25794,0.350000,0.900000,4.000000,4161
13,0.480000,3,8386,21314,0.750000,0.020000,25,2.500000,0.220000,4-3-2-1,21251,0.700000,0.220000,0.150000,2,0.500000,17,0.100000,21314,0.500000,4.000000,0.500000,0,7,6,0.850000,12737,7,0.500000,15,0.350000,8386,0.500000,8,12737,14,0.700000,132702,29957,0.150000,20,4,874,0.650000,38405,19,0.250000,0.650000,29570,0.350000,0.900000,3.500000,4161
12,0.500000,3,8386,25602,0.100000,0.020000,26,2.000000,0.220000,4-4-2,21249,0.600000,0.220000,0.150000,2,0.600000,16,0.100000,21314,0.500000,4.000000,0.650000,0,7,6,0.850000,12737,16,0.500000,15,0.350000,8386,0.400000,10,12737,13,0.850000,132703,38405,0.150000,11,4,875,0.650000,38341,24,0.600000,0.900000,25602,0.350000,0.900000,4.000000,4161
10,0.500000,3,8386,17089,0.500000,0.020000,26,2.500000,0.220000,4-1-2-1-2,21314,0.670000,0.220000,0.150000,2,0.330000,18,0.100000,21314,0.500000,4.000000,0.650000,0,7,6,0.870000,12737,15,0.500000,15,0.350000,8386,0.400000,11,12737,13,0.870000,132704,38405,0.150000,9,4,876,0.650000,38405,24,0.600000,0.500000,29576,0.350000,0.900000,3.500000,4161
10,0.600000,3,8386,17089,0.350000,0.020000,25,1.000000,0.220000,4-1-4-1,25602,0.500000,0.220000,0.150000,2,0.330000,15,0.100000,21314,0.500000,4.500000,0.900000,0,7,6,0.850000,12865,2,0.500000,13,0.650000,8386,0.500000,15,12737,12,0.600000,132705,25602,0.150000,31,4,877,0.650000,38341,16,0.100000,0.500000,21442,0.350000,0.900000,4.500000,4161
9,0.350000,3,8386,17089,0.100000,0.020000,25,1.000000,0.220000,4-2-3-1,17089,0.600000,0.220000,0.150000,2,0.350000,16,0.100000,25602,0.500000,5.000000,0.350000,0,7,6,0.870000,12737,4,0.600000,12,0.900000,8386,0.500000,14,12737,11,0.670000,132706,29570,0.150000,3,4,878,0.650000,38213,18,0.500000,0.650000,25794,0.350000,0.900000,4.000000,4161
