teamname,goalnetstanchioncolor2r,hastifo,stadiumgoalnetstyle,utcoffset,teamcolor1b,crowdregion,gender,captainid,popularity,iscompetitioncrowdcardsenabled,numtransfersin,teamcolor3b,matchdaymidfieldrating,youthdevelopment,personalityid,pitchlinecolor,crowdskintonecode,teamcolor2r,stadiumgoalnetpattern,freekicktakerid,genericint2,opponentstrongthreshold,powid,hasstandingcrowd,longitude,genericint1,teamcolor3g,goalnetstanchioncolor1g,teamcolor2b,favoriteteamsheetid,clubworth,haslargeflag,midfieldrating,trait1vequal,presassetone,teamstadiumcapacity,goalnetstanchioncolor1b,teamcolor3r,rightfreekicktakerid,attackrating,overallrating,presassettwo,opponentweakthreshold,teamcolor1g,throwerright,hasvikingclap,iscompetitionscarfenabled,goalnetstanchioncolor1r,leftfreekicktakerid,longkicktakerid,trainingstadium,skinnyflags,stanchionflamethrower,cksupport6,prev_el_champ,uefa_consecutive_wins,ethnicity,trait1vstrong,defenserating,leaguetitles,cksupport2,stadiummowpattern_code,iscompetitionpoleflagenabled,internationalprestige,rivalteam,rightcornerkicktakerid,cksupport9,goalnetstanchioncolor2b,cksupport8,uefa_cl_wins,penaltytakerid,profitability,uefa_uecl_wins,genericbanner,matchdayattackrating,hassubstitutionboard,pitchwear,trait1vweak,teamcolor1r,pitchcolor,teamid,buildupplay,cksupport5,defensivedepth,cksupport3,goalnetstanchioncolor2g,cityid,cksupport4,domesticprestige,flamethrowercannon,ballid,form,teamcolor2g,cksupport7,latitude,matchdayoverallrating,hassuncanthem,cksupport1,cornerflagpolecolor,isbannerenabled,playsurfacetype,throwerleft,leftcornerkicktakerid,foundationyear,assetid,uefa_el_wins,matchdaydefenserating,jerseytype,domesticcups
Arsenal,1,0,0,0,53,3,0,246669,9,2,0,60,85,7,1,0,2,255,0,234378,-1,3,-1,0,0,85,206,1,255,-1,2500000,0,85,131586,0,60704,1,228,234378,86,84,0,3,26,241651,0,0,1,234378,234378,366,0,0,241651,0,0,4,4202498,84,13,207421,1,0,9,18,246669,246669,1,207421,0,241651,9,0,0,86,0,0,131586,218,3,1,1,257711,65,241651,1,285,248148,10,0,35,0,255,235794,51,84,0,235794,0,1,0,241651,234378,1886,1,0,84,2,14
Aston Villa,1,0,0,0,51,3,0,210881,7,2,0,78,81,5,1,0,2,148,0,200458,-1,2,-1,0,-1,81,47,1,229,-1,800000,0,81,4194944,0,42657,1,124,216393,82,81,0,2,0,221697,0,2,1,226162,216393,366,0,0,221697,0,0,3,270464,80,7,226162,1,0,7,109,216393,210881,1,226162,1,221697,9,0,0,82,0,0,131712,102,4,2,1,216393,50,221697,1,54,210881,7,1,35,0,190,260247,52,81,0,260247,0,2,0,221697,227174,1874,2,0,80,2,7
Blackburn Rovers,1,0,0,0,182,3,0,225748,4,2,0,202,69,7,1,0,2,255,0,225748,-1,1,-1,0,-2,69,76,76,255,-1,39000,0,69,4202512,0,31367,182,1,225748,69,69,0,1,76,245766,0,2,1,225748,225748,316,0,0,245766,0,0,2,266256,67,3,270140,1,2,1,1796,225748,270140,182,73427,0,225748,4,0,0,69,0,0,4202512,1,4,3,2,237211,50,245766,76,55,255855,5,0,55,0,255,225748,53,69,0,73427,0,2,0,245766,225748,1875,3,0,67,2,6
Bolton,14,0,0,0,255,3,0,239540,4,0,0,255,67,8,0,0,2,8,0,212366,-1,1,-1,0,-2,67,255,28,63,-1,8000,0,67,66688,0,28723,80,255,212366,66,67,0,1,255,236528,0,2,14,212366,212366,316,0,0,236528,0,0,2,139392,66,0,277986,1,2,1,1917,212366,271743,80,277986,0,236528,7,0,0,66,0,0,66688,255,4,4,1,275348,90,236528,28,61,271743,8,0,55,0,21,260951,53,67,0,260951,0,2,0,236528,212366,1874,4,0,66,2,4
Chelsea,48,0,0,0,137,3,0,238074,9,3,0,160,84,4,0,0,2,255,0,238074,-1,2,-1,1,0,81,75,85,255,-1,2340000,0,84,131721,0,40343,200,28,238074,82,81,0,2,20,252042,0,2,48,238074,238074,366,0,0,252042,0,0,2,4202633,79,6,257534,1,1,8,1,238616,257534,200,238616,2,257534,10,1,0,82,0,0,131721,0,3,5,1,239231,65,252042,85,285,256079,8,1,35,0,255,247090,51,81,0,247090,0,1,0,252042,238074,1905,5,2,79,2,8
Everton,0,0,0,0,156,3,0,202695,7,2,0,201,78,5,0,0,2,255,0,243657,-1,2,-1,0,-2,78,99,54,255,-1,700000,0,78,4198472,0,52769,156,45,237386,76,78,0,2,54,276295,0,0,0,243657,237386,366,0,0,276295,0,0,1,266312,77,9,243282,1,0,4,9,237386,243282,156,261188,0,261188,4,0,0,76,0,0,139336,0,4,7,3,244380,50,276295,54,282,193474,4,0,35,0,255,237386,53,78,0,261188,0,2,0,276295,243657,1878,7,0,77,2,5
Leeds United,235,0,0,0,255,3,0,237161,7,2,0,1,77,4,0,0,2,46,0,257191,-1,2,-1,0,-1,76,225,67,134,-1,390000,0,77,266369,0,37890,134,235,257191,76,76,0,2,255,231554,0,2,46,257191,257191,316,0,0,239360,0,0,3,528513,76,3,242530,1,2,1,11,257191,229266,0,235735,0,221479,7,0,0,76,0,0,270465,255,5,8,3,236822,30,221479,205,269,237161,2,0,35,0,67,231554,53,76,0,244238,0,1,0,236822,257191,1919,8,0,76,1,1
Liverpool,1,0,0,0,35,3,0,225100,9,3,0,0,84,4,0,0,2,255,0,236772,-1,3,-1,0,-2,84,215,1,255,-1,4650480,0,84,131712,0,53394,1,255,239837,87,84,0,3,27,253149,0,1,1,239837,239837,366,0,0,237678,0,0,3,4202624,83,20,233731,1,1,10,11,256630,225100,1,246104,6,209331,6,0,0,87,0,0,131712,227,3,9,1,253149,65,242516,1,282,239837,10,0,35,0,255,260908,53,84,0,237678,0,1,0,260908,209331,1892,9,3,83,1,8
Manchester City,133,1,0,0,233,3,0,231866,9,3,0,94,84,3,1,0,2,255,0,251570,-1,3,-1,1,-2,84,40,177,255,-1,4564360,0,84,131712,0,53400,222,0,237692,87,84,0,3,173,253124,0,1,133,237692,239085,366,0,0,208920,0,0,2,4202624,82,10,227796,1,1,10,11,225645,277031,222,231866,1,239085,8,0,0,87,0,0,131712,108,4,10,1,207410,65,239085,177,300,231866,10,0,35,0,255,253124,53,84,0,208920,0,2,0,242641,237692,1880,10,0,82,2,7
Man Utd,1,0,0,0,1,3,0,212198,10,0,0,30,82,9,0,0,2,255,0,212198,-1,2,-1,1,-2,81,30,1,255,-1,5683920,0,82,131732,0,74310,1,30,212198,82,80,0,2,1,243014,0,0,1,212198,212198,366,0,0,243014,0,0,2,4202644,79,20,269136,1,0,7,9,243014,254088,1,240243,3,212198,6,0,0,82,0,0,131732,199,5,11,1,238041,65,240243,1,300,200145,7,0,35,0,255,212198,53,80,0,254088,0,0,0,243014,212198,1878,11,1,79,2,13
Middlesbrough,1,0,0,0,34,3,0,186156,5,2,0,34,72,6,0,0,2,255,0,218659,-1,2,-1,0,-1,72,25,1,255,-1,80000,0,72,532610,0,33931,1,235,218659,70,72,0,2,25,261283,0,2,1,252796,218659,316,0,0,261283,0,0,1,528514,72,0,252796,1,2,1,13,218659,252796,1,233487,0,261283,6,0,0,70,0,0,270466,224,4,12,2,255145,30,261283,1,315,216464,7,0,55,0,255,253054,54,72,0,233487,0,2,0,261283,253054,1876,12,0,72,1,0
Newcastle Utd,9,0,0,0,30,3,0,223334,7,2,0,30,84,5,0,0,2,255,0,241096,-1,2,-1,0,-1,81,30,40,255,-1,900000,0,84,4202624,0,52305,25,30,234742,79,81,0,2,30,262118,0,0,9,234742,234742,366,0,0,210047,0,0,2,266368,80,4,234824,1,0,8,106,206085,256261,25,241096,0,234824,10,0,0,79,0,0,131712,30,4,13,2,234742,50,251517,40,342,247851,8,0,35,0,255,251517,54,81,0,256261,0,2,0,251517,206085,1892,13,0,80,2,6
Nott'm Forest,221,0,0,0,33,3,0,235642,6,2,0,33,78,6,1,0,2,255,0,254243,-1,2,-1,0,-1,79,36,36,255,-1,440000,0,78,4195648,0,30445,33,210,236015,79,79,0,2,36,224656,0,2,221,236015,236015,316,0,0,232488,0,0,4,270656,80,1,238095,1,2,6,91,254243,238095,33,254243,2,192123,10,0,0,79,0,0,132416,221,5,14,1,257980,50,192123,36,352,236015,6,0,35,0,255,224656,52,79,0,232488,0,2,0,243702,260145,1865,14,0,80,2,2
QPR,31,0,5,0,151,3,0,235156,4,2,0,171,70,6,0,0,2,255,0,265412,-1,1,-1,0,0,70,66,43,255,-1,35000,0,70,4202752,0,18439,109,32,265412,67,70,0,1,66,277658,0,2,31,265412,265412,316,0,0,277658,0,0,2,266496,70,0,241075,1,2,1,144,265412,262072,109,241075,0,279857,5,0,0,67,0,0,4202752,32,4,15,2,75093,50,277658,43,285,262072,5,0,55,0,255,279857,51,70,0,279857,0,2,0,277658,265412,1882,15,0,70,2,0
Southampton,236,0,0,0,43,3,0,252793,6,2,0,10,72,8,0,0,2,255,0,269964,-1,2,-1,0,-1,72,10,26,255,-1,200000,0,72,4195456,0,32384,27,211,269964,74,72,0,2,0,226777,0,0,236,269964,269964,316,0,0,226777,0,0,2,270464,72,0,266312,1,0,2,1790,269964,266312,27,269964,0,226777,7,0,0,74,0,0,4195456,228,3,17,1,240097,50,226777,26,459,266422,10,1,55,0,255,252066,50,72,0,252066,0,2,0,226777,269964,1885,17,0,72,2,1
Spurs,29,1,0,0,255,3,0,229391,8,3,0,211,80,6,1,0,2,15,0,243576,-1,2,-1,1,0,80,177,37,75,-1,2430000,0,80,66180,0,62850,110,153,243576,79,80,0,2,255,243576,0,0,29,243576,243576,366,0,0,237985,1,0,3,73860,80,2,237985,1,2,7,1,245367,264453,110,229391,0,225539,8,0,0,79,0,0,66180,255,6,18,1,236480,90,264453,37,285,233927,7,0,35,0,32,243576,51,80,0,225539,0,1,0,259583,245155,1882,18,3,80,2,8
West Ham,16,0,0,0,57,3,0,224371,7,2,0,60,78,6,0,0,2,27,0,270857,-1,2,-1,0,0,77,30,38,231,-1,915300,0,78,270480,1,60000,32,100,270857,76,77,0,2,37,264290,0,1,16,270857,270857,366,0,0,264290,0,0,5,528528,77,0,270857,1,0,4,97,224371,270857,32,251954,0,224371,8,1,0,76,0,0,263312,123,3,19,2,274915,30,264290,38,285,236792,3,0,35,0,177,237712,51,77,0,237712,0,2,0,264290,251954,1895,19,0,77,2,3
FC Bayern München,200,1,1,1,60,4,0,167495,8,0,0,27,85,5,0,0,2,255,0,247827,-1,3,-1,1,11,84,29,1,255,-1,4335499,0,85,131716,0,75000,1,29,202126,90,84,0,3,1,202126,0,1,200,247827,212622,366,0,0,202126,0,0,6,4202628,83,34,241084,1,1,9,32,247827,247827,1,241084,6,202126,3,0,0,90,1,0,131716,255,4,21,1,250955,65,202126,1,333,275298,10,0,25,0,255,256790,48,84,0,256790,0,1,0,202126,212622,1900,21,1,83,2,20
Borussia Dortmund,149,1,12,1,1,4,0,247819,9,3,0,1,80,7,0,0,2,1,0,259716,-1,2,-1,1,7,81,255,157,1,-1,1742700,0,80,131716,0,81365,152,245,204923,82,81,0,2,217,215441,0,1,149,259716,259716,366,0,0,215441,0,0,2,4202628,81,8,212194,1,1,8,21,212194,259716,152,212194,1,215441,3,0,0,82,1,0,131716,255,4,22,1,246863,65,215441,157,141,259716,9,0,25,0,1,254117,51,81,0,254117,0,1,0,215441,251852,1909,22,0,81,2,5
M'gladbach,1,1,8,1,1,4,0,257919,7,3,0,41,75,7,1,0,2,255,0,220876,-1,2,-1,1,6,75,185,255,255,-1,308720,0,75,4202498,0,54042,255,122,220876,77,75,0,2,1,212002,0,1,255,220876,220876,316,0,0,212002,0,0,2,266242,75,5,264194,1,1,5,31,220876,264194,1,220876,0,212002,3,0,0,77,1,0,132098,1,4,23,2,257919,50,212002,1,322,262906,6,0,25,0,255,204497,51,75,0,204497,0,1,0,212002,220876,1900,23,2,75,2,3
SC Freiburg,220,0,1,1,43,4,0,209846,5,1,0,255,75,10,0,0,2,1,0,212096,-1,2,-1,1,7,75,255,1,1,-1,297500,0,75,4195330,0,34700,1,255,212096,74,75,0,2,1,259750,0,1,220,212096,212096,316,0,0,259750,0,0,3,270338,76,0,240451,1,1,4,36,212096,240451,1,212096,0,212096,4,0,0,74,1,0,132098,228,4,25,1,226168,50,259750,1,168,276694,5,4,25,0,1,234875,48,75,0,234875,0,1,0,259750,212096,1904,25,0,76,2,0
FC Hansa Rostock,235,0,5,1,184,4,0,223680,8,1,0,31,65,7,1,0,2,255,0,270111,-1,1,-1,1,12,66,41,235,255,-1,9850,0,65,263424,0,29000,235,255,270111,66,66,0,1,110,244109,1,1,235,270111,270111,316,0,0,244109,0,0,2,532736,66,0,251107,1,1,1,110329,270111,270111,235,251107,0,251107,1,0,0,66,0,2,4195584,1,4,27,1,223680,50,244109,235,641,243893,10,0,91,0,255,251090,54,66,0,251090,0,1,0,244109,270111,1965,27,0,66,2,0
Hamburger SV,180,1,11,1,170,4,0,232839,8,3,0,1,73,6,0,0,2,255,0,232839,-1,2,-1,1,9,74,1,180,255,-1,195200,0,73,4202497,0,57000,180,1,232839,72,74,2,2,90,255036,0,1,180,232839,232839,316,0,0,255036,0,0,3,266241,74,6,256958,1,1,3,110329,232839,232839,180,256958,1,232839,2,0,0,72,1,0,4202497,1,4,28,2,241928,50,255036,180,205,276119,2,0,25,0,255,236533,53,74,0,236533,0,1,0,255036,232839,1887,28,0,74,2,3
Kaiserslautern,210,0,0,1,1,4,0,223755,8,1,0,65,70,7,1,0,2,255,0,223755,-1,1,-1,1,7,69,24,210,255,-1,26800,0,70,4202497,0,49850,210,153,223755,70,69,0,1,1,237321,0,1,210,223755,73135,316,0,0,237321,0,0,3,266241,69,4,263343,1,1,1,1832,73135,73137,210,263343,0,223755,4,0,0,70,0,2,4202497,255,4,29,2,269307,50,237321,210,238,73137,6,0,27,0,255,223755,49,69,0,223755,0,1,0,237321,73135,1900,29,0,69,2,2
1. FC Köln,1,0,1,1,28,4,0,254660,10,3,0,1,74,8,0,0,2,255,0,252495,-1,2,-1,1,6,74,1,1,255,-1,181055,0,74,4202624,0,50000,1,1,252495,75,74,0,2,41,71178,0,1,1,252495,252495,316,0,0,71178,0,0,2,266368,71,3,254660,1,1,3,23,252495,254660,1,252495,0,252495,2,0,0,75,1,0,4202624,218,4,31,2,246814,50,71178,1,249,256942,2,0,25,0,255,244390,50,74,0,244390,0,1,0,71178,252495,1948,31,0,71,2,4
Leverkusen,210,1,0,1,1,4,0,212242,4,3,0,255,80,7,0,0,2,1,0,210035,-1,2,-1,1,7,79,255,210,1,-1,555720,0,80,4195328,0,30210,210,255,228813,80,79,0,2,1,208618,0,1,210,228813,212242,366,0,0,212242,0,0,2,270336,78,1,275029,1,1,7,21,228813,247263,210,275029,0,231521,9,0,0,80,1,0,132096,255,4,32,1,208618,50,247263,210,277,231521,9,0,25,0,1,237328,51,79,0,237328,0,1,0,272781,228813,1904,32,1,78,2,2
1860 München,240,0,0,1,241,4,0,238793,10,1,0,175,65,10,1,0,2,255,0,200610,-1,1,-1,1,11,66,75,240,255,-1,5580,0,65,526352,0,15000,240,20,200610,66,66,0,1,200,233707,0,1,240,200610,238793,316,0,0,233707,0,0,1,526352,65,1,200610,1,1,1,111239,238793,244413,240,200610,0,238793,3,0,0,66,0,2,266256,145,4,33,3,76596,30,233707,240,333,244413,8,0,91,0,255,211899,48,66,0,211899,0,1,0,233707,238793,1899,33,0,65,2,2
FC Schalke 04,180,1,3,1,156,4,0,212240,10,3,0,223,70,9,1,0,2,255,1,212240,-1,1,-1,1,7,71,70,180,255,-1,63201,0,70,139265,0,62271,180,13,212240,75,71,0,1,75,237708,0,1,180,212240,212240,316,0,0,237708,0,0,4,4198401,70,7,253102,1,1,3,160,262936,240916,180,253102,0,212240,2,0,0,75,0,0,139265,1,4,34,2,239099,65,237708,180,178,240916,8,0,27,0,255,212240,51,71,0,212240,0,1,0,237708,262936,1904,34,1,70,2,5
VfB Stuttgart,210,0,24,1,255,4,0,239096,8,1,0,1,78,8,0,0,2,211,0,250959,-1,2,-1,1,9,77,1,255,41,-1,356020,0,78,66561,0,60449,255,1,250959,80,77,0,2,255,238900,0,1,255,250959,250959,316,0,0,238900,0,0,3,139265,76,5,241925,1,1,5,25,250959,252448,30,241925,0,244176,5,0,0,80,1,0,66561,255,4,36,1,239096,90,238900,30,466,252448,7,4,25,0,1,244176,48,77,0,244176,0,1,0,238900,250959,1893,36,0,76,2,4
SV Werder Bremen,1,1,25,1,73,4,0,239701,7,3,0,52,76,6,1,0,2,255,0,239701,-1,2,-1,1,8,75,81,1,255,-1,202000,0,76,270464,0,42100,1,1,239701,73,75,0,2,129,239701,0,1,1,239701,239701,316,0,0,239701,0,0,8,528512,74,4,256688,1,1,3,28,239701,256688,1,266183,0,239701,2,0,0,73,1,0,263296,1,4,38,2,77636,30,276304,1,70,240699,4,0,25,0,255,276304,53,75,0,266183,0,1,0,239701,239701,1899,38,0,74,2,6
Juventus,25,1,0,1,250,4,0,222077,10,3,0,170,80,7,1,0,2,30,0,277954,-1,2,-1,1,7,81,151,25,30,-1,1840000,0,80,131648,0,41507,25,248,277954,81,80,0,2,250,243630,0,1,25,277954,222077,366,0,0,243630,0,0,4,4202560,81,36,247246,1,1,8,54,261050,258966,25,261050,2,277954,9,0,0,81,0,0,131648,250,3,45,1,238744,65,243630,25,485,222077,10,0,47,0,30,277954,45,80,0,258966,0,1,0,243630,277954,1897,45,3,81,2,15
SSC Napoli,255,0,0,1,225,4,0,216409,8,3,0,140,81,1,1,0,2,250,0,192985,-1,2,-1,1,14,81,96,255,250,-1,562575,0,81,66180,0,54726,255,10,216409,78,81,0,2,167,259399,0,1,255,192985,192985,366,0,0,259399,0,0,3,73860,80,4,202884,1,1,7,45,216409,202884,255,192985,0,192985,9,0,0,78,0,0,66180,0,3,48,1,216435,90,259399,255,338,237238,8,0,47,0,250,79270,40,81,0,79270,0,1,0,259399,192985,1926,48,1,80,2,6
Parma,250,0,0,1,0,4,0,252442,4,1,0,250,73,9,0,0,2,9,0,258714,-1,2,-1,1,10,73,250,250,145,-1,256200,0,73,532488,0,22352,250,250,253162,72,73,0,2,212,235949,0,1,250,258714,258714,316,0,0,235949,0,0,4,528392,71,0,261539,1,1,3,189,258714,278436,250,261539,0,263229,4,0,0,72,0,0,270344,255,4,50,2,246164,30,235949,250,653,273884,3,0,47,0,48,263229,44,73,0,263229,0,1,0,235949,253162,1913,50,2,71,2,3
AS Roma,250,1,0,1,0,4,0,208268,8,1,0,250,80,2,1,0,2,255,0,211110,-1,2,-1,2,12,80,250,250,0,-1,478500,0,80,66116,0,70634,250,250,211110,80,80,0,2,0,231447,0,1,250,211110,211110,366,0,0,231447,0,0,2,73796,80,3,80170,1,1,7,115841,211110,80170,250,265695,0,231447,6,1,0,80,0,0,66116,102,4,52,1,208268,90,231447,250,408,250723,7,0,47,0,142,211110,41,80,0,265695,0,1,0,231447,211110,1927,52,0,80,2,9
Torino,124,0,0,1,35,4,0,215333,5,1,0,55,73,5,0,0,2,250,0,211147,-1,2,-1,1,7,75,30,29,250,-1,270600,0,73,266248,0,27958,35,150,211147,78,75,0,2,30,216816,0,1,124,211147,211147,316,0,0,216816,0,0,2,528392,74,7,273932,1,1,3,45,211147,241095,35,273932,0,241095,5,0,0,78,0,0,270344,122,4,54,3,266257,30,216816,29,485,241095,5,0,47,0,250,215333,45,75,0,215333,0,1,0,216816,211147,1906,54,0,74,2,5
Udinese,30,0,0,1,30,4,0,214658,4,1,0,64,73,7,0,0,2,250,0,243249,-1,2,-1,1,13,73,160,30,250,-1,240225,0,73,4202504,0,25144,30,196,238067,73,73,0,2,30,231743,0,1,30,243249,238067,316,0,0,231743,0,0,2,266248,73,0,214658,1,1,2,112494,238067,272783,30,243249,0,231743,3,0,0,73,0,0,4202504,30,4,55,2,242238,50,231743,30,499,220421,4,0,47,0,250,238067,46,73,0,243249,0,1,0,231743,272783,1896,55,0,73,2,0
AJ Auxerre,1,0,0,1,184,4,0,238392,4,0,0,175,73,7,0,0,2,250,0,272894,-1,2,-1,1,3,72,116,1,250,-1,65000,0,73,4198529,0,18541,1,1,272894,70,72,0,2,112,257612,0,1,1,272894,272894,316,0,0,257612,0,0,2,264321,71,1,259205,3,0,1,1530,272894,259205,1,272894,0,251170,3,0,0,70,0,0,4202625,32,4,57,3,238392,50,257612,1,29,251170,3,4,45,0,250,239631,47,72,0,239631,0,1,0,257612,272894,1905,57,0,71,2,4
SC Bastia,97,0,0,1,123,4,0,262342,2,0,0,206,67,2,0,0,2,250,1,216524,-1,1,-1,1,9,66,103,97,250,-1,20000,0,67,525376,0,16078,97,0,216524,64,66,0,1,54,248123,0,1,97,216524,216524,316,0,0,248123,0,0,2,532544,66,0,271010,3,1,1,72,216524,216524,97,271010,0,247369,2,0,0,64,0,0,263232,34,4,58,1,74049,30,248123,97,42,247369,6,4,51,0,250,279016,42,66,0,279016,0,1,0,248123,216524,1905,58,0,66,1,1
En Avant Guingamp,1,0,0,1,23,4,0,225174,2,1,0,250,66,5,0,0,2,1,0,234799,-1,1,-1,1,-3,67,250,1,1,-1,35000,0,66,263170,0,18462,1,250,234799,66,67,0,1,1,266586,0,1,1,234799,234799,316,0,0,266586,0,0,2,532482,67,0,246298,3,0,1,378,234799,246298,1,75252,0,266586,4,0,0,66,0,0,4195330,222,4,62,1,251596,50,266586,1,201,225174,9,4,51,0,1,234799,48,67,0,75252,0,1,0,266586,234799,1912,62,0,67,2,2
RC Lens,1,0,18,1,28,4,0,208787,7,1,0,44,78,2,0,0,2,255,0,204970,-1,2,-1,1,2,77,25,1,1,-1,130000,0,78,66688,0,38223,1,182,204970,77,77,0,2,1,212613,1,1,1,208787,204970,316,0,0,212613,0,0,2,139392,76,1,229236,1,1,2,65,208787,229236,1,204970,0,204970,3,0,0,77,0,0,66688,184,4,64,1,246688,90,212613,1,274,258601,5,4,45,0,213,233866,50,77,0,233866,0,1,0,212613,204970,1906,64,0,76,1,0
LOSC Lille,1,0,13,1,20,4,0,190674,5,1,0,250,77,7,0,0,2,36,0,262088,-1,2,-1,1,3,77,250,1,106,-1,220000,0,77,132104,0,50186,1,250,262088,77,77,0,2,30,276048,0,1,1,262088,262088,316,0,0,276048,0,0,1,4202504,76,4,274447,1,1,4,64,262088,274447,1,253167,0,276048,5,0,0,77,0,0,132104,224,4,65,1,190674,65,276048,1,279,213296,7,4,45,0,32,262088,50,77,0,253167,0,1,0,276048,231318,1944,65,0,76,1,6
OL,1,0,23,1,250,4,0,219683,8,3,0,1,77,9,1,0,2,19,0,265459,-1,2,-1,1,4,77,1,1,127,-1,450000,0,77,132098,0,59186,1,180,265459,76,77,0,2,250,276901,1,1,1,265459,265459,366,0,0,276901,0,0,4,4202498,77,7,272505,1,1,4,1819,265459,219683,1,272505,0,225782,1,0,0,76,0,0,132098,250,4,66,1,80067,65,276901,1,293,219683,6,4,45,0,56,240702,45,77,0,240702,0,1,0,276901,265459,1950,66,0,77,1,5
FC Metz,1,0,0,1,5,4,0,225293,3,1,0,29,72,5,0,0,2,250,0,234239,-1,1,-1,1,6,71,14,1,250,-1,61000,0,72,532608,0,28766,1,112,234239,71,71,0,1,5,225293,0,1,1,234239,234239,316,0,0,225293,0,0,2,528512,70,0,204472,3,1,1,1823,234239,204472,1,245131,0,234239,1,0,0,71,0,0,270464,99,4,68,2,241238,30,225293,1,313,252975,2,4,45,0,250,234239,49,71,0,245131,0,1,0,225293,234239,1932,68,0,70,1,2
AS Monaco,1,0,1,1,35,4,0,229261,3,0,0,64,77,7,0,0,2,250,0,275138,-1,2,-1,1,7,78,33,1,250,-1,500000,0,77,132230,0,18523,1,250,275138,78,78,0,2,30,247463,0,1,1,232440,232440,366,0,0,247463,0,0,2,4202630,77,8,264862,1,0,6,72,232440,232440,1,264862,0,247463,5,0,0,78,0,0,132230,224,4,69,1,245211,65,247463,1,321,75734,8,4,45,0,250,225663,43,78,0,225663,0,1,0,247463,275138,1924,69,0,77,1,5
Montpellier,1,0,0,1,148,4,0,205686,2,1,0,250,67,8,0,0,2,244,0,205686,-1,1,-1,1,3,68,250,1,38,-1,45000,0,67,525312,0,22000,1,250,205686,70,68,0,1,90,223510,0,1,1,205686,205686,316,0,0,223510,0,0,9,532480,69,1,76888,3,1,1,219,205686,76888,1,74883,0,205686,2,0,0,70,0,0,263168,1,4,70,1,74477,30,223510,1,326,72254,9,4,51,0,148,205686,43,68,0,74883,0,1,0,223510,205686,1974,70,0,69,2,2
FC Nantes,1,0,18,1,17,4,0,199482,7,1,0,57,72,7,1,0,2,1,0,258619,-1,2,-1,1,-1,72,221,1,44,-1,95000,0,72,4198657,0,35322,1,254,258619,71,72,0,2,220,241130,0,1,1,258619,258619,316,0,0,241130,0,0,5,264449,72,8,263469,3,1,1,74,258619,263469,1,258619,0,241130,2,0,0,71,0,0,4202753,255,4,71,3,231089,50,241130,1,337,70477,3,4,45,0,87,264422,47,72,0,264422,0,1,0,241130,258619,1943,71,0,72,2,4
OGC Nice,1,0,0,1,1,4,0,210896,6,1,0,27,76,2,1,0,2,1,0,239093,-1,2,-1,1,7,75,18,1,1,-1,220000,0,76,270474,0,35596,1,201,239093,74,75,0,2,1,260407,1,1,1,239093,239093,316,0,0,260407,0,0,2,528522,74,4,244889,3,1,4,69,239093,210896,1,244889,0,256476,4,0,0,74,0,0,263306,204,4,72,2,256476,30,260407,1,344,210896,6,4,45,0,1,244892,43,75,0,244892,0,1,0,260407,239093,1904,72,0,74,2,3
Paris SG,1,1,0,1,116,4,0,235212,10,3,0,250,86,7,1,0,2,200,0,252145,-1,3,-1,1,2,85,250,62,41,-1,3961520,0,86,66180,0,47929,116,250,252145,85,85,0,3,62,247635,0,1,1,255253,255253,366,0,0,247635,0,0,3,73860,86,13,226271,1,1,10,219,231443,226271,116,271421,1,231443,10,0,0,85,0,0,66180,1,4,73,1,272834,90,247635,62,373,255253,10,4,45,0,42,231443,48,85,0,271421,0,1,0,247635,231443,1970,73,0,86,2,16
Stade Rennais FC,1,0,0,1,10,4,0,223874,5,1,0,250,76,10,0,0,2,1,0,261616,-1,2,-1,1,-1,76,250,1,1,-1,170000,0,76,132100,0,29778,1,250,261616,78,76,0,2,24,222357,0,1,1,261616,261616,316,0,0,222357,0,0,2,4202500,74,0,259191,1,1,4,71,261616,243631,1,259191,0,70415,5,0,0,78,0,0,132100,202,4,74,1,223874,65,222357,1,400,243631,6,4,45,0,1,70415,48,76,0,70415,0,1,0,222357,261616,1901,74,0,74,1,3
Strasbourg,182,0,3,1,204,4,0,257090,7,1,0,227,75,6,0,0,2,250,0,263370,-1,2,-1,1,7,75,159,182,250,-1,120000,0,75,132098,0,26109,182,1,263370,75,75,0,2,102,258437,0,1,182,263370,263370,316,0,0,258437,0,0,4,4202498,75,1,271940,3,1,3,68,263370,270039,182,271940,0,258437,9,0,0,75,0,0,132098,51,4,76,1,279702,65,258437,182,564,270039,6,4,45,0,250,255434,48,75,0,255434,0,1,0,258437,263370,1906,76,0,75,2,3
Aberdeen,240,0,1,0,0,3,0,225317,5,0,0,0,69,7,0,0,2,255,1,202282,-1,1,-1,0,-2,68,0,0,255,-1,7500,0,69,4202752,0,20866,0,255,202282,66,68,0,1,0,225317,0,0,240,202282,202282,316,0,0,225317,0,0,1,266496,63,4,262361,1,0,3,86,202282,262361,0,202282,0,225317,7,0,0,66,0,0,4202752,240,4,77,2,72378,50,225317,0,3,242744,8,0,173,0,255,232642,57,68,0,232642,0,1,0,225317,202282,1903,77,0,63,2,8
Celtic,25,0,0,0,73,3,0,211093,8,3,0,16,75,5,1,0,2,255,0,243646,-1,2,-1,1,-4,75,123,105,255,-1,80000,0,75,66708,0,60411,25,8,243646,73,75,0,2,135,246321,0,1,25,243646,243646,316,0,0,246321,0,0,2,139412,73,55,260397,1,0,6,86,243646,198784,25,260397,1,243646,9,0,0,73,0,0,66708,1,4,78,1,211093,90,246321,105,186,198784,10,4,173,0,255,246919,55,75,0,246919,0,1,0,246321,243646,1888,78,0,73,2,42
Falkirk,255,0,0,0,111,3,0,221906,3,0,0,0,63,7,0,0,2,255,0,227759,-1,1,-1,0,-4,63,0,255,255,-1,2800,0,63,263168,0,7937,255,0,227759,63,63,0,1,0,79947,0,2,255,227759,227759,316,0,0,79947,0,0,1,532480,62,0,272617,12,0,1,80,227759,272617,255,227759,0,79947,2,0,0,63,0,0,4195328,0,4,79,1,79936,50,79947,255,971,264477,2,0,173,0,255,75767,56,63,0,75767,0,2,0,79947,240929,1876,79,0,62,2,2
Hearts,80,0,0,0,41,3,0,222045,6,0,0,35,72,4,0,0,2,255,0,223747,-1,2,-1,0,-3,71,12,12,255,-1,9500,0,72,66708,0,20099,35,80,223747,72,71,0,2,0,79274,0,2,80,223663,223663,316,0,0,79274,0,0,3,139412,70,4,238062,1,0,4,81,223747,238062,35,223663,0,216218,5,0,0,72,0,0,66708,120,4,80,1,276211,90,79274,12,148,246006,8,0,173,0,255,216218,55,71,0,216218,0,2,0,79274,223663,1874,80,0,70,1,8
Hibernian,25,0,0,0,56,3,0,211221,6,0,0,58,68,6,0,0,2,255,0,225872,-1,1,-1,0,-3,68,120,80,255,-1,7500,0,68,4198420,0,20421,58,25,243842,67,68,0,1,150,277997,0,1,25,225872,227806,316,0,0,277997,0,0,2,264212,67,4,227806,1,0,2,80,243842,243842,58,225872,0,225872,6,0,0,67,0,0,4202516,24,4,81,3,228080,50,277997,80,148,270845,7,4,173,0,255,211221,55,68,0,211221,0,2,0,277997,225872,1875,81,0,67,2,3
Kilmarnock,25,0,3,0,205,3,0,246846,3,0,0,150,64,6,1,0,2,255,0,244196,-1,1,-1,0,-4,65,50,80,255,-1,4300,0,64,264520,0,18128,25,19,244196,63,65,0,1,12,189776,0,0,25,244196,244196,316,0,0,189776,0,0,3,526664,64,1,277288,15,0,1,100805,244196,220872,25,246846,0,189776,4,0,0,63,0,0,4198728,12,4,82,3,76784,50,189776,80,247,246846,3,0,173,0,255,268434,55,65,0,268434,0,0,0,189776,220872,1869,82,0,64,2,3
Motherwell,1,0,0,0,2,3,0,211707,4,0,0,20,66,9,1,0,2,153,0,241982,-1,1,-1,0,-3,66,180,100,51,-1,4100,0,66,263240,0,13677,1,251,241982,71,66,0,1,159,271693,1,2,1,241982,229163,316,0,0,271693,0,0,2,532552,65,1,262539,1,0,2,86,229163,262539,1,254136,0,271693,4,0,0,71,0,0,4195400,255,4,83,1,256216,50,271693,100,331,243618,5,0,173,0,0,229163,55,66,0,254136,0,1,0,271693,241982,1886,83,0,65,2,2
Rangers,30,1,0,0,210,3,0,195479,8,3,0,255,73,5,1,0,2,255,0,195479,-1,2,-1,1,-4,74,80,50,255,-1,60000,0,73,132224,0,50817,80,50,195479,73,74,0,2,80,270866,0,1,30,195479,195479,316,0,0,270866,0,0,2,4202624,73,55,72159,1,0,6,78,195479,240017,80,72159,0,195479,9,0,0,73,0,0,132224,50,4,86,1,252148,65,270866,50,186,240017,10,0,173,0,255,255928,55,74,0,255928,0,2,0,270866,195479,1872,86,0,73,1,34
Birmingham City,10,0,0,0,102,3,0,242386,6,2,0,163,72,4,0,0,2,255,0,237424,-1,2,-1,0,-1,72,35,40,255,-1,60000,0,72,4195464,0,29409,10,1,239704,72,72,0,2,35,277673,0,2,10,237424,239704,316,0,0,277673,0,0,1,270472,73,0,274516,1,2,1,2,239704,244767,10,274516,0,255206,10,0,0,72,0,0,4195464,1,4,88,1,267894,50,277673,40,54,244767,7,0,55,0,255,255206,52,72,0,255206,0,2,0,277673,237424,1875,88,0,73,2,0
Charlton Ath,1,0,0,0,43,3,0,224842,4,2,0,43,69,9,1,0,2,255,0,262848,-1,1,-1,2,0,69,28,40,255,-1,12500,0,69,4202561,0,27111,10,242,262848,67,69,0,1,28,247279,0,0,1,262848,262848,316,0,0,247279,0,0,1,266305,69,0,224842,1,0,1,97,262848,262848,10,224842,0,247279,5,0,0,67,0,0,4202561,212,4,89,2,271976,50,247279,40,285,202048,1,0,55,0,255,271066,51,69,0,271066,0,0,0,247279,262848,1905,89,0,69,2,1
Derby County,255,0,0,0,255,3,0,234319,5,2,0,255,70,6,0,0,2,1,0,228894,-1,1,-1,2,-1,70,255,1,1,-1,13000,0,70,4202577,0,33597,1,255,269248,74,70,0,1,255,213152,0,2,1,228894,228894,316,0,0,213152,0,0,2,266321,69,2,238460,1,2,1,14,228894,233795,255,238460,0,233795,5,0,0,74,0,0,4202577,255,4,91,2,234319,50,213152,255,134,233795,3,0,55,0,1,220139,52,70,0,220139,0,2,0,213152,228894,1884,91,0,69,2,1
Grimsby Town,1,0,8,0,1,3,0,225772,2,0,0,1,62,7,0,0,2,255,0,212167,-1,1,-1,0,0,62,1,1,255,-1,2150,0,62,132160,0,9052,1,1,212167,63,62,0,1,1,192450,0,0,1,212167,212167,316,0,0,192450,0,0,4,4202560,61,0,225772,1,0,1,149,251219,225772,1,206565,0,212167,5,0,0,63,0,0,132160,1,4,92,1,252385,65,192450,1,577,77037,4,0,55,0,255,212167,53,62,0,206565,0,2,0,192450,212167,1878,92,0,61,2,0
Ipswich,30,0,0,0,150,3,0,235405,4,0,0,165,73,7,0,0,2,255,0,246685,-1,2,-1,0,1,73,85,85,255,-1,170000,0,73,132226,0,29673,165,30,246685,69,73,0,2,85,259423,0,2,30,246685,246685,316,0,0,259423,0,0,2,4202626,74,1,71110,1,2,1,1792,246685,71110,165,242908,0,259423,7,0,0,69,0,0,132226,30,4,94,1,239356,65,259423,85,229,233851,10,0,55,0,255,250816,52,73,0,250816,0,2,0,259423,242908,1878,94,1,74,2,1
Leicester City,37,1,0,0,160,3,0,210243,7,3,0,189,72,8,0,0,2,255,0,267680,-1,1,-1,0,-1,71,101,77,255,-1,230000,0,72,4195328,0,32261,173,57,267680,68,71,0,1,51,241202,0,0,37,254470,254470,366,0,0,241202,0,0,2,270336,70,1,225783,1,0,4,14,254470,267680,173,225783,0,241202,6,0,0,68,0,0,4195328,0,3,95,1,241042,50,241202,77,272,267680,10,0,55,0,255,81539,52,71,0,81539,0,2,0,241202,222400,1884,95,0,70,2,1
Millwall,33,0,0,0,115,3,0,216481,3,2,0,115,72,4,0,0,2,255,0,253433,-1,1,-1,2,0,71,36,36,255,-1,22000,0,72,4202568,0,20146,115,33,253433,69,71,0,1,36,261432,0,2,33,253433,253433,316,0,0,261432,0,0,2,266312,72,0,248356,1,2,1,19,253433,253433,115,248356,0,261432,5,0,0,69,0,0,4202568,33,4,97,2,231423,50,261432,36,285,251560,5,0,55,0,255,276712,51,71,0,276712,0,1,0,261432,253433,1885,97,0,72,1,0
Sunderland,231,0,4,0,1,3,0,199503,6,0,0,1,78,9,0,0,2,255,0,199503,-1,2,-1,0,-1,78,1,1,255,-1,350000,0,78,270400,0,48707,1,221,199503,76,77,0,2,1,251810,0,2,231,199503,199503,316,0,0,251810,0,0,1,528448,78,6,275048,1,2,1,13,199503,240359,1,275048,0,246350,8,0,0,76,0,0,263232,231,4,106,2,269230,30,251810,1,467,83236,2,0,35,0,255,246350,54,77,0,246350,0,2,0,251810,199503,1879,106,0,78,2,2
West Brom,250,0,0,0,106,3,0,205970,5,2,0,136,70,4,0,0,2,255,0,205970,-1,1,-1,0,-1,70,36,36,255,-1,80000,0,70,4195352,0,26850,106,1,205970,70,70,0,1,36,253441,0,2,1,205970,205970,316,0,0,253441,0,0,1,270360,69,1,213798,1,2,1,110,234087,213798,250,268630,0,253441,6,0,0,70,0,0,4195352,1,4,109,1,205970,50,253441,250,525,251497,7,0,55,0,255,235161,52,70,0,235161,0,2,0,253441,268630,1878,109,0,69,2,5
Wolves,1,0,0,0,19,3,0,201417,6,2,0,59,75,5,0,0,2,30,0,261224,-1,2,-1,0,-2,75,152,1,30,-1,550000,0,75,270344,0,32750,1,229,258911,74,75,0,2,185,262937,0,0,1,258911,258911,366,0,0,237658,0,0,2,528392,74,3,237658,1,0,4,109,74866,252064,1,273463,0,226380,8,0,0,74,0,0,263176,253,3,110,2,235456,30,252064,1,531,273463,4,1,35,0,30,262135,52,75,0,258911,0,2,0,262135,74866,1877,110,0,74,2,4
Crewe Alexandra,1,0,4,0,1,3,0,223381,2,0,0,1,61,10,0,0,2,255,0,240981,-1,1,-1,0,-2,61,1,95,255,-1,1975,0,61,139266,0,10153,60,231,240981,61,61,0,1,1,271626,0,0,1,267849,240981,316,0,0,271626,0,0,2,4198402,61,0,254925,1,0,1,1928,243637,267849,60,254925,0,240981,3,0,0,61,0,0,139266,231,4,121,2,209368,65,271626,95,125,267849,4,0,55,0,255,269950,53,61,0,269950,0,2,0,271626,240981,1877,121,0,61,2,0
Shrewsbury,0,0,27,0,204,3,0,195126,2,0,0,204,60,8,0,0,2,255,0,242366,-1,1,-1,0,-2,61,80,88,0,-1,3000,0,60,264192,0,9875,176,1,242366,58,61,0,1,51,195126,0,0,0,242366,242366,316,0,0,195126,0,0,2,526336,62,0,278147,1,0,1,1803,242366,244715,176,278147,0,195126,5,0,0,58,0,0,4198400,1,4,127,3,248815,50,195126,88,449,244715,9,0,55,0,163,268886,52,61,0,268886,0,0,0,195126,242366,1886,127,0,62,2,0
Barnet,1,0,0,0,1,3,0,222157,3,0,0,0,62,5,0,0,2,1,0,225922,-1,1,-1,0,0,62,153,1,1,-1,2159,0,62,132176,0,6500,1,255,225922,62,62,0,1,153,226018,0,0,1,225922,243044,316,0,0,226018,0,0,2,4202576,62,0,240345,3,0,1,361,225922,263453,1,240345,0,226018,3,0,0,62,0,0,132176,255,4,135,1,243044,65,226018,1,285,263453,2,0,55,0,1,78415,51,62,0,78415,0,2,0,226018,225922,1888,135,0,62,2,0
Doncaster,232,0,4,0,9,3,0,243613,3,0,0,9,64,6,0,0,2,255,0,235915,-1,1,-1,0,-1,64,14,14,255,-1,2800,0,64,263306,0,15231,9,232,235915,62,64,0,1,14,163050,0,0,232,235915,235915,316,0,0,163050,0,0,1,532618,63,0,234497,1,0,1,1797,235915,243613,9,234497,0,163050,4,0,0,62,0,0,4195466,202,4,142,1,246874,50,163050,14,139,243613,2,0,55,0,255,212513,53,64,0,212513,0,0,0,163050,235915,1879,142,0,63,2,0
Exeter City,30,0,0,0,38,3,0,207646,3,0,0,30,62,8,0,0,2,255,0,233115,-1,1,-1,0,-3,64,30,40,255,-1,3800,0,62,264322,0,8219,30,30,233115,65,63,0,1,28,271666,0,0,30,233115,233115,316,0,0,271666,0,0,2,526466,63,0,258953,1,0,1,1929,233115,258953,30,244559,0,233115,4,0,0,65,0,0,4198530,227,4,143,3,74164,50,271666,40,159,258724,3,0,55,0,255,233115,50,63,0,244559,0,2,0,271666,233115,1901,143,0,63,2,0
Fulham,1,0,0,0,255,3,0,224221,5,2,0,255,78,7,0,0,2,1,0,220710,-1,2,-1,0,0,78,255,1,1,-1,780000,0,78,4202624,0,25700,1,255,220710,78,78,0,2,255,229891,0,0,1,220710,220710,366,0,0,241436,0,0,3,266368,78,0,241436,1,0,4,15,236699,224221,1,228092,0,220710,7,0,0,78,0,0,132224,255,3,144,2,246172,50,264337,1,285,228092,5,0,35,0,1,229891,51,78,0,224221,0,2,0,235883,220710,1879,144,0,78,2,0
Lincoln City,255,0,1,0,43,3,0,200309,3,0,0,1,66,6,0,0,2,255,0,237204,-1,1,-1,0,0,66,1,1,255,-1,3900,0,66,270346,0,10669,1,1,204215,65,66,0,1,1,260723,0,0,255,237204,237204,316,0,0,260723,0,0,2,528394,66,0,239799,3,0,1,92,237204,237204,1,239799,0,260723,6,0,0,65,0,0,4202506,228,4,149,2,204215,50,260723,1,603,225279,6,0,55,0,255,261861,53,66,0,261861,0,1,0,260723,80781,1884,149,0,66,1,0
Arminia Bielefeld,150,0,0,1,1,4,0,231897,4,1,0,255,68,4,1,0,2,1,0,231897,-1,1,-1,1,8,68,255,150,157,-1,20100,0,68,4195330,0,27332,150,255,231897,67,68,0,1,1,240814,0,1,150,231897,231897,316,0,0,240814,0,0,2,270338,68,0,270403,1,1,1,531,231897,231897,150,270403,0,231897,9,0,0,67,0,0,4195330,1,4,159,1,252861,50,240814,150,51,272660,3,0,27,0,91,250946,52,68,0,250946,0,1,0,240814,231897,1905,159,0,68,2,0
VfL Bochum 1848,52,0,3,1,162,4,0,235297,8,1,0,207,69,8,1,0,2,255,0,224423,-1,1,-1,1,7,69,78,66,255,-1,54300,0,69,4202564,0,27500,200,17,224423,69,69,0,1,86,206606,0,1,52,224423,224423,316,0,0,206606,0,0,3,266308,70,0,228614,1,1,1,34,224423,233151,200,228614,0,206606,3,0,0,69,0,1,4202564,20,3,160,2,80218,50,206606,66,57,233151,10,0,27,0,255,70037,51,69,0,70037,0,1,0,206606,224423,1938,160,0,70,2,0
Energie Cottbus,255,0,0,1,30,4,0,224661,6,0,0,20,65,9,1,0,2,255,0,224518,-1,1,-1,1,14,65,52,255,255,-1,2200,0,65,270464,0,22528,255,230,224518,65,65,0,1,15,250763,0,1,255,224518,224518,316,0,0,250763,0,0,4,528512,64,0,276195,3,1,1,503,224518,276195,255,257009,0,224518,2,0,0,65,0,0,4202624,242,4,162,2,239909,50,250763,255,683,76122,4,0,91,0,255,224518,51,65,0,257009,0,1,0,250763,224518,1966,162,0,64,2,0
Fürth,205,0,0,1,50,4,0,209504,1,1,0,38,68,10,0,0,2,255,0,209504,-1,1,-1,1,10,68,87,205,255,-1,26100,0,68,270340,0,16626,205,37,209504,72,67,0,1,153,276660,0,1,205,209504,209504,316,0,0,276660,0,0,1,528388,67,3,202088,1,1,1,171,209504,202088,205,276337,0,276660,1,0,0,72,0,0,4202500,1,4,165,2,226167,50,276660,205,172,246127,5,0,27,0,255,209504,49,67,0,276337,0,1,0,276660,209504,1903,165,0,67,2,0
Hertha BSC,135,1,0,1,180,4,0,204776,6,3,0,160,70,8,0,0,2,255,0,231614,-1,1,-1,1,13,70,55,135,255,-1,124330,0,70,4198400,0,74475,135,15,231614,71,70,0,1,105,221168,0,1,135,231614,221885,316,0,0,221168,0,0,2,264192,69,2,231614,1,1,2,1831,221885,262217,135,231614,0,231614,2,0,0,71,0,0,4202496,1,4,166,3,242974,50,221168,135,47,262217,8,0,27,0,255,239744,52,70,0,239744,0,1,0,221168,221885,1892,166,0,69,1,0
1. FSV Mainz 05,235,1,0,1,19,4,0,216158,5,3,0,165,78,7,0,0,2,250,0,257075,-1,2,-1,1,8,75,165,20,250,-1,139560,0,78,73730,0,33305,20,165,257075,73,75,0,2,6,233216,0,1,235,257075,257075,316,0,0,233216,0,0,2,135170,75,0,225309,1,1,3,1824,257075,257075,20,225309,0,257075,2,0,0,73,1,0,66562,227,4,169,2,216275,90,233216,20,296,73078,5,0,25,0,250,223790,49,75,0,223790,0,1,0,233216,257075,1905,169,0,75,2,0
1. FC Nürnberg,1,0,0,1,43,4,0,276283,7,1,0,255,69,7,0,0,2,1,0,256674,-1,1,-1,1,11,68,255,1,1,-1,56700,0,69,4195328,0,50000,1,255,256674,68,68,0,1,16,80820,0,1,1,256674,256674,316,0,0,80820,0,0,2,270336,68,9,73161,1,1,1,165,256674,73161,1,256674,0,256674,2,0,0,68,0,0,4195328,194,4,171,1,81326,50,80820,1,355,245097,7,0,27,0,1,79266,49,68,0,79266,0,1,0,80820,256674,1900,171,0,68,2,4
VfL Wolfsburg,210,1,0,1,45,4,0,190460,2,3,0,2,76,2,0,0,2,255,0,190460,-1,2,-1,1,10,76,225,210,255,-1,338850,0,76,270337,0,30000,210,90,190460,76,76,0,2,180,264697,0,1,210,190460,190460,316,0,0,264697,0,0,2,528385,74,1,254566,1,1,4,485,190460,254566,210,190460,0,190460,8,0,0,76,1,0,263169,100,4,175,2,268312,30,264697,210,530,262929,6,0,25,0,255,270532,52,76,0,270532,0,1,0,264697,190460,1945,175,0,74,2,1
Dundee FC,255,0,0,0,112,3,0,227758,3,0,0,150,64,6,0,0,2,255,0,231863,-1,1,-1,0,-2,64,40,255,255,-1,3800,0,64,270340,0,11506,255,15,231863,66,64,0,1,25,227758,0,2,255,231863,231863,316,0,0,227758,0,0,2,528388,64,1,240513,3,0,1,181,268306,268306,255,271425,0,231863,3,0,0,66,0,0,4202500,25,4,180,2,208999,50,227758,255,146,268888,2,0,173,0,255,231863,56,64,0,271425,0,2,0,227758,231863,1893,180,0,64,2,1
Dundee United,30,0,0,0,0,3,0,259147,3,0,0,0,65,8,0,0,2,1,0,241875,-1,1,-1,0,-2,65,120,120,1,-1,4000,0,65,270336,0,14209,0,255,241875,65,65,0,1,120,266049,0,0,255,266049,241875,316,0,0,266049,0,0,2,528384,63,1,83666,0,0,1,180,241875,241875,30,247001,0,269475,3,0,0,65,0,0,4202496,255,4,181,2,278030,50,269475,30,146,73470,3,0,173,0,1,269475,56,65,0,247001,0,0,0,266049,266049,1909,181,0,63,2,2
Bologna,29,0,23,1,128,4,0,242280,6,1,0,250,77,7,1,0,2,172,0,240915,-1,2,-1,1,11,76,250,33,17,-1,459750,0,77,132228,0,36462,30,250,242280,77,76,0,2,64,267861,0,1,29,240915,240915,316,0,0,267861,0,0,3,4202628,74,7,266500,3,1,5,50,212404,212404,30,266500,0,212404,6,0,0,77,0,0,132228,0,4,189,1,242280,65,267861,33,60,202024,6,0,47,0,20,244634,44,76,0,244634,0,1,0,267861,240915,1909,189,0,74,2,3
RB Salzburg,202,1,1,1,11,4,0,246402,5,3,0,124,70,9,0,0,2,255,0,260876,-1,1,-1,1,12,69,60,204,255,-1,240000,0,70,132224,0,30188,206,50,260876,69,69,0,1,0,260020,0,1,202,260876,260876,316,0,0,260020,0,0,2,4202624,68,17,246402,1,1,6,254,260876,75533,206,260876,0,260020,5,0,0,69,0,0,132224,197,4,191,1,277668,65,260020,204,418,223724,10,0,31,0,255,274445,47,69,0,274445,0,1,0,260020,75533,1933,191,0,68,2,9
Pescara,2,0,40,1,234,4,0,198219,1,2,0,161,69,8,0,0,2,255,0,198219,-1,1,-1,1,14,69,76,76,255,-1,13995,0,69,139392,0,20486,161,2,198219,65,68,0,1,185,238413,0,1,2,198219,243527,316,0,0,238413,0,0,2,4198528,67,0,243527,1,1,1,206,198219,243527,161,260456,0,238413,2,0,0,65,0,0,139392,0,4,200,2,222355,65,238413,76,378,205726,1,0,82,0,255,198219,42,68,0,260456,0,1,0,238413,198219,1936,200,0,67,2,0
Venezia,30,0,25,1,30,4,0,250779,4,2,0,35,72,6,0,0,2,255,0,242332,-1,1,-1,1,12,71,130,30,54,-1,120000,0,72,132352,0,12048,30,0,236760,71,71,0,1,30,259107,0,1,30,242332,242332,316,0,0,259107,0,0,3,4202752,69,0,73379,1,1,1,206,236760,236760,30,73379,0,259107,6,0,0,71,0,0,132352,30,4,205,1,235800,65,259107,30,651,210384,7,0,82,0,130,242755,45,71,0,242755,0,1,0,259107,242332,1907,205,0,69,2,1
Hellas Verona,30,0,0,1,7,4,0,215363,2,2,0,107,73,8,0,0,2,1,0,273564,-1,2,-1,1,10,73,62,30,148,-1,129825,0,73,528390,0,31045,30,1,273564,70,73,0,2,229,273564,0,1,30,273564,238009,316,0,0,273564,0,0,2,526342,71,1,234795,3,1,1,205,238009,205343,30,234795,0,273564,2,0,0,70,0,0,270342,255,4,206,3,212153,30,273564,30,511,205343,2,0,47,0,76,257104,45,73,0,257104,0,1,0,273564,238009,1903,206,0,71,2,0
SK Sturm Graz,202,0,0,1,1,4,0,226129,8,2,0,2,69,5,0,0,2,255,0,259101,-1,1,-1,1,15,68,2,204,255,-1,76000,0,69,139402,0,16364,206,2,259101,67,68,1,1,1,261293,0,1,202,259101,259101,316,0,0,261293,0,0,2,4198538,68,5,74115,1,1,5,254,276395,74115,206,245058,0,245058,6,0,0,67,0,0,139402,1,4,209,2,72972,65,261293,204,194,226129,9,0,31,0,255,276395,47,68,0,245058,0,1,0,261293,259101,1909,209,0,68,2,7
Dinamo Zagreb,12,0,3,1,162,5,0,231007,6,0,0,162,74,10,0,0,2,255,0,231007,-1,2,-1,0,16,72,77,77,255,-1,98000,0,74,4198400,0,35423,162,12,231007,71,72,0,2,77,279925,0,1,12,231007,231007,316,0,0,279925,0,0,4,264192,71,25,277901,1,1,6,263,231007,233478,162,277901,0,271384,2,0,0,71,0,0,4202496,12,4,211,3,226754,50,279925,77,700,233478,10,0,37,0,255,271384,45,72,0,271384,0,1,0,279925,231007,1911,211,0,71,2,17
FC Lorient,1,0,0,1,11,4,0,213367,3,1,0,250,73,4,1,0,2,1,0,266099,-1,2,-1,1,-3,73,250,1,1,-1,64500,0,73,4198408,0,16787,1,250,266099,72,73,0,2,103,261084,0,1,1,266099,266099,316,0,0,261084,0,0,3,264200,72,0,213367,0,0,1,74,72100,72100,1,230686,0,261084,5,0,0,72,0,0,4202504,235,4,217,3,265544,50,261084,1,287,276594,2,4,45,0,1,266099,47,73,0,230686,0,1,0,261084,266099,1926,217,0,72,2,1
OM,1,1,37,1,250,4,0,213648,9,3,0,255,79,2,1,0,2,1,0,246147,-1,2,-1,1,5,79,204,1,214,-1,460000,0,79,132224,0,67394,1,102,246147,80,79,0,2,250,240753,0,1,1,246147,246147,316,0,0,240753,0,0,7,4202624,79,9,271400,1,1,5,73,246147,246147,1,271400,1,246147,6,0,0,80,0,0,132224,250,4,219,1,201455,65,240753,1,306,213648,8,4,45,0,151,251806,43,79,0,251806,0,1,0,240753,246147,1899,219,0,79,2,10
RSC Anderlecht,202,0,48,1,111,4,0,200059,6,2,0,1,71,10,1,0,2,255,0,203486,-1,2,-1,1,4,72,1,204,255,-1,120000,0,71,66564,0,21500,206,1,203486,74,72,1,2,48,251156,0,1,202,203486,203486,316,0,0,251156,0,0,3,139268,71,34,246419,1,1,5,232,203486,246419,206,263558,0,203486,9,0,0,74,0,0,66564,94,4,229,1,73921,90,251156,204,79,261776,10,0,122,0,255,203486,50,72,0,263558,0,1,0,251156,203486,1908,229,1,71,2,9
Royal Antwerp FC,202,0,4,1,29,4,0,226537,5,0,0,1,69,7,0,0,2,250,0,199652,-1,1,-1,1,4,70,1,204,250,-1,120000,0,69,4202512,0,16144,206,1,199652,71,70,1,1,29,272303,0,1,202,199652,199652,316,0,0,272303,0,0,1,266256,70,5,242003,1,1,5,231,225653,242003,206,225653,0,226537,8,0,0,71,0,0,4202512,238,4,230,2,70689,50,272303,204,616,199652,9,0,122,0,250,226537,51,70,0,226537,0,1,0,272303,225653,1880,230,0,70,2,4
Club Brugge,202,0,0,1,190,4,0,200155,6,2,0,255,76,6,0,0,2,1,0,200155,-1,2,-1,1,3,74,255,204,1,-1,184000,0,76,66688,0,29062,206,255,200155,72,74,1,2,120,276256,0,1,202,200155,278318,316,0,0,276256,0,0,1,139392,74,19,277426,1,1,6,229,278318,200155,206,277426,0,200155,9,0,0,72,0,0,66688,1,4,231,1,262880,90,276256,204,78,200155,10,0,122,0,1,266895,51,74,0,266895,0,1,0,276256,278318,1891,231,0,74,2,12
Standard Liège,202,0,0,1,36,4,0,238409,5,2,0,97,69,7,0,0,2,255,1,238409,-1,1,-1,1,5,70,144,204,255,-1,82000,0,69,4198400,0,27670,206,162,238409,70,70,1,1,46,231835,0,1,202,238409,238409,316,0,0,231835,0,0,2,264192,69,10,257112,1,1,5,229,238409,268519,206,257112,0,268519,6,0,0,70,0,1,4202496,238,4,232,3,220782,50,231835,204,278,268519,8,0,122,0,255,239323,50,70,0,239323,0,1,0,231835,238409,1898,232,0,69,2,8
SL Benfica,220,0,1,0,25,4,0,192366,9,3,0,25,78,10,1,0,2,255,0,231913,-1,2,-1,1,-9,78,37,37,255,-1,400000,0,78,66562,0,68100,25,220,231913,80,78,2,2,37,229188,0,1,220,231913,231913,366,0,0,229188,0,0,2,139266,77,38,192366,1,1,7,236,231913,231913,25,246871,2,229188,10,0,0,80,0,0,66562,220,4,234,1,262881,90,229188,37,281,246871,10,0,36,0,255,216547,38,78,0,216547,0,1,0,229188,231913,1904,234,0,77,2,26
FC Porto,30,0,0,0,167,4,0,234577,8,1,0,150,78,7,1,0,2,255,0,258729,-1,2,-1,1,-8,78,70,70,255,-1,310000,0,78,132225,0,50033,150,30,258729,72,78,2,2,95,75754,0,1,30,258729,258729,316,0,0,75754,0,0,3,4202625,79,30,220570,1,1,6,234,258729,258729,150,260599,2,260599,6,0,0,72,0,0,132225,0,3,236,1,260599,65,75754,70,385,279015,10,0,36,0,255,278587,41,78,0,278587,0,1,0,75754,258729,1893,236,2,79,2,20
Sporting CP,255,0,0,0,73,4,0,244669,7,0,0,0,80,9,0,0,2,255,0,240950,-1,2,-1,1,-9,79,140,255,255,-1,350000,0,80,132224,0,50095,255,30,244778,78,79,2,2,101,245158,0,1,255,227890,227890,316,0,0,245158,0,0,5,4202624,78,21,242087,1,1,6,234,244778,266097,255,244669,0,245158,9,0,0,78,0,0,132224,2,4,237,1,254817,65,245158,255,281,244669,10,0,36,0,255,244778,38,79,0,266097,0,1,0,245158,244778,1906,237,0,78,2,18
Atlético de Madrid,1,1,0,1,0,4,0,193747,9,3,0,254,82,5,1,0,2,25,0,246191,-1,3,-1,2,-3,82,254,1,108,-1,1364000,0,82,131712,0,68456,1,255,246191,84,82,0,3,0,246191,0,2,1,246191,246191,366,0,0,246191,0,0,4,4202624,81,11,193747,1,2,9,243,246191,193747,1,230899,0,246191,7,0,0,84,0,0,131712,255,5,240,1,253396,65,216549,1,295,272449,9,0,41,0,31,226161,40,82,0,230899,0,1,0,246191,246191,1903,240,3,81,2,10
FC Barcelona,200,0,0,1,128,4,0,233419,10,2,0,0,85,8,0,0,2,154,0,233419,-1,3,-1,0,2,85,231,200,60,-1,4865780,0,85,66176,0,99354,200,255,233419,87,85,0,3,57,233419,0,2,200,233419,233419,366,0,0,233419,0,0,3,73856,83,28,251854,1,2,9,243,233419,277179,200,277643,5,277643,2,0,0,87,0,0,66176,3,4,241,1,210514,90,241461,200,36,228702,10,0,41,0,0,241461,41,85,0,277643,0,1,0,233419,277179,1899,241,0,83,2,32
RC Deportivo,0,0,0,1,214,4,0,260877,7,0,0,255,72,7,0,0,2,255,0,264492,-1,1,-1,0,-8,71,250,50,255,-1,75000,0,72,4195464,0,32660,100,250,264492,70,71,0,1,91,262398,1,2,0,264492,264492,316,0,0,262398,0,0,4,270472,71,1,278035,1,2,1,450,264492,278035,100,264492,0,264492,2,0,0,70,0,0,4195464,47,4,242,1,260877,50,262398,50,257,250997,4,0,69,0,255,269228,43,71,0,239403,0,1,0,262398,264492,1906,242,0,71,2,2
Real Madrid,1,1,0,1,255,4,0,239053,10,3,0,255,84,4,0,0,2,45,0,264309,-1,3,-1,0,-3,85,225,1,130,-1,5813100,0,84,66176,0,85000,1,225,264309,90,85,0,3,255,238794,0,2,1,264309,239053,366,0,0,238794,0,0,3,73856,82,36,252371,1,2,10,241,264309,264309,1,252371,15,231747,7,0,0,90,0,0,66176,255,3,243,1,241637,90,238794,1,295,239053,10,0,41,0,65,231747,40,85,0,231747,0,1,0,238794,264309,1902,243,2,82,2,20
Real Zaragoza,255,0,0,1,162,4,0,256341,5,0,0,255,67,6,0,0,2,255,0,265671,-1,1,-1,2,0,69,244,255,255,-1,7000,0,67,132112,0,33608,255,244,265671,69,69,0,1,61,211068,0,2,255,265671,265671,316,0,0,211068,0,0,2,4202512,69,0,219774,1,2,2,110839,265671,256341,255,219774,0,251922,6,0,0,69,0,0,132112,32,4,244,1,225204,65,211068,255,537,256341,7,0,69,0,255,251922,41,69,0,251922,0,1,0,211068,265671,1932,244,0,69,2,6
Ajax,35,1,20,1,20,4,0,203483,9,3,0,30,73,9,0,0,2,255,0,200260,-1,2,-1,2,4,75,30,66,255,-1,525000,0,73,4202632,0,55885,66,30,279841,77,75,0,2,20,258378,0,2,35,279841,203483,366,0,0,258378,0,3,2,266376,74,36,77152,1,2,6,246,258378,77152,66,71351,4,223689,6,0,0,77,0,0,132232,225,4,245,2,71351,50,258378,66,16,203483,10,0,30,0,255,223689,52,75,0,223689,0,2,0,258378,279841,1900,245,1,74,2,20
Feyenoord,1,0,36,1,255,4,0,223686,7,0,0,50,76,8,0,0,2,225,0,70726,-1,2,-1,1,4,75,158,1,45,-1,375000,0,76,139394,0,51117,1,50,70726,76,75,1,2,255,260521,0,2,1,70726,70726,316,0,0,260521,0,0,1,4198530,74,16,262221,1,2,6,245,70726,262221,1,70726,1,257920,5,0,0,76,0,0,132226,255,4,246,2,234686,65,260521,1,412,263603,10,0,30,0,24,262790,51,75,0,199813,0,2,0,260521,228010,1908,246,2,74,2,14
PSV,35,0,0,1,1,4,0,253109,7,2,0,211,78,6,0,0,2,255,0,253109,-1,2,-1,2,5,77,197,35,255,-1,445000,0,78,132232,0,35000,35,77,253109,77,77,0,2,1,181458,0,2,35,253109,253109,316,0,0,181458,0,0,2,4202632,76,27,239978,1,2,6,245,253109,259480,35,239978,1,181458,8,0,0,77,0,0,132232,232,4,247,1,266237,65,181458,35,150,259480,10,0,30,0,255,235663,51,77,0,235663,0,2,0,181458,253109,1913,247,1,76,2,11
LASK,202,0,29,1,255,4,0,213301,7,2,0,1,68,5,1,0,2,1,0,271092,-1,1,-1,1,11,69,1,204,1,-1,37500,0,68,4195456,0,19080,206,204,271092,70,69,1,1,255,263702,0,1,202,247782,213301,316,0,0,263702,0,0,2,270464,69,1,242628,1,1,4,110720,271092,242628,206,269512,0,263702,4,0,0,70,0,0,4195456,255,4,252,1,247782,50,263702,204,639,256544,7,0,31,0,1,271092,48,69,0,269512,0,1,0,263702,213301,1908,252,0,69,2,1
SK Rapid,255,0,25,1,117,4,0,275638,9,2,0,1,69,8,0,0,2,255,0,275638,-1,1,-1,1,16,69,1,255,255,-1,56000,0,69,132353,0,28600,255,1,275638,68,69,1,1,145,277501,0,1,255,263233,275638,316,0,0,277501,0,0,1,4202753,69,32,74980,1,1,6,256,275638,231874,255,74980,0,263233,5,0,0,68,0,0,132353,41,4,254,1,265738,65,277501,255,527,231874,8,0,31,0,255,194017,48,69,0,194017,0,1,0,277501,275638,1899,254,0,69,2,14
FK Austria Wien,202,0,5,1,119,4,0,244941,5,1,0,1,66,3,0,0,2,255,0,234399,-1,1,-1,1,16,67,1,204,255,-1,42000,0,66,270336,0,15600,206,250,261063,68,67,1,1,21,234399,0,1,202,234399,234399,316,0,0,234399,0,0,2,528384,68,24,74505,1,1,3,254,261063,261063,206,244941,0,234399,2,0,0,68,0,0,4202496,67,4,256,2,215368,50,72163,204,527,254871,6,0,31,0,255,72163,48,67,0,244941,0,1,0,234399,234399,1911,256,0,68,2,27
Hajduk Split,255,0,0,1,255,5,0,230988,5,0,0,60,70,8,0,0,2,44,0,230988,-1,1,-1,1,16,70,55,255,167,-1,45000,0,70,4198400,0,34198,255,221,230988,71,70,0,1,255,220018,0,1,255,230988,230988,316,0,0,220018,0,0,4,264192,69,9,251343,1,1,4,211,220018,272346,255,246352,0,76461,5,0,0,71,0,0,4202496,255,4,263,3,246352,50,220018,255,867,272346,9,4,88,0,87,76461,43,70,0,76461,0,1,0,220018,230988,1911,263,0,69,2,8
Slavia Praha,207,0,0,1,22,5,0,204125,5,0,0,22,75,6,0,0,2,255,0,253727,-1,2,-1,1,14,75,12,12,255,-1,65000,0,75,4202880,0,19084,22,207,253727,75,75,0,2,12,274906,0,1,207,253727,253727,316,0,0,274906,0,0,2,266624,74,22,204125,1,1,4,267,253727,204125,22,253727,0,244793,7,0,0,75,0,0,132480,207,4,266,2,254909,50,274906,12,654,245209,10,0,6,0,255,244793,50,75,0,244793,0,1,0,274906,253727,1892,266,0,74,2,7
Sparta Praha,1,0,0,1,22,5,0,221024,5,0,0,179,73,6,1,0,2,250,0,232446,-1,2,-1,1,14,73,102,1,26,-1,65000,0,73,4202625,0,19416,1,1,232446,74,73,0,2,12,203605,0,1,1,232446,232446,316,0,0,221024,0,0,2,266369,72,38,72656,1,1,4,266,232446,266374,1,72656,0,277565,6,0,0,74,0,0,4202625,190,4,267,2,263823,50,275241,1,654,266374,10,0,37,0,166,277565,50,73,0,277565,0,1,0,266374,232446,1893,267,0,72,2,8
Brøndby IF,1,0,18,1,1,7,0,172522,4,0,0,69,70,4,0,0,2,3,1,233178,-1,1,-1,1,12,69,234,1,119,-1,26000,0,70,4198468,0,28000,1,253,233178,66,69,1,1,234,77394,0,1,1,233178,233178,316,0,0,77394,0,0,1,264260,69,11,251356,1,1,2,819,233178,77092,1,251356,0,77394,6,0,0,66,0,0,4202564,254,4,269,3,172522,50,77394,1,77,77092,8,0,6,0,66,243876,55,69,0,243876,0,1,0,77394,233178,1964,269,0,69,2,7
Silkeborg IF,169,0,0,1,0,7,0,200209,4,2,0,10,65,7,1,0,2,255,1,271320,-1,1,-1,1,9,66,5,169,255,-1,11000,0,65,264192,0,10000,169,193,271320,70,66,0,1,0,271320,0,1,169,236875,236875,316,0,0,271320,0,0,3,526336,66,1,264517,3,1,1,1516,271320,243891,169,243666,0,271320,5,0,0,70,0,0,4198400,197,4,270,3,236875,50,262538,169,559,278363,5,0,6,0,255,262538,56,66,0,243891,0,1,2,271320,243666,1917,270,0,66,2,2
AGF,51,0,0,1,102,7,0,191083,4,0,0,99,70,8,0,0,2,255,1,253409,-1,1,-1,1,10,70,49,51,255,-1,16000,0,70,4195400,0,11500,102,59,253409,71,70,0,1,51,251201,0,1,51,253409,238222,316,0,0,251201,0,0,2,270408,71,5,256746,3,1,1,269,253409,253409,102,256746,0,251201,6,0,0,71,0,0,4195400,51,4,271,1,248175,50,251201,51,2,243539,7,0,6,0,255,191083,56,70,0,191083,0,1,0,251201,238222,1880,271,0,71,2,9
Odense BK,211,0,3,1,148,7,0,201303,3,0,0,148,67,7,1,0,2,255,1,239981,-1,1,-1,1,10,66,82,211,255,-1,8000,0,67,264320,0,15790,211,26,239981,66,66,0,1,82,230561,0,1,211,239981,239981,316,0,0,230561,0,0,2,526464,65,3,81291,3,1,1,271,239981,81291,211,239981,0,239981,5,0,0,66,0,0,4198528,26,4,272,3,271079,50,230561,211,356,201303,4,0,6,0,255,276272,55,66,0,276272,0,1,0,230561,239981,1887,272,0,65,2,5
AEK Athens,1,0,18,2,13,4,0,228732,6,2,0,250,75,4,0,0,9,10,0,235813,-1,2,-1,1,23,75,250,1,10,-1,67000,0,75,4198656,0,32500,1,250,235813,77,75,1,2,213,236510,0,1,1,235813,235813,316,0,0,236510,0,0,2,266496,74,13,239028,3,1,4,1884,235813,224574,1,239028,0,232432,8,0,0,77,0,0,139520,251,4,278,3,230564,50,236510,1,27,224574,9,0,88,0,10,232432,38,75,0,232432,0,1,0,236510,235813,1924,278,0,74,1,16
Olympiacos FC,250,0,1,2,24,4,0,234986,7,2,0,0,76,2,0,0,9,255,0,243686,-1,2,-1,1,23,76,0,0,255,-1,105000,0,76,66881,0,32115,24,255,243686,78,76,1,2,0,243586,0,1,234,243686,227055,316,0,0,243586,0,0,3,139585,75,48,226766,3,1,7,1884,227055,227055,250,226766,0,243586,9,1,0,78,0,0,66881,234,4,280,1,73884,90,243586,250,380,255971,10,0,37,0,255,243686,37,76,0,243686,0,1,0,243586,227055,1925,280,0,75,2,29
ESTAC Troyes,1,0,3,1,133,4,0,215708,1,0,0,208,67,4,0,0,2,250,0,73085,-1,1,-1,1,4,67,127,1,250,-1,40000,0,67,526344,0,20136,1,6,73085,67,67,0,1,58,74618,0,1,1,73085,73085,316,0,0,74618,0,0,1,526344,66,0,266272,1,0,1,379,73085,73085,1,266272,0,73085,4,0,0,67,0,0,266248,20,4,294,3,277356,30,74618,1,494,72138,5,0,51,0,250,76616,48,67,0,76616,0,1,0,74618,73085,1986,294,0,66,2,0
Rosenborg BK,1,0,0,1,255,7,0,204612,5,0,0,245,69,5,0,0,2,1,1,204612,-1,1,-1,1,10,68,245,1,1,-1,14000,0,69,4202497,0,21423,1,235,73126,64,68,0,1,255,73447,0,1,1,204612,204612,316,0,0,73447,0,0,8,266241,67,26,245537,1,1,3,417,204612,213777,1,245537,0,73447,7,0,0,64,0,0,4202497,255,4,298,2,72409,50,73447,1,493,255464,7,0,199,0,1,73126,63,68,0,73126,0,1,0,73447,213777,1917,298,0,67,2,12
Viking FK,211,0,3,1,60,7,0,205214,3,0,0,32,69,6,0,0,2,255,0,205214,-1,1,-1,1,5,69,27,211,255,-1,10000,0,69,4198664,0,15900,211,233,205214,69,69,0,1,32,245384,0,1,211,205214,205214,316,0,0,245384,0,0,2,264456,69,8,246100,15,1,1,1463,209335,246100,211,262860,0,205214,4,0,0,69,0,0,4202760,21,4,300,3,254142,50,245384,211,462,73262,8,0,199,0,255,205214,58,69,0,262860,0,1,2,245384,205214,1899,300,0,69,2,6
Widzew Łódź,128,0,0,1,34,5,0,244891,3,0,0,30,69,5,1,0,2,220,1,269632,-1,1,-1,1,19,69,30,255,35,-1,11384,2,69,532481,0,18018,255,30,269632,69,69,0,1,30,241921,0,1,255,269632,269632,316,0,0,241921,0,0,1,528385,69,4,251143,1,2,2,1871,269632,251143,128,254084,0,241921,10,0,0,69,0,0,270337,215,4,301,2,269616,30,241921,128,751,217605,6,0,93,0,30,269632,51,69,0,254084,0,1,0,241921,269632,1910,301,0,69,2,1
Bohemians,10,0,0,0,49,3,0,252758,4,0,0,26,62,8,0,0,2,1,0,252758,-1,1,-1,1,-6,61,26,60,1,-1,985,0,62,132226,0,4227,40,201,252758,58,61,1,1,49,71141,0,1,10,252758,252758,316,0,0,71141,0,0,2,4202626,60,11,250815,3,1,1,306,252758,255621,40,250815,0,252758,3,0,0,58,0,0,132226,222,4,305,1,227679,65,71141,60,143,255621,7,0,23,0,1,251454,53,61,0,251454,0,1,0,71141,252758,1890,305,0,60,2,7
Shamrock Rovers,5,0,0,0,68,3,0,202014,5,0,0,91,63,5,0,0,2,255,0,218744,-1,1,-1,0,-6,64,165,40,255,-1,1200,0,63,132224,0,10000,5,19,218744,65,64,1,1,140,183544,0,1,5,218744,218744,316,0,0,183544,0,0,1,4202624,64,22,243163,1,1,2,305,218744,77506,5,243163,0,183544,8,0,0,65,0,0,132224,36,4,306,1,229249,65,183544,40,143,77506,10,0,23,0,255,71919,53,64,0,71919,0,1,0,183544,218744,1899,306,0,64,2,26
Univ. Craiova,255,0,37,2,203,5,0,243000,3,0,0,1,68,9,0,0,2,255,0,78676,-1,1,-1,1,23,68,1,113,255,-1,10900,0,68,4198544,0,30944,203,1,78676,67,68,0,1,113,269731,0,1,1,78676,243019,316,0,0,269731,0,0,4,264336,69,3,251880,1,1,3,114385,243000,243000,255,251880,0,269731,6,0,0,67,0,0,4202640,1,4,308,3,70195,50,269731,255,718,243019,9,0,79,0,255,78676,44,68,0,78676,0,1,0,269731,243000,1948,308,0,69,1,6
FC Rapid 1923,250,0,0,2,57,5,0,248049,3,0,0,30,69,6,0,0,2,250,0,248049,-1,1,-1,1,26,68,30,250,250,-1,12525,0,69,132225,0,14050,250,30,248049,66,68,0,1,49,242494,0,1,250,248049,248049,316,0,0,242494,0,0,4,4202625,68,3,237378,3,1,3,100761,248049,237378,250,248049,0,237378,7,0,0,66,0,0,132225,130,4,310,1,264696,65,242494,250,768,248680,8,0,79,0,250,242640,44,68,0,242640,0,1,0,242494,248049,1923,310,0,68,2,13
IFK Göteborg,169,0,0,1,255,7,0,238270,4,0,0,222,68,5,1,0,2,255,1,228863,-1,1,-1,1,11,66,55,169,255,-1,15000,0,68,66816,0,18100,169,22,228863,64,66,1,1,1,246776,0,1,169,228863,228863,316,0,0,246776,0,0,1,139520,65,18,275056,1,1,2,111594,228863,275056,169,228863,0,228863,6,0,0,64,0,0,66816,1,4,319,1,258679,90,246776,169,191,272968,5,0,97,0,255,277807,57,66,0,277807,0,1,0,246776,228863,1904,319,2,65,1,8
Malmö FF,169,0,0,1,234,7,0,164484,5,0,0,255,65,6,0,0,2,255,0,273694,-1,1,-1,1,12,68,197,169,255,-1,33000,0,65,532608,0,22500,169,138,273694,69,68,1,1,181,239125,0,1,169,273694,265696,316,0,0,239125,0,0,2,528512,68,24,84669,1,1,4,319,265696,82151,169,84669,0,239125,9,0,0,69,0,0,270464,17,4,320,2,260972,30,239125,169,299,82151,10,0,97,0,255,226430,55,68,0,226430,0,1,0,239125,265696,1910,320,0,68,1,16
Halmstads BK,169,0,0,1,203,7,0,260990,2,0,0,203,63,4,0,0,2,250,1,204348,-1,1,-1,1,12,63,112,169,250,-1,3000,0,63,532480,0,10873,169,37,260990,62,63,0,1,112,270718,0,1,169,204348,260990,316,0,0,270718,0,0,2,528384,63,4,268124,3,0,1,319,204348,260990,169,268124,0,270718,5,0,0,62,0,0,270336,37,4,321,2,76874,30,270718,169,621,260990,3,0,97,0,250,78665,56,63,0,78665,0,1,0,270718,204348,1914,321,0,63,1,1
GC Zürich,1,0,0,1,163,4,0,199282,6,0,0,173,64,6,0,0,2,255,1,238988,-1,1,-1,1,8,65,92,1,255,-1,11500,0,64,264256,0,26104,1,1,238988,66,65,0,1,92,265793,0,1,1,238988,238988,316,0,0,265793,0,0,3,526400,62,27,72246,1,1,5,894,238988,238988,1,72246,0,208159,5,0,0,66,0,0,4198464,1,4,322,3,199282,50,265793,1,539,250805,7,0,71,0,255,208159,47,65,0,208159,0,1,0,265793,238988,1886,322,0,62,2,19
Servette FC,150,0,0,1,45,4,0,206307,5,0,0,1,69,5,0,0,2,255,0,206254,-1,1,-1,1,6,69,1,150,255,-1,22850,0,69,4198400,0,30084,150,1,206254,69,69,0,1,31,229448,0,1,150,206254,206254,316,0,0,229448,0,0,3,264192,68,17,257083,0,1,5,1862,206254,206254,150,257083,0,206254,4,0,0,69,0,0,4202496,135,4,324,3,244399,50,229448,150,749,212939,7,0,71,0,255,82355,46,69,0,82355,0,1,0,229448,206254,1890,324,0,68,1,8
Galatasaray,1,1,0,3,29,5,0,229905,9,3,0,45,80,4,0,0,9,255,0,222492,-1,2,-1,1,28,79,2,1,11,-1,305000,0,80,132225,0,52468,1,175,222492,81,79,1,2,2,232293,0,1,1,222492,263205,316,0,0,232293,0,0,2,4202625,78,25,212811,1,1,7,326,222492,222492,1,263205,0,232293,7,0,0,81,0,0,132225,167,4,325,1,252293,65,232293,1,231,223959,10,0,89,0,157,234171,41,79,0,229905,9,1,0,232293,263205,1905,325,1,78,1,19
Fenerbahçe,215,1,0,3,0,5,0,232363,7,3,0,187,79,5,0,0,9,69,1,212523,-1,2,-1,1,29,78,50,180,133,-1,292000,0,79,132224,0,50530,50,4,212523,72,78,0,2,246,277485,0,1,215,258580,212523,316,0,0,277485,0,0,4,4202624,77,19,260236,1,1,6,325,258580,260236,50,258580,0,212523,7,0,0,72,0,0,132224,254,4,326,1,236496,65,277485,180,231,215914,9,4,89,0,84,212523,40,78,0,212523,0,1,0,277485,258580,1907,326,0,77,1,7
Beşiktaş,1,1,8,3,1,5,0,243245,8,3,0,44,75,4,1,0,9,255,0,243245,-1,2,-1,1,28,74,11,1,255,-1,193000,0,75,132240,0,41903,1,11,216860,73,74,0,2,1,248712,0,1,1,243245,243245,316,0,0,248712,0,0,1,4202640,74,16,264699,1,1,6,326,216860,264699,1,243245,0,243245,7,0,0,73,0,0,132240,1,4,327,1,252208,65,248712,1,231,226790,8,0,89,0,255,266897,41,74,0,266897,0,1,0,248712,243245,1903,327,0,74,1,11
Lecce,250,0,0,1,0,4,0,210676,1,0,0,133,71,8,1,0,2,240,0,271197,-1,2,-1,1,18,72,95,250,40,-1,113445,0,71,4202624,0,29122,250,10,271197,71,71,0,2,242,268511,0,1,250,271197,244717,316,0,0,268511,0,0,3,266368,70,0,253139,3,1,1,1848,244717,253139,250,271197,0,268511,2,0,0,71,0,0,4202624,255,4,347,2,243787,50,268511,250,695,230107,2,0,47,0,30,277840,40,71,0,277840,0,1,0,268511,271197,1908,347,0,70,2,0
Stevenage,1,0,0,0,255,3,0,200731,1,0,0,255,65,4,0,0,2,231,0,245903,-1,1,-1,0,0,65,255,1,1,-1,3200,0,65,270592,0,7800,1,255,245903,66,65,0,1,255,188166,0,0,1,245903,245903,316,0,0,188166,0,0,2,528640,65,0,206558,1,0,1,1923,245903,245903,1,206558,0,205255,4,0,0,66,0,0,4202752,255,4,361,2,238059,50,188166,1,463,206562,5,0,55,0,1,205255,51,65,0,205255,0,2,0,188166,245903,1976,361,0,65,2,0
Stade Brestois 29,182,0,0,1,30,4,0,215410,4,0,0,1,74,2,0,0,2,250,0,204105,-1,2,-1,1,-4,74,1,182,250,-1,95000,0,74,532632,0,15097,182,255,231612,75,74,0,2,23,219733,0,1,182,231612,231612,316,0,0,219733,0,0,2,528536,74,0,248573,3,0,3,62,231612,231612,182,248573,0,231612,3,0,0,75,0,0,270488,238,4,378,2,252541,30,219733,182,72,244480,4,4,45,0,250,267702,48,74,0,267702,0,1,0,219733,231612,1950,378,0,74,2,0
Stade de Reims,1,0,13,1,1,4,0,277659,3,0,0,1,68,6,0,0,2,250,0,259316,-1,1,-1,1,4,69,1,1,250,-1,48000,0,68,4198416,0,21127,1,255,259316,68,69,0,1,1,246459,0,1,1,259316,259316,316,0,0,246459,0,0,1,264208,68,6,80238,1,0,1,294,242914,80238,1,242914,0,242914,6,0,0,68,0,0,4202512,235,4,379,3,226103,50,246459,1,399,277659,10,4,51,0,250,77712,49,69,0,77712,0,1,0,246459,259316,1931,379,0,68,2,2
Barrow,43,0,5,0,255,3,0,187154,1,0,0,255,61,1,0,0,2,255,1,253094,-1,1,-1,0,-3,62,120,94,255,-1,2200,0,61,270592,0,5045,213,1,253094,61,62,0,1,120,239504,0,0,43,253094,253094,316,0,0,239504,0,0,3,528640,62,0,269149,3,0,1,112260,253094,253094,213,269149,0,203500,3,0,0,61,0,0,4202752,1,4,381,2,220045,50,239504,94,814,238958,5,0,55,0,255,203500,54,62,0,203500,0,0,0,239504,253094,1901,381,0,62,1,0
Palmeiras,220,0,25,-3,69,1,0,230182,7,1,0,255,76,10,1,0,7,255,1,230241,-1,2,-1,1,-46,75,255,220,255,-1,264990,0,76,132160,0,43713,220,255,230241,78,75,1,2,115,230440,0,0,220,230241,230241,316,1,0,230440,0,0,4,4202560,74,12,230425,15,1,9,598,230269,230425,220,230402,3,230440,6,0,0,78,0,0,132160,6,4,383,1,230331,65,230440,220,434,230373,10,0,184,0,255,230269,-23,75,0,230402,0,1,2,230440,230269,1914,383,0,74,2,4
PAOK FC,202,0,8,2,5,4,0,220746,6,1,0,25,76,2,1,0,9,255,0,188803,-1,2,-1,1,22,74,25,204,255,-1,80000,0,76,66576,0,29000,206,25,188803,76,74,1,2,5,239842,0,1,202,210136,188803,316,0,0,239842,0,0,4,139280,73,4,188803,3,1,5,278,205391,220746,206,188803,0,188803,9,0,0,76,0,0,66576,5,4,393,1,209620,90,239842,204,477,200094,9,0,88,0,255,259633,40,74,0,259633,0,1,0,239842,220746,1926,393,0,73,2,8
Molde FK,250,0,3,1,158,7,0,246063,4,0,0,222,67,4,0,0,2,255,0,211365,-1,1,-1,1,7,67,139,250,255,-1,13000,0,67,525316,0,11249,250,56,211365,67,67,0,1,86,188091,0,1,250,219990,211365,316,0,0,188091,0,0,2,532484,66,5,70328,15,1,3,298,211365,211365,250,70328,0,246063,7,0,0,67,0,0,263172,2,4,417,1,77951,30,188091,250,320,201877,8,0,199,0,255,246063,62,67,0,246063,0,1,2,188091,219990,1911,417,0,66,2,6
Tromsø IL,250,0,1,1,1,7,0,177279,2,0,0,10,65,7,0,0,2,250,0,260000,-1,1,-1,1,18,65,5,250,250,-1,6000,0,65,66560,0,6691,250,220,274979,63,65,0,1,1,73635,0,1,250,260000,260000,316,0,0,73635,0,0,2,139264,66,0,274979,15,1,1,918,177279,260000,250,274979,0,73635,5,0,0,63,0,0,66560,204,4,418,1,78049,90,73635,250,492,70330,7,0,199,0,250,255835,69,65,0,255835,0,1,2,73635,260000,1920,418,0,66,1,2
Górnik Zabrze,255,0,0,1,255,5,0,225996,4,1,0,147,69,7,0,0,2,206,1,225996,-1,1,-1,1,18,68,73,255,12,-1,11546,0,69,4198400,0,24563,255,17,225996,66,68,0,1,255,246954,0,1,255,225996,225996,316,0,0,246954,0,0,3,264192,68,14,270046,3,1,2,1871,225996,223307,255,270046,0,223307,8,0,0,66,0,0,4202496,255,4,420,3,271984,50,246954,255,536,223307,7,0,93,0,0,72588,50,68,0,72588,0,1,0,246954,225996,1948,420,0,68,2,6
Cork City,7,0,0,0,85,3,0,212223,4,0,0,49,55,5,0,0,2,255,0,200900,-1,1,-1,0,-8,56,49,74,255,-1,930,0,55,270656,0,7385,25,222,200900,59,56,0,1,174,212223,0,0,7,200900,200900,316,0,0,212223,0,0,2,528704,55,3,277345,1,0,2,834,200900,182156,25,277345,0,212223,5,0,0,59,0,0,4202816,7,4,422,2,77436,50,212223,74,121,182156,5,0,23,0,255,221810,51,56,0,221810,0,1,0,212223,200900,1984,422,0,55,2,4
St. Pats,255,0,13,0,49,3,0,246079,3,0,0,40,63,3,0,0,2,255,0,251262,-1,1,-1,0,-6,62,30,10,255,-1,977,0,63,263314,0,5340,10,198,251262,62,62,0,1,49,239642,0,1,10,261277,242230,316,0,0,239642,0,0,1,532626,61,8,263098,1,0,1,306,251262,263098,255,251262,0,246079,6,0,0,62,0,0,4195474,222,4,423,1,247000,50,239642,255,143,242230,7,0,23,0,255,243427,53,62,0,243427,0,1,0,239642,261277,1929,423,0,61,2,5
AIK,211,0,0,1,1,7,0,192129,4,0,0,20,66,7,0,0,2,255,1,272566,-1,1,-1,1,18,66,10,211,1,-1,17000,0,66,73984,0,50000,211,14,272566,64,66,1,1,1,272514,0,1,211,272566,272566,316,0,0,272514,0,0,4,135424,63,12,220198,1,1,2,710,272566,80314,211,220198,0,234066,3,0,0,64,0,0,73984,1,4,433,2,276189,90,272514,211,457,80314,8,0,97,0,238,234066,59,66,0,234066,0,1,0,272514,272566,1891,433,0,63,2,8
Trabzonspor,1,0,0,3,2,5,0,204639,7,0,0,215,72,8,0,0,9,90,0,237055,-1,2,-1,1,39,73,175,1,255,-1,54000,0,72,4202561,0,41461,1,95,237055,77,73,1,2,13,212382,0,1,1,237055,237055,316,0,0,212382,0,0,2,266305,73,7,241771,1,1,5,326,237055,237055,1,241771,0,212382,9,0,0,77,0,0,4202561,118,4,436,2,74735,50,212382,1,490,276946,7,0,89,0,170,279930,41,73,0,279930,0,1,0,212382,237055,1967,436,0,73,2,9
Derry City,240,0,1,0,45,3,0,201901,3,0,0,38,62,6,0,0,2,255,0,261276,-1,1,-1,0,-7,62,3,20,255,-1,990,0,62,66690,0,7700,100,223,261276,63,62,0,1,22,277353,0,0,10,261276,246136,316,0,0,277353,0,0,2,139394,62,2,237933,15,1,1,563,235650,227082,240,237933,0,277353,9,0,0,63,0,0,66690,243,4,445,1,201901,90,277353,240,135,227082,9,0,23,0,255,261276,54,62,0,261276,0,1,2,277353,235650,1928,445,0,62,1,6
Athletic Club,255,1,0,1,30,4,0,216201,6,3,0,30,81,10,0,0,2,255,0,279604,-1,2,-1,2,-2,80,30,255,255,-1,285000,0,81,139392,0,53331,255,205,279604,79,80,0,2,10,231184,0,2,255,279604,279604,316,0,0,231184,0,0,4,4198528,79,8,216201,1,2,5,457,256516,216201,255,256516,0,256516,10,0,0,79,0,0,131712,190,4,448,2,183512,65,231184,255,53,205157,7,0,41,0,255,244675,43,80,0,244675,0,1,0,231184,279604,1898,448,0,79,2,25
Real Betis,1,1,0,1,85,4,0,203747,5,3,0,90,80,6,0,0,2,255,0,226456,-1,2,-1,2,-5,79,140,90,255,-1,180000,0,80,4195328,0,60721,1,10,226456,80,79,0,2,150,203747,0,1,1,226456,226456,316,0,0,277537,0,0,2,270336,77,1,255475,1,2,3,481,226456,224158,1,255475,0,237034,5,0,0,80,0,0,132096,1,4,449,1,235945,50,277537,90,445,224158,6,0,41,0,255,237034,37,79,0,237034,10,1,0,193352,226456,1907,449,0,77,1,3
Celta,255,0,0,1,213,4,0,220821,6,2,0,200,75,5,0,0,2,255,0,192638,-1,2,-1,2,-8,77,150,255,255,-1,110000,0,75,132234,0,29000,255,60,192638,79,76,0,2,168,224179,0,1,255,192638,192629,316,0,0,224179,0,0,3,4202634,77,0,75628,1,2,4,242,264095,192638,255,75628,0,224179,5,0,0,79,0,0,132234,76,4,450,1,264095,65,224179,255,515,259233,6,0,41,0,255,276745,42,76,0,192638,10,1,0,224179,192629,1923,450,0,77,2,0
RCD Espanyol,1,0,0,1,191,4,0,227290,6,2,0,170,74,6,1,0,2,255,0,229862,-1,2,-1,0,2,75,90,1,255,-1,65000,0,74,73728,0,40500,1,0,229862,73,75,0,2,108,192678,0,2,1,229862,229862,316,0,0,192678,0,0,4,135168,76,0,257063,1,2,2,241,229862,257063,1,225926,0,192678,3,0,0,73,0,0,66560,17,4,452,2,260546,90,192678,1,36,244407,4,0,41,0,255,229862,41,75,0,225926,0,1,0,192678,229862,1900,452,0,76,1,4
RCD Mallorca,236,0,0,1,13,4,0,228805,4,1,0,0,76,5,0,0,2,10,0,202648,-1,2,-1,2,2,76,0,26,0,-1,8000,0,76,270664,0,23142,13,255,202648,75,76,0,2,26,223710,0,2,236,214026,202648,316,0,0,223710,0,0,4,528712,77,0,267976,1,2,1,483,202648,255566,13,267976,0,223710,8,0,0,75,0,0,263496,236,4,453,2,241856,30,223710,26,369,255566,3,0,41,0,0,259011,39,76,0,259011,10,1,0,223710,202648,1916,453,0,77,2,1
R. Racing Club,244,0,0,1,254,4,0,254005,4,1,0,250,71,4,0,0,2,55,0,243792,-1,1,-1,2,-3,70,254,156,9,-1,4400,0,71,4198400,0,22308,81,250,243792,71,70,0,1,254,193794,0,2,95,243792,243792,316,0,0,193794,0,0,3,264192,68,0,246044,1,2,1,448,243792,246044,244,243792,0,243792,6,0,0,71,0,0,4202496,254,4,456,3,262501,50,193794,244,765,254005,5,0,69,0,102,75263,43,70,0,75263,0,1,0,193794,243792,1913,456,0,68,2,0
Real Sociedad,2,0,0,1,125,4,0,233738,6,2,0,135,78,6,0,0,2,255,0,235944,-1,2,-1,2,-1,78,45,73,255,-1,155000,0,78,132096,0,40000,49,0,235944,83,78,0,2,35,234035,0,2,2,234153,241811,316,0,0,225263,0,0,4,4202496,76,2,235944,1,2,4,448,241811,235944,49,234153,0,234153,6,0,0,83,0,0,132096,0,4,457,1,262510,65,269186,73,425,224411,7,0,41,0,255,246672,43,78,0,246672,0,1,0,241811,234153,1909,457,0,76,2,3
R. Sporting,180,0,0,1,4,4,0,219836,5,0,0,0,71,8,0,0,2,255,0,224428,-1,1,-1,2,-5,70,0,180,255,-1,17000,0,71,4195456,0,30000,180,200,243491,74,70,0,1,5,224428,0,2,180,224428,243491,316,0,0,224428,0,0,4,270464,70,0,263883,1,2,1,110827,243491,263883,180,256885,0,224428,6,0,0,74,0,0,4195456,221,4,459,1,264838,50,224428,180,183,229207,7,4,69,0,255,243491,43,70,0,256885,0,1,0,224428,243491,1905,459,0,70,2,0
Valencia CF,1,1,0,1,67,4,0,211688,7,3,0,1,75,6,1,0,2,255,0,230786,-1,2,-1,2,0,76,1,1,255,-1,450000,0,75,4202641,0,49430,1,1,224415,76,76,0,2,124,231627,0,2,1,230786,230786,366,0,0,231627,0,0,2,266385,74,6,243134,1,2,6,1853,224415,243134,1,224415,0,243134,6,0,0,76,0,0,132241,247,4,461,2,230786,50,231627,1,504,225659,7,0,41,0,255,266436,39,76,0,266436,0,1,0,231627,224415,1919,461,1,74,2,8
R. Valladolid CF,1,0,0,1,175,4,0,271682,4,2,0,112,69,5,0,0,2,255,0,258769,-1,1,-1,2,-4,69,0,1,255,-1,11000,0,69,528384,0,27618,1,80,258769,68,69,0,1,52,271682,0,1,1,258769,258769,316,0,0,271682,0,0,2,526336,69,0,262585,1,2,1,459,258769,266136,1,262585,0,271682,5,0,0,68,0,0,270336,142,4,462,3,262581,30,271682,1,506,266136,2,0,69,0,255,271267,41,69,0,271267,0,1,0,271682,258769,1928,462,0,69,1,0
D. Alavés,1,0,0,1,180,4,0,261987,3,2,0,200,73,4,0,0,2,255,0,270834,-1,2,-1,2,-2,74,66,120,255,-1,13000,0,73,4202561,0,19840,200,0,270834,77,74,0,2,78,222041,0,2,1,270834,270834,316,0,0,222041,0,0,4,266305,74,0,238126,1,2,1,448,270834,238126,200,270834,0,222041,7,0,0,77,0,0,4202561,0,4,463,2,76768,50,222041,120,518,264160,2,0,41,0,255,234826,42,74,0,234826,0,1,0,222041,270834,1921,463,0,74,2,0
SD Eibar,255,0,0,1,132,4,0,199986,4,2,0,150,68,2,0,0,2,219,0,199986,-1,1,-1,2,-2,69,90,255,98,-1,29000,0,68,4195462,0,8164,255,70,199986,69,69,0,1,74,233231,0,2,255,199986,199986,316,0,0,233231,0,0,2,270470,68,0,73561,1,2,1,463,275126,244197,255,73561,0,244197,6,0,0,69,0,0,4195462,52,4,467,1,241489,50,233231,255,149,244197,10,0,69,0,55,264665,43,69,0,264665,0,1,0,233231,275126,1940,467,0,68,2,0
Elche CF,50,0,0,1,255,4,0,206222,2,0,0,240,73,4,0,0,2,40,0,254860,-1,2,-1,2,0,74,255,110,60,-1,5000,0,73,4195400,0,31388,70,240,254860,74,74,0,2,255,231628,0,2,50,254860,259173,316,0,0,231628,0,0,4,270408,74,0,235522,1,2,1,1853,254860,235522,70,254860,0,228941,4,0,0,74,0,0,4195400,255,5,468,1,239671,50,231628,110,153,244393,3,0,41,0,100,228941,38,74,0,228941,0,1,0,231628,254860,1923,468,0,74,2,0
UD Las Palmas,255,0,0,0,0,4,0,258922,4,0,0,0,71,9,0,0,2,9,0,252079,-1,2,-1,2,-15,72,204,255,173,-1,45000,0,71,4195348,0,32400,255,255,252079,72,72,0,2,235,202515,0,2,255,252079,252079,316,0,0,202515,0,0,4,270356,72,0,272430,1,2,1,1867,252079,252079,255,272430,0,252079,4,0,0,72,0,0,4195348,255,4,472,1,243478,50,202515,255,264,278096,2,0,69,0,78,198164,28,72,0,198164,0,1,0,202515,252079,1949,472,0,72,2,0
CA Osasuna,200,0,0,1,5,4,0,224003,4,1,0,15,77,7,0,0,2,18,0,211022,-1,2,-1,2,-1,77,10,200,93,-1,15000,0,77,4202624,0,23576,200,203,258937,78,77,0,2,0,234730,0,2,200,258937,258937,316,0,0,259066,0,0,4,266368,77,0,76042,1,2,1,448,258937,243976,200,76042,0,258937,7,0,0,78,0,0,132224,193,4,479,2,247495,50,259066,200,370,208137,5,0,41,0,25,258937,42,77,0,258937,0,1,0,231591,258937,1920,479,0,77,2,0
Rayo Vallecano,200,0,0,1,255,4,0,232498,5,1,0,240,77,5,0,0,2,255,0,197948,-1,2,-1,2,-3,77,234,200,0,-1,10000,0,77,139266,0,14708,200,255,232498,81,77,0,2,255,243559,0,2,200,197948,197948,316,0,0,243559,0,0,2,4198402,77,0,265578,1,2,1,100888,232498,265578,200,216447,0,232498,5,0,0,81,0,0,132098,255,4,480,2,250858,65,243559,200,295,197948,3,0,41,0,0,232498,40,77,0,216447,10,1,0,243559,232498,1924,480,0,77,1,0
Sevilla FC,1,1,0,1,0,4,0,184432,8,3,0,0,75,7,1,0,2,255,0,193198,-1,2,-1,2,-5,75,0,1,255,-1,480000,0,75,4198408,0,43883,1,230,229649,75,75,0,2,0,266256,0,1,1,184941,229649,366,0,0,266256,0,0,4,266248,75,1,184941,1,2,8,449,229649,229649,1,184941,0,266256,4,0,0,75,0,0,139272,249,4,481,3,246683,50,266256,1,445,184432,8,0,41,0,255,238581,37,75,0,238581,0,1,0,266256,229649,1890,481,7,75,2,5
Villarreal CF,1,1,0,1,100,4,0,208093,6,3,0,0,80,7,1,0,2,0,0,226110,-1,2,-1,2,0,79,215,100,135,-1,400000,0,80,4202496,0,23500,1,255,226110,80,79,0,2,230,254551,0,2,1,264388,226110,316,0,0,254551,0,0,2,266240,77,0,241707,1,2,7,461,226110,241707,1,264388,0,208093,6,0,0,80,0,0,132096,250,4,483,2,228302,50,254551,100,517,235781,8,0,41,0,50,208093,39,79,0,208093,10,1,0,254551,264388,1923,483,1,77,2,0
Hannover 96,255,0,0,1,255,4,0,262669,8,1,0,58,71,6,0,0,2,1,0,262669,-1,1,-1,1,9,70,157,255,1,-1,85115,0,71,66688,0,49200,255,1,262669,70,70,0,1,255,251855,0,1,255,262669,262669,316,0,0,251855,0,0,2,139392,69,2,274191,3,1,1,110500,269302,277910,255,274191,0,262119,8,0,0,70,0,1,66688,255,3,485,1,279622,90,251855,255,208,277910,7,0,27,0,1,245582,52,70,0,245582,0,1,0,251855,262669,1896,485,0,69,2,1
VfL Osnabrück,160,0,0,1,159,4,0,234381,7,1,0,128,65,7,0,0,2,255,0,244034,-1,1,-1,2,8,65,0,160,255,-1,8015,0,65,270608,0,16667,160,128,244034,66,65,0,1,37,261047,0,1,160,244034,244034,316,0,0,261047,0,0,1,528656,66,0,262645,3,1,1,531,244034,262645,160,244034,0,261047,3,0,0,66,0,0,4202768,95,4,487,2,239690,50,261047,160,635,240335,9,4,91,0,255,263025,52,65,0,263025,0,1,0,261047,244034,1899,487,0,66,1,0
Wehen Wiesbaden,220,0,0,1,5,4,0,243445,2,1,0,255,65,3,1,0,2,1,0,276342,-1,1,-1,1,8,65,255,220,1,-1,8980,0,65,532488,0,15295,220,255,276342,64,65,0,1,1,278893,0,1,220,276342,276342,316,0,0,278893,0,0,2,528392,62,0,243445,3,1,1,169,276342,259272,220,243445,0,243445,3,0,0,64,0,0,270344,160,4,492,2,276320,30,278893,220,636,259272,9,0,91,0,1,253418,50,65,0,253418,0,1,0,278893,276342,1926,492,0,62,2,0
Dynamo Dresden,255,0,0,1,1,4,0,234385,9,1,0,17,67,6,0,0,2,255,0,244133,-1,1,-1,1,13,67,1,200,1,-1,19750,0,67,139408,0,32249,200,155,256954,68,67,0,1,1,216823,0,1,200,244133,244133,316,0,0,216823,0,0,2,4198544,67,0,264247,3,1,1,506,244133,262898,255,264247,0,216823,4,0,0,68,0,1,139408,1,4,503,2,279490,65,216823,255,567,262898,2,0,27,0,205,234385,51,67,0,234385,0,1,0,216823,256954,1953,503,0,67,2,0
FC Erzgebirge Aue,200,0,0,1,138,4,0,182520,4,1,0,1,63,1,0,0,2,202,0,73370,-1,1,-1,1,12,64,1,200,100,-1,6770,0,63,270345,0,16485,200,1,73370,66,64,0,1,55,238643,0,1,200,73370,73370,316,0,0,238643,0,0,2,528393,64,0,79756,1,1,1,503,73370,73370,200,79756,0,238643,2,0,0,66,0,0,4202505,84,4,506,2,263353,50,238643,200,568,72531,7,0,91,0,174,79755,50,64,0,79755,0,1,0,238643,73370,1946,506,0,64,2,0
Botafogo,255,0,8,-3,1,1,0,230481,4,1,0,255,75,4,1,0,7,255,1,230481,-1,2,-1,1,-43,75,255,255,255,-1,210000,0,75,4195336,0,44661,255,255,230481,71,75,0,2,1,230516,0,0,255,230481,230481,316,1,0,230516,0,0,2,270344,75,3,230422,1,1,7,1043,230481,230422,255,230468,1,230516,10,0,0,71,0,0,132104,1,4,517,1,230417,50,230516,255,402,230259,7,1,184,0,255,230481,-22,75,0,230468,0,1,2,230516,230481,1904,517,0,75,2,0
Saarbrücken,255,0,0,1,173,4,0,233785,6,0,0,1,65,2,1,0,2,1,0,237635,-1,1,-1,1,6,65,190,250,1,-1,5100,0,65,264192,0,16003,250,251,237635,66,65,0,1,81,242291,0,1,250,237635,237635,316,0,0,242291,0,0,2,526336,64,0,224662,3,1,1,29,237635,224662,255,237635,0,237635,2,0,0,66,0,0,4198400,1,4,523,3,260014,50,242291,255,821,237490,8,0,91,0,1,257172,49,65,0,257172,0,1,0,242291,237635,1903,523,0,64,2,0
Rot-Weiss Essen,156,0,0,1,3,4,0,217841,10,0,0,3,66,7,1,0,2,255,0,260186,-1,1,-1,1,6,65,3,156,254,-1,6100,0,66,270592,0,20352,156,255,260186,66,65,0,1,3,272909,0,1,156,260186,260186,316,0,0,272909,0,0,3,528640,64,1,257190,12,1,1,34,260186,257190,156,260186,0,272909,2,0,0,66,0,0,4202752,255,4,526,2,238692,50,272909,156,656,239666,6,0,91,0,255,264245,51,65,0,264245,0,1,0,272909,260186,1907,526,0,64,1,1
Preußen Münster,210,0,0,1,94,4,0,212755,5,1,0,255,67,5,0,0,2,1,0,244024,-1,1,-1,1,7,68,255,210,1,-1,10300,0,67,532744,0,15000,210,255,244024,67,67,0,1,150,244024,0,1,210,244024,244024,316,0,0,244024,0,0,3,528648,67,0,212755,15,1,1,159,244024,212755,210,276289,0,244024,2,0,0,67,0,3,270600,0,4,531,2,241900,30,240829,210,609,223756,1,0,27,0,1,240829,51,67,0,276289,0,1,0,244024,244024,1906,531,0,67,2,0
FCV Dender EH,255,0,0,1,176,4,0,264711,1,0,0,1,67,2,0,0,2,255,0,272872,-1,1,-1,1,4,68,1,255,20,-1,10000,0,67,4202624,0,6429,255,1,272872,68,68,0,1,58,257314,0,1,255,272872,272872,316,0,0,257314,0,0,4,266368,67,0,72954,0,1,1,229,272872,72954,255,215871,0,272872,8,0,0,68,0,0,4202624,57,4,537,2,263424,50,257314,255,951,239595,2,0,122,0,11,272872,50,68,0,215871,0,1,0,257314,272872,1935,537,0,67,2,0
Jahn Regensburg,225,0,1,1,15,4,0,245543,3,1,0,255,64,4,0,0,2,175,0,270514,-1,1,-1,1,12,64,255,225,5,-1,5820,0,64,532480,0,15210,225,255,270514,63,64,0,1,1,80194,0,1,225,270514,244280,316,0,0,80194,0,0,2,528384,63,0,270514,3,1,1,111239,244280,257051,225,270514,0,270514,3,0,0,63,0,0,270336,227,4,543,2,213644,30,80194,225,615,257051,7,0,91,0,11,245543,48,64,0,245543,0,1,0,80194,244280,1907,543,0,63,2,0
Sligo Rovers,220,0,1,0,0,3,0,241582,2,0,0,8,60,7,0,0,2,255,0,241582,-1,1,-1,0,-8,59,22,220,255,-1,947,0,60,270656,0,4000,220,210,241582,58,59,0,1,0,261454,0,0,220,241582,241582,316,0,0,261454,0,0,2,528704,58,3,261677,0,1,1,445,241582,261677,220,241582,0,261454,4,0,0,58,0,0,4202816,242,4,563,2,228292,50,261454,220,455,270374,6,0,23,0,255,266209,54,59,0,266209,0,1,0,261454,241582,1928,563,0,58,2,5
Fluminense,230,0,0,-3,67,1,0,230271,5,0,0,255,72,9,1,0,7,182,1,230337,-1,2,-1,1,-43,72,255,230,38,-1,219990,0,72,132097,0,78838,230,255,230337,74,72,0,2,112,230507,0,0,230,230337,230271,316,0,0,230507,0,0,2,4202497,72,4,230466,3,1,8,1043,230337,230278,230,230466,1,230278,3,0,0,74,0,0,132097,5,4,567,1,230530,65,230507,230,402,230278,8,0,184,0,6,230271,-22,72,0,230271,0,1,0,230507,230337,1902,567,0,72,2,1
Cruzeiro,245,0,5,-3,170,1,0,230318,6,0,0,255,71,6,0,0,7,255,1,234015,-1,1,-1,1,-44,72,255,245,255,-1,219000,0,71,132165,0,61846,245,255,234015,75,72,0,1,52,230502,0,1,245,234015,230465,316,0,0,230502,0,0,5,4202565,73,4,230515,1,1,6,1035,230252,230465,245,230515,2,230502,7,0,0,75,0,0,132165,4,4,568,1,230452,65,230502,245,44,230465,6,0,184,0,255,234015,-20,72,0,234015,0,1,0,230502,230252,1921,568,0,73,2,6
Vasco da Gama,230,0,0,-3,255,1,0,230434,6,1,0,250,69,4,1,0,7,1,1,230275,-1,1,-1,1,-43,70,250,230,1,-1,189990,0,69,4195392,0,21880,230,250,230275,70,70,1,1,255,230302,0,0,230,230275,230275,316,1,0,230302,0,0,3,270400,70,4,230275,1,1,3,1043,234023,230275,230,236170,1,230302,2,0,0,70,0,0,4195392,255,4,569,1,230434,50,230302,230,402,236172,5,0,111,0,1,234023,-22,70,0,236170,0,1,0,230302,234023,1898,569,0,70,2,1
Málaga CF,40,0,0,1,170,4,0,235312,6,0,0,195,69,7,0,0,2,255,0,276949,-1,1,-1,2,-4,69,140,50,255,-1,70000,0,69,4202496,0,30044,92,83,276949,71,69,0,1,90,246276,0,2,40,276949,276949,316,0,0,246276,0,0,2,266240,67,0,258494,1,2,1,110832,276949,265812,92,258494,0,74554,3,0,0,71,0,0,4202496,25,4,573,2,74210,50,246276,50,298,265812,2,0,69,0,255,74554,36,69,0,74554,0,1,0,246276,276949,1994,573,0,67,2,0
Holstein Kiel,160,0,0,1,151,4,0,212321,3,1,0,49,68,5,1,0,2,255,0,251834,-1,1,-1,1,10,69,1,160,255,-1,22400,0,68,532482,0,15034,170,226,251834,68,69,0,1,83,262946,0,1,160,251834,251834,316,0,0,262946,0,0,2,528386,69,1,73125,3,1,1,110329,251834,84388,170,73125,0,76106,5,0,0,68,0,0,270338,1,4,576,2,277767,30,262946,160,642,84388,6,0,27,0,255,271993,54,69,0,271993,0,1,0,262946,251834,1900,576,0,69,2,0
SV Elversberg,146,0,8,1,255,4,0,262591,2,0,0,255,69,6,1,0,2,1,0,261745,-1,1,-1,1,7,68,255,146,1,-1,11500,0,69,4195328,0,10000,146,255,261745,65,68,0,1,255,76133,0,1,146,261745,261745,316,0,0,76133,0,0,2,270336,68,0,262978,0,1,1,523,261745,260925,146,262978,0,76133,6,0,0,65,0,0,4195328,255,4,580,1,246301,50,76133,146,910,260925,3,0,27,0,1,243904,49,68,0,243904,0,1,0,76133,261745,1907,580,0,68,2,0
FC Schweinfurt 05,255,0,0,1,50,4,0,202087,4,0,0,60,61,5,0,0,2,255,0,202087,-1,1,-1,1,10,63,120,255,255,-1,1650,0,61,270336,0,15060,255,1,202087,63,62,0,1,129,255072,0,1,255,202087,202087,316,0,0,255072,0,0,6,528384,63,0,276168,3,1,1,171,202087,244707,255,276168,0,202087,1,0,0,63,0,0,4202496,1,4,583,2,259854,50,255072,255,972,244707,1,0,91,0,255,244027,50,62,0,244027,0,1,0,255072,202087,1905,583,0,63,2,0
São Paulo,230,0,0,-3,0,1,0,230244,7,1,0,1,72,8,0,0,7,255,1,230521,-1,2,-1,1,-46,73,1,230,255,-1,234990,0,72,132224,0,66795,230,1,230521,73,73,1,2,0,230521,0,0,230,230521,230222,316,1,0,230521,0,0,3,4202624,73,6,230370,1,1,8,1041,230242,236147,230,230370,3,230521,9,0,0,73,0,0,132224,250,4,598,1,230414,65,230521,230,434,236147,7,0,184,0,255,230432,-23,73,0,230432,0,1,0,230521,230242,1930,598,1,73,2,1
Al Hilal,1,0,0,3,204,8,0,210602,9,0,0,153,79,2,1,0,9,255,0,223848,-1,2,-1,1,46,78,1,1,255,-1,196280,0,79,4195464,0,26090,1,1,223848,78,78,0,2,1,165153,0,1,1,223848,224293,316,0,0,165153,0,0,3,270472,75,19,223848,1,1,7,112139,224293,223848,1,220075,0,165153,10,0,0,78,0,1,132232,1,4,605,1,232656,50,165153,1,405,222737,10,4,67,0,255,210602,24,78,0,220075,0,1,0,165153,210602,1957,605,0,75,2,11
Al Ittihad,52,0,0,3,1,8,0,209499,8,0,0,255,76,5,1,0,9,1,1,241852,-1,2,-1,1,39,74,255,80,1,-1,113380,0,76,4202625,0,60342,53,255,241852,76,74,0,2,255,235410,0,1,52,241852,241852,316,0,0,235410,0,0,5,266369,72,10,225953,1,1,6,112387,241852,241852,53,225953,0,209499,10,0,0,76,0,1,4202625,255,4,607,2,260977,50,235410,80,232,209499,10,4,67,0,1,234906,21,74,0,234906,0,1,0,235410,241852,1927,607,0,72,2,10
Livingston,1,0,30,0,1,3,0,190180,1,0,0,1,64,3,1,0,2,255,1,215420,-1,1,-1,0,-3,64,240,1,1,-1,3300,0,64,264208,0,9512,1,255,215420,63,64,0,1,1,222932,0,2,1,215420,215420,316,0,0,222932,0,0,2,526352,62,0,243841,15,1,1,81,215420,243841,1,278598,0,215420,2,0,0,63,0,0,4198416,1,4,621,3,193957,50,222932,1,673,246872,3,0,173,0,215,215420,55,64,0,278598,0,2,0,222932,215420,1995,621,0,62,1,0
Fortuna Sittard,185,0,0,1,50,4,0,197860,1,2,0,4,68,1,1,0,2,24,0,246960,-1,1,-1,2,5,68,4,185,90,-1,32500,0,68,4202504,0,12511,185,4,246960,68,68,1,1,240,239378,0,2,185,246960,246960,316,0,0,239378,0,0,2,266248,67,0,79242,1,2,1,1904,246960,246960,185,240271,0,246960,5,0,0,68,0,0,4202504,240,4,634,2,258823,50,239378,185,677,261249,4,0,30,0,160,275858,50,68,0,240271,0,2,0,239378,275858,1968,634,0,67,2,2
FC Volendam,150,0,0,1,0,4,0,227537,2,0,0,1,67,7,0,0,2,5,0,239012,-1,1,-1,2,5,66,100,150,5,-1,23750,0,67,270400,0,6800,150,255,239012,66,66,0,1,125,254503,0,2,150,239012,221907,316,0,0,254503,0,0,1,528448,66,0,239012,15,2,1,100638,221907,239012,150,221907,0,227537,5,0,0,66,0,0,4202560,250,4,645,2,226677,50,254503,150,906,79397,1,0,30,0,5,227537,52,66,0,227537,0,2,0,254503,221907,1920,645,0,66,2,0
Sp. Charleroi,202,0,8,1,5,4,0,73348,4,2,0,1,70,5,0,0,2,255,0,73348,-1,1,-1,1,4,69,1,204,255,-1,37000,0,70,4202568,0,15000,206,1,73348,69,69,1,1,5,227667,0,1,202,73348,73348,316,0,0,227667,0,0,1,266312,69,0,277975,1,1,4,232,73348,243953,206,277975,0,73348,4,0,0,69,0,0,4202568,5,4,670,2,270636,50,227667,204,103,243953,5,0,122,0,255,274701,50,69,0,274701,0,1,0,227667,73348,1904,670,0,69,2,0
KRC Genk,55,0,3,1,186,4,0,229659,6,2,0,255,73,8,0,0,2,255,0,260570,-1,2,-1,1,5,73,255,72,255,-1,130000,0,73,4195352,0,24956,186,255,260570,71,73,1,2,72,266616,0,1,55,260570,260570,316,0,0,266616,0,0,3,270360,74,4,229659,1,1,5,680,260570,260570,186,70496,0,260570,8,0,0,71,0,0,4195352,55,4,673,1,222875,50,266616,72,179,270995,9,1,122,0,255,70497,51,73,0,70496,0,1,0,266616,70497,1988,673,0,74,2,5
KAA Gent,255,0,0,1,183,4,0,204549,6,1,0,23,71,6,0,0,2,255,1,266681,-1,1,-1,1,3,70,228,255,255,-1,147000,0,71,525442,0,20000,255,213,266681,70,70,0,1,58,239589,0,1,255,266681,266681,316,0,0,239589,0,0,3,532610,70,1,251633,1,1,5,231,266681,271953,255,251633,0,239589,6,0,0,70,0,0,263298,1,4,674,1,260432,30,239589,255,181,271953,8,0,122,0,255,264201,51,70,0,264201,0,1,0,239589,266681,1900,674,0,70,2,4
STVV,202,0,38,1,19,4,0,71641,3,0,0,70,70,3,1,0,2,0,0,232490,-1,1,-1,1,5,69,41,204,250,-1,40000,0,70,525312,0,14600,206,46,232490,64,69,0,1,238,76570,0,1,202,232490,232490,316,0,0,76570,0,0,2,532480,68,0,271219,15,1,3,673,232490,271219,206,266831,0,76570,3,0,0,64,0,0,263168,249,4,680,1,270923,30,76570,204,451,235799,5,0,122,0,0,232490,50,69,0,266831,0,1,2,76570,232490,1924,680,0,68,2,0
KVC Westerlo,200,0,38,1,0,4,0,235661,3,0,0,20,69,3,0,0,2,14,0,235661,-1,1,-1,1,5,69,224,200,181,-1,55000,0,69,532545,0,8035,200,229,235661,67,68,0,1,244,271979,0,1,200,235661,235661,316,0,0,271979,0,0,4,528449,68,0,255558,0,1,1,110724,235661,251575,200,235661,0,271979,7,0,0,67,0,1,270401,249,0,681,2,251466,30,271979,200,526,251575,3,0,122,0,113,263496,51,68,0,263496,0,1,0,271979,235661,1933,681,0,68,2,1
Columbus Crew,1,0,0,-5,0,6,0,266390,5,0,0,0,70,5,1,0,2,12,0,245855,-1,1,-1,0,-83,70,240,1,12,-1,194000,0,70,132250,0,20000,1,255,245855,71,70,0,1,240,241907,0,1,1,245855,245855,316,0,0,241907,0,0,1,4202650,68,3,274535,0,1,2,113149,245855,70155,1,274535,0,241907,7,0,0,71,0,0,132250,255,4,687,1,246106,65,241907,1,114,70155,10,4,134,0,12,242515,39,70,0,242515,0,1,0,241907,245855,1996,687,0,68,1,1
D.C. United,1,0,0,-5,1,6,0,266805,5,0,0,36,65,4,0,0,2,255,0,71914,-1,1,-1,0,-76,67,47,1,255,-1,277000,0,65,532618,0,20000,1,239,254841,71,67,0,1,1,277301,0,1,1,71914,268685,316,0,0,277301,0,0,2,528522,67,4,256215,3,1,3,689,254841,256215,1,71914,0,263180,2,0,0,71,0,0,270474,1,4,688,2,268685,30,277301,1,522,242302,7,4,134,0,255,263180,38,67,0,263180,0,1,0,277301,71914,1995,688,0,67,2,3
Red Bulls,255,1,0,-5,29,6,0,208448,5,0,0,62,66,7,0,0,2,255,0,208448,-1,1,-1,0,-74,67,42,1,255,-1,261000,0,66,66688,0,25000,1,31,208448,69,67,0,1,0,255335,0,1,255,208448,208448,316,0,1,226803,0,0,1,139392,62,0,268402,1,1,4,112828,84119,268402,1,247325,0,208448,5,0,0,69,0,0,66688,246,4,689,1,77455,90,183569,1,210,275294,7,4,134,0,255,208448,40,67,0,247325,0,1,0,84119,208448,1995,689,0,62,1,0
New England,38,0,0,-5,84,6,0,210930,5,0,0,52,70,5,0,0,2,255,0,210930,-1,1,-1,0,-71,69,22,52,255,-1,170500,0,70,4202632,0,20000,84,235,210930,69,69,0,1,52,70892,0,1,38,210930,270107,316,0,0,70892,0,0,2,266376,66,0,269005,15,1,3,689,210930,270107,84,247874,0,210930,5,0,0,69,0,0,4202632,38,4,691,2,266682,50,70892,52,166,226793,5,4,134,0,255,210930,42,69,0,270107,0,1,2,70892,247874,1995,691,0,66,2,1
Chicago Fire FC,12,0,0,-6,29,6,0,238008,4,0,0,106,69,3,0,0,2,255,0,219951,-1,1,-1,0,-87,70,38,12,255,-1,285500,0,69,525584,0,24955,12,15,215443,76,70,0,1,0,225085,0,1,12,219951,215443,316,0,0,225085,0,0,2,532752,67,1,228312,3,1,1,691,219951,228312,12,215443,0,233630,4,0,0,76,0,0,263440,246,4,693,1,273550,30,225085,12,607,78452,4,4,134,0,255,233630,41,70,0,233630,0,1,0,225085,215443,1997,693,0,67,2,4
Colorado Rapids,129,0,0,-7,14,6,0,234777,3,0,0,14,68,3,0,0,2,153,1,260523,-1,1,-1,0,-104,68,1,1,255,-1,160000,0,68,132416,0,18061,14,155,260523,71,68,0,1,1,237000,0,1,129,260523,260523,316,0,0,228295,0,0,1,4202816,67,1,256934,1,1,1,111065,247612,277794,14,247612,0,260523,7,0,0,71,0,0,132416,129,4,694,1,231985,65,228295,1,115,276207,4,4,134,0,204,260523,39,68,0,277794,0,1,0,231985,260523,1995,694,0,67,2,0
FC Dallas,1,0,0,-6,0,6,0,215643,3,0,0,127,68,6,0,0,2,255,0,244797,-1,1,-1,0,-96,68,62,62,255,-1,168000,0,68,270344,0,20500,127,1,244797,71,67,0,1,0,244797,0,1,1,215643,273577,316,0,0,244797,0,0,2,528392,65,0,254067,1,1,2,698,273577,273577,127,254067,0,244797,7,0,0,71,0,0,4202504,220,4,695,2,215643,50,244797,62,169,78172,6,4,134,0,255,256194,33,67,0,256194,0,1,0,244797,273577,1995,695,0,65,1,2
Sporting KC,118,0,0,-6,191,6,0,251105,6,0,0,255,65,8,0,0,2,12,0,223978,-1,1,-1,0,-94,65,255,156,43,-1,182500,0,65,532562,0,18467,191,255,223978,75,65,1,1,156,251105,0,1,118,223978,223978,316,0,0,251105,0,0,2,528466,62,2,261604,1,1,2,698,240226,240226,191,261604,0,251105,5,0,0,75,0,0,270418,118,4,696,2,82378,30,251105,156,240,77490,7,4,134,0,24,223978,39,65,0,223978,0,1,0,251105,240226,1995,696,0,62,2,4
LA Galaxy,1,0,0,-8,255,6,0,188350,8,0,0,0,70,4,0,0,2,0,0,188350,-1,1,-1,0,-118,70,210,1,93,-1,850000,0,70,525568,0,27000,1,255,188350,72,70,0,1,255,242998,0,1,1,188350,188350,316,0,0,242998,0,0,2,532736,68,6,247509,1,1,6,112996,70822,188350,1,247509,0,242998,2,0,0,72,0,0,263424,255,4,697,1,258095,30,242998,1,97,77474,10,0,134,0,36,241162,34,70,0,241162,0,1,0,242998,188350,1995,697,0,68,2,2
Houston Dynamo,255,0,16,-6,50,6,0,209597,5,0,0,1,71,4,1,0,2,255,0,260479,-1,1,-1,0,-95,70,1,114,255,-1,188000,0,71,4195460,0,22039,50,1,260479,73,70,0,1,114,220715,0,1,255,234819,260479,316,0,0,220715,0,0,2,270468,69,2,213948,1,1,2,695,234819,234819,50,213948,0,220715,6,0,0,73,0,0,4195460,255,4,698,1,232255,50,220715,114,220,156519,4,1,134,0,255,247351,30,70,0,247351,0,1,0,220715,234819,2005,698,0,69,1,2
IF Elfsborg,1,0,0,1,36,7,0,209063,3,0,0,30,68,6,0,0,2,1,0,221919,-1,1,-1,1,12,67,255,1,1,-1,13000,0,68,270470,0,16200,1,255,221919,65,67,0,1,220,221919,0,1,1,221919,221919,316,0,0,221919,0,0,3,528518,67,6,266927,15,1,3,319,236427,192102,1,266927,0,209061,6,0,0,65,0,0,4202630,249,4,700,2,70124,50,221919,1,62,192102,7,0,97,0,1,254275,57,67,0,254275,0,1,2,221919,236427,1904,700,0,67,2,3
IFK Norrköping,169,0,0,1,126,7,0,202905,3,0,0,223,66,7,0,0,2,255,1,211177,-1,1,-1,1,16,65,95,169,255,-1,8000,0,66,532490,0,16000,169,32,211177,67,64,0,1,68,202905,0,1,169,211177,211177,316,0,0,202905,0,0,3,528394,64,13,159996,15,1,2,320,211177,159996,169,160121,0,202905,3,0,0,67,0,0,270346,17,4,702,2,213813,30,202905,169,349,77761,5,0,97,0,255,211177,58,64,0,160121,0,1,2,202905,211177,1897,702,0,64,1,6
Hammarby IF,169,0,0,1,33,7,0,197240,4,0,0,24,69,6,0,0,2,255,0,197240,-1,1,-1,1,18,68,77,169,255,-1,19000,0,69,4195464,0,30000,169,1,197240,68,68,1,1,97,256326,0,1,169,197240,197240,316,0,0,256326,0,0,6,270472,68,1,223379,15,1,3,710,197240,266337,169,263761,0,197240,8,0,0,68,0,0,4195464,1,4,708,1,243284,50,256326,169,464,275290,9,0,97,0,255,197240,59,68,0,263761,0,1,2,256326,197240,1889,708,0,68,1,1
Djurgårdens IF,169,0,0,1,255,7,0,223907,4,0,0,210,67,5,0,0,2,47,0,70087,-1,1,-1,1,18,67,125,169,95,-1,20000,0,67,263304,0,30000,169,15,70087,65,67,1,1,128,256507,0,1,169,79512,76879,316,0,0,256507,0,0,2,532616,65,12,70096,15,1,3,433,70087,70096,169,234522,0,256507,8,0,0,65,0,0,4195464,1,4,710,1,242062,50,256507,169,464,76879,9,0,97,0,62,79512,59,67,0,234522,0,1,2,256507,79512,1891,710,0,65,2,5
BK Häcken,169,0,18,1,1,7,0,234488,3,0,0,255,68,7,0,0,2,1,0,234488,-1,1,-1,1,11,67,255,169,1,-1,16000,0,68,532480,0,6316,169,255,234488,61,67,0,1,204,272709,0,1,169,234488,234488,316,0,0,272709,0,0,1,528384,66,1,79525,15,1,2,319,234488,242166,169,79525,0,242166,7,0,0,61,0,0,270336,255,4,711,2,70007,30,272709,169,218,242166,8,0,97,0,1,70838,57,67,0,70838,0,1,2,272709,234488,1940,711,0,66,1,4
FC Alverca,255,0,0,0,220,4,0,199577,2,0,0,220,66,2,0,0,2,255,0,262416,-1,1,-1,1,-9,68,90,255,0,-1,8000,0,66,532480,0,2541,255,10,262416,70,68,0,1,90,262416,0,0,255,262416,262416,316,0,0,262416,0,0,3,528384,68,0,70671,1,1,1,718,262416,70671,255,233585,0,262416,2,0,0,70,0,0,270336,10,4,717,2,254230,30,271683,255,973,267958,1,0,36,0,0,271683,38,68,0,233585,0,1,0,262416,262416,1939,717,0,68,2,0
Estrela Amadora,255,0,0,0,63,4,0,244193,2,0,0,255,65,1,0,0,2,214,0,244193,-1,1,-1,1,-9,68,255,255,18,-1,15000,0,65,528448,0,5223,255,255,244193,68,68,0,1,146,244193,0,1,255,244193,244193,316,0,0,244193,0,0,1,526400,66,0,72808,1,0,1,10020,244193,72808,255,264450,0,244193,4,0,0,68,0,0,270400,0,4,718,3,76743,30,229683,255,929,79704,2,0,36,0,2,229683,38,68,0,264450,0,1,0,244193,244193,2020,718,0,66,1,0
Antalyaspor,255,0,1,3,31,5,0,194077,5,0,0,255,68,5,0,0,9,255,0,278159,-1,1,-1,0,30,68,255,255,255,-1,31000,0,68,532545,0,32539,255,255,278159,69,68,0,1,23,204370,0,1,255,278159,228120,316,0,0,204370,0,0,2,528449,68,0,240628,12,1,2,113142,278159,240628,255,278159,0,212205,2,0,0,69,0,0,270401,168,4,741,2,266050,30,204370,255,20,234129,4,4,89,0,255,212205,36,68,0,212205,0,1,0,204370,278159,1966,741,0,68,1,0
Rio Ave FC,1,0,0,0,10,4,0,244287,3,0,0,255,68,6,0,0,2,255,0,263279,-1,1,-1,1,-8,69,255,1,255,-1,22000,0,68,4198468,0,5244,1,255,263279,65,69,0,1,110,279909,0,1,1,263279,263279,316,0,0,279909,0,0,4,264260,69,0,83220,3,1,2,1887,263279,83220,1,261145,0,263279,7,0,0,65,0,0,4202564,0,4,744,3,276159,50,279909,1,516,72863,4,0,36,0,255,263279,41,69,0,261145,0,1,0,279909,263279,1939,744,0,69,2,0
Samsunspor,1,0,1,3,29,5,0,223134,4,0,0,29,71,3,0,0,9,255,0,223134,-1,1,-1,1,36,71,18,1,255,-1,39000,0,71,132096,0,33919,1,235,223134,70,71,0,1,18,244685,0,1,1,223134,223134,316,0,0,244685,0,0,3,4202496,70,0,239045,1,0,3,436,223134,251401,1,239045,0,218745,8,0,0,70,0,0,132096,235,4,748,1,218745,65,244685,1,924,251401,4,0,89,0,255,240040,41,71,0,240040,0,1,0,244685,223134,1965,748,0,70,2,0
Waterford,50,0,3,0,192,3,0,183807,2,0,0,201,59,2,0,0,2,252,0,261876,-1,1,-1,0,-7,59,110,115,252,-1,950,0,59,264272,0,5500,220,45,261876,60,59,0,1,88,183807,0,0,50,261876,261876,316,0,0,183807,0,0,1,526416,57,6,263030,1,0,1,422,261876,263030,220,261876,0,183807,3,0,0,60,0,0,4198480,29,4,753,3,274451,50,183807,115,663,71148,4,0,23,0,252,258532,52,59,0,258532,0,0,0,183807,261876,1930,753,0,57,2,2
SV Oberbank Ried,255,0,0,1,94,4,0,204922,5,0,0,255,65,5,1,0,2,1,1,78797,-1,1,-1,1,13,65,255,255,1,-1,10000,0,65,270340,0,7300,255,255,263049,65,65,0,1,123,70049,0,1,255,78797,238086,316,0,0,70049,0,0,1,528388,65,0,238086,1,1,1,252,263049,263049,255,276129,0,263049,3,0,0,65,0,0,4202500,4,4,780,2,256545,50,70049,255,401,275446,3,0,31,0,1,78797,48,65,0,276129,0,1,0,70049,78797,1912,780,0,65,2,2
F.C. København,220,0,0,1,187,7,0,193283,6,0,0,177,71,5,1,0,2,255,1,203362,-1,1,-1,1,12,71,74,220,255,-1,55000,0,71,66712,0,38065,220,10,246014,73,71,1,1,76,203362,0,1,220,203362,203362,316,0,0,203362,0,0,2,139416,71,16,193283,1,1,4,269,246014,193283,220,263672,0,224389,8,0,0,73,0,0,66712,9,4,819,1,224389,90,240833,220,248,235636,10,0,6,0,255,240833,55,71,0,263672,0,1,0,203362,203362,1992,819,0,71,2,10
Vejle Boldklub,255,0,15,1,25,7,0,177373,2,0,0,255,64,6,0,0,2,255,1,217845,-1,1,-1,1,9,65,255,255,255,-1,4000,0,64,139328,0,11060,255,255,217845,65,65,0,1,25,264822,0,1,255,217845,217845,316,0,0,264822,0,0,1,4198464,65,5,259134,0,1,1,271,217845,217845,255,259134,0,264822,4,0,0,65,0,0,139328,196,4,822,2,204017,65,264822,255,690,77090,1,0,6,0,255,257399,55,65,0,257399,0,1,0,264822,217845,1891,822,0,65,2,6
Shelbourne,10,0,1,0,25,3,0,205139,3,0,0,28,62,4,0,0,2,255,0,205139,-1,1,-1,1,-6,62,39,60,255,-1,942,0,62,132416,0,4450,40,222,205139,61,62,1,1,25,230722,0,0,10,205139,254158,316,0,0,230722,0,0,1,4202816,61,14,263840,1,1,1,305,254158,77433,40,263840,0,205139,2,0,0,61,0,0,132416,255,4,834,1,274390,65,230722,60,143,77433,4,0,23,0,255,263650,53,62,0,263650,0,1,0,230722,254158,1895,834,0,61,2,7
Lech Poznań,120,0,0,1,156,5,0,206626,5,1,0,198,69,9,0,0,2,255,1,258276,-1,1,-1,1,16,70,121,120,255,-1,16588,0,69,4195474,0,42837,120,65,258276,74,70,0,1,81,206626,0,1,120,261108,258276,316,0,0,206626,0,0,1,270482,68,9,237371,1,1,4,1871,258276,220912,120,237371,0,206626,7,0,0,74,0,0,4195474,0,4,873,1,267467,50,206626,120,388,220912,10,0,93,0,255,259105,52,70,0,259105,0,1,0,206626,261108,1922,873,0,68,2,5
FC Zürich,230,0,0,1,230,4,0,204842,6,0,0,129,64,6,0,0,2,255,1,246168,-1,1,-1,1,8,66,56,230,255,-1,20900,0,64,139264,0,26104,230,33,246168,64,66,0,1,155,251381,0,1,230,246168,246168,316,0,0,251381,0,0,5,4198400,65,13,83431,0,1,5,322,246168,83431,230,246168,0,246168,5,0,0,64,0,0,139264,1,4,894,2,71151,65,251381,230,539,264433,7,0,71,0,255,76579,47,66,0,76579,0,1,0,251381,246168,1896,894,0,65,2,10
FC Basel 1893,110,1,0,1,22,4,0,193348,7,3,0,169,71,7,1,0,2,1,0,193348,-1,1,-1,1,7,71,7,110,129,-1,70800,0,71,4195602,0,38512,110,1,193348,68,71,0,1,4,222352,0,1,110,193348,239016,316,0,0,222352,0,0,3,270610,70,21,270828,3,1,7,900,193348,270828,110,260651,0,193348,5,0,0,68,0,0,4195602,230,5,896,1,262062,50,222352,110,41,247599,10,0,71,0,7,193348,47,71,0,260651,0,1,0,222352,193348,1893,896,0,70,2,14
FC Luzern,180,0,3,1,170,4,0,231039,4,0,0,255,65,4,0,0,2,255,0,256980,-1,1,-1,1,8,66,255,180,255,-1,27000,0,65,270464,0,16490,180,255,256980,67,66,0,1,98,275090,0,1,180,256980,256980,316,0,0,275090,0,0,2,528512,66,1,244592,1,1,2,898,256980,244592,180,256980,0,256980,3,0,0,67,0,0,4202624,0,4,897,2,257344,50,275090,180,292,80094,5,0,71,0,255,80138,47,66,0,80138,0,1,0,275090,256980,1901,897,0,66,2,3
FC St. Gallen,20,0,25,1,88,4,0,228645,5,0,0,88,68,5,0,0,2,255,1,228645,-1,1,-1,1,9,68,168,20,255,-1,22850,0,68,4202626,0,19568,20,45,228645,65,68,0,1,148,261444,0,1,20,228645,228645,316,0,0,261444,0,0,2,266370,67,2,245428,3,1,5,897,228645,258784,20,245428,0,75654,4,0,0,65,0,0,4202626,45,4,898,2,252183,50,261444,20,461,258784,7,0,71,0,255,75654,47,68,0,75654,0,1,0,261444,228645,1879,898,0,67,2,1
BSC Young Boys,102,1,12,1,0,4,0,193468,7,3,0,0,72,6,0,0,2,1,0,234913,-1,1,-1,1,7,71,219,102,1,-1,81300,0,72,4198528,0,31120,102,255,234913,71,71,0,1,209,245716,0,1,102,234913,234913,316,0,0,245716,0,0,3,264320,69,17,258924,15,1,6,896,234913,234913,102,258924,0,245716,5,0,0,71,0,0,4202624,255,4,900,3,251617,50,245716,102,48,215556,9,0,71,0,1,260272,46,71,0,260272,0,1,2,245716,234913,1898,900,0,69,2,8
FK Bodø/Glimt,250,0,0,1,1,7,0,222227,5,0,0,1,72,7,0,0,2,1,1,222227,-1,2,-1,1,14,71,210,250,1,-1,24000,0,72,4195464,0,8200,250,235,222227,73,71,1,2,228,233848,0,1,250,222227,222227,316,0,0,233848,0,0,3,270472,70,4,258892,15,1,4,418,222227,225077,250,258892,0,225077,8,0,0,73,0,0,4195464,255,4,918,1,256598,50,233848,250,58,225077,10,0,199,0,1,243203,67,71,0,243203,0,1,2,233848,222227,1916,918,0,70,2,2
SK Brann,1,0,1,1,25,7,0,238263,5,0,0,12,68,4,0,0,2,255,0,241474,-1,1,-1,1,5,68,10,1,255,-1,10000,0,68,132232,0,17500,1,245,225251,68,68,0,1,19,241474,0,1,1,241474,225251,316,0,0,241474,0,0,3,4202632,68,3,237937,1,1,2,298,225251,237937,1,209264,0,225251,7,0,0,68,0,0,132232,204,4,919,1,233705,65,258710,1,46,271156,9,0,199,0,255,258710,60,68,0,209264,0,1,0,241474,241474,1908,919,0,68,1,7
Vålerenga Fotball,1,0,0,1,202,7,0,214877,4,0,0,255,65,8,0,0,2,226,0,245270,-1,1,-1,1,10,66,255,1,63,-1,9000,0,65,264192,0,16556,1,255,76478,66,66,0,1,46,79810,0,1,1,245270,245270,316,0,0,79810,0,0,2,526336,66,5,243817,15,1,2,919,245270,76478,1,243817,0,243817,6,0,0,66,0,0,4198400,25,4,920,3,243283,50,79810,1,361,76478,5,0,199,0,31,214877,59,66,0,214877,0,1,2,79810,245270,1913,920,0,66,2,4
Strømsgodset IF,250,0,0,1,102,7,0,203363,3,0,0,5,63,6,1,0,2,255,0,205291,-1,1,-1,1,10,63,36,250,255,-1,6000,0,63,264192,0,8935,250,198,205291,63,63,0,1,51,264745,0,1,250,205291,205291,316,0,0,264745,0,0,2,526336,66,2,201967,15,1,1,920,205291,72013,250,201967,0,205291,6,0,0,63,0,0,4198400,51,4,922,3,247821,50,264745,250,142,72013,3,0,199,0,255,79574,59,63,0,79574,0,1,2,264745,205291,1907,922,0,66,2,5
Korea Republic,255,0,0,9,1,2,0,221671,0,0,0,255,74,0,1,0,2,1,0,200104,-1,2,-1,0,126,75,255,255,204,-1,0,0,74,4198400,0,69950,255,255,245054,79,75,0,2,1,71106,0,1,255,245054,245054,316,0,0,237086,0,0,5,266240,74,0,228010,0,0,5,1411,228010,261062,255,228010,0,261115,0,0,0,79,0,0,139264,204,4,974,3,71106,50,221671,255,443,227659,10,0,6,0,1,221671,37,75,0,237086,0,0,0,248188,245054,1933,974,0,74,1,0
Daejeon Hana,136,0,0,9,108,2,0,213189,7,0,0,0,68,7,0,0,4,136,0,237091,-1,1,-1,0,127,68,223,124,2,-1,12650,0,68,132097,0,40535,108,248,237091,68,68,0,1,124,251580,0,0,37,237091,237091,316,0,0,251580,0,0,4,4202497,68,0,256370,1,0,1,982,237091,260474,2,256370,0,213189,9,0,0,68,0,0,132097,37,4,980,1,238098,65,251580,37,131,260474,5,4,29,0,37,213189,36,68,0,213189,0,1,0,251580,237091,1997,980,0,68,1,1
FC Seoul,1,0,4,9,1,2,0,213317,9,1,0,255,65,8,1,0,4,1,0,234264,-1,1,-1,1,126,69,255,1,1,-1,16630,0,65,132096,0,66704,1,255,234264,71,68,1,1,1,236757,0,1,255,234264,248188,316,0,0,236757,0,0,4,4202496,70,6,83061,1,1,4,112555,234264,83061,1,234264,0,236757,9,0,0,71,0,0,132096,255,4,982,1,237101,65,236757,1,443,254225,7,0,29,0,1,248188,37,68,0,248188,0,1,0,236757,234264,1983,982,0,70,2,2
San Lorenzo,255,0,23,-3,63,1,0,227900,7,2,0,63,68,6,0,0,7,217,0,260593,-1,1,-1,1,-58,70,44,255,17,-1,135000,0,68,132360,0,47964,255,29,260593,70,70,1,1,44,251030,0,0,255,75653,245249,316,1,0,251030,0,0,3,4202760,62,15,274081,3,1,5,111711,260593,227900,255,274081,1,251030,3,0,0,70,0,0,132360,29,4,1013,1,75653,65,251030,255,82,227900,7,0,190,0,27,79782,-34,70,0,79782,0,1,0,251030,245249,1908,1013,1,62,2,0
Atlético Mineiro,255,0,0,-3,1,1,0,230225,6,1,0,255,75,5,0,0,7,255,1,230463,-1,2,-1,1,-44,75,255,255,255,-1,219990,0,75,132232,0,44892,255,255,230463,77,75,0,2,1,230347,0,1,255,230463,230463,316,0,0,230347,0,0,4,4202632,76,3,236142,1,1,8,568,230463,236142,255,230463,1,230384,10,0,0,77,0,0,132232,1,4,1035,1,230453,65,230347,255,44,230349,8,0,184,0,255,230384,-19,75,0,230384,0,1,0,230347,230463,1908,1035,0,76,2,2
Corinthians,250,0,8,-3,30,1,0,230258,8,2,0,250,72,5,1,0,7,250,1,230364,-1,2,-1,1,-46,73,250,250,250,-1,225000,0,72,4195592,0,47605,250,250,230364,75,73,2,2,30,230442,0,1,250,230364,230364,316,1,0,230442,0,0,4,270600,74,7,230429,3,0,7,383,230364,230364,250,230429,1,230442,3,0,0,75,0,0,4195592,30,4,1041,1,230258,50,230442,250,434,230451,7,0,184,0,250,230470,-23,73,0,230470,0,1,0,230442,230364,1910,1041,0,74,2,3
Flamengo,230,0,0,-3,15,1,0,230430,8,1,0,255,76,8,0,0,7,1,1,230406,-1,2,-1,1,-43,76,255,230,1,-1,275010,0,76,66708,0,78838,230,255,230406,77,76,2,2,0,230449,1,0,230,230406,230430,316,1,0,230449,0,0,4,139412,75,8,230346,3,1,9,567,230406,230346,230,230460,3,230430,9,0,0,77,0,0,66708,215,4,1043,1,230245,90,230449,230,402,230426,10,0,184,0,1,230430,-22,76,0,230430,0,1,0,230449,230460,1895,1043,0,75,2,5
Santos,70,0,0,-3,255,1,0,230375,6,0,0,1,72,10,0,0,7,1,1,230274,-1,2,-1,1,-46,74,1,70,1,-1,160000,0,72,4198472,0,16068,70,1,230274,74,74,0,2,255,230497,0,1,70,230274,230274,316,0,0,230497,0,0,3,264264,75,8,230355,3,0,7,1041,230274,230355,70,230274,3,230497,8,0,0,74,0,0,4202568,255,4,1053,3,230531,50,230497,70,433,230267,6,0,111,0,1,233982,-23,74,0,233982,0,1,0,230497,230274,1912,1053,0,75,2,1
England,1,0,0,0,255,3,0,252371,0,2,0,255,85,0,1,0,2,241,0,238074,-1,3,-1,0,0,84,255,1,6,-1,0,0,85,131648,0,90000,1,255,220697,84,84,0,3,255,231281,0,0,1,220697,220697,316,0,0,241159,0,0,4,4202560,83,0,231677,1,0,8,1337,220697,227678,1,234378,0,246669,0,0,0,84,0,0,131648,255,4,1318,1,266127,65,241159,1,0,252371,10,0,88,0,6,231281,51,84,0,221697,0,1,0,266127,246669,1863,1318,0,83,2,0
Austria,202,0,0,1,26,4,0,197445,0,0,0,1,78,0,0,0,2,255,0,197445,-1,2,-1,1,16,78,1,204,255,-1,0,0,78,139264,0,50865,206,1,197445,76,78,0,2,9,215368,0,1,202,204923,197445,316,0,0,237985,0,0,2,4198400,79,0,233195,1,1,5,1337,239701,239701,206,233195,0,204923,0,0,0,76,0,0,132096,204,4,1322,2,263041,65,237985,204,0,197445,10,0,88,0,255,204923,48,78,0,199439,0,1,0,263041,204923,1904,1322,0,79,2,0
Belgium,1,0,0,1,57,4,0,229659,0,1,0,1,82,0,1,0,2,250,1,192985,-1,2,-1,1,4,81,1,1,69,-1,0,0,82,131584,0,50122,1,1,192985,82,81,1,2,40,202371,0,1,1,192985,192985,316,0,0,271032,0,0,3,4202496,77,0,242664,1,1,8,105035,192985,242664,1,207421,0,192985,0,0,0,82,0,0,131584,238,4,1325,1,239810,65,202371,1,0,254262,10,0,88,0,224,192985,50,81,0,207421,0,1,0,71305,192985,1895,1325,0,77,2,0
Croatia,250,0,0,1,255,5,0,275192,0,0,0,177,80,0,0,0,2,228,0,177003,-1,2,-1,1,16,79,52,250,21,-1,0,0,80,4195328,0,34198,250,4,262740,78,79,0,2,255,262740,0,1,250,262740,262740,316,0,0,256325,0,0,4,270336,80,0,276278,1,0,6,1886,262842,275192,250,276278,0,460010,0,0,0,78,0,0,132096,255,4,1328,1,223273,50,275192,250,0,207410,10,0,88,0,24,262842,43,79,0,262842,0,1,0,460038,262740,1912,1328,0,80,2,0
Czechia,1,0,0,1,34,5,0,252064,0,0,0,255,75,0,1,0,2,59,0,201262,-1,2,-1,0,14,77,255,1,163,-1,0,0,75,266240,0,21000,1,255,246618,78,77,0,2,27,244470,0,1,1,246618,246618,316,0,0,251116,0,0,1,528384,74,0,251116,3,0,4,1353,247028,252064,1,71259,0,244793,0,0,0,78,0,0,270336,225,4,1330,3,244470,30,244793,1,0,246618,10,4,6,0,90,244470,50,77,0,252064,0,1,0,267594,247028,1901,1330,0,74,1,0
Denmark,169,0,0,1,8,7,0,233301,0,0,0,8,79,0,0,0,2,255,1,244669,-1,2,-1,1,12,79,3,169,255,-1,0,0,79,4195392,0,38065,169,153,236918,78,78,0,2,4,233301,0,1,169,236918,236918,316,0,0,234472,0,0,2,270400,78,0,235244,1,0,5,1363,229723,235244,169,279015,0,241522,0,0,0,78,0,0,132160,154,4,1331,1,229723,50,232711,169,0,279015,10,0,88,0,255,233301,55,78,0,233301,0,1,0,259762,236918,1889,1331,0,78,2,0
Finland,0,0,0,2,255,7,0,220165,0,0,0,245,69,0,0,0,2,0,0,263364,-1,2,-1,0,24,70,235,102,204,-1,0,0,69,4198400,0,36200,204,255,263364,75,70,0,2,255,272648,0,1,0,263364,263364,316,0,0,254994,0,0,2,264192,64,0,247447,1,1,2,1363,232446,247447,204,232446,0,263364,0,0,0,75,0,0,4202496,255,4,1334,3,272648,50,254994,102,0,81326,10,0,88,0,102,263364,60,70,0,234291,0,1,0,247447,263364,1907,1334,0,64,2,0
France,1,0,0,1,128,4,0,219683,0,0,0,1,85,0,0,0,2,255,0,247827,-1,3,-1,0,2,86,1,1,255,-1,0,0,85,139264,0,80000,1,255,231443,87,86,0,3,73,241486,0,1,1,231443,231443,316,0,0,226851,0,0,3,4198400,85,0,231443,1,1,10,1343,264652,243854,1,270673,0,231443,0,0,0,87,0,0,131584,16,4,1335,2,236496,65,241486,1,0,219683,10,4,88,0,255,241486,48,86,0,226851,0,1,0,228618,241852,1904,1335,0,85,1,0
Germany,135,0,0,1,255,4,0,212622,0,0,0,120,84,0,1,0,2,1,0,222492,-1,3,-1,0,12,84,145,135,1,-1,0,0,84,131712,0,47800,135,15,212622,82,84,0,3,255,212622,0,1,135,222492,212622,316,0,0,213331,0,0,2,4202624,84,0,222492,1,0,9,1318,212622,222492,135,275298,0,206113,0,0,0,82,0,0,131712,255,4,1337,1,246863,65,213331,135,0,275298,10,4,88,0,1,212622,51,84,0,260926,0,1,0,227647,222492,1900,1337,0,84,2,0
Iceland,34,0,0,0,167,7,0,262088,0,0,0,11,73,0,0,0,2,255,0,262088,-1,2,-1,1,-21,71,23,139,255,-1,0,0,73,4198464,0,15000,34,221,191076,68,71,0,2,91,248168,1,1,34,262088,191076,316,0,0,226510,0,0,2,264256,69,0,262088,1,1,3,1331,262088,190640,34,262088,0,264436,0,0,0,68,0,0,4202560,36,4,1341,3,264436,50,269186,139,0,262551,10,0,6,0,255,264436,64,71,0,238004,0,1,0,264436,191076,1947,1341,0,69,1,0
Italy,250,0,0,1,187,4,0,230621,0,1,0,187,83,0,1,0,2,250,0,241096,-1,3,-1,0,12,83,107,250,250,-1,0,0,83,4202496,0,73261,250,0,277327,82,83,0,3,107,217870,0,1,250,277327,277327,316,0,0,237383,0,0,2,266240,83,0,224232,1,1,8,1335,224232,224232,250,222077,0,224232,0,0,0,82,0,0,131584,0,4,1343,2,253002,50,237383,250,0,222077,10,0,88,0,250,217870,41,83,0,229582,0,1,0,258966,224232,1898,1343,0,83,1,0
Norway,1,0,0,1,1,7,0,222665,0,0,0,210,80,0,1,0,2,255,0,229891,-1,2,-1,1,10,79,51,1,255,-1,0,0,80,4202496,0,27200,1,17,229891,81,79,0,2,5,262863,0,1,1,229891,229891,316,0,0,262863,0,0,2,266240,75,0,185422,1,0,3,1363,222665,224258,1,228092,0,222665,0,0,0,81,0,0,132096,164,4,1352,2,228092,50,262863,1,0,222227,10,0,141,0,255,229891,59,79,0,224258,0,1,0,262863,229891,1902,1352,0,75,1,0
Poland,220,0,0,1,2,5,0,220570,0,0,0,22,75,0,0,0,2,255,0,235973,-1,2,-1,0,21,77,22,1,255,-1,0,0,75,266240,0,58580,1,221,205175,82,77,0,2,2,239439,0,1,1,210406,210406,316,0,0,220570,0,0,1,528384,78,0,220570,1,1,5,1337,210406,251633,220,210406,0,205175,0,0,0,82,0,0,270336,255,4,1353,3,239439,30,205175,220,0,251633,10,0,88,0,255,252495,52,77,0,252495,0,1,0,251633,210406,1919,1353,0,78,2,0
Portugal,255,0,0,0,15,4,0,218667,0,2,0,0,86,0,0,0,2,0,0,20801,-1,3,-1,1,-9,84,130,255,2,-1,0,0,86,131584,0,68100,255,20,212198,83,84,2,3,10,210514,0,1,255,212198,212198,316,0,0,239818,0,0,5,4202496,83,0,218667,1,1,8,1362,212198,212198,255,218667,0,212198,0,0,0,83,0,0,131584,210,4,1354,1,255253,65,239818,255,0,224293,10,0,88,0,100,210514,38,84,0,257179,0,1,0,252145,212198,1914,1354,0,83,2,0
Ireland,0,0,0,0,76,3,0,248484,0,0,0,31,71,0,0,0,2,255,0,226012,-1,2,-1,0,-6,74,140,110,255,-1,0,0,71,4202624,0,51700,60,10,252066,75,74,0,2,153,201417,0,0,0,252066,252066,316,0,0,246991,0,0,3,266368,74,0,248484,1,1,4,110081,252066,248484,60,216464,0,244288,0,0,0,75,0,0,4202624,0,4,1355,2,238505,50,246991,110,0,233851,10,0,161,0,255,252066,53,74,0,252066,0,1,0,241875,252066,1921,1355,0,74,2,0
Romania,1,0,0,2,1,5,0,226568,0,1,0,204,72,0,1,0,2,255,0,226568,-1,2,-1,1,26,73,1,1,1,-1,0,0,72,532552,0,55634,1,1,226568,72,73,0,2,204,248165,0,1,1,226568,235813,316,0,0,260105,0,0,3,528456,72,0,239978,3,1,5,1886,226568,226568,1,239978,0,226568,0,0,0,72,0,0,270408,255,4,1356,2,235813,30,260105,1,0,229804,10,0,88,0,1,248165,44,73,0,243023,0,1,0,243000,248165,1909,1356,0,72,1,0
Scotland,1,0,0,0,150,3,0,234072,0,0,0,1,78,0,0,0,2,255,0,216267,-1,2,-1,0,-4,76,240,1,255,-1,0,0,78,4202496,0,52063,1,250,237238,77,76,0,2,55,234072,0,0,1,242280,237238,316,0,0,225974,0,0,3,266240,74,0,225632,3,0,4,1318,253970,240439,1,242280,0,242280,0,0,0,77,0,0,132096,20,4,1359,2,223871,50,225974,1,0,240439,10,4,37,0,255,237238,55,76,0,237238,0,1,0,255561,242280,1873,1359,0,74,2,0
Spain,1,0,0,1,16,4,0,231866,0,0,0,22,86,0,0,0,2,255,0,277643,-1,3,-1,0,-3,85,44,1,25,-1,0,0,86,66176,0,68456,1,200,231866,85,85,0,3,8,256516,0,0,1,251854,231866,316,0,0,256516,0,0,3,73856,83,0,251854,1,0,10,1343,231866,244260,1,231866,0,241461,0,0,0,85,0,0,66176,181,4,1362,1,225201,90,204525,1,295,231866,10,4,37,0,173,226161,40,85,0,244260,0,1,0,256516,256516,1909,1362,0,83,2,0
Sweden,211,0,0,1,26,7,0,220821,0,0,0,5,76,0,0,0,2,1,1,243646,-1,2,-1,1,17,77,210,211,180,-1,0,0,76,4198464,0,50000,211,250,243646,84,77,0,2,221,257470,0,1,211,241651,241651,316,0,0,222369,0,0,2,266304,76,0,236822,1,0,4,1331,243646,260697,211,236822,0,241651,0,0,0,84,0,0,139328,253,4,1363,3,214658,50,220821,211,0,222369,10,0,37,0,106,241651,59,77,0,241651,0,1,0,236822,247394,1904,1363,0,76,2,0
Switzerland,110,0,0,1,6,4,0,199503,0,0,0,11,78,0,0,0,2,255,0,259306,-1,2,-1,1,7,78,11,110,255,-1,0,0,78,135424,0,38512,110,222,259306,77,78,0,2,23,234686,0,1,110,259306,259306,316,0,0,244603,0,0,4,4198656,76,0,259306,3,1,7,1322,236657,236369,110,259306,0,242530,0,0,0,77,0,0,139520,228,4,1364,3,234686,65,222357,110,0,199503,10,0,6,0,255,234686,47,78,0,236369,0,1,0,239016,259306,1895,1364,0,76,1,0
Türkiye,255,0,0,2,27,4,0,239096,0,0,0,34,80,0,0,0,9,255,0,208128,-1,2,-1,1,28,79,27,255,255,-1,0,0,80,4202512,0,76761,255,224,264309,79,79,0,2,17,224490,0,1,255,264309,264309,316,0,0,229905,0,0,2,266256,78,0,229905,0,1,6,1343,264309,239890,255,208128,0,208128,0,0,0,79,0,0,132112,213,4,1365,2,235152,50,239890,255,0,208128,10,0,6,0,255,264309,41,79,0,239096,0,1,0,235152,264309,1923,1365,0,78,1,0
Ukraine,255,0,0,2,27,5,0,229528,0,0,0,27,76,0,0,0,2,28,0,259913,-1,2,-1,0,30,77,207,255,196,-1,0,0,76,266240,0,70050,255,252,244369,79,77,0,2,207,258308,1,1,255,244369,244369,316,0,0,258781,0,0,2,528384,76,0,271541,1,1,5,1367,244369,244374,255,270608,0,244369,0,0,0,79,0,0,270336,252,4,1366,3,243256,30,258781,255,0,244374,10,0,88,0,90,227813,50,77,0,229528,0,1,0,227813,244369,1991,1366,0,76,2,0
Wales,1,0,0,0,4,3,0,220710,0,0,0,1,76,0,1,0,2,255,0,220710,-1,2,-1,0,-3,75,181,100,255,-1,0,0,76,4202560,0,33280,1,1,220710,74,75,0,2,15,225147,0,1,1,220710,220710,316,0,0,205923,0,0,2,266304,74,0,205923,1,0,3,1318,220710,248687,1,260478,0,220710,0,0,0,74,0,0,132160,218,4,1367,2,235735,50,248687,100,0,265514,10,0,37,0,255,220710,51,75,0,260478,0,1,0,240773,220710,1876,1367,0,74,2,0
Argentina,255,0,0,-3,255,1,0,232488,0,0,0,225,82,0,1,0,7,255,0,158023,-1,3,-1,1,-58,83,175,255,255,-1,0,0,82,4194944,0,84567,255,100,239837,86,83,0,3,200,233084,0,0,255,239837,239837,316,1,0,242835,0,0,3,270464,79,0,261176,1,1,10,1370,239837,232488,255,239837,0,239837,0,0,0,86,0,0,131712,125,4,1369,1,268438,50,273748,255,0,239837,10,0,37,0,255,236804,-34,83,0,232488,0,1,0,236804,239837,1893,1369,0,79,2,0
Brazil,255,0,0,-3,1,1,0,232580,0,2,0,70,82,0,0,0,2,0,1,233419,-1,3,-1,1,-43,84,140,255,68,-1,0,0,82,139392,0,74738,255,20,240243,87,84,0,3,240,259075,0,1,255,240243,240243,316,1,0,240130,0,0,3,4198528,82,0,273018,1,0,10,1369,240243,232580,255,241509,0,240243,0,0,0,87,0,0,131712,255,4,1370,2,259075,65,240130,255,0,266866,10,0,6,0,118,240243,-22,84,0,232580,0,1,0,230256,240243,1914,1370,0,82,2,0
Paraguay,1,0,0,-4,23,1,0,230977,0,0,0,168,75,0,0,0,7,255,0,255434,-1,2,-1,1,-57,75,56,1,255,-1,0,0,75,4198400,0,40759,1,0,248872,73,75,0,2,17,251613,0,2,1,248872,248872,316,1,0,240138,0,0,3,266240,76,0,230977,1,1,4,1369,248872,230977,1,278020,0,246690,0,0,0,73,0,0,139264,230,4,1375,3,251613,50,254952,1,0,253249,10,0,6,0,255,254952,-25,75,0,278020,0,1,0,233476,230977,1906,1375,0,76,2,0
Uruguay,250,0,0,-3,235,1,0,239053,0,0,0,244,79,0,1,0,7,250,0,239053,-1,2,-1,1,-56,79,207,250,250,-1,0,0,79,4202496,0,65235,250,135,239053,76,79,0,2,206,266844,0,0,250,239053,239053,316,1,0,216460,0,0,3,266240,77,0,240663,1,1,6,1369,254817,240716,250,239053,0,239053,0,0,0,76,0,0,132096,135,4,1377,2,253306,50,216460,250,795,230965,10,0,6,0,250,254817,-34,79,0,239053,0,1,0,253290,254817,1900,1377,0,77,1,0
Mexico,250,0,0,-6,68,1,0,229980,0,0,0,27,75,0,1,0,7,250,0,204838,-1,2,-1,0,-99,76,27,250,250,-1,0,0,75,4202836,0,81070,250,186,222382,78,76,0,2,124,234579,0,1,250,222382,222382,316,0,0,234579,0,0,2,266580,75,0,260984,1,1,7,1387,246608,260984,250,237043,0,245152,0,0,0,78,0,0,132436,12,3,1386,2,226045,50,234579,250,483,222382,10,0,88,0,250,252008,19,76,0,245152,0,1,0,234579,237043,1927,1386,0,75,2,0
United States,255,0,0,-8,16,6,0,227796,0,0,0,255,79,0,0,0,2,0,0,227796,-1,2,-1,0,-118,77,255,255,92,-1,0,0,79,4202624,0,27000,255,255,227796,77,77,0,2,7,251804,0,1,255,227796,227796,316,0,0,235755,0,0,2,266368,77,0,243456,15,1,6,1386,256853,250954,255,238744,0,227796,0,0,0,77,0,0,132224,241,4,1387,2,227796,50,250954,255,0,238744,10,4,88,0,37,256853,34,77,0,235755,0,1,2,251834,256853,1913,1387,0,77,1,0
Tunisia,255,0,0,1,3,8,0,211999,0,0,0,4,72,0,1,0,9,255,0,258171,-1,1,-1,1,10,71,1,255,255,-1,0,0,72,4198400,0,65000,255,254,263194,70,71,0,1,1,236316,0,1,255,263194,263194,316,0,0,235565,0,0,3,264192,70,0,274000,12,0,3,111130,263194,74369,255,211999,0,263194,0,0,0,70,0,0,4202496,255,4,1391,3,258033,50,211999,255,665,225126,10,0,6,0,255,236316,36,71,0,236316,0,1,0,235516,263194,1956,1391,0,70,1,0
Japan,255,0,0,9,204,2,0,233225,0,0,0,1,78,0,0,0,2,255,0,237681,-1,2,-1,1,139,77,1,255,255,-1,0,0,78,4198400,0,49970,255,255,237681,78,77,0,2,1,237681,0,1,255,237681,237681,316,0,0,232704,0,0,5,266240,76,0,255565,0,0,5,974,232730,233152,255,255742,0,252162,0,0,0,78,0,0,139264,1,4,1411,3,232730,50,233152,255,543,255742,10,0,6,0,255,252162,35,77,0,252162,0,1,0,226627,237681,1921,1411,0,76,1,0
Australia,1,0,0,10,0,3,0,229901,0,0,0,52,68,0,0,0,2,12,0,266245,-1,2,-1,1,151,71,176,100,59,-1,0,0,68,528448,0,83500,1,247,266245,69,71,0,2,221,241861,0,1,1,266245,266245,316,0,0,229901,0,0,2,526400,71,0,230888,1,1,5,111473,266245,230888,1,242154,0,266245,0,0,0,69,0,0,270400,255,4,1415,3,234867,30,229901,100,0,242154,10,0,6,0,79,266245,-33,71,0,216744,0,1,0,211785,266245,1922,1415,0,71,2,0
Santa Clara,255,0,0,-1,0,4,0,271571,2,0,0,255,68,5,1,0,2,245,0,271132,-1,1,-1,1,-25,69,255,255,0,-1,28000,0,68,528384,0,10000,255,255,271132,70,69,0,1,0,271132,0,1,255,271132,271132,316,0,0,271132,0,0,2,526336,69,0,270555,3,1,1,1891,275360,73350,255,275360,0,271132,5,0,0,70,0,0,270336,255,4,1438,3,83780,30,216452,255,671,258365,3,0,36,0,0,216452,37,69,0,73350,0,1,0,271132,271132,1921,1438,0,69,2,0
Viborg FF,250,0,25,1,97,7,0,215686,1,0,0,110,68,2,0,0,2,255,1,71174,-1,1,-1,1,9,67,140,250,255,-1,11000,0,68,270336,0,10000,250,0,71174,65,67,0,1,113,79935,0,0,250,71174,71174,316,0,0,79935,0,0,2,528384,67,0,270399,1,1,1,1516,71174,262541,250,270399,0,215686,4,0,0,65,0,0,4202496,0,4,1443,2,215686,50,79935,250,512,262541,5,0,6,0,255,79811,56,67,0,79811,0,1,0,79935,71174,1896,1443,0,67,2,1
Sønderjyske,169,0,0,1,255,7,0,238051,2,0,0,134,65,4,1,0,2,255,0,259130,-1,1,-1,1,9,65,67,169,255,-1,6000,0,65,263242,0,10100,169,52,259130,64,65,0,1,204,259751,0,1,169,256847,256847,316,0,0,259751,0,0,2,532554,66,0,276666,1,1,1,822,256847,259130,169,276666,0,256222,5,0,0,64,0,0,4195402,172,4,1447,1,238051,50,259751,169,204,259130,3,0,6,0,255,73501,55,65,0,73501,0,1,0,259751,207886,2004,1447,0,66,1,1
FK Haugesund,169,0,5,1,255,7,0,236877,2,0,0,235,61,5,0,0,2,1,0,257044,-1,1,-1,1,5,62,225,169,255,-1,2500,0,61,532744,0,8754,169,245,257044,63,62,0,1,255,236877,0,1,169,257044,257044,316,0,0,236877,0,0,2,528648,62,0,77978,3,1,1,300,257044,257044,169,77978,0,269414,4,0,0,63,0,0,270600,255,4,1463,2,77075,30,236877,169,212,256398,2,0,199,0,1,269414,59,62,0,269414,0,1,0,236877,257044,1993,1463,0,62,1,0
Ulsan HD FC,255,0,5,9,204,2,0,245054,10,1,0,1,69,9,0,0,4,255,0,213471,-1,1,-1,1,129,68,204,102,255,-1,17080,0,69,66578,0,43554,204,255,213471,68,68,0,1,102,270203,0,1,1,213471,213471,316,0,0,270203,0,0,4,139282,65,5,245054,1,1,6,1474,213471,228009,1,245054,0,245054,10,0,0,68,0,0,66578,1,4,1473,1,222734,90,270203,204,501,228009,8,0,29,0,255,238578,35,68,0,238578,0,1,0,270203,213471,1983,1473,0,65,2,1
Pohang Steelers,1,0,17,9,1,2,0,227632,8,1,0,255,66,8,1,0,4,1,0,180283,-1,1,-1,1,129,66,255,1,1,-1,12800,0,66,263184,0,17443,1,255,180283,66,66,0,1,1,261115,0,1,204,180283,180283,316,0,0,261115,0,0,4,532496,66,5,229343,1,1,7,1473,261880,274676,1,229343,0,261115,8,0,0,66,0,0,4195344,204,4,1474,1,261078,50,261115,1,382,274676,9,0,29,0,1,274437,35,66,0,274437,0,1,0,261115,180283,1973,1474,0,66,1,6
Jeonbuk Hyundai,1,0,25,9,1,2,0,199231,10,1,0,255,69,7,0,0,4,1,0,227659,-1,1,-1,1,127,69,255,204,1,-1,17730,0,69,132226,0,42477,1,255,227659,69,69,0,1,204,272992,0,1,1,227659,227659,316,0,0,272992,0,0,4,4202626,67,9,242821,1,1,5,982,227659,243061,1,242821,0,272992,10,0,0,69,0,0,132226,1,4,1477,1,272733,65,272992,1,233,243061,10,0,29,0,1,268895,35,69,0,268895,0,1,0,272992,227659,1994,1477,0,67,1,5
Jeju SK,255,0,3,9,1,2,0,193144,2,0,0,250,64,5,0,0,4,255,0,193144,-1,1,-1,0,126,65,250,128,1,-1,9780,0,64,270464,0,29791,1,250,261122,64,65,0,1,128,193144,0,1,255,193144,193144,316,0,0,193144,0,0,2,528512,63,1,70419,1,1,1,982,193144,70419,255,83203,0,261104,6,0,0,64,0,0,4202624,255,4,1478,2,211927,50,261104,255,441,260166,5,0,29,0,1,261104,33,65,0,83203,0,1,0,193144,193144,1982,1478,0,63,1,0
FC Midtjylland,211,0,0,1,34,7,0,234472,5,0,0,27,71,7,0,0,2,1,1,256933,-1,2,-1,1,8,72,30,211,1,-1,35000,0,71,4195456,0,11800,211,221,220714,72,72,0,2,33,256933,0,1,211,256933,256933,316,0,0,256933,0,0,3,270464,72,4,73645,1,1,3,1443,256933,261062,211,247686,0,247187,9,0,0,72,0,0,4195456,224,4,1516,1,263721,50,247187,211,216,220714,9,0,6,0,1,247187,56,72,0,247686,0,1,0,256933,256933,1999,1516,0,72,2,2
Bryne FK,255,0,0,1,4,7,0,76635,1,0,0,4,62,4,0,0,2,255,0,247107,-1,1,-1,1,6,62,4,4,255,-1,2500,0,62,270336,0,5000,4,255,247107,62,62,0,1,4,76645,0,1,255,247107,247107,316,0,0,76645,0,0,1,528384,62,0,76643,0,1,1,300,247107,242600,255,76643,0,76646,5,0,0,62,0,0,4202496,255,4,1523,2,256809,50,76645,255,965,242600,2,0,199,0,255,76646,59,62,0,76646,0,1,0,76645,247107,1926,1523,0,62,2,1
Angers SCO,1,0,0,1,250,4,0,224444,2,1,0,250,73,2,0,0,2,1,1,273666,-1,1,-1,1,0,72,250,1,1,-1,63000,0,73,532738,0,19800,1,250,273666,71,72,0,1,250,273666,0,1,1,273666,234515,316,0,0,273666,0,0,3,528642,70,0,269725,3,0,1,1814,273666,269725,1,224444,0,229158,1,0,0,71,0,0,270594,250,4,1530,2,271061,30,78295,1,17,229158,2,4,45,0,1,78295,47,72,0,224444,0,1,0,273666,273666,1919,1530,0,70,2,0
Wisła Płock,30,0,14,1,196,5,0,229072,2,0,0,1,66,5,0,0,2,255,0,188554,-1,1,-1,1,19,65,1,80,255,-1,6420,0,66,264256,0,10978,200,1,225927,65,65,0,1,122,229072,0,1,30,188554,188554,316,0,0,229072,0,0,1,526400,65,0,77592,1,0,1,1871,225927,221428,200,77592,0,229072,3,0,0,65,0,0,4198464,4,4,1569,3,209438,50,229072,80,579,221428,2,0,93,0,255,264251,52,65,0,264251,0,1,0,229072,188554,1947,1569,0,65,2,1
Galway United,255,0,0,0,82,3,0,71140,1,0,0,255,59,2,1,0,2,167,0,71140,-1,1,-1,0,-9,59,255,255,241,-1,975,0,59,532480,0,5000,255,255,71140,58,59,0,1,21,200404,0,0,255,71140,71140,316,0,0,200404,0,0,1,528384,58,0,227895,7,0,1,563,71140,227895,255,71142,0,200404,2,0,0,58,0,0,270336,143,4,1571,2,236495,30,200404,255,173,241690,5,0,23,0,213,71140,53,59,0,71142,0,2,0,200404,71140,1937,1571,0,58,2,1
Drogheda United,10,0,0,0,40,3,0,198990,2,0,0,43,58,2,1,0,2,135,0,243764,-1,1,-1,0,-6,59,30,10,250,-1,945,0,58,532804,0,2000,10,165,243764,60,59,0,1,17,236742,0,0,10,243764,243764,316,0,0,236742,0,0,3,528708,60,1,274456,1,0,1,834,243764,274456,10,252251,0,236742,3,0,0,60,0,1,270660,123,4,1572,2,198990,30,236742,10,634,83725,3,0,23,0,206,243764,53,59,0,252251,0,1,0,236742,243764,1919,1572,0,60,2,2
Grêmio,230,0,0,-3,239,1,0,230320,6,0,0,1,71,6,1,0,7,255,1,230420,-1,1,-1,1,-51,72,1,230,255,-1,210000,0,71,132488,0,55662,230,1,230420,72,72,1,1,174,230420,0,1,230,230420,230420,316,1,0,230420,0,0,4,4202888,72,2,230523,3,1,7,1043,230250,230289,230,230523,3,230240,5,0,0,72,0,0,132488,0,4,1629,1,230240,65,230420,230,386,230446,8,0,184,0,255,230374,-29,72,0,230374,0,1,0,230420,230289,1903,1629,0,72,2,5
Senegal,255,0,0,0,46,9,0,225859,0,0,0,15,80,0,0,0,2,255,0,193474,-1,2,-1,1,-17,79,15,255,0,-1,0,0,80,4202496,0,50000,255,240,208722,79,79,0,2,166,264437,0,1,255,208722,208722,316,0,0,225859,0,0,9,266240,78,0,208722,0,0,4,111112,208722,275507,255,208722,0,208722,0,0,0,79,0,0,132096,70,4,1667,2,261188,50,225293,255,0,241707,10,0,6,0,255,275138,15,79,0,275138,0,1,0,252293,261188,1960,1667,0,78,2,0
FC Winterthur,255,0,1,1,1,4,0,228874,3,0,0,255,64,3,0,0,2,1,0,210538,-1,1,-1,1,8,65,255,255,1,-1,9100,0,64,264208,0,8700,255,255,210538,65,65,0,1,1,267486,0,1,255,210538,73146,316,0,0,267486,0,0,2,526352,65,3,81579,12,1,1,894,243838,81579,255,73146,0,210538,2,0,0,65,0,0,4198416,255,4,1713,3,240532,50,267486,255,905,257244,4,0,71,0,1,243838,47,65,0,73146,0,1,0,267486,210538,1896,1713,0,65,2,0
FC Thun,180,0,1,1,29,4,0,211438,3,0,0,29,66,3,0,0,2,255,0,211437,-1,1,-1,1,7,67,11,180,255,-1,8100,0,66,532490,0,10000,180,218,211437,64,66,0,1,11,276645,0,1,180,211437,211437,316,0,0,276645,0,0,2,528394,67,0,78316,15,1,1,900,211437,78314,180,78316,0,211437,2,0,0,64,0,0,270346,208,4,1715,2,229377,30,276645,180,479,78314,4,4,71,0,255,70187,46,66,0,70187,0,1,0,276645,211437,1898,1715,0,67,2,0
Havre AC,1,0,0,1,230,4,0,262237,2,1,0,250,72,7,1,0,2,45,0,72374,-1,1,-1,1,0,72,250,1,90,-1,60000,0,72,4202496,0,25178,1,250,72374,71,72,0,1,191,218066,0,1,1,72374,72374,316,0,0,218066,0,0,2,266240,72,0,253121,3,0,1,71,72374,257406,1,253121,0,253121,1,0,0,71,0,0,4202496,153,4,1738,2,251926,50,218066,1,267,257406,2,4,45,0,62,211381,49,72,0,211381,0,1,0,218066,72374,1872,1738,0,72,2,1
Le Mans FC,1,0,0,1,40,4,0,78764,1,0,0,1,66,2,0,0,2,248,1,265651,-1,1,-1,1,0,65,1,1,1,-1,10000,0,66,133120,0,25064,1,1,265651,65,65,0,1,3,78878,0,1,1,265651,265651,316,0,0,78878,0,0,4,4196352,64,0,265651,3,0,1,1814,241818,78764,1,265651,0,232118,1,0,0,65,0,0,135168,222,4,1739,3,257397,65,78878,1,744,78764,2,0,51,0,232,232118,47,65,0,232118,0,1,0,78878,241818,1985,1739,0,64,2,0
Modena,250,0,27,1,0,4,0,225428,1,0,0,166,69,4,1,0,2,0,0,235935,-1,1,-1,0,10,69,83,250,98,-1,30000,0,69,73728,0,21151,250,0,235935,68,69,0,1,235,272726,0,1,250,235935,272726,316,0,0,272726,0,0,3,135168,70,0,242411,3,1,1,110915,235935,270341,250,242411,0,237391,2,0,0,68,0,0,73728,255,4,1744,2,225428,90,272726,250,319,270341,3,0,82,0,16,237391,44,69,0,237391,0,1,0,272726,235935,1912,1744,0,70,2,0
Como,250,0,0,1,147,4,0,254579,5,0,0,194,77,5,0,0,2,250,1,254579,-1,2,-1,1,9,77,112,250,250,-1,300000,0,77,132224,0,13602,250,40,254579,77,77,0,2,62,77163,0,1,250,254579,254579,316,0,0,70966,0,0,4,4202624,75,0,75055,3,1,4,115845,254579,275324,250,75055,0,254579,10,0,0,77,0,0,132224,22,4,1745,1,267991,65,210719,250,117,275324,6,0,47,0,250,277846,45,77,0,277846,0,1,0,273875,254579,1907,1745,0,75,2,0
Empoli,250,0,0,1,167,4,0,258946,4,2,0,215,69,9,0,0,2,250,0,266069,-1,1,-1,1,10,69,118,250,250,-1,125000,0,69,4198528,0,16284,250,47,266069,68,69,0,1,90,277515,0,1,250,266069,266069,316,0,0,277515,0,0,3,264320,68,0,79088,3,1,1,110738,266069,266069,250,79088,0,277515,7,0,0,68,0,0,4202624,32,4,1746,3,234358,50,277515,250,154,259058,8,0,82,0,250,262480,43,69,0,262480,0,1,0,277515,266069,1920,1746,0,68,2,0
Cercle Brugge,202,0,0,1,74,4,0,201438,3,2,0,250,66,8,1,0,2,1,0,251537,-1,1,-1,1,3,67,250,204,1,-1,60000,0,66,270357,0,29062,206,250,251537,69,67,1,1,160,277178,0,1,202,261531,251537,316,0,0,277178,0,0,2,528405,67,3,275019,1,1,2,231,251537,201438,206,275019,0,271256,4,0,0,69,0,0,4202517,21,4,1750,2,216334,50,277178,204,78,201438,6,0,122,0,1,271256,51,67,0,271256,0,1,0,277178,261531,1899,1750,0,67,2,2
HamKam Fotball,250,0,0,1,67,7,0,246911,2,0,0,67,64,4,0,0,2,255,0,74175,-1,1,-1,1,11,64,149,250,255,-1,3000,0,64,270400,0,7800,250,0,74175,57,63,0,1,149,234638,0,1,250,74175,74175,316,0,0,234638,0,0,2,528448,63,0,77089,15,1,1,298,74175,71084,250,77089,0,234638,6,0,0,57,0,0,4202560,0,4,1756,2,80326,50,234638,250,877,255347,3,0,199,0,255,85108,60,63,0,85108,0,1,0,234638,71084,1918,1756,0,63,2,0
Sandefjord,220,0,3,1,145,7,0,255940,2,0,0,120,63,5,0,0,2,255,0,244842,-1,1,-1,1,10,63,70,220,255,-1,6000,0,63,525578,0,6582,220,1,244842,61,63,0,1,80,259402,0,1,220,244842,244842,316,0,0,259402,0,0,2,532746,63,0,70948,3,1,1,922,244842,244842,220,70948,0,244842,5,0,0,61,0,0,263434,1,4,1757,1,74789,30,259402,220,624,255940,5,0,199,0,255,274844,59,63,0,274844,0,1,0,259402,244842,1998,1757,0,63,1,0
Randers FC,169,0,22,1,239,7,0,223566,2,0,0,238,68,4,0,0,2,1,1,224483,-1,1,-1,1,10,68,122,169,87,-1,11000,0,68,4202520,0,10300,169,72,224483,64,68,0,1,217,228431,0,1,169,224483,224483,316,0,0,228431,0,0,3,266264,68,0,246434,1,1,1,271,258977,246434,169,224483,0,228431,7,0,0,64,0,0,4202520,151,4,1786,2,251595,50,228431,169,396,277844,6,0,6,0,2,71258,56,68,0,71258,0,1,0,228431,224483,2003,1786,0,68,2,2
FC Nordsjælland,211,0,0,1,26,7,0,231233,4,0,0,41,69,10,0,0,2,255,1,238132,-1,1,-1,1,12,68,31,211,8,-1,18000,0,69,132112,0,10300,211,237,238132,68,68,0,1,16,77652,0,1,211,238132,238132,316,0,0,77652,0,0,2,4202512,67,1,231233,15,1,1,819,242090,238132,211,242090,0,242090,8,0,0,68,0,0,132112,197,4,1788,1,73638,65,77652,211,161,262173,6,0,6,0,198,256778,55,68,0,256778,0,1,2,77652,238132,2003,1788,0,67,1,2
Portsmouth,1,0,0,0,170,3,0,196916,4,0,0,190,69,4,0,0,2,255,0,225667,-1,1,-1,0,-1,69,85,60,255,-1,15000,0,69,4202504,0,19669,170,5,225667,70,69,0,1,60,221692,0,0,1,262748,225667,316,0,0,221692,0,0,2,266248,68,2,71215,1,0,1,17,262748,262748,170,71215,0,221692,5,0,0,70,0,0,4202504,1,2,1790,2,196916,50,221692,60,387,233276,3,0,55,0,255,225667,50,69,0,225667,0,0,0,221692,253057,1898,1790,0,68,2,2
Norwich,252,0,0,0,0,3,0,201368,5,0,0,0,70,5,0,0,2,0,0,201368,-1,1,-1,0,1,70,222,242,81,-1,120000,0,70,4195330,0,27359,0,235,201368,70,70,0,1,242,255767,0,2,252,255210,201368,316,0,0,255767,0,0,2,270338,69,0,272604,1,2,1,94,201368,269903,0,272604,0,255767,5,0,0,70,0,0,4195330,255,4,1792,1,250853,50,255767,242,351,269903,8,0,55,0,166,255210,52,70,0,255210,0,2,0,255767,201368,1902,1792,0,69,2,0
Reading,1,0,0,0,168,3,0,238839,4,2,0,168,66,10,0,0,2,255,0,238839,-1,1,-1,2,0,66,56,56,255,-1,7000,0,66,532804,0,24161,168,1,238839,65,66,0,1,56,263101,0,2,1,238839,265789,316,0,0,263101,0,0,3,528708,66,0,268267,1,2,1,1951,265789,264644,168,268267,0,238839,3,0,0,65,0,0,270660,1,4,1793,2,238839,30,263101,56,397,264644,6,0,55,0,255,277922,51,66,0,277922,0,2,0,263101,265789,1871,1793,0,66,2,0
Sheffield Utd,1,0,0,0,19,3,0,213693,6,0,0,30,72,5,1,0,2,255,0,248050,-1,1,-1,0,-1,71,30,1,255,-1,130000,0,72,66688,0,32050,1,30,234741,71,71,0,1,6,246763,0,2,1,234741,234741,316,0,0,236600,0,0,2,139392,71,1,240783,1,0,1,1807,234741,248405,1,213693,0,240783,7,0,0,71,0,0,66688,227,4,1794,1,271816,90,236600,1,447,213693,9,1,55,0,255,246763,53,71,0,248405,0,2,0,248050,234741,1889,1794,0,71,2,4
Watford,22,0,0,0,1,3,0,242794,5,2,0,100,71,5,1,0,2,30,0,242794,-1,1,-1,0,0,70,237,37,30,-1,70000,0,71,4195349,0,22200,30,255,242794,68,70,0,1,237,270398,0,0,22,242794,242794,316,0,0,270398,0,0,2,270357,69,0,241168,1,1,1,1923,242794,242794,30,241168,0,242794,5,0,0,68,0,0,4195349,255,5,1795,1,266245,50,270398,37,523,198861,6,0,55,0,30,242217,51,70,0,242217,0,0,0,270398,247623,1881,1795,0,69,2,0
Burnley,1,0,0,0,69,3,0,188377,4,2,0,58,74,4,0,0,2,141,0,205569,-1,2,-1,0,-2,75,32,1,232,-1,370000,0,74,4202762,0,21944,1,122,205569,75,75,0,2,29,239373,0,0,1,205569,205569,316,0,0,239373,0,0,2,266506,75,2,243669,1,0,1,3,205569,264880,1,243669,0,239373,7,0,0,75,0,0,132362,108,4,1796,2,234569,50,239373,1,84,264880,2,0,35,0,200,257084,53,75,0,257084,0,2,0,239373,205569,1882,1796,0,75,2,1
Rotherham Utd,255,0,0,0,1,3,0,210029,2,0,0,1,64,5,1,0,2,255,0,228153,-1,1,-1,0,-1,64,1,1,255,-1,7500,0,64,526344,0,12021,1,226,228153,63,64,0,1,1,78258,0,2,226,228153,228153,316,0,0,78258,0,0,2,526344,64,0,227881,1,2,1,1807,228153,275763,255,227881,0,235742,6,0,0,63,0,0,266248,226,4,1797,3,268443,30,78258,255,411,275763,7,0,55,0,255,235742,53,64,0,235742,0,2,0,78258,228153,1925,1797,0,64,2,0
MK Dons,1,0,0,0,255,3,0,208302,2,0,0,1,65,2,1,0,2,1,1,221279,-1,1,-1,0,0,65,1,1,1,-1,2900,0,65,132098,0,30500,1,220,221279,66,65,0,1,255,194964,0,0,1,221279,221279,316,0,0,194964,0,0,2,4202498,65,0,208302,1,0,1,1938,221279,239023,1,208302,0,221279,7,0,0,66,0,0,132098,255,4,1798,1,263801,65,194964,1,317,239023,10,0,55,0,1,210724,52,65,0,210724,0,0,0,194964,221279,2004,1798,0,65,2,0
Crystal Palace,1,0,0,0,165,3,0,244067,6,2,0,250,78,3,1,0,2,238,0,259377,-1,2,-1,0,0,79,250,1,36,-1,760000,0,78,270464,0,25486,1,250,235353,79,79,0,2,85,237646,0,0,1,235353,235353,366,0,0,250954,0,0,2,528512,79,0,238756,1,1,6,1808,232730,244067,1,259240,0,235353,8,0,0,79,0,0,263296,0,4,1799,2,243388,30,237646,1,285,259377,6,0,35,0,46,237646,51,79,0,250954,0,2,0,243388,259240,1905,1799,0,79,1,1
Coventry City,0,0,0,0,255,3,0,212118,5,0,0,255,73,5,0,0,2,255,0,251690,-1,2,-1,0,-1,73,208,255,255,-1,72500,0,73,66560,0,32609,255,175,251690,73,73,0,2,208,238743,0,0,0,251690,251690,316,0,0,238743,0,0,2,139264,72,0,254910,1,0,1,95,251690,254910,255,236784,0,238743,7,0,0,73,0,0,66560,150,4,1800,1,239529,90,238743,255,122,212118,7,0,55,0,255,251690,52,73,0,236784,0,2,0,238743,251690,1883,1800,0,72,2,1
Preston,1,0,0,0,255,3,0,225071,4,2,0,255,72,3,0,0,2,0,0,225071,-1,1,-1,2,-2,70,255,10,71,-1,20000,0,72,532742,0,23404,71,255,225071,70,70,0,1,255,264039,0,2,1,264180,225071,316,0,0,264039,0,0,1,528646,69,2,243520,1,2,1,1926,225071,243520,71,264180,0,264039,5,0,0,70,0,0,270598,255,4,1801,2,214906,30,264039,10,389,234783,4,0,55,0,10,262227,53,70,0,262227,0,2,0,264039,264180,1880,1801,0,69,2,2
Gillingham,1,0,0,0,140,3,0,228577,2,0,0,160,62,6,1,0,2,255,0,211098,-1,1,-1,0,0,62,53,100,255,-1,2300,0,62,264448,0,10500,1,48,211098,62,62,0,1,56,233865,0,0,1,211098,211098,316,0,0,233865,0,0,2,526592,62,0,189160,0,0,1,1934,223981,189160,1,247833,0,211098,8,0,0,62,0,0,4198656,48,4,1802,3,228577,50,233865,100,184,241409,8,0,55,0,255,211098,51,62,0,247833,0,0,0,233865,211098,1893,1802,0,62,2,0
Walsall,220,0,0,0,1,3,0,202408,2,0,0,1,61,3,0,0,2,255,0,240583,-1,1,-1,0,-1,62,1,1,255,-1,2250,0,61,270410,0,11300,1,1,186783,64,62,0,1,1,267941,0,0,220,240583,223918,316,0,0,267941,0,0,2,528458,62,0,240583,0,0,1,127,264352,230812,1,240583,0,267941,7,0,0,64,0,0,4202570,255,4,1803,2,223918,50,267941,1,519,230812,6,0,55,0,255,83185,52,62,0,83185,0,0,0,267941,186783,1888,1803,0,62,2,0
Bradford City,246,0,0,0,28,3,0,200210,4,0,0,58,65,4,0,0,2,246,0,200210,-1,1,-1,0,-1,65,19,19,15,-1,3200,0,65,270336,0,25136,28,105,200210,66,65,0,1,19,216227,0,0,105,200210,200210,316,0,0,216227,0,0,1,528384,64,0,200667,1,0,1,8,200210,279625,15,200667,0,200210,5,0,0,66,0,0,4202496,105,4,1804,2,204979,50,216227,166,66,279625,2,0,55,0,166,275972,53,65,0,275972,0,0,0,216227,200210,1903,1804,0,64,2,1
Grenoble Foot 38,1,0,0,1,154,4,0,220030,1,1,0,104,66,2,0,0,2,250,0,224590,-1,1,-1,1,5,66,59,1,250,-1,20000,0,66,526416,0,20068,1,1,224590,65,66,0,1,72,248775,0,1,1,224590,224590,316,0,0,248775,0,0,2,526416,67,0,265689,1,0,1,66,224590,83194,1,265689,0,224590,4,0,0,65,0,0,266320,1,4,1805,3,257584,30,248775,1,685,83194,5,4,51,0,250,265545,45,66,0,265545,0,1,0,248775,224590,1911,1805,0,67,2,0
Stoke City,220,0,0,0,23,3,0,238389,5,0,0,23,70,5,0,0,2,255,1,260478,-1,1,-1,0,-2,71,6,48,255,-1,40000,0,70,139266,0,30089,35,216,260478,68,70,0,1,6,262082,0,2,220,260478,260478,316,0,0,262082,0,0,1,4198402,70,0,264035,0,2,1,1928,260478,264035,35,260478,0,262082,5,0,0,68,0,0,139266,204,4,1806,2,187936,65,262082,48,465,255590,5,0,55,0,255,266774,52,70,0,266774,0,2,0,262082,260478,1863,1806,0,70,1,0
Sheffield Wed,41,0,5,0,202,3,0,198377,5,2,0,255,65,3,1,0,2,255,1,229910,-1,1,-1,2,-1,67,35,41,255,-1,13500,0,65,532608,0,39732,202,35,229910,68,67,0,1,41,211384,0,2,41,229910,229910,316,0,0,211384,0,0,1,528512,66,4,83205,1,2,1,1794,229910,229910,202,83205,0,211384,2,0,0,68,0,0,270464,41,4,1807,2,267476,30,211384,41,447,80475,4,0,55,0,255,226507,53,67,0,226507,0,2,0,211384,229910,1867,1807,0,66,2,3
Brighton,72,0,5,0,166,3,0,258908,5,2,0,0,79,8,1,0,2,255,0,186146,-1,2,-1,0,0,78,171,99,255,-1,785000,0,79,139402,0,31780,168,240,259694,80,78,0,2,57,259694,0,0,72,259694,269278,366,0,0,85351,0,0,2,4198538,78,0,259694,1,0,5,1799,255565,258908,168,257400,0,251479,9,0,0,80,0,0,132234,0,4,1808,2,251479,65,258908,99,74,257400,5,0,35,0,255,251479,50,78,0,85351,0,2,0,251479,271800,1901,1808,0,78,2,0
Toulouse FC,1,0,48,1,172,4,0,201042,3,0,0,172,73,7,0,0,2,250,0,242534,-1,2,-1,1,1,73,108,1,250,-1,98000,0,73,4202498,0,33150,1,128,242534,73,73,0,2,112,252937,0,1,1,242534,254121,316,0,0,252937,0,0,2,266242,73,0,254121,1,0,1,70,242534,74491,1,242534,0,201042,4,0,0,73,0,0,4202498,132,4,1809,2,80696,50,252937,1,488,74491,4,4,45,0,250,76803,43,73,0,76803,0,1,0,252937,242534,1937,1809,0,73,1,1
Laval MFC,1,0,0,1,45,4,0,252599,1,0,0,64,66,2,0,0,2,1,0,254996,-1,1,-1,1,0,66,128,1,1,-1,18000,0,66,264448,0,10107,1,255,254996,67,66,0,1,132,262738,0,1,1,254996,254996,316,0,0,262738,0,0,2,526592,65,0,240057,1,0,1,1739,254996,240057,1,252599,0,262738,2,0,0,67,0,0,4198656,248,4,1814,3,278205,50,80239,1,266,261141,6,4,51,0,1,80239,48,66,0,252599,0,1,0,262738,262738,1902,1814,0,65,1,0
Clermont Foot 63,250,0,0,1,57,4,0,235553,1,0,0,250,65,5,0,0,2,1,0,246790,-1,1,-1,1,3,66,250,250,104,-1,30000,0,65,263240,0,13000,250,250,246790,65,66,0,1,26,223283,0,1,250,246790,246790,316,0,0,223283,0,0,1,532552,65,0,73067,3,0,1,1819,246790,73067,250,279474,0,223283,4,0,0,65,0,0,4195400,165,4,1815,1,228759,50,223283,250,111,72170,6,4,51,0,48,246790,45,66,0,279474,0,1,0,223283,246790,1990,1815,0,65,1,0
Amiens SC,1,0,29,1,250,4,0,203128,1,0,0,195,66,5,0,0,2,1,0,244542,-1,1,-1,1,2,67,195,1,1,-1,26000,0,66,270400,0,12707,1,195,244542,65,67,0,1,250,278119,0,1,1,244542,244542,316,0,0,278119,0,0,2,528448,64,0,237198,3,0,1,65,244542,274440,1,237198,0,79610,2,0,0,65,0,0,4202560,250,4,1816,2,203128,50,278119,1,565,274440,4,4,51,0,1,273522,49,67,0,273522,0,1,0,278119,244542,1901,1816,0,64,2,0
AS Saint-Étienne,1,0,0,1,45,4,0,230727,8,1,0,76,70,6,0,0,2,250,0,271688,-1,1,-1,1,4,70,130,1,250,-1,40000,0,70,4198472,0,41965,1,30,271688,75,70,0,1,130,262657,0,1,1,271688,271688,316,0,0,262657,0,0,2,264264,69,10,235888,3,1,1,66,271688,235888,1,271688,0,271688,5,0,0,75,0,0,4202568,9,4,1819,3,276827,50,262657,1,414,209618,10,4,51,0,250,264441,45,70,0,264441,0,1,0,262657,271688,1919,1819,0,69,1,6
AS Nancy Lorraine,1,0,13,1,1,4,0,209320,1,0,0,1,65,2,1,0,2,255,0,234537,-1,1,-1,1,6,65,1,1,255,-1,14000,0,65,263168,0,20087,1,255,234537,64,65,0,1,30,78661,0,1,1,234537,234537,316,0,0,78661,0,0,2,532480,63,0,78658,3,0,1,68,234537,78658,1,234537,0,78661,2,0,0,64,0,0,4195328,231,4,1823,1,76730,50,78661,1,335,71778,2,4,51,0,255,78660,48,65,0,78660,0,1,0,78661,234537,1967,1823,0,63,2,1
Frankfurt,1,0,0,1,1,4,0,236532,8,3,0,19,77,6,0,0,2,255,0,275328,-1,2,-1,1,8,77,6,1,255,-1,698810,0,77,4202496,0,59500,1,227,275328,82,77,0,2,1,244257,0,1,1,275328,269701,366,0,0,244257,0,0,2,266240,79,1,274952,1,1,6,169,269701,275328,1,274952,0,253444,5,0,0,82,1,0,132096,1,4,1824,2,268896,50,244257,1,167,232639,8,0,25,0,255,253444,50,77,0,253444,0,1,0,244257,275328,1899,1824,2,79,2,5
MSV Duisburg,230,0,3,1,166,4,0,205433,6,1,0,224,65,8,1,0,2,255,0,256634,-1,1,-1,1,6,65,144,230,255,-1,4900,0,65,270410,0,31500,230,57,256634,67,65,0,1,57,261653,0,1,230,255454,256634,316,0,0,261653,0,0,4,528458,64,0,257054,1,1,1,526,256634,257054,230,256634,0,261653,1,0,0,67,0,2,4202570,1,4,1825,2,255454,50,261653,230,144,245228,3,0,91,0,255,248575,51,65,0,248575,0,1,0,261653,256634,1902,1825,0,64,2,0
Aleman. Aachen,255,0,0,1,1,4,0,238563,6,0,0,1,64,4,0,0,2,1,0,71297,-1,1,-1,1,6,65,1,255,1,-1,2520,0,64,270336,0,32960,255,1,71297,65,65,0,1,255,257916,0,1,255,71297,71297,316,0,0,257916,0,0,3,528384,64,0,71297,3,1,1,110645,73995,264168,255,71297,0,71297,1,0,0,65,0,0,4202496,255,4,1826,2,238563,50,257916,255,953,264168,4,0,91,0,1,269993,50,65,0,269993,0,1,0,257916,73995,1900,1826,0,64,1,0
Union Berlin,255,0,0,1,19,4,0,193254,9,1,0,27,74,2,0,0,2,255,0,193254,-1,2,-1,2,13,75,29,55,255,-1,148355,0,74,528448,0,22012,49,29,193254,74,74,0,2,6,277799,0,1,229,193254,193254,316,0,0,277799,0,0,2,526400,76,0,225632,1,1,4,166,193254,268116,255,225632,0,193254,7,0,0,74,1,0,270400,227,4,1831,3,271659,30,277799,255,47,268116,5,0,25,0,255,276372,52,74,0,276372,0,1,0,277799,193254,1966,1831,0,76,2,0
Karlsruher SC,210,0,3,1,147,4,0,203161,6,1,0,240,69,7,0,0,2,255,0,228245,-1,1,-1,1,8,69,100,210,255,-1,16842,0,69,4198529,0,15330,210,15,237540,68,69,0,1,75,231624,0,1,210,237540,237540,316,0,0,231624,0,0,2,264321,69,1,237540,3,1,1,29,237540,237540,210,227511,0,231624,4,0,0,68,0,0,4202625,1,4,1832,3,274093,50,231624,210,241,227511,5,0,27,0,255,71474,49,69,0,71474,0,1,0,231624,237540,1894,1832,0,69,2,2
Sampdoria,95,0,0,1,161,4,0,219952,6,1,0,161,70,2,1,0,2,250,0,252290,-1,1,-1,1,8,70,83,115,250,-1,110000,0,70,132096,0,36599,133,0,252290,73,70,0,1,84,253019,0,1,95,252290,252290,316,0,0,253019,0,0,2,4202496,69,1,241628,1,1,4,110556,252290,252290,133,241628,0,253019,1,0,0,73,0,0,132096,0,4,1837,1,276736,65,253019,115,180,219952,10,0,82,0,250,278966,44,70,0,278966,0,1,0,253019,252290,1946,1837,0,69,2,4
Cagliari,30,0,0,1,14,4,0,220523,2,1,0,250,72,4,0,0,2,0,0,247888,-1,2,-1,1,9,73,250,30,121,-1,120000,0,72,528704,0,16223,30,250,247888,72,73,0,2,0,247888,0,1,30,247888,247888,316,0,0,247888,0,0,2,526656,73,1,254982,3,1,1,48,247888,254982,30,229743,0,247888,2,0,0,72,0,0,270656,212,4,1842,3,266636,30,252942,30,90,246877,2,0,47,0,61,252942,39,73,0,229743,0,1,0,247888,247888,1920,1842,0,73,2,0
Palermo,250,0,0,1,198,4,0,224378,5,0,0,163,72,3,0,0,2,30,0,244874,-1,2,-1,1,13,72,130,250,30,-1,65700,0,72,4202561,0,36349,250,255,244874,73,72,0,2,176,220165,0,1,250,224982,224982,316,0,0,220165,0,0,3,266305,72,0,240100,12,1,1,110908,244874,240100,250,224982,0,220165,9,0,0,73,0,0,4202561,255,4,1843,2,274270,50,220165,250,368,244836,9,0,82,0,30,257111,38,72,0,257111,0,1,0,220165,224982,1900,1843,0,72,2,0
Bari,30,0,0,1,250,4,0,235916,5,0,0,250,69,6,0,0,2,233,0,270084,-1,1,-1,1,16,68,250,30,30,-1,30000,0,69,532480,0,58270,30,250,270084,68,68,0,1,250,220915,0,1,30,270084,270084,316,0,0,220915,0,0,4,528384,67,0,251603,0,1,1,347,270084,270084,30,251603,0,220915,5,0,0,68,0,0,270336,250,4,1848,2,236368,30,220915,30,37,258505,6,0,82,0,16,80630,41,68,0,80630,0,1,0,220915,270084,1908,1848,0,67,2,0
Levante UD,20,0,0,1,150,4,0,243312,4,2,0,170,73,4,0,0,2,147,0,274209,-1,2,-1,2,0,74,100,50,0,-1,49000,0,73,528400,0,25354,60,30,274209,74,74,0,2,90,214622,0,2,20,274209,274209,316,0,0,276820,0,0,4,526352,74,0,82834,1,2,1,461,274209,82834,60,264173,0,245290,7,0,0,74,0,0,270352,15,4,1853,3,252327,30,271414,50,504,242279,3,0,41,0,0,274209,39,74,0,264173,0,1,0,252327,243312,1909,1853,0,74,2,0
Albacete BP,254,0,0,1,255,4,0,223853,2,0,0,233,68,4,0,0,2,1,0,223853,-1,1,-1,0,-1,68,233,254,1,-1,2500,0,68,4198400,0,17524,254,233,223853,68,68,0,1,255,206031,0,2,254,223853,269644,316,0,0,206031,0,0,4,264192,68,0,255572,1,2,1,1853,223853,269644,254,255572,0,206031,6,0,0,68,0,0,4202496,255,4,1854,3,266118,50,206031,254,8,269644,4,0,69,0,1,229631,38,68,0,229631,0,1,0,206031,223853,1940,1854,0,68,2,0
Getafe CF,1,0,0,1,190,4,0,217940,3,2,0,160,77,1,1,0,2,255,0,242201,-1,2,-1,2,-3,76,65,80,255,-1,45000,0,77,4202561,0,17000,1,0,242201,75,76,0,2,85,264325,0,2,1,242201,242201,316,0,0,264325,0,0,4,266305,75,0,274555,1,2,4,100888,242201,232665,1,274555,0,232665,6,0,0,75,0,0,132161,0,4,1860,2,260178,50,264325,80,182,232665,5,0,41,0,255,251651,40,76,0,251651,0,1,0,264325,242201,1983,1860,0,75,2,0
UD Almería,255,0,0,1,50,4,0,258923,4,0,0,35,72,5,1,0,2,255,0,219953,-1,2,-1,0,-2,72,35,255,255,-1,47000,0,72,4195329,0,16503,255,195,258602,72,72,0,2,50,240589,0,2,255,258602,258602,316,0,0,240589,0,0,2,270337,72,0,205976,1,2,1,110832,258923,205976,255,259190,0,205976,8,0,0,72,0,0,4195329,220,4,1861,1,222598,50,240589,255,14,259190,2,0,69,0,255,258923,36,72,0,254094,0,1,0,240589,258923,1989,1861,0,72,1,0
Lausanne-Sport,106,0,3,1,200,4,0,218887,4,0,0,190,68,4,1,0,2,255,0,218887,-1,1,-1,0,5,67,100,108,255,-1,35800,0,68,133120,0,12544,110,1,218887,65,67,0,1,95,74109,0,1,106,218887,218887,316,0,0,74109,0,0,2,4196352,67,7,276679,0,1,3,324,218887,252967,110,276679,0,245563,3,0,0,65,0,0,135168,1,4,1862,3,256874,65,74109,108,588,252967,5,0,71,0,255,245563,45,67,0,245563,0,1,2,74109,218887,1896,1862,0,67,2,9
Córdoba CF,1,0,0,1,140,4,0,254099,4,0,0,130,69,4,1,0,2,255,0,235988,-1,1,-1,0,-4,69,160,1,255,-1,5300,2,69,4198465,0,20989,1,0,235988,70,69,0,1,170,235988,0,1,1,235988,235988,316,0,0,235988,0,0,4,264257,68,0,264175,3,2,1,1968,73413,264175,1,73413,0,73413,6,0,0,70,0,0,4202561,10,4,1867,3,259582,50,235988,1,119,277684,6,0,69,0,255,277554,37,69,0,277554,0,1,0,235988,73413,1954,1867,0,68,2,0
Östers IF,255,0,0,1,152,7,0,261606,2,0,0,152,62,4,1,0,2,200,0,234982,-1,1,-1,1,14,62,73,255,20,-1,2500,0,62,526336,0,12000,255,0,234982,62,62,0,1,73,229620,0,1,255,234982,76666,316,0,0,229620,0,0,1,526336,63,4,266430,0,1,1,112072,260727,261100,255,266430,0,202925,5,0,0,62,0,0,266240,0,4,1870,3,73051,30,229620,255,967,261100,1,0,97,0,44,202925,56,62,0,202925,0,1,0,229620,234982,1930,1870,0,63,2,1
Legia Warszawa,45,0,0,1,255,5,0,216003,5,1,0,1,69,9,1,0,2,0,1,257956,-1,1,-1,1,21,68,1,1,50,-1,15262,0,69,66688,0,31103,1,1,257956,67,68,0,1,255,247331,0,1,1,257956,257956,316,0,0,247331,0,0,3,139392,68,15,216003,3,1,4,873,257956,257956,45,216003,0,216003,5,0,0,67,0,0,66688,255,4,1871,1,239505,90,247331,45,521,223779,10,0,93,0,130,272853,52,68,0,272853,0,1,0,247331,257956,1916,1871,0,68,2,21
Ferencvárosi TC,30,0,0,1,1,5,0,237566,5,0,0,254,71,4,0,0,2,0,0,237566,-1,1,-1,1,19,71,254,30,51,-1,49000,0,71,4202496,0,22000,30,254,237566,70,71,0,1,1,278664,0,1,30,237566,237566,316,0,0,278664,0,0,2,266240,68,36,270068,1,1,4,254,237566,270068,30,239669,0,278664,5,0,0,70,0,0,4202496,1,4,1874,2,275976,50,278664,30,858,70887,10,4,88,0,153,237566,47,71,0,239669,0,1,0,278664,237566,1899,1874,0,68,2,24
River Plate,1,0,0,-3,255,1,0,228708,8,2,0,255,74,10,1,0,7,223,0,224334,-1,2,-1,1,-58,74,255,1,33,-1,240000,0,74,132112,0,84567,1,255,224334,74,74,1,2,255,221125,0,0,1,224334,224334,316,1,0,221125,0,0,2,4202512,74,38,245461,1,1,9,1877,224334,216700,1,245461,4,231340,5,0,0,74,0,0,132112,255,3,1876,1,245055,65,221125,1,82,216700,10,0,190,0,17,262240,-34,74,0,262240,0,1,0,221125,224334,1901,1876,1,74,2,3
Boca Juniors,1,0,47,-3,72,1,0,207439,8,2,0,138,74,10,0,0,7,252,0,207439,-1,2,-1,1,-58,75,69,60,1,-1,215000,0,74,263300,0,54000,170,1,207439,75,75,1,2,36,246690,0,0,1,207439,207439,316,1,0,246690,0,0,2,532612,73,35,83580,1,1,9,1876,207439,72006,170,83580,6,207439,6,0,0,75,0,0,263300,1,3,1877,1,232244,30,246690,60,82,72006,10,0,190,0,177,240663,-34,75,0,240663,0,1,0,246690,207439,1905,1877,2,73,2,4
Panathinaikos,1,0,25,2,57,4,0,208250,6,2,0,10,73,6,0,0,9,255,0,253213,-1,2,-1,1,23,73,10,1,255,-1,55000,0,73,4198672,0,69618,1,10,253213,73,73,1,2,111,82904,0,1,1,260843,260843,316,0,0,82904,0,0,2,264464,73,20,224019,1,1,5,278,260843,224019,1,208250,0,208250,5,0,0,73,0,0,4202768,28,4,1884,3,253213,50,82904,1,27,263693,9,0,37,0,255,260843,37,73,0,208250,0,1,0,82904,260843,1908,1884,0,73,2,20
Hungary,255,0,0,1,1,5,0,253170,0,1,0,1,74,0,0,0,2,255,1,236772,-1,2,-1,1,19,74,1,255,255,-1,0,0,74,525312,0,67889,255,1,70903,77,74,0,2,1,263233,0,1,255,70903,70903,316,0,0,253170,0,0,1,532480,74,0,234171,3,0,4,1356,70903,234171,255,70903,0,234171,0,0,0,77,0,0,263168,205,4,1886,1,263233,30,258708,255,0,70903,10,0,88,0,255,79098,47,74,0,253170,0,1,0,79098,70903,1901,1886,0,74,2,0
Vitória SC,1,0,0,0,255,4,0,223302,6,0,0,1,67,7,0,0,2,1,1,257194,-1,1,-1,1,-8,69,1,1,1,-1,60000,0,67,4198400,0,29464,1,1,257194,70,69,2,1,255,189303,0,1,1,266461,266461,316,0,0,189303,0,0,1,264192,69,0,81518,1,1,2,1896,257194,257194,1,81518,0,189303,7,0,0,70,0,0,4202496,255,4,1887,3,273840,50,189303,1,200,71477,7,0,36,0,1,223302,41,69,0,223302,0,1,0,189303,266461,1922,1887,0,69,2,1
Gil Vicente,1,0,0,0,0,4,0,209816,3,0,0,220,69,3,0,0,2,10,0,267633,-1,1,-1,1,-8,70,90,1,220,-1,22000,0,69,4195648,0,12029,1,10,267633,68,70,0,1,0,72337,0,1,1,267633,267633,316,0,0,72337,0,0,4,270656,69,0,225696,1,1,1,112809,267633,225696,1,255257,0,267633,8,0,0,68,0,0,4195648,170,4,1888,1,256526,50,72337,1,747,277878,4,0,36,0,90,267633,41,70,0,255257,0,1,0,72337,267633,1924,1888,0,69,2,0
Nacional,255,0,0,0,1,4,0,189221,3,0,0,255,68,7,0,0,2,255,0,245790,-1,1,-1,1,-17,69,255,255,255,-1,10000,0,68,528386,0,5147,255,255,245790,69,68,0,1,1,245790,0,1,255,245790,264488,316,0,0,245790,0,0,2,526338,68,0,245319,1,1,1,1438,245790,245319,255,259849,0,252164,5,0,0,69,0,0,270338,1,4,1891,3,74067,30,252164,255,171,74314,2,0,36,0,255,252164,33,68,0,259849,0,1,0,245790,245790,1910,1891,0,68,2,0
AD Ceuta FC,255,0,0,1,255,4,0,211556,4,0,0,1,67,2,0,0,2,243,0,225738,-1,1,-1,2,-5,67,1,255,0,-1,2500,0,67,270336,0,6500,255,1,225738,67,67,0,1,255,78836,0,2,255,225738,225738,316,0,0,78836,0,0,3,528384,67,0,211556,3,2,1,573,257558,225738,255,276742,0,78282,2,0,0,67,0,0,4202496,255,4,1894,2,276742,50,78836,255,980,225738,1,0,69,0,0,78282,36,67,0,78282,0,1,0,78836,257558,1996,1894,0,67,2,0
SC Braga,1,0,4,0,0,4,0,213516,5,0,0,255,76,7,0,0,2,255,1,213516,-1,2,-1,1,-8,75,255,1,255,-1,165000,0,76,139264,0,28196,1,255,269420,76,75,2,2,0,213516,0,1,1,213516,213516,316,0,0,213516,0,0,4,4198400,73,0,228336,1,1,3,1887,213516,269420,1,251377,0,213516,8,0,0,76,0,0,132096,233,4,1896,2,245597,65,259070,1,67,162347,8,0,36,0,255,259070,41,75,0,251377,0,1,0,213516,269420,1921,1896,0,73,2,3
Moreirense FC,255,0,0,0,65,4,0,251681,3,0,0,255,68,4,0,0,2,255,0,275545,-1,1,-1,1,-8,68,255,255,255,-1,23000,0,68,4198472,0,6153,255,255,275545,65,68,0,1,150,77106,0,0,255,275545,275545,316,0,0,77106,0,0,4,264264,68,0,279769,1,0,1,1887,275545,279769,255,262430,0,275545,7,0,0,65,0,0,4202568,50,4,1900,3,78453,50,77106,255,200,79448,4,0,36,0,255,275545,41,68,0,262430,0,1,0,77106,275545,1938,1900,0,68,1,0
FC Utrecht,120,0,1,1,48,4,0,207725,5,2,0,137,71,8,0,0,2,255,0,262473,-1,2,-1,2,5,72,69,120,255,-1,105000,0,71,4202560,0,23750,120,4,262473,71,72,0,2,48,263268,0,2,120,262473,262473,316,0,0,263268,0,0,2,266304,71,0,274357,1,2,1,245,262473,239361,120,274357,0,239361,5,0,0,71,0,0,4202560,197,4,1903,2,277483,50,263268,120,502,239361,7,0,30,0,255,74749,52,72,0,74749,0,2,0,263268,262473,1970,1903,0,71,1,3
NAC Breda,100,0,0,1,33,4,0,251812,3,0,0,13,67,5,1,0,2,5,1,188154,-1,1,-1,2,4,67,196,45,5,-1,47750,0,67,264256,0,19000,45,235,188154,68,67,0,1,216,176571,0,2,45,188154,188154,316,0,0,176571,0,0,2,526400,67,1,244853,1,2,1,246,188154,244853,100,188154,0,188154,5,0,0,68,0,0,4198464,255,4,1904,3,251812,50,176571,100,618,261386,2,0,30,0,5,252082,51,67,0,252082,0,2,0,176571,188154,1912,1904,0,67,2,1
AZ,20,0,0,1,1,4,0,260076,5,2,0,30,73,10,0,0,2,255,0,254789,-1,2,-1,2,4,73,30,20,255,-1,175750,0,73,132234,0,19478,20,255,254789,75,73,0,2,1,245902,0,2,20,254789,254789,316,0,0,245902,0,0,4,4202634,71,2,71532,1,2,4,245,254789,71532,20,260076,0,245902,9,0,0,75,0,0,132234,232,4,1906,1,263099,65,245902,20,11,260076,8,0,30,0,255,254789,52,73,0,273752,0,2,0,245902,264263,1967,1906,0,71,1,5
FC Twente,25,0,0,1,30,4,0,262311,5,2,0,5,70,6,1,0,2,250,0,274927,-1,1,-1,2,6,71,0,25,250,-1,125500,0,70,132224,0,30205,25,195,274927,71,71,0,1,20,70801,0,2,25,274927,252383,316,0,0,70801,0,0,2,4202624,70,1,259563,1,2,2,100634,70801,245338,25,259563,0,236498,8,0,0,71,0,0,132224,245,4,1908,1,274927,65,70801,25,155,245338,7,0,30,0,250,236498,52,71,0,236498,0,2,0,70801,259563,1965,1908,0,70,2,3
N.E.C. Nijmegen,10,0,0,1,55,4,0,204060,3,0,0,10,71,5,0,0,2,6,1,204060,-1,2,-1,2,6,72,10,10,100,-1,45000,0,71,73792,0,12500,10,10,204060,71,72,0,2,36,199386,0,2,10,204060,204060,316,0,0,199386,0,0,2,135232,71,0,73355,1,2,1,1903,204060,73355,10,204060,0,204060,5,0,0,71,0,0,73792,232,4,1910,2,70725,90,199386,10,346,262580,6,0,30,0,162,270931,52,72,0,270931,0,2,0,199386,277809,1900,1910,0,71,1,0
sc Heerenveen,240,0,3,1,184,4,0,210010,4,2,0,15,69,5,0,0,2,255,0,259131,-1,1,-1,2,5,68,1,240,255,-1,75000,0,69,4202568,0,27224,240,227,259131,67,68,0,1,113,262732,0,2,240,259131,259131,316,0,0,262732,0,0,2,266312,67,0,255015,1,2,1,1915,259131,259131,240,255015,0,262732,5,0,0,67,0,0,4202568,1,4,1913,2,252999,50,262732,240,213,70569,5,0,30,0,255,264452,52,68,0,264452,0,2,0,262732,210010,1920,1913,0,67,2,1
PEC Zwolle,87,0,3,1,200,4,0,220763,2,2,0,99,67,5,0,0,2,255,0,226539,-1,1,-1,2,6,67,167,101,255,-1,32500,0,67,270592,0,14000,111,32,226539,67,67,0,1,15,279948,0,2,87,257484,265741,316,0,0,279948,0,0,2,528640,66,0,237732,1,2,1,100632,226539,265741,111,237732,0,279948,5,0,0,67,0,0,4202752,15,4,1914,2,220763,50,279948,101,540,265741,3,0,30,0,255,257484,52,67,0,257484,0,2,0,279948,226539,1910,1914,0,66,2,1
FC Groningen,4,0,25,1,107,4,0,257957,4,2,0,82,66,6,0,0,2,255,0,275418,-1,1,-1,2,6,67,143,27,255,-1,55250,0,66,270336,0,22550,49,1,275418,68,67,0,1,162,271932,0,2,4,275418,275418,316,0,0,271932,0,0,2,528384,68,0,273008,1,2,1,1913,275418,275418,49,273008,0,275418,7,0,0,68,0,0,4202496,19,4,1915,2,262222,50,271932,27,196,275411,4,0,30,0,255,75838,53,67,0,75838,0,2,0,271932,275418,1971,1915,0,68,2,1
Wigan Athletic,1,0,0,0,175,3,0,225589,3,2,0,195,63,7,1,0,2,255,0,240808,-1,1,-1,2,-2,64,89,110,255,-1,7800,0,63,270336,0,25138,70,29,240808,65,64,0,1,89,269691,0,2,1,240808,240808,316,0,0,269691,0,0,2,528384,64,0,246054,1,2,1,4,240808,247731,70,246054,0,269691,5,0,0,65,0,0,4202496,29,4,1917,2,271018,50,269691,110,528,247731,7,0,55,0,255,242423,53,64,0,242423,0,2,0,269691,240808,1932,1917,0,64,2,1
Bristol City,225,0,0,0,1,3,0,252376,5,2,0,1,71,5,0,0,2,255,1,237619,-1,1,-1,0,-2,71,1,1,255,-1,65000,0,71,4202498,0,27000,1,225,237619,71,71,0,1,1,244296,0,2,225,237619,237619,316,0,0,244296,0,0,1,266242,70,0,252376,1,2,1,1962,237619,252376,1,251306,0,244296,5,0,0,71,0,0,4202498,225,4,1919,2,234941,50,244296,1,76,246847,6,0,55,0,255,237619,51,71,0,251306,0,2,0,244296,237619,1894,1919,0,70,2,0
Oldham Athletic,255,0,0,0,152,3,0,223902,2,0,0,152,60,6,0,0,2,255,0,205818,-1,1,-1,0,-2,61,86,86,255,-1,2100,0,60,264209,0,13186,122,29,205818,61,61,0,1,86,266828,0,0,29,205818,205818,316,0,0,266828,0,0,2,526353,61,0,260439,1,0,1,4,227961,205818,255,260439,0,261211,3,0,0,61,0,0,4198417,29,4,1920,3,72582,50,266828,255,357,223902,1,0,55,0,255,261211,53,61,0,261211,0,0,0,266828,205818,1895,1920,0,61,2,0
Luton Town,1,0,0,0,1,3,0,205054,4,2,0,60,67,3,0,0,2,255,0,225441,-1,1,-1,0,0,68,1,1,255,-1,25000,0,67,66568,0,10356,60,1,227995,68,68,0,1,112,202686,0,0,1,225441,227995,316,0,0,202686,0,0,2,139272,68,0,83042,1,0,1,1795,227995,278102,60,83042,0,202686,7,0,0,68,0,0,66568,255,4,1923,1,204412,90,202686,1,291,278102,10,0,55,0,255,225441,51,68,0,225441,0,2,0,202686,227995,1885,1923,0,68,2,0
Chesterfield,51,0,0,0,204,3,0,173671,3,0,0,216,63,3,1,0,2,255,0,226172,-1,1,-1,0,-1,63,102,102,255,-1,2200,0,63,132224,0,10300,204,51,226172,60,63,0,1,102,79284,0,0,51,226172,226172,316,0,0,79284,0,0,2,4202624,63,0,246349,3,0,1,1940,226172,246349,204,245531,0,79284,8,0,0,60,0,0,132224,51,4,1924,1,267868,65,79284,102,105,245531,8,0,55,0,255,226172,53,63,0,173671,0,1,0,79284,226172,1866,1924,0,63,2,0
Brentford,10,0,0,0,34,3,0,229723,4,2,0,1,78,3,0,0,2,255,0,229723,-1,2,-1,0,0,78,1,10,255,-1,430000,0,78,4198784,0,17250,10,1,229723,81,78,0,2,1,275771,0,2,10,229723,229723,316,0,0,275771,0,0,2,266624,77,0,260926,1,2,3,15,265552,265552,10,260926,0,275771,9,0,0,81,0,0,139648,242,3,1925,3,243606,50,275771,10,285,270608,3,0,35,0,255,241508,51,78,0,241508,0,2,0,275771,229723,1889,1925,0,77,2,0
Blackpool,255,0,0,0,20,3,0,205596,4,0,0,20,66,4,1,0,2,255,0,252134,-1,1,-1,0,-3,66,110,255,255,-1,6000,0,66,270336,0,17338,255,255,252134,66,66,0,1,134,213699,0,0,255,252134,252134,316,0,0,213699,0,0,2,528384,65,0,277346,1,0,1,1801,252134,277346,20,252134,0,213699,6,0,0,66,0,0,4202496,255,4,1926,2,225734,50,213699,134,56,258050,7,0,55,0,255,242265,53,66,0,242265,0,0,0,213699,252134,1887,1926,0,65,2,1
Port Vale,1,0,9,0,255,3,0,255930,2,0,0,255,63,5,0,0,2,1,0,73159,-1,1,-1,0,-2,64,255,1,1,-1,3300,0,63,270338,0,19052,1,255,73159,65,64,0,1,255,195427,0,0,1,73159,73159,316,0,0,195427,0,0,1,528386,65,0,266155,1,0,1,1806,73159,266155,1,73159,0,195427,4,0,0,65,0,0,4202498,255,4,1928,2,184242,50,195427,1,465,213018,2,0,55,0,1,255930,53,64,0,255930,0,2,0,195427,73159,1876,1928,0,65,2,0
Plymouth Argyle,1,0,0,0,1,3,0,192231,3,0,0,1,65,5,0,0,2,255,1,252555,-1,1,-1,0,-4,66,100,1,255,-1,12500,0,65,525322,0,18200,1,1,252555,65,66,0,1,75,271325,0,0,1,252555,252555,316,0,0,271325,0,0,1,532490,66,0,235769,1,0,1,143,252555,246723,1,235769,0,266886,5,0,0,65,0,0,263178,1,4,1929,1,277052,30,271325,1,381,246723,9,0,55,0,255,266886,50,66,0,266886,0,0,0,271325,252555,1886,1929,0,66,2,0
Northampton,153,0,0,0,39,3,0,208188,2,0,0,29,63,5,0,0,2,255,0,238758,-1,1,-1,0,0,63,1,1,255,-1,2700,0,63,270592,0,7798,39,153,203328,62,63,0,1,1,252379,0,0,153,203328,203328,316,0,0,208188,0,0,2,528640,64,0,229771,1,0,1,1938,203328,235263,39,238758,0,203328,6,0,0,62,0,0,4202752,153,4,1930,2,231406,50,235263,1,350,254315,3,0,55,0,255,252379,52,63,0,208188,0,0,0,248880,238758,1897,1930,0,64,1,0
Stockport,0,0,0,0,180,3,0,186143,3,0,0,180,66,2,0,0,2,255,0,186143,-1,1,-1,0,-2,66,80,80,255,-1,4000,0,66,139392,0,10852,180,0,186143,65,66,0,1,80,70718,0,0,0,186143,186143,316,0,0,70718,0,0,1,4198528,65,0,278105,3,0,1,121,186143,241452,180,278105,0,225001,7,0,0,65,0,0,139392,0,4,1931,2,241379,65,70718,80,900,241452,5,0,55,0,255,70275,53,66,0,70275,0,2,0,70718,186143,1883,1931,0,65,2,0
Barnsley,230,0,0,0,1,3,0,245988,4,2,0,1,64,7,0,0,2,255,1,245988,-1,1,-1,2,-1,65,1,1,255,-1,7200,0,64,132224,0,23287,1,200,245988,66,65,0,1,1,198437,0,2,230,245988,234242,316,0,0,198437,0,0,2,4202624,65,0,271560,1,2,1,1794,245988,224225,1,271560,0,198437,6,0,0,66,0,0,132224,230,4,1932,1,70319,65,198437,1,38,224225,7,0,55,0,255,272542,53,65,0,272542,0,2,0,198437,234242,1887,1932,0,65,2,1
Wycombe,1,0,22,0,227,3,0,205015,2,0,0,212,66,2,0,0,2,1,0,239119,-1,1,-1,0,0,66,139,1,65,-1,6500,0,66,132160,0,10000,1,1,239119,67,66,0,1,182,205887,0,0,1,239119,239119,316,0,0,205887,0,0,3,4202560,66,0,221197,1,0,1,1935,239119,252970,1,221197,0,205887,8,0,0,67,0,0,132160,77,4,1933,1,251001,65,205887,1,217,252970,8,0,55,0,33,270937,51,66,0,270937,0,2,0,205887,239119,1887,1933,0,66,1,0
Swindon Town,221,0,0,0,24,3,0,193608,3,0,0,24,63,5,1,0,2,255,0,240897,-1,1,-1,0,-1,63,6,6,255,-1,2075,0,63,132225,0,15547,24,221,193608,64,62,0,1,6,219550,0,0,221,240897,240897,316,0,0,219550,0,0,2,4202625,62,0,230590,1,0,1,1951,240897,204007,24,230590,0,240897,5,0,0,64,0,0,132225,221,4,1934,1,243767,65,219550,6,471,204007,4,0,55,0,255,242286,51,62,0,242286,0,2,0,219550,240897,1879,1934,0,62,2,0
Colchester,1,0,0,0,255,3,0,241507,1,0,0,255,63,9,1,0,2,255,0,236818,-1,1,-1,0,0,63,85,90,255,-1,2000,0,63,263178,0,10105,40,31,236818,62,63,0,1,102,264104,0,0,1,236818,236818,316,0,0,264104,0,0,2,532490,62,0,225125,1,0,1,94,236818,270609,40,225125,0,216467,4,0,0,62,0,0,4195338,51,4,1935,1,222256,50,264104,90,113,270609,3,0,55,0,255,216467,51,63,0,216467,0,2,0,264104,236818,1937,1935,0,62,2,0
Cheltenham Town,1,0,0,0,22,3,0,173734,2,0,0,10,62,4,1,0,2,255,1,202698,-1,1,-1,0,-2,62,10,1,255,-1,2100,0,62,270402,0,7066,1,180,202698,60,62,0,1,22,262522,0,0,1,202698,202698,316,0,0,262522,0,0,2,528450,62,0,245893,1,0,1,1934,202698,73943,1,245893,0,245893,3,0,0,60,0,0,4202562,233,4,1936,2,70787,50,262522,1,578,73943,4,0,55,0,255,251346,51,62,0,251346,0,2,0,262522,202698,1887,1936,0,62,2,0
Notts County,1,0,0,0,1,3,0,211228,2,0,0,1,63,5,0,0,2,255,0,227764,-1,1,-1,0,-1,63,1,1,255,-1,2300,0,63,132248,0,19841,1,1,227764,63,63,0,1,1,257614,0,0,1,227764,227764,316,0,0,257614,0,0,2,4202648,62,0,211228,1,0,1,14,227764,206202,1,211228,0,227764,7,0,0,63,0,0,132248,1,3,1937,1,278986,65,257614,1,352,206202,9,0,55,0,255,254496,53,63,0,254496,0,2,0,257614,227764,1862,1937,0,62,2,1
Peterborough,1,0,5,0,195,3,0,240605,3,0,0,215,64,8,1,0,2,255,0,240605,-1,1,-1,0,0,64,90,75,255,-1,6750,0,64,525320,0,15314,150,1,240605,66,64,0,1,90,264746,0,0,1,240605,240605,316,0,0,264746,0,0,2,532488,64,0,78923,1,0,1,1944,240605,260669,150,78923,0,264746,6,0,0,66,0,0,263176,1,4,1938,1,270113,30,264746,75,379,260669,6,0,55,0,255,278239,52,64,0,278239,0,0,0,264746,240605,1934,1938,0,64,2,0
Huddersfield,1,0,0,0,185,3,0,198285,4,2,0,185,67,4,0,0,2,255,0,220019,-1,1,-1,0,-1,67,113,113,255,-1,8000,0,67,263168,0,24329,185,1,220019,66,67,0,1,113,237332,0,0,1,220019,220019,316,0,0,237332,0,0,1,532480,66,3,264200,0,0,1,8,220019,264200,185,220019,0,237332,8,0,0,66,0,0,4195328,1,4,1939,1,243353,50,237332,113,221,222836,8,0,55,0,255,243831,53,67,0,243831,0,2,0,237332,220019,1908,1939,0,66,2,1
Mansfield Town,250,0,0,0,1,3,0,226116,2,0,0,1,63,5,1,0,2,51,1,202033,-1,1,-1,0,-1,64,201,250,204,-1,3150,0,63,270466,0,9186,250,245,202033,64,64,0,1,204,213143,0,0,250,202033,202033,316,0,0,213143,0,0,3,528514,63,0,222477,1,0,1,1924,264192,242436,250,222477,0,173891,6,0,0,64,0,0,4202626,255,4,1940,2,202033,50,213143,250,303,242436,3,0,55,0,102,269329,53,64,0,269329,0,2,0,213143,264192,1897,1940,0,63,1,0
AFC Bournemouth,1,0,0,0,30,3,0,190885,4,2,0,18,78,3,0,0,2,30,0,237477,-1,2,-1,0,-1,78,18,1,30,-1,410000,0,78,139400,0,11307,1,204,237477,79,78,0,2,10,256612,0,0,1,237477,237477,316,0,0,256612,0,0,2,4198536,77,0,83494,1,0,4,17,237477,83494,1,237477,0,237477,10,0,0,79,0,0,132232,220,5,1943,2,256769,65,256612,1,65,213884,4,0,35,0,30,277909,50,78,0,277909,0,2,0,256612,237477,1899,1943,0,77,2,0
Cambridge Utd,1,0,0,0,0,3,0,222396,2,0,0,0,62,4,0,0,2,11,0,212493,-1,1,-1,0,0,63,163,95,26,-1,3300,0,62,132164,0,8127,60,255,212493,63,63,0,1,163,256711,0,0,1,212493,212493,316,0,0,256711,0,0,1,4202564,63,0,222396,1,0,1,1938,212493,222396,60,207956,0,256711,3,0,0,63,0,0,132164,255,4,1944,1,271675,65,256711,95,92,263955,6,0,55,0,6,212493,52,63,0,207956,0,2,0,256711,212493,1912,1944,0,63,2,0
Wrexham,20,0,0,0,0,3,0,221281,7,0,0,102,71,3,1,0,2,255,0,219216,-1,1,-1,0,-3,71,153,50,255,-1,30000,0,71,528384,0,12600,20,51,219216,70,70,0,1,0,235247,0,0,20,219216,219216,316,0,0,235247,0,0,1,526336,70,0,236530,1,0,1,127,219216,225769,20,236530,0,219216,8,0,0,70,0,0,270336,225,5,1947,3,255913,30,235247,50,863,225769,6,0,55,0,255,232545,53,70,0,232545,0,0,0,235247,219216,1864,1947,0,70,2,0
Oxford United,0,0,0,0,1,3,0,220940,3,0,0,255,68,4,1,0,2,1,0,220940,-1,1,-1,0,-1,69,255,240,110,-1,13000,0,68,4198416,0,12500,1,255,220940,67,69,0,1,240,75272,0,0,240,220940,220940,316,0,0,75272,0,0,2,264208,69,0,263582,1,0,1,1934,220940,270676,100,263582,0,220940,3,0,0,67,0,0,4202512,240,4,1951,3,277705,50,75272,60,364,270676,2,0,55,0,1,278557,51,69,0,278557,0,1,0,75272,220940,1893,1951,0,69,1,0
Hull City,1,0,0,0,1,3,0,224099,4,2,0,1,71,4,1,0,2,1,0,243608,-1,1,-1,0,0,71,173,1,1,-1,70250,0,71,139648,0,25586,1,241,243608,74,71,0,1,173,220031,0,2,1,243608,246053,316,0,0,220031,0,0,2,4198784,71,0,240925,1,2,1,8,246053,246053,1,240925,0,220031,6,0,0,74,0,0,139648,241,4,1952,2,241953,65,220031,1,223,233053,7,0,55,0,1,202693,53,71,0,202693,0,2,0,220031,243608,1904,1952,0,71,2,0
Leyton Orient,255,0,15,0,1,3,0,230882,2,2,0,1,64,6,1,0,2,255,1,270679,-1,1,-1,0,0,65,1,255,255,-1,3750,0,64,132105,0,9271,255,230,270679,67,65,0,1,1,271530,0,0,255,270679,270679,316,0,0,271530,0,0,2,4202505,64,0,237310,1,0,1,19,270679,237310,255,270679,0,271530,6,0,0,67,0,0,132105,230,4,1958,1,233804,65,271530,255,285,266303,5,0,55,0,255,257472,51,65,0,257472,0,2,0,271530,270679,1881,1958,0,64,2,0
Swansea City,18,0,0,0,255,3,0,248687,4,2,0,255,70,7,0,0,2,1,0,232759,-1,1,-1,0,-3,71,255,39,1,-1,70500,0,70,525317,0,21088,30,255,260492,72,71,0,1,255,276716,0,2,18,276716,276716,316,0,0,276716,0,0,3,532485,72,0,233941,1,2,1,1961,258596,258596,30,233941,0,276716,4,0,0,72,0,0,263173,255,4,1960,1,275785,30,276716,39,470,258596,5,0,55,0,1,260492,51,71,0,260492,0,2,0,276716,233941,1912,1960,0,72,2,0
Cardiff City,1,0,0,0,170,3,0,205989,5,2,0,170,67,5,0,0,2,255,0,227929,-1,1,-1,1,-3,68,93,1,255,-1,20000,0,67,132164,0,33280,1,16,269175,66,68,0,1,93,278017,0,0,1,227929,227929,316,0,0,278017,0,0,2,4202564,68,0,70026,1,0,1,1960,256510,269175,1,70026,0,278017,7,0,0,66,0,0,132164,16,4,1961,1,259677,65,278017,1,94,269175,10,0,55,0,255,257437,51,68,0,257437,0,2,0,278017,227929,1899,1961,0,68,2,1
Bristol Rovers,255,0,5,0,240,3,0,231107,3,0,0,180,62,8,1,0,2,255,0,240606,-1,1,-1,0,-2,62,60,94,255,-1,3200,0,62,139332,0,12296,187,11,240606,61,62,0,1,1,275443,0,0,0,240606,240606,316,0,0,275443,0,0,1,4198468,63,0,268529,1,0,1,1919,240606,200806,255,268529,0,275443,6,0,0,61,0,0,139332,1,4,1962,2,276332,65,275443,255,76,200806,9,0,55,0,255,230881,51,62,0,230881,0,0,0,275443,240606,1883,1962,0,63,2,0
Cádiz CF,0,0,0,1,0,4,0,220348,5,0,0,111,68,3,1,0,2,1,0,202651,-1,1,-1,0,-6,68,250,80,170,-1,5000,0,68,4202560,0,25033,220,250,202651,68,68,0,1,245,76043,0,1,0,202651,202651,316,0,0,76043,0,0,3,266304,67,0,231640,1,2,1,481,202651,279502,220,231640,0,231640,8,0,0,68,0,0,4202560,245,4,1968,2,276085,50,76043,80,574,279502,4,0,69,0,60,207732,36,68,0,207732,0,1,0,76043,202651,1910,1968,0,67,2,0
Excelsior,185,0,31,1,15,4,0,256892,1,0,0,30,66,2,0,0,2,225,0,266010,-1,1,-1,2,4,66,40,185,25,-1,26000,0,66,526408,0,4500,185,255,266010,66,66,0,1,15,266010,0,2,185,266010,266010,316,0,0,266010,0,0,1,526408,66,0,275982,0,2,1,100646,266010,275982,185,271118,0,248604,10,0,0,66,0,0,266312,15,4,1971,3,263637,30,222165,185,412,271511,1,0,30,0,33,222165,51,66,0,271118,0,2,0,266010,266010,1902,1971,0,66,2,0
R. Union St.-G.,125,0,0,1,90,4,0,210044,5,0,0,250,74,2,0,0,2,1,1,262925,-1,2,-1,0,4,74,250,125,127,-1,100000,0,74,4195328,0,9400,125,250,262925,73,74,0,2,232,272569,0,1,125,262925,262925,316,0,0,272569,0,0,2,270336,75,12,252108,1,2,5,229,262925,74963,125,252108,0,79334,7,0,0,73,0,0,4195328,244,4,2014,1,251247,50,272569,125,79,74963,9,0,122,0,62,79334,50,74,0,79334,0,2,0,272569,262925,1897,2014,0,75,2,3
TSV Hartberg,202,0,3,1,183,4,0,203615,2,0,0,207,65,5,1,0,2,255,0,203615,-1,1,-1,1,15,65,148,204,255,-1,8400,0,65,532480,0,5024,206,24,203615,65,65,0,1,68,276178,0,1,202,203615,276178,316,0,0,276178,0,0,2,528384,63,0,208247,3,1,1,209,203615,208247,206,203615,0,276178,3,0,0,65,0,0,270336,30,4,2017,2,74086,30,276178,204,689,73188,3,0,31,0,255,73205,47,65,0,73205,0,1,0,276178,203615,1946,2017,0,63,2,0
Avellino,255,0,0,1,72,4,0,220529,1,0,0,106,67,1,0,0,2,255,0,257859,-1,1,-1,0,14,68,218,255,255,-1,12000,0,67,532480,0,10125,255,58,257859,69,68,0,1,151,214676,0,1,255,257859,257859,316,0,0,214676,0,0,2,528384,67,0,278076,12,1,1,112124,257859,278076,255,257859,0,79118,2,0,0,69,0,0,270336,42,4,2038,2,276003,30,214676,255,31,220529,1,4,82,0,255,79118,40,68,0,79118,0,1,0,214676,257859,1912,2038,0,67,2,0
Fredrikstad FK,255,0,0,1,52,7,0,191730,3,0,0,52,67,4,0,0,2,255,0,227882,-1,1,-1,1,11,65,44,255,255,-1,5000,0,67,263168,0,12600,255,216,227882,65,65,0,1,44,241915,0,1,255,227882,227882,316,0,0,241915,0,0,3,532480,63,9,268095,0,1,2,112199,227882,227882,255,268095,0,268095,5,0,0,65,0,0,4195328,216,4,2041,1,191730,50,241915,255,944,255310,3,0,199,0,255,77080,59,65,0,77080,0,1,2,241915,266606,1903,2041,0,63,1,12
Gimcheon Sangmu,0,0,0,9,34,2,0,273633,3,0,0,111,64,1,0,0,4,0,0,243064,-1,1,-1,0,128,65,169,28,73,-1,23050,0,64,525440,0,25000,34,201,243064,65,65,0,1,28,255519,0,1,184,243064,268342,316,0,0,255519,0,0,4,532608,63,0,261105,1,1,1,1474,243064,248487,73,261105,0,242924,1,0,0,65,0,0,263296,184,4,2055,1,242924,30,255519,38,852,248487,4,0,29,0,38,255329,36,65,0,255329,0,1,0,255519,243064,2021,2055,0,63,2,0
Daegu FC,255,0,0,9,255,2,0,225733,6,1,0,204,65,5,0,0,4,255,0,225733,-1,1,-1,1,128,64,1,178,255,-1,9050,0,65,532736,0,12415,255,1,225733,63,64,0,1,178,252278,0,1,102,225733,225733,316,0,0,252278,0,0,4,528640,60,0,228461,1,1,2,1474,225733,228461,255,260395,0,225733,6,0,0,63,0,0,270592,102,4,2056,2,70637,30,252278,255,130,76314,5,0,29,0,255,225733,35,64,0,260395,0,1,0,252278,225733,2002,2056,0,60,1,1
Estoril Praia,255,0,0,0,0,4,0,231391,3,0,0,180,71,10,0,0,2,0,0,237871,-1,1,-1,1,-9,71,100,255,192,-1,30000,0,71,4198464,0,5094,255,20,237871,71,70,0,1,255,243047,0,1,255,237871,237871,316,0,0,243047,0,0,1,264256,69,0,79691,3,1,1,114510,237871,237871,255,231391,0,243169,8,0,0,71,0,0,4202560,255,4,10020,3,251469,50,243047,255,98,235955,4,0,36,0,128,243169,38,70,0,231391,0,1,0,243047,243169,1939,10020,0,69,2,0
TSG Hoffenheim,80,1,0,1,166,4,0,193698,1,3,0,91,78,8,1,0,2,255,0,244470,-1,2,-1,1,8,77,48,80,255,-1,330203,0,78,73728,0,30150,80,1,244470,77,77,0,2,93,71418,0,1,80,244470,244050,316,0,0,71418,0,0,1,135168,75,0,256564,1,1,4,36,244470,244050,80,256564,0,256564,7,0,0,77,1,0,66560,31,4,10029,2,216354,90,71418,80,450,244050,5,4,25,0,255,244470,49,77,0,276646,0,1,0,71418,244470,1899,10029,0,75,2,0
SC Paderborn 07,185,0,0,1,179,4,0,236467,3,1,0,255,69,7,0,0,2,1,0,238363,-1,1,-1,1,8,68,255,185,1,-1,31250,0,69,132233,0,15000,185,255,238363,66,68,0,1,109,266012,0,1,185,238363,238363,316,0,0,266012,0,0,2,4202633,69,0,79816,1,1,1,159,238363,238363,185,79816,0,252073,2,0,0,66,0,0,132233,1,2,10030,1,266446,65,266012,185,367,276311,6,4,27,0,1,252073,51,68,0,252073,0,1,0,266012,238363,1907,10030,0,69,2,0
FC Lugano,180,0,0,1,1,4,0,270913,4,0,0,252,70,4,1,0,2,255,0,229336,-1,1,-1,1,8,70,252,180,255,-1,70350,0,70,4198528,0,6390,180,252,229336,71,70,0,1,1,244706,0,1,180,229336,229336,316,0,0,244706,0,0,3,264320,69,3,237440,1,1,4,900,229336,258393,180,229336,0,244706,3,0,0,71,0,0,4202624,1,4,10032,3,270913,50,244706,180,289,258393,6,0,71,0,255,73151,46,70,0,73151,0,1,0,244706,229336,1908,10032,0,69,1,4
Burgos CF,255,0,0,1,254,4,0,254786,2,0,0,240,69,5,0,0,2,1,0,231733,-1,1,-1,2,-3,69,240,255,1,-1,2540,0,69,4198464,0,12194,255,240,231733,69,69,0,1,254,252590,0,2,255,231733,231733,316,0,0,252590,0,0,2,264256,68,0,73518,1,2,1,110069,231733,73518,255,229764,0,231733,5,0,0,69,0,0,4202560,254,4,10846,3,255468,50,252590,255,862,254786,1,0,69,0,1,231733,42,69,0,229764,0,1,0,252590,231733,1994,10846,0,68,2,0
Zulte Waregem,202,0,0,1,48,4,0,255400,5,0,0,250,69,5,0,0,2,1,0,70694,-1,1,-1,1,3,68,250,204,74,-1,35000,1,69,4202570,0,12414,206,250,70694,68,68,1,1,11,262962,0,1,202,70694,70694,316,0,0,262962,0,0,1,266314,66,0,78426,3,1,4,1750,70694,262573,206,78426,0,78426,5,0,0,68,0,0,4202570,196,4,15005,2,276668,50,262962,204,520,262573,5,0,122,0,111,78423,50,68,0,78423,0,1,0,262962,70694,2001,15005,0,66,2,2
FC Fredericia,255,0,0,1,4,7,0,70138,1,0,0,4,63,7,0,0,2,1,0,78613,-1,1,-1,1,10,63,4,255,1,-1,3000,0,63,263168,0,4000,255,176,78613,63,63,0,1,4,268065,0,1,255,78613,78613,316,0,0,268065,0,0,2,532480,63,0,238726,1,1,1,272,78613,78621,255,238726,0,238726,6,0,0,63,0,0,4195328,176,4,15006,1,262349,50,268065,255,969,78621,1,0,6,0,1,240572,56,63,0,240572,0,1,0,268065,78614,1991,15006,0,63,2,0
SCR Altach,202,0,8,1,250,4,0,223427,4,0,0,1,66,3,0,0,2,1,0,262384,-1,1,-1,1,9,65,250,204,1,-1,9700,0,66,525376,0,8500,206,250,262384,64,65,0,1,250,70327,0,1,202,262384,262384,316,0,0,70327,0,0,2,532544,63,0,276188,1,1,2,15040,262384,276188,206,79934,0,262384,2,0,0,64,0,0,263232,250,4,15009,1,240481,30,70327,204,15,229477,4,0,31,0,1,262384,47,65,0,79934,0,1,0,70327,262384,1929,15009,0,63,2,0
Cultural Leonesa,255,0,0,1,255,4,0,79048,1,0,0,0,67,5,0,0,2,222,0,275493,-1,1,-1,2,-5,68,0,255,27,-1,2500,0,67,4198464,0,13451,255,192,275493,66,68,0,1,255,251610,0,2,255,275493,275493,316,0,0,251610,0,0,4,264256,67,0,208622,3,2,1,462,275493,208622,255,250887,0,275493,8,0,0,66,0,0,4202560,255,4,15012,3,270738,50,251610,255,647,201413,1,0,69,0,0,275493,42,68,0,250887,0,1,0,251610,275493,1923,15012,0,67,2,0
Burton Albion,1,0,0,0,1,3,0,247073,1,0,0,10,62,5,0,0,2,1,0,261390,-1,1,-1,0,-1,63,235,1,1,-1,3000,0,62,139586,0,6912,1,251,261390,64,63,0,1,245,240373,0,2,1,261390,261390,316,0,0,240373,0,0,2,4198722,63,0,266709,1,2,1,91,261390,261390,1,266709,0,222654,5,0,0,64,0,0,139586,249,4,15015,2,251312,65,240373,1,86,260927,4,0,55,0,1,222654,52,63,0,222654,0,2,0,240373,261390,1950,15015,0,63,2,0
WSG Tirol,202,0,0,1,87,4,0,231840,1,0,0,1,66,4,1,0,2,254,0,240019,-1,1,-1,1,11,65,1,204,254,-1,10350,0,66,270400,0,16008,206,1,240019,65,65,0,1,170,240019,0,1,202,240019,240019,316,0,0,240019,0,0,3,528448,66,0,265185,3,1,1,15009,248471,270136,206,265185,0,231840,3,0,0,65,0,0,4202560,1,4,15040,2,231840,50,240019,204,754,270136,1,0,31,0,254,251499,47,65,0,251499,0,1,0,240019,248471,1930,15040,0,66,2,0
Tranmere Rovers,0,0,0,0,255,3,0,244054,2,0,0,128,60,3,0,0,2,75,0,268633,-1,1,-1,0,-3,62,66,40,255,-1,2300,0,60,526464,0,15573,60,42,244054,62,62,0,1,255,211143,0,2,0,268633,244054,316,0,0,211143,0,0,1,526464,62,0,266871,1,2,1,4,244054,244054,60,266871,0,211143,5,0,0,62,0,0,266368,255,4,15048,3,236557,30,211143,40,687,268633,2,0,55,0,75,267744,53,62,0,267744,0,2,0,211143,244054,1884,15048,0,62,2,0
OH Leuven,255,0,0,1,255,4,0,210831,3,0,0,51,69,5,1,0,2,15,0,210831,-1,1,-1,1,4,69,153,255,15,-1,35000,0,69,4202562,0,10020,255,0,210831,67,69,0,1,255,237524,0,1,255,210831,210831,316,0,0,237524,0,0,2,266306,70,0,237138,1,1,2,110724,210831,260282,255,237138,0,209780,6,0,0,67,0,0,4202562,255,4,100087,2,209780,50,237524,255,276,260282,4,0,122,0,15,277832,50,69,0,277832,0,1,0,237524,210831,1957,100087,0,70,2,0
APOEL FC,255,0,0,3,205,4,0,193336,4,0,0,69,70,2,1,0,9,250,0,202151,-1,1,-1,1,33,69,185,255,250,-1,35000,0,70,4195328,0,22859,255,216,202151,67,69,0,1,105,270478,0,1,255,78315,202151,316,0,0,270478,0,0,4,270336,68,29,226866,3,0,3,1884,78315,226866,255,78315,0,78315,7,0,0,67,0,1,4195328,44,4,100135,1,270339,50,270478,255,859,79915,10,0,141,0,250,262576,35,69,0,262576,0,1,0,270478,78315,1926,100135,0,68,1,15
HJK Helsinki,2,0,0,2,155,7,0,234294,3,0,0,155,63,6,0,0,2,255,0,234294,-1,1,-1,1,24,63,73,73,255,-1,6500,0,63,132100,0,10770,155,2,234294,67,63,1,1,73,190362,0,1,2,234294,234294,316,0,0,190362,0,0,3,4202500,63,33,78895,15,1,2,320,234294,80485,155,78895,0,234294,6,0,0,67,0,0,132100,2,4,100325,1,75919,65,190362,73,586,256846,10,0,37,0,255,76194,60,63,0,76194,0,1,2,190362,234294,1907,100325,0,63,2,14
FC Augsburg,1,0,0,1,22,4,0,202201,5,3,0,34,74,5,0,0,2,1,0,236477,-1,2,-1,1,10,74,45,1,45,-1,162100,0,74,528392,0,30660,1,6,236477,75,74,0,2,14,199439,0,1,1,236477,236477,316,0,0,199439,0,0,2,526344,75,0,259306,1,1,3,21,236477,236457,1,266433,0,236477,6,0,0,75,1,0,270344,216,4,100409,3,241867,30,199439,1,28,246594,4,0,25,0,70,236477,48,74,0,266433,0,1,0,199439,236457,1907,100409,0,75,2,0
Go Ahead Eagles,75,0,0,1,26,4,0,228363,3,0,0,44,69,2,0,0,2,244,0,271080,-1,1,-1,2,6,69,54,75,62,-1,42500,0,69,4202568,0,10400,75,218,271080,68,69,0,1,23,73914,0,2,75,72892,256800,316,0,0,73914,0,0,2,266312,68,4,72892,1,2,1,1914,271080,256800,75,72892,0,259921,6,0,0,68,0,0,4202568,193,4,100632,2,250998,50,73914,75,563,239512,5,0,30,0,215,259921,52,69,0,259921,0,2,0,73914,256800,1971,100632,0,68,1,1
Heracles Almelo,20,0,0,1,255,4,0,223814,2,2,0,235,66,1,0,0,2,15,0,237647,-1,1,-1,2,6,67,235,20,15,-1,32000,0,66,526592,0,12080,20,235,237647,68,67,0,1,255,73949,0,2,20,237647,237647,316,0,0,73949,0,0,1,526592,66,2,268803,1,2,1,1908,237647,268803,20,223370,0,237647,6,0,0,68,0,0,266496,255,4,100634,3,245286,30,73949,20,13,263899,3,0,30,0,15,237647,52,67,0,223370,0,2,0,73949,237647,1903,100634,0,66,1,0
Telstar,75,0,0,1,240,4,0,212485,1,0,0,80,66,3,0,0,2,255,0,221986,-1,1,-1,2,4,66,80,75,255,-1,16000,0,66,270336,0,5200,75,80,221986,63,66,0,1,240,77169,0,2,75,221986,221986,316,0,0,77169,0,0,2,528384,66,0,275861,0,2,1,645,221986,221986,75,275861,0,221986,4,0,0,63,0,0,4202496,240,4,100638,2,266722,50,77169,75,974,70069,1,0,30,0,255,270475,52,66,0,270475,0,2,0,77169,221986,1963,100638,0,66,2,0
Sparta Rotterdam,175,0,1,1,31,4,0,199550,3,2,0,10,67,7,0,0,2,255,0,237895,-1,1,-1,2,4,68,10,175,255,-1,55750,0,67,532484,0,11000,175,10,237895,73,68,0,1,23,230737,0,2,175,237895,237895,316,0,0,230737,0,0,3,528388,67,6,242531,1,2,1,246,237895,242531,175,279808,0,230737,4,0,0,73,0,0,270340,228,4,100646,2,231864,30,230737,175,412,79823,4,0,30,0,255,237895,51,68,0,279808,0,2,0,230737,237895,1888,100646,0,67,2,3
FC Dinamo 1948,237,0,4,2,36,5,0,260141,3,1,0,50,69,8,0,0,2,255,0,260141,-1,1,-1,1,26,68,50,28,255,-1,7700,0,69,270336,0,8207,36,50,260141,67,67,0,1,28,263147,0,1,237,260141,260141,316,0,0,263147,0,0,3,528384,68,18,203393,1,1,2,100761,223871,260141,36,223871,0,223871,5,0,0,67,0,0,4202496,237,4,100757,2,251781,50,263147,28,768,277693,6,0,79,0,255,243016,44,67,0,243016,0,1,0,263147,260141,1948,100757,0,68,2,13
FC Argeș,255,0,0,2,141,5,0,257758,2,0,0,1,64,3,1,0,2,255,1,251045,-1,1,-1,1,24,65,1,255,255,-1,2900,0,64,270400,0,15000,255,1,257758,65,65,0,1,46,270104,0,1,255,251045,251045,316,0,0,270104,0,0,2,528448,65,2,257758,1,1,1,100757,248056,251045,255,257758,0,256100,3,0,0,65,0,0,4202560,99,4,100759,2,78670,50,270104,255,830,251045,3,0,79,0,255,256100,44,65,0,256100,0,1,0,270104,248056,1953,100759,0,65,2,0
FCSB,1,0,0,2,1,5,0,247972,5,0,0,1,71,6,1,0,2,1,0,247972,-1,1,-1,1,26,68,1,1,204,-1,13000,0,71,4195457,0,55634,1,1,223231,69,68,0,1,1,216800,0,1,1,247972,223231,316,0,0,216800,0,0,2,270465,66,28,257803,1,1,4,310,223231,223231,1,257803,1,223231,9,0,0,69,0,0,4195457,204,4,100761,1,247972,50,216800,1,719,253758,10,0,79,0,1,266728,44,68,0,266728,0,1,0,216800,223231,2003,100761,0,66,1,24
St. Mirren,1,0,0,0,255,3,0,211536,3,0,0,1,65,4,0,0,2,1,0,211204,-1,1,-1,0,-4,64,1,1,1,-1,3200,0,65,526656,0,8023,1,250,211204,64,64,0,1,255,233665,0,1,1,211536,211536,316,0,0,233665,0,0,2,526656,63,0,261300,1,1,1,83,211204,211204,1,261300,0,211536,5,0,0,64,0,0,266560,255,4,100805,3,83663,30,233665,1,674,233484,3,0,173,0,1,204785,55,64,0,204785,0,2,0,233665,211536,1877,100805,0,63,2,3
CD Castellón,254,0,0,1,1,4,0,210747,4,0,0,222,70,6,0,0,2,254,0,73505,-1,1,-1,0,0,69,222,254,254,-1,2600,0,70,525312,0,15500,254,222,73505,69,69,0,1,1,73505,0,0,254,212830,73505,316,0,0,73505,0,0,2,532480,68,0,80342,1,2,1,483,73505,241172,254,73317,0,73505,6,0,0,69,0,0,263168,1,4,100852,1,210747,30,272908,254,825,212830,3,0,69,0,254,272908,39,69,0,241172,0,1,0,73505,73317,1922,100852,0,68,2,0
CD Leganés,24,0,0,1,190,4,0,225106,3,2,0,255,69,3,0,0,2,255,0,270611,-1,1,-1,0,-3,69,245,63,255,-1,10750,0,69,4202512,0,12454,41,245,270611,68,69,0,1,90,264229,0,2,24,267624,267624,316,0,0,264229,0,0,1,266256,68,0,243604,1,2,1,1860,270611,243604,41,270611,0,270611,9,0,0,68,0,0,4202512,70,4,100888,2,230613,50,264229,63,271,267624,9,0,69,0,255,227508,40,69,0,227508,0,1,0,264229,270611,1928,100888,0,68,2,0
Başakşehir,255,0,0,3,204,5,0,223017,3,0,0,200,72,4,1,0,9,255,0,241389,-1,2,-1,1,28,71,100,255,1,-1,59885,0,72,132098,0,17300,255,50,241389,70,71,0,2,102,267905,0,1,255,232097,241389,316,0,0,267905,0,0,3,4202498,71,1,232097,1,1,5,325,241389,241389,255,232097,0,239964,4,0,0,70,0,0,132098,51,4,101014,1,220175,65,267905,255,231,255293,6,0,89,0,102,239964,41,71,0,239964,0,1,0,267905,241389,2014,101014,0,71,1,0
Kayserispor,1,0,0,3,1,5,0,224890,2,0,0,1,69,6,0,0,9,198,0,224890,-1,1,-1,1,35,68,204,1,3,-1,25500,0,69,528456,0,32864,1,255,224890,69,68,0,1,204,260896,0,1,1,224890,224890,316,0,0,260896,0,0,2,526408,67,0,262711,1,1,2,101033,244416,262711,1,224890,0,234728,2,0,0,69,0,0,270408,255,4,101020,3,230042,30,260896,1,242,234728,3,0,89,0,2,244416,38,68,0,224890,0,1,0,260896,244416,1966,101020,0,67,2,1
Gençlerbirliği,255,0,0,3,20,5,0,229703,6,0,0,255,66,8,1,0,9,1,0,260778,-1,1,-1,2,32,67,255,255,1,-1,16500,0,66,532865,0,20672,255,255,260778,69,67,0,1,4,246762,0,1,255,260778,263389,316,0,0,246762,0,0,2,528769,67,0,264485,1,1,3,101033,263389,264485,255,260778,0,260778,5,0,0,69,0,0,270721,228,4,101025,2,233048,30,246762,255,18,262988,6,0,89,0,1,263389,39,67,0,260778,0,1,0,246762,263389,1923,101025,0,67,2,2
Göztepe,1,0,0,3,41,5,0,232007,7,0,0,1,69,4,0,0,9,251,0,73864,-1,1,-1,0,27,69,1,1,7,-1,38500,0,69,69776,0,19713,1,1,276544,69,69,0,1,32,73864,0,1,1,73864,73864,316,0,0,73864,0,0,2,133264,68,0,276544,1,1,2,101032,73864,276544,1,243914,0,73864,5,0,0,69,0,0,73872,232,5,101026,3,72888,90,80603,1,627,269899,4,4,89,0,199,80603,38,69,0,243914,0,1,0,73864,73864,1925,101026,0,68,2,2
Kocaelispor,255,0,0,3,44,5,0,225555,6,0,0,0,67,3,1,0,2,0,0,225555,-1,1,-1,1,29,69,0,255,0,-1,11000,0,67,4202496,0,34829,255,0,225555,71,69,0,1,100,215455,0,1,255,225555,225555,316,0,0,215455,0,0,4,266240,70,0,224724,3,1,2,101026,225555,228382,255,224724,0,215455,7,0,0,71,0,0,4202496,4,4,101032,2,262137,50,215455,255,979,228382,5,0,89,0,0,278926,40,69,0,278926,0,1,0,215455,211408,1966,101032,0,70,2,2
Konyaspor,255,0,25,3,117,5,0,224885,4,0,0,130,69,4,1,0,9,255,1,237239,-1,1,-1,1,32,69,160,255,255,-1,26000,0,69,532544,0,41981,255,31,224885,69,69,0,1,142,268787,0,1,255,237239,237239,316,0,0,268787,0,0,3,528448,69,0,215531,0,1,3,101020,224885,237239,255,215531,0,237239,4,0,0,69,0,0,270400,38,4,101033,2,253491,30,268787,255,250,259675,5,0,89,0,255,251260,37,69,0,251260,0,1,0,268787,237239,1922,101033,0,69,2,1
Çaykur Rizespor,255,0,0,3,86,5,0,212045,2,0,0,255,67,2,0,0,9,82,0,234983,-1,1,-1,0,40,68,255,255,216,-1,38100,0,67,4202754,0,15558,255,255,234983,69,68,0,1,173,215323,0,1,255,234983,234983,316,0,0,215323,0,0,2,266498,68,0,248060,3,1,2,436,212045,277293,255,248060,0,234983,5,0,0,69,0,0,4202754,28,4,101037,2,258040,50,215323,255,406,277293,3,4,89,0,128,234983,41,68,0,234983,0,1,0,215323,212045,1953,101037,0,68,1,0
Dynamo Kyiv,125,0,0,2,255,5,0,194794,6,0,0,255,73,10,0,0,2,0,0,194794,-1,1,-1,0,30,72,255,125,150,-1,100000,0,73,4202640,0,70050,125,255,194794,69,72,0,1,255,74978,0,1,125,194794,244374,316,0,0,74978,0,0,2,266384,71,17,244373,3,1,5,101059,244374,244373,125,274724,0,194794,3,0,0,69,0,0,4202640,255,4,101047,2,194794,50,74978,125,698,243256,10,0,6,0,60,244374,50,72,0,274724,0,1,0,74978,244374,1927,101047,0,71,2,13
Shakhtar Donetsk,1,0,33,2,0,5,0,229528,7,0,0,44,73,7,1,0,2,1,0,255074,-1,2,-1,0,37,72,90,1,1,-1,160000,0,73,4195458,0,52667,1,255,255074,71,72,0,2,80,255472,0,1,1,255074,255074,316,0,0,255472,0,0,2,270466,73,15,77883,1,1,6,101047,255074,70845,1,77883,0,255074,3,0,0,71,0,0,4195458,240,4,101059,1,274732,50,255472,1,140,70845,10,0,6,0,1,268411,48,72,0,229528,0,1,0,255472,255074,1936,101059,1,73,1,15
Estudiantes,255,0,4,-3,28,1,0,199669,6,2,0,28,73,7,0,0,7,255,0,242426,-1,2,-1,1,-57,73,22,255,255,-1,65500,0,73,132101,0,30018,255,252,242426,76,73,1,2,22,215334,0,0,255,242426,253287,316,1,0,215334,0,0,2,4202501,73,6,242426,1,1,6,101084,253287,261015,255,242426,4,215334,3,0,0,76,0,0,132101,252,4,101083,1,251132,65,215334,255,259,261015,8,0,190,0,255,256287,-34,73,0,256287,0,1,0,215334,253287,1905,101083,0,73,2,1
Gimnasia,255,0,0,-3,255,1,0,264578,4,2,0,255,67,7,0,0,7,18,1,233777,-1,1,-1,1,-57,68,255,255,98,-1,10000,0,67,4202752,0,21500,255,255,271832,66,68,1,1,255,240811,0,0,255,233777,264578,316,1,0,240811,0,0,2,266496,68,1,262150,1,1,3,101083,233777,74814,255,264578,0,240811,7,0,0,66,0,0,4202752,255,4,101084,2,81809,50,240811,255,259,74814,4,0,190,0,21,215998,-34,68,0,215998,0,1,0,240811,233777,1887,101084,0,68,2,0
Racing Club,1,0,0,-3,255,1,0,246033,7,2,0,1,72,8,1,0,7,255,0,236668,-1,2,-1,1,-58,74,1,1,255,-1,95000,0,72,132104,0,42500,1,1,236668,78,74,1,2,200,253242,0,0,1,236668,236668,316,1,0,253242,1,0,4,4202504,73,18,230975,1,1,6,110093,236668,273711,1,230975,1,253242,5,0,0,78,0,0,132104,55,3,101085,1,203864,65,253242,1,30,273711,9,0,190,0,255,83456,-34,74,0,83456,0,1,0,253242,236668,1903,101085,1,73,1,0
Vélez Sarsfield,255,0,5,-3,116,1,0,233029,5,2,0,116,71,9,1,0,7,255,0,188988,-1,2,-1,1,-58,73,63,255,255,-1,70000,0,71,132240,0,49540,255,31,188988,73,73,1,2,63,74857,0,0,255,188988,188988,316,1,0,211263,0,0,3,4202640,73,10,244884,3,1,6,1013,188988,244884,255,80127,1,188988,3,0,0,73,0,0,132240,31,4,101088,1,233029,65,261769,255,82,214302,7,0,190,0,255,188988,-34,73,0,80127,0,1,0,221053,221053,1910,101088,0,73,2,0
Audax Italiano,248,0,0,-4,50,1,0,244829,3,0,0,0,67,7,0,0,7,255,0,263527,-1,1,-1,1,-70,67,0,249,255,-1,12600,0,67,132160,0,12000,249,236,263527,68,67,0,1,119,243295,0,2,248,263527,244829,316,0,0,243295,0,0,3,4202560,67,4,267588,3,2,2,111328,259438,263527,249,267588,0,233057,2,0,0,68,0,0,132160,30,4,101097,1,263127,65,243295,249,258,263527,5,0,111,0,255,233057,-33,67,0,233057,0,1,0,243295,244829,1910,101097,0,67,2,0
América de Cali,30,0,0,-5,30,1,0,214366,6,1,0,30,70,4,0,0,7,255,0,214366,-1,1,-1,1,-76,70,26,112,255,-1,35500,0,70,525384,0,36000,30,210,214366,71,70,1,1,26,260481,0,0,30,214366,214366,316,1,0,260481,0,0,4,532552,69,15,210463,3,1,5,101100,214366,76524,30,210463,0,214366,7,0,0,71,0,0,263240,210,4,101099,1,278785,30,260481,112,91,76524,8,0,184,0,255,237982,3,70,0,237982,0,1,0,260481,214366,1927,101099,0,69,2,0
Junior,1,0,0,-5,34,1,0,196150,5,1,0,34,70,4,0,0,7,255,1,274547,-1,1,-1,1,-74,70,30,1,255,-1,41500,0,70,139520,0,46692,1,224,274547,72,70,1,1,30,196150,0,0,1,274547,274547,316,1,0,196150,0,0,3,4198656,69,10,241601,1,1,5,101100,274547,241601,1,246081,0,196150,9,0,0,72,0,0,139520,224,4,101101,2,232195,65,196150,1,40,245378,8,0,111,0,255,274547,10,70,0,246081,0,1,0,196150,274547,1924,101101,0,69,2,2
Indep. Medellín,30,0,0,-5,18,1,0,276556,6,1,0,7,69,5,1,0,7,46,0,254111,-1,1,-1,1,-75,70,6,112,171,-1,32000,0,69,4195648,0,44739,30,226,276556,71,70,1,1,6,254111,0,0,30,254111,226747,316,1,0,254111,0,0,2,270656,70,6,214343,3,1,5,101100,276556,214343,30,214040,0,222585,8,0,0,71,0,0,4195648,226,0,101103,1,243188,50,222585,112,310,226747,7,0,111,0,96,222585,6,70,0,214040,0,1,0,254111,254111,1913,101103,0,70,1,3
Indep. Santa Fe,30,0,0,-5,38,1,0,168565,5,0,0,38,70,6,0,0,7,250,0,168565,-1,1,-1,1,-74,70,30,30,250,-1,25500,0,70,4202501,0,36343,30,228,168565,73,70,0,1,30,168565,0,0,30,168565,233924,316,1,0,168565,0,0,4,266245,69,9,76403,3,1,5,101105,233924,76403,30,241990,0,168565,7,0,0,73,0,0,4202501,228,4,101104,2,214332,50,168565,30,59,247563,7,0,111,0,250,233924,4,70,0,241990,0,1,0,168565,233924,1941,101104,1,69,2,2
Millonarios,1,0,0,-5,144,1,0,214378,6,1,0,1,70,6,1,0,7,255,0,214378,-1,1,-1,1,-74,70,1,1,255,-1,44500,0,70,4195457,0,36343,1,1,214378,71,70,1,1,68,215112,0,1,1,214378,214378,316,1,0,215112,0,0,4,270465,68,16,245908,1,1,5,101104,214378,245908,1,214378,0,231862,9,0,0,71,0,0,4195457,39,0,101105,1,84447,50,215112,1,59,214414,9,0,111,0,255,231862,4,70,0,231862,0,1,0,215112,214378,1946,101105,0,68,2,3
Olimpia,248,0,0,-4,255,1,0,216385,7,1,0,255,70,5,0,0,7,36,1,248872,-1,1,-1,1,-57,70,255,249,42,-1,40000,0,70,132096,0,22000,249,255,248872,70,70,0,1,255,270058,0,0,248,248872,248872,316,1,0,270058,0,0,4,4202496,69,48,271071,0,0,7,112716,248872,273992,249,248872,3,270058,8,0,0,70,0,0,132096,255,4,101108,1,253233,65,270058,249,771,216385,9,0,184,0,40,275178,-25,70,0,273992,0,1,0,270058,275178,1902,101108,0,69,2,1
Peñarol,248,0,18,-3,30,1,0,252935,7,1,0,30,72,8,0,0,7,253,0,252935,-1,2,-1,1,-56,72,30,249,1,-1,43200,0,72,4202512,0,40700,249,30,252935,73,72,1,2,30,254653,0,1,248,274046,252935,316,1,0,254653,0,0,4,266256,70,52,277517,3,1,8,111325,252935,277517,249,237512,5,252935,9,0,0,73,0,0,4202512,30,4,101110,2,253275,50,254653,249,795,228838,10,0,184,0,202,252935,-34,72,0,237512,0,1,0,254653,252935,1891,101110,0,70,2,1
Whitecaps FC,1,1,0,-8,255,6,0,189596,6,0,0,255,73,5,0,0,2,0,0,255205,-1,1,-1,0,-123,71,200,1,88,-1,173500,0,73,66628,0,22120,1,150,255205,73,71,0,1,255,243456,0,1,1,255205,255205,316,0,0,243456,0,0,2,139332,67,0,259543,15,1,2,111144,255205,241002,1,259543,0,243456,5,0,0,73,0,0,66628,255,6,101112,1,222429,90,243456,1,508,241002,4,4,134,0,34,189596,49,71,0,189596,0,1,2,243456,255205,1986,101112,0,67,1,0
Bosnia-Herzegov,255,0,0,1,161,4,0,206254,0,0,0,152,70,0,0,0,2,255,0,269823,-1,2,-1,1,18,73,75,255,51,-1,0,0,70,528384,0,15292,255,2,206254,76,73,0,2,79,257345,0,1,255,206254,75533,316,0,0,262027,0,0,2,526336,75,0,262027,0,0,3,1328,206254,236524,255,242350,0,212002,0,0,0,76,0,0,270336,2,4,105013,3,84041,30,236524,255,0,75533,10,0,6,0,255,257345,44,73,0,212002,0,1,0,244940,242350,1991,105013,0,75,2,0
Netherlands,35,0,0,1,23,4,0,203376,0,0,0,34,83,0,0,0,2,255,0,240638,-1,3,-1,0,4,82,124,66,255,-1,0,0,83,4194944,0,55885,66,244,240638,80,82,0,3,87,242516,0,1,35,240638,242516,316,0,0,242516,0,0,1,270464,83,0,258437,1,1,8,1337,240638,240638,66,246104,0,242516,0,0,0,80,0,0,131712,248,4,105035,1,246104,50,242516,66,0,208461,10,4,88,0,255,253149,52,82,0,203376,0,1,0,242516,240638,1889,105035,0,83,2,0
Girona FC,1,0,0,1,0,4,0,260815,3,1,0,0,77,3,0,0,2,255,0,244369,-1,2,-1,2,2,77,0,1,255,-1,8000,0,77,4202624,0,14642,1,180,244369,76,77,0,2,0,271541,0,2,1,255125,244369,316,0,0,271541,0,0,4,266368,76,0,246785,1,2,1,452,244369,244369,1,246785,0,271541,9,0,0,76,0,0,132224,201,4,110062,2,235997,50,271541,1,185,177413,1,0,41,0,255,255125,41,77,0,255125,10,1,0,271541,244369,1930,110062,0,76,2,0
CD Mirandés,110,0,0,1,0,4,0,214639,3,0,0,8,66,2,0,0,2,1,0,275333,-1,1,-1,2,-2,67,8,110,1,-1,2500,0,66,532736,0,6900,110,12,275333,67,67,0,1,0,275333,1,2,110,275333,275333,316,0,0,275333,0,0,2,528640,66,0,71972,1,0,1,10846,264347,275248,110,71972,0,221014,6,0,0,67,0,0,270592,200,4,110069,2,278126,30,275333,110,318,275248,3,0,69,0,1,221014,42,67,0,221014,0,1,0,275333,264347,1927,110069,0,66,2,0
SC Oțelul Galați,255,0,0,2,255,5,0,257374,2,0,0,156,65,3,1,0,2,227,0,270957,-1,1,-1,1,28,65,83,255,50,-1,4540,0,65,525440,0,13500,255,0,270957,64,65,0,1,255,251779,0,1,255,270957,270957,316,0,0,251779,0,0,1,532608,65,1,70268,0,1,1,310,270957,70268,255,270957,0,238895,7,0,0,64,0,1,263296,255,4,110072,1,70298,30,251779,255,933,246674,5,0,79,0,23,224538,45,65,0,224538,0,1,0,251779,270957,1964,110072,0,65,2,0
Farul Constanța,40,0,0,2,180,5,0,247963,3,0,0,250,66,10,1,0,2,30,1,239116,-1,1,-1,1,28,66,250,50,30,-1,6405,0,66,132480,0,4554,130,250,239116,66,65,0,1,90,276744,0,1,40,239116,239116,316,0,0,276744,0,0,3,4202880,65,2,79147,1,1,1,310,239116,239116,130,267993,0,247963,4,0,0,66,0,0,132480,30,4,110075,1,244984,65,276744,50,871,266792,6,0,79,0,30,257765,44,65,0,257765,0,1,0,276744,267993,1920,110075,0,65,2,1
FC Petrolul,30,0,0,2,50,5,0,220177,2,0,0,30,64,7,0,0,2,30,0,70958,-1,1,-1,1,26,65,30,30,204,-1,4190,0,64,270400,0,15073,30,30,70958,66,65,0,1,215,220177,0,1,30,70958,70958,316,0,0,220177,0,0,2,528448,65,4,271172,1,1,1,310,70958,70958,30,271172,0,73404,5,0,0,66,0,0,4202560,230,4,110078,2,279210,50,220177,30,904,240812,4,0,79,0,30,73404,44,65,0,73404,0,1,0,220177,70958,1924,110078,0,65,1,3
Northern Ireland,20,0,0,0,50,3,0,276695,0,0,0,55,70,0,0,0,2,255,0,73895,-1,1,-1,0,-5,71,150,110,255,-1,0,0,70,532808,0,18000,70,24,276695,66,71,0,1,132,276070,0,0,20,276695,276695,316,0,0,239540,0,0,1,528712,71,0,239540,1,0,2,1355,276695,276695,70,243520,0,205255,0,0,0,66,0,0,270664,37,4,110081,2,241075,30,205255,110,0,243520,10,0,88,0,255,276070,54,71,0,242541,0,1,0,231292,276695,1880,110081,0,71,2,0
Independiente,255,0,0,-3,26,1,0,215069,7,2,0,255,70,6,0,0,7,206,1,226797,-1,1,-1,1,-58,71,255,255,26,-1,145000,0,70,4202772,0,42069,255,255,255925,71,71,1,1,1,226286,0,0,255,226797,226797,316,1,0,226286,0,0,4,266516,72,16,255925,1,1,6,101085,226797,255925,255,272939,7,226286,1,0,0,71,0,0,4202772,206,5,110093,2,215057,50,226286,255,30,81743,8,0,190,0,1,226797,-34,71,0,272939,0,1,0,226286,226797,1905,110093,2,72,1,0
SSV Ulm 1846,255,0,0,1,1,4,0,243801,4,0,0,1,65,4,0,0,2,255,0,243801,-1,1,-1,1,10,65,1,255,255,-1,4900,0,65,270400,0,19500,255,1,252263,62,65,0,1,1,238694,0,1,255,243801,276365,316,0,0,238694,0,0,2,528448,64,0,219449,3,1,1,543,276365,219449,255,276365,0,246416,2,0,0,62,0,2,4202560,1,3,110176,2,239181,50,238694,255,931,224430,8,0,91,0,255,246416,48,65,0,246416,0,1,0,238694,252263,1970,110176,0,64,2,0
GKS Katowice,30,0,0,1,0,5,0,244160,2,0,0,30,67,6,0,0,2,255,0,235471,-1,1,-1,1,19,67,30,30,0,-1,8868,0,67,66624,0,15048,30,30,235471,66,67,0,1,128,235471,0,1,30,235471,235471,316,0,0,235471,0,0,1,139328,67,0,233470,1,1,1,420,235471,233470,30,194769,0,244160,5,0,0,66,0,0,66624,0,4,110206,1,275233,90,239627,30,958,244167,5,0,93,0,255,239627,50,67,0,194769,0,1,0,235471,235471,1964,110206,0,67,2,3
Accrington,1,0,1,0,36,3,0,167512,1,0,0,36,60,7,0,0,2,255,0,77295,-1,1,-1,0,-2,60,18,1,255,-1,2500,0,60,264264,0,5057,1,240,77295,60,60,0,1,18,167512,0,0,1,77295,77295,316,0,0,167512,0,0,2,526408,60,0,78115,1,1,1,112260,77295,80058,1,78115,0,189808,2,0,0,60,0,0,4198472,199,4,110313,3,238410,50,167512,1,4,80058,4,0,55,0,255,189808,53,60,0,189808,0,2,0,167512,77295,1968,110313,0,60,2,0
Pau FC,1,0,38,1,87,4,0,234814,1,0,0,97,66,2,0,0,2,1,0,240069,-1,1,-1,1,0,65,217,1,179,-1,17000,0,66,264448,0,4031,1,247,240069,65,65,0,1,217,278996,0,0,1,240069,74445,316,0,0,278996,0,0,3,526592,64,0,244736,3,0,1,1809,79624,74445,1,240069,0,240069,2,0,0,65,0,0,4198656,246,4,110321,3,234814,50,278996,1,816,74442,3,0,51,0,113,79624,43,65,0,240069,0,1,0,278996,74445,1995,110321,0,64,2,0
FC St. Pauli,205,0,0,1,52,4,0,211378,10,1,0,26,72,4,0,0,2,255,1,222369,-1,2,-1,1,9,72,1,205,255,-1,66243,0,72,69632,0,29546,205,226,222369,71,72,0,2,71,261766,0,1,205,222369,222369,316,0,0,261766,0,0,3,133120,72,0,258626,1,1,2,28,257886,257886,205,258626,0,222369,3,0,0,71,1,0,73728,96,4,110329,3,211378,90,261766,205,205,260464,3,0,25,0,255,233061,53,72,0,233061,0,1,0,261766,222369,1910,110329,0,72,1,0
Fiorentina,57,0,39,1,142,4,0,193080,6,1,0,38,75,7,1,0,2,250,0,260823,-1,2,-1,1,11,76,43,8,250,-1,417300,0,75,4202760,0,43147,142,217,225439,77,76,0,2,8,238004,0,1,57,260823,225439,316,0,0,238004,0,0,2,266504,75,2,232080,1,1,5,45,225439,276682,142,232080,0,236610,6,0,0,77,0,0,132360,57,4,110374,2,223697,50,238004,8,162,276682,6,0,47,0,250,236610,43,76,0,236610,0,1,0,238004,260823,1926,110374,0,75,2,6
Lanús,255,0,0,-3,52,1,0,214766,4,2,0,255,72,8,0,0,7,117,0,235467,-1,2,-1,1,-58,72,255,255,52,-1,45000,0,72,525320,0,47027,255,255,235467,71,72,1,2,40,224510,0,0,255,235467,235467,316,1,0,224510,0,0,2,532488,70,2,190972,1,1,6,110404,235467,190972,255,219174,0,235467,7,0,0,71,0,0,263176,117,4,110395,1,74824,30,224510,255,262,236472,5,0,190,0,40,235467,-34,72,0,219174,0,1,0,224510,235467,1915,110395,1,70,2,0
Newell's,255,0,0,-3,1,1,0,223249,7,2,0,2,65,8,0,0,7,225,0,271767,-1,1,-1,1,-60,68,2,255,21,-1,24000,0,65,4202520,0,42000,255,2,271767,69,68,1,1,1,198628,0,0,255,271767,253294,316,1,0,198628,0,0,3,266264,66,6,77578,3,1,3,110580,271767,253294,255,77578,0,198628,4,0,0,69,0,0,4202520,1,4,110396,2,258051,50,198628,255,409,253294,6,0,190,0,11,70198,-32,68,0,70198,0,1,0,198628,271767,1903,110396,0,66,1,0
Banfield,255,0,0,-3,51,1,0,219167,3,2,0,13,67,6,0,0,7,255,0,259883,-1,1,-1,1,-58,68,97,255,255,-1,15300,0,67,4202824,0,34901,255,210,259883,68,68,1,1,153,259883,0,0,255,259883,219167,316,1,0,259883,0,0,5,266568,67,1,75347,3,1,1,110395,259883,75347,255,76995,0,259883,4,0,0,68,0,0,4202824,1,4,110404,2,278470,50,261160,255,35,254951,4,0,190,0,255,261160,-34,68,0,76995,0,1,0,259883,259883,1896,110404,0,67,1,0
Viktoria Plzeň,120,0,0,1,35,5,0,198331,4,0,0,35,72,4,0,0,2,59,1,79948,-1,2,-1,1,13,72,30,120,168,-1,40000,0,72,73792,0,11700,120,223,79948,71,72,0,2,30,74753,0,1,120,79948,79948,316,0,0,74753,0,0,2,135232,72,6,257306,1,1,3,266,79948,257306,120,79948,0,198331,5,0,0,71,0,0,73792,223,4,110468,2,71259,90,74753,120,699,244796,9,0,88,0,94,198331,49,72,0,198331,0,1,0,74753,79948,1911,110468,0,72,2,1
Braunschweig,40,0,38,1,173,4,0,241859,6,1,0,15,67,4,0,0,2,255,0,73008,-1,1,-1,1,10,67,1,220,1,-1,10520,0,67,270342,0,23325,30,225,73008,67,67,0,1,98,252846,0,1,240,73008,73008,316,0,0,252846,0,0,2,528390,67,1,241085,1,1,1,485,73008,269604,177,241085,0,252846,4,0,0,67,0,2,4202502,1,4,110500,2,248576,50,252846,93,68,269604,2,4,27,0,204,263153,52,67,0,263153,0,1,0,252846,73008,1895,110500,0,67,2,0
SC Verl,255,0,0,1,254,4,0,229175,2,0,0,240,65,6,0,0,2,1,0,240329,-1,1,-1,1,8,65,240,185,1,-1,2450,0,65,132224,0,5207,185,240,240329,62,65,0,1,254,274993,0,1,185,240329,240329,316,0,0,274993,0,0,2,4202624,64,0,269863,1,1,1,487,240329,269863,255,240329,0,240329,1,0,0,62,0,0,132224,254,4,110501,1,257183,65,274993,255,820,244076,3,0,91,0,1,255540,51,65,0,255540,0,1,0,274993,240329,1924,110501,0,64,2,0
SV Darmstadt 98,180,0,3,1,158,4,0,209987,6,1,0,91,70,2,1,0,2,255,0,251287,-1,1,-1,1,8,70,32,50,255,-1,34100,0,70,132096,0,17810,255,1,245287,72,70,0,1,78,242965,0,1,50,251287,251287,316,0,0,242965,0,0,2,4202496,69,0,240156,3,1,1,1824,251287,238068,180,240156,0,228859,5,0,0,72,0,0,132096,1,3,110502,1,251373,65,242965,180,132,238068,6,0,27,0,255,228859,49,70,0,228859,0,1,0,242965,245287,1898,110502,0,69,1,0
SV Waldhof,180,0,26,1,146,4,0,229487,6,1,0,255,63,6,0,0,2,1,0,229354,-1,1,-1,1,8,64,255,10,1,-1,3780,0,63,264272,0,25721,10,255,229354,65,64,0,1,66,212248,0,1,10,229354,229354,316,0,0,212248,0,0,1,526416,64,0,275279,0,1,1,29,229354,275279,180,83467,0,229354,1,0,0,65,0,3,4198480,1,4,110532,3,80012,50,212248,180,735,73169,5,0,91,0,1,229354,49,64,0,83467,0,1,0,212248,229354,1907,110532,0,64,2,0
Genoa,39,0,0,1,7,4,0,244349,5,1,0,250,72,6,1,0,2,20,0,236295,-1,2,-1,1,8,73,250,79,78,-1,256200,0,72,532485,0,36599,101,250,236295,73,73,0,2,2,263829,0,1,39,236295,236295,316,0,0,263829,0,0,1,528389,73,9,264436,1,1,3,1837,236295,242633,101,264436,0,256899,5,0,0,73,0,0,270341,197,4,110556,2,79913,30,263829,79,180,242633,4,0,47,0,33,256899,44,73,0,256899,0,1,0,263829,236295,1893,110556,0,73,2,1
Rosario Central,255,0,27,-3,118,1,0,183898,6,2,0,118,74,8,0,0,7,249,0,183898,-1,2,-1,1,-60,73,41,255,1,-1,30000,0,74,132232,0,39657,255,2,183898,72,73,1,2,41,269176,0,0,255,238230,183898,316,1,0,269176,0,0,5,4202632,70,4,260138,0,1,4,110396,183898,260138,255,238230,0,183898,5,0,0,72,0,0,132232,2,4,110580,1,254695,65,269176,255,409,256441,5,0,190,0,200,183898,-32,73,0,238230,0,1,0,269176,183898,1889,110580,0,70,2,1
1. FC Magdeburg,210,0,0,1,176,4,0,228607,6,1,0,255,68,4,0,0,2,1,0,233520,-1,1,-1,1,11,68,255,210,116,-1,14730,0,68,132112,0,22000,210,255,243949,70,68,0,1,105,252014,0,1,210,243949,243949,316,0,0,228757,0,0,3,4202512,68,0,264215,1,1,1,503,250947,264215,210,250947,0,243949,5,0,0,70,0,2,132112,1,4,110588,1,237155,65,243949,210,612,270901,4,0,27,0,60,243949,52,68,0,250947,0,1,0,246959,250947,1965,110588,0,68,2,0
Düsseldorf,1,0,1,1,19,4,0,251292,5,3,0,35,69,4,1,0,2,255,0,239696,-1,1,-1,1,6,69,22,1,255,-1,59300,0,69,4202564,0,54600,1,210,239696,70,69,0,1,6,233139,0,1,1,239696,239696,316,0,0,233139,0,0,3,266308,68,1,231353,1,1,1,31,239696,231353,1,239696,0,233139,3,0,0,70,0,0,4202564,227,4,110636,2,276632,50,233139,1,147,259559,8,0,27,0,255,252903,51,69,0,252903,0,1,0,233139,239696,1895,110636,0,68,2,2
Viktoria Köln,180,0,0,1,50,4,0,241995,2,1,0,255,64,4,0,0,2,1,0,234836,-1,1,-1,1,7,64,255,180,1,-1,4400,0,64,132096,0,10001,180,255,234836,62,64,0,1,40,79321,0,1,180,234836,234836,316,0,0,79321,0,0,2,4202496,64,0,259643,3,1,1,31,264380,216183,180,259643,0,242183,1,0,0,62,0,3,132096,255,4,110645,1,276271,65,79321,180,249,216183,6,0,91,0,1,242183,50,64,0,242183,0,1,0,79321,234836,2010,110645,0,64,2,0
TSV Havelse,235,0,0,1,26,4,0,225654,2,1,0,30,62,6,0,0,2,250,0,248174,-1,1,-1,1,9,62,16,235,250,-1,1550,0,62,532544,0,5001,235,205,248174,62,62,0,1,0,73172,0,1,235,248174,248174,316,0,0,73172,0,0,4,528448,62,0,225654,3,1,1,485,248174,248174,235,225654,0,244079,1,0,0,62,0,0,270400,226,4,110678,2,79080,30,73172,235,870,243212,1,0,91,0,250,79083,52,62,0,79083,0,1,0,73172,248174,1912,110678,0,62,2,0
TSG Hoffenheim II,255,0,0,1,166,4,0,78445,1,0,0,91,61,10,0,0,2,255,0,76062,-1,1,-1,1,8,60,48,255,255,-1,5000,0,61,132096,0,6350,255,1,76062,59,60,0,1,93,79102,0,1,255,76062,76062,316,0,0,79102,0,0,2,4202496,62,0,279489,3,1,1,110697,76062,279489,255,76062,0,76062,10,0,0,59,0,0,132096,31,4,110685,1,79101,65,79102,255,450,78446,1,4,91,0,255,263614,49,60,0,263614,0,1,0,79102,76062,1899,110685,0,62,2,0
VfB Stuttgart II,255,0,0,1,255,4,0,234416,2,0,0,1,61,10,0,0,2,211,0,279623,-1,1,-1,1,9,61,1,255,41,-1,5500,0,61,132096,0,10000,255,1,279623,62,61,0,1,255,275274,0,1,255,279623,279623,316,0,0,275274,0,0,2,4202496,62,0,274865,3,1,1,110176,279623,263404,255,274865,0,279623,10,0,0,62,0,0,132096,255,4,110697,1,245719,65,275274,255,466,263404,1,4,91,0,1,240891,48,61,0,240891,0,1,0,275274,279623,1893,110697,0,62,2,0
Real Sociedad B,255,0,0,1,125,4,0,77528,2,0,0,135,64,6,0,0,2,254,0,74088,-1,1,-1,2,-2,64,45,255,254,-1,3800,0,64,270336,0,2500,255,0,74088,64,64,0,1,35,80719,0,2,255,74088,74088,316,0,0,80719,0,0,3,528384,64,0,79189,1,2,1,467,74088,80720,255,79189,0,80719,3,0,0,64,0,0,4202496,0,4,110711,2,79187,50,80719,255,425,80720,1,0,69,0,254,80668,43,64,0,80668,0,1,0,80719,79186,1951,110711,0,64,2,0
Blau-Weiss Linz,160,0,0,1,255,4,0,233435,3,0,0,0,66,5,1,0,2,255,0,275634,-1,1,-1,1,14,67,0,160,255,-1,6500,0,66,270400,0,5595,160,0,275634,68,67,0,1,51,251412,0,1,160,275639,275634,316,0,0,251412,0,0,2,528448,65,0,221956,0,1,1,252,275634,221956,160,261180,0,226958,2,0,0,68,0,0,4202560,51,4,110720,2,239709,50,226958,160,639,275639,4,0,31,0,255,226958,48,67,0,261180,0,1,0,251412,251412,1938,110720,0,65,2,0
KV Mechelen,202,0,0,1,0,4,0,244224,4,1,0,1,69,5,1,0,2,235,1,227689,-1,1,-1,1,4,69,1,204,0,-1,30000,0,69,532610,0,16672,206,1,227689,70,69,1,1,232,227689,0,1,202,227689,227689,316,0,0,227689,0,0,1,528514,68,4,269159,1,1,4,100087,227689,269159,206,277072,0,227689,5,0,0,70,0,0,270466,255,4,110724,2,244224,30,200429,204,309,257174,5,0,122,0,13,200429,51,69,0,277072,0,1,0,227689,227689,1904,110724,0,68,1,2
Pisa,250,0,0,1,30,4,0,199174,1,2,0,250,72,6,0,0,2,1,0,270658,-1,2,-1,0,10,72,250,250,142,-1,97725,0,72,528512,0,9950,250,250,270658,70,72,0,2,30,255562,0,1,250,270658,270658,316,0,0,255562,0,0,2,526464,71,0,236898,3,1,1,1746,270658,71230,250,236898,0,222959,2,0,0,70,0,0,270464,30,4,110738,3,70471,30,255562,250,570,71230,1,0,47,0,69,222959,43,72,0,222959,0,1,0,255562,270658,1909,110738,0,71,2,0
Reggiana,30,0,0,1,1,4,0,230940,1,0,0,250,66,4,1,0,2,225,0,254804,-1,1,-1,1,10,67,250,30,35,-1,26250,0,66,270400,0,21525,30,250,254804,67,67,0,1,2,230940,0,1,30,254804,254804,316,0,0,230940,0,0,3,528448,66,0,276905,3,1,1,50,254804,259331,30,276905,0,276905,2,0,0,67,0,0,4202560,122,4,110740,2,252927,50,230940,30,935,259331,3,0,82,0,168,277030,44,67,0,277030,0,1,0,230940,254804,1919,110740,0,66,2,0
Jagiellonia,120,0,0,1,3,5,0,224336,3,1,0,45,69,6,0,0,2,251,1,255760,-1,1,-1,1,23,69,39,120,30,-1,15844,0,69,4195330,0,22372,120,224,255760,70,69,0,1,9,239267,0,1,120,224146,255760,316,0,0,239267,0,0,3,270338,69,1,235983,1,1,3,1871,255760,235983,120,233222,0,239267,5,0,0,70,0,0,4195330,240,4,110745,1,224336,50,239267,120,50,252859,8,0,93,0,222,224146,53,69,0,233222,0,1,0,239267,224146,1920,110745,0,69,1,1
Pogoń Szczecin,30,0,9,1,116,5,0,177922,3,0,0,1,68,7,1,0,2,128,1,177922,-1,1,-1,1,14,68,1,30,0,-1,13280,0,68,132240,0,20500,30,1,177922,68,68,0,1,0,80871,0,1,128,177922,177922,316,0,0,80871,0,0,1,4202640,67,0,253407,1,0,2,110747,177922,253407,120,194149,0,177922,5,0,0,68,0,0,132240,0,4,110746,1,213209,65,80871,30,473,252580,7,0,93,0,0,177922,53,68,0,194149,0,1,0,80871,177922,1948,110746,0,67,2,0
Cracovia,255,0,4,1,36,5,0,192955,4,0,0,60,68,5,0,0,2,255,0,254333,-1,1,-1,1,19,67,20,31,255,-1,11716,0,68,532550,0,15016,36,220,254333,67,67,0,1,31,248201,0,1,236,254333,254333,316,0,0,248201,0,0,1,528454,68,5,261298,1,1,2,110746,254333,261298,255,254333,0,254333,7,0,0,67,0,0,270406,236,4,110747,2,274369,30,248201,255,252,192955,8,0,93,0,255,274212,50,67,0,274212,0,1,0,248201,254333,1906,110747,0,68,2,1
Zagłębie Lubin,120,0,0,1,0,5,0,198046,2,0,0,1,65,7,1,0,2,255,1,198046,-1,1,-1,1,16,66,1,60,255,-1,9050,0,65,526416,0,16086,60,1,198046,66,66,0,1,82,260941,0,1,60,198046,198046,316,0,0,260941,0,0,2,526416,66,2,270542,3,0,1,1871,198046,270542,120,198046,0,260941,3,0,0,66,0,0,266320,253,4,110749,3,77296,30,260941,120,288,73903,2,0,93,0,255,75097,51,66,0,75097,0,1,0,260941,198046,1945,110749,0,66,2,0
UTA Arad,255,0,0,2,255,5,0,275225,2,0,0,30,65,7,0,0,2,255,0,275225,-1,1,-1,1,21,65,30,255,1,-1,3830,0,65,264210,0,12000,255,30,275225,65,65,0,1,255,72404,0,1,255,275225,275225,316,0,0,72404,0,0,2,526354,66,6,237666,3,1,1,310,275225,237666,255,266734,0,275225,5,0,0,65,0,0,4198418,255,4,110750,3,269424,50,72404,255,829,228715,4,0,79,0,1,275225,46,65,0,266734,0,1,0,72404,275225,1945,110750,0,66,2,2
FC Univ. Cluj,255,0,0,2,30,5,0,212048,2,0,0,65,67,5,0,0,2,255,0,212226,-1,1,-1,1,23,68,65,255,255,-1,7475,0,67,525312,0,30201,255,220,212226,70,68,0,1,30,75209,0,1,255,212226,212226,316,0,0,75209,0,0,3,532480,68,0,275739,1,1,2,114385,212048,260914,255,275739,0,212226,6,0,0,70,0,0,263168,30,4,110751,1,72695,30,75209,255,701,260914,7,0,79,0,255,212226,46,68,0,212226,0,1,0,75209,212048,1919,110751,0,68,2,1
FC Botoșani,220,0,0,2,150,5,0,248002,2,0,0,80,66,3,1,0,2,255,0,244154,-1,1,-1,0,26,66,77,220,255,-1,3975,0,66,132352,0,7782,220,247,244154,63,66,0,1,62,251235,0,1,220,244154,244154,316,0,0,251235,0,0,2,4202752,65,0,274734,1,1,1,308,244154,275901,220,244154,0,244154,4,0,0,63,0,0,132352,46,4,110752,1,251635,65,251235,220,737,244474,3,0,79,0,255,213702,47,66,0,213702,0,1,0,251235,275901,2001,110752,0,65,2,0
FC Sion,255,0,36,1,1,4,0,234687,5,0,0,1,67,3,1,0,2,255,0,246729,-1,1,-1,1,7,67,20,255,255,-1,22000,0,67,532501,0,14283,255,232,234687,67,67,0,1,20,79212,0,1,255,211903,211903,316,0,0,79212,0,0,3,528405,68,2,266623,3,1,2,324,234687,266623,255,234687,0,234687,3,0,0,67,0,0,270357,222,4,110770,2,244131,30,79212,255,452,243898,5,0,71,0,255,211903,46,67,0,211903,0,1,0,79212,243898,1909,110770,0,68,2,13
Gaziantep,255,0,0,3,1,5,0,211061,2,0,0,255,68,2,1,0,9,255,0,211061,-1,1,-1,1,37,69,255,255,1,-1,21000,0,68,528448,0,33502,255,255,211061,72,69,0,1,1,241821,0,1,255,211061,211061,316,0,0,241821,0,0,2,526400,67,0,209289,0,0,1,101020,211061,209289,255,252508,0,211061,2,0,0,72,0,0,270400,1,4,110776,3,83174,30,241821,255,176,264364,3,0,89,0,50,211061,37,69,0,252508,0,1,0,241821,211061,1988,110776,0,67,2,0
R. Oviedo,255,0,0,1,200,4,0,219848,4,0,0,255,72,4,1,0,2,255,0,275985,-1,2,-1,0,-5,73,233,255,255,-1,5000,0,72,532480,0,31000,255,233,275985,74,73,0,2,75,253385,0,2,255,275985,275985,316,0,0,253385,0,0,4,528384,73,0,245870,1,2,1,459,275985,245870,255,262300,0,253385,7,0,0,74,0,0,270336,25,4,110827,2,253114,30,253385,255,363,266608,6,0,41,0,255,275985,43,73,0,262300,0,1,0,253385,275985,1926,110827,0,73,2,0
Granada CF,255,0,0,1,0,4,0,229788,4,1,0,0,69,5,1,0,2,255,0,272904,-1,1,-1,2,-3,69,0,255,255,-1,50000,0,69,4198736,0,19436,255,222,250881,69,69,0,1,0,231530,0,2,255,272904,250881,316,0,0,231530,0,0,2,264528,69,0,247458,1,2,1,449,250881,250881,255,247458,0,275415,5,0,0,69,0,0,4202832,255,4,110832,3,272904,50,231530,255,193,229788,2,0,69,0,255,275415,37,69,0,275415,0,1,0,231530,250881,1931,110832,0,69,2,0
SD Huesca,255,0,0,1,175,4,0,200519,2,1,0,255,67,3,0,0,2,155,0,190199,-1,1,-1,2,0,68,240,255,85,-1,4500,0,67,264450,0,9100,255,240,190199,67,67,0,1,70,194879,0,2,255,190199,190199,316,0,0,194879,0,0,4,526594,66,0,231125,1,2,1,244,190199,256604,255,231125,0,190199,7,0,0,67,0,0,4198658,40,4,110839,3,250992,50,194879,255,222,256604,6,0,69,0,55,193844,42,67,0,193844,0,1,0,194879,190199,1960,110839,0,66,2,0
Crawley Town,1,0,13,0,20,3,0,246243,1,0,0,20,61,2,1,0,2,255,1,245649,-1,1,-1,0,0,62,20,95,255,-1,2300,0,61,525448,0,6134,60,235,245649,58,62,0,1,20,229398,0,0,1,245649,245649,316,0,0,229398,0,0,2,532616,61,0,245649,1,0,1,112259,243276,83046,60,245649,0,229398,7,0,0,58,0,0,263304,235,4,110890,1,246243,30,229398,95,123,83046,6,0,55,0,255,273540,51,62,0,273540,0,2,0,229398,243276,1896,110890,0,61,1,0
Catanzaro,248,0,0,1,29,4,0,209613,3,0,0,250,68,5,0,0,2,247,0,228882,-1,1,-1,1,17,68,250,248,20,-1,30000,0,68,132096,0,14650,248,250,228882,69,68,0,1,204,275912,0,1,248,228882,228882,316,0,0,275912,0,0,2,4202496,66,0,74094,3,1,1,1843,228882,192071,248,74094,0,275912,4,0,0,69,0,0,132096,253,4,110908,1,225381,65,275912,248,936,192071,5,0,82,0,27,209613,39,68,0,209613,0,1,0,275912,228882,1929,110908,0,66,2,0
Padova,255,0,1,1,2,4,0,79012,1,0,0,2,68,5,0,0,2,255,0,79014,-1,1,-1,0,11,68,0,255,255,-1,12045,0,68,532545,0,19736,255,230,79014,69,68,0,1,0,220517,0,1,255,79014,79014,316,0,0,220517,0,0,2,528449,66,0,79016,0,1,1,205,79014,79016,255,79014,0,79012,2,0,0,69,0,0,270401,230,4,110912,2,251927,30,220517,255,696,197926,1,4,82,0,255,79012,45,68,0,79012,0,1,0,220517,79014,1910,110912,0,66,2,0
Cesena,250,0,0,1,250,4,0,72845,1,0,0,250,70,8,1,0,2,30,0,235163,-1,1,-1,1,12,69,250,250,30,-1,36150,0,70,4198656,0,23860,250,250,235163,67,68,0,1,250,213829,0,1,250,235163,235163,316,0,0,213829,0,0,6,264448,67,0,72852,15,1,1,1744,235163,264683,250,72852,0,72852,2,0,0,67,0,0,4202752,250,4,110915,3,257713,50,213829,250,99,202489,2,0,82,0,30,74406,44,68,0,74406,0,1,0,213829,264683,1940,110915,0,67,2,0
Instituto,255,0,0,-3,42,1,0,228959,3,0,0,1,68,3,0,0,7,255,0,70441,-1,1,-1,1,-64,69,1,255,255,-1,7500,0,68,139264,0,30000,255,1,70441,69,69,2,1,48,70441,0,0,255,70441,242342,316,1,0,70441,0,0,4,4198400,68,0,247776,0,1,2,111022,242342,236432,255,247776,0,70441,4,0,0,69,0,0,139264,225,4,110953,2,243804,65,70441,255,120,236432,1,0,190,0,255,239936,-31,69,0,239936,0,1,0,70441,242342,1918,110953,0,68,2,0
Shanghai Shenhua,204,0,0,8,159,2,0,217153,10,0,0,255,67,4,1,0,4,204,0,241418,-1,1,-1,0,121,66,255,78,1,-1,11450,0,67,133248,0,72000,159,255,241418,62,66,0,1,78,263563,0,1,5,241418,241418,316,0,0,263563,0,0,3,4196480,66,1,210377,1,0,3,112540,241418,241418,1,210377,0,217153,10,0,0,62,0,0,135296,5,4,110955,3,202808,65,263563,1,446,217153,7,0,75,0,1,71430,31,66,0,71430,0,1,0,263563,241418,1993,110955,0,66,1,4
Blooming,248,0,0,-4,211,1,0,253617,3,0,0,211,65,6,0,0,7,255,0,253617,-1,1,-1,2,-63,65,148,249,255,-1,10400,0,65,132352,0,38000,249,59,253617,67,65,0,1,148,273120,0,0,248,253617,253617,366,0,0,273120,0,0,4,4202752,64,5,278833,2,2,2,110968,252804,278833,249,253617,0,253617,8,0,0,67,0,0,132352,59,4,110967,1,220540,65,273120,249,776,259578,3,0,111,0,255,252804,-17,65,0,253617,0,1,0,273120,252804,1946,110967,0,64,2,0
Bolívar,169,0,0,-4,220,1,0,241131,5,0,0,250,68,6,0,0,7,8,0,253574,-1,1,-1,1,-68,68,250,250,124,-1,24000,0,68,132240,0,41143,250,250,253574,68,68,0,1,164,215292,0,0,250,253574,253574,316,1,0,215292,0,0,4,4202640,66,31,274259,12,0,5,114577,253574,274259,169,253574,0,215292,8,0,0,68,0,0,132240,60,4,110968,1,241131,65,215292,169,770,272990,10,0,184,0,70,207454,-16,68,0,207454,0,1,0,215292,253574,1925,110968,0,66,2,2
Uni. Católica,248,0,0,-4,250,1,0,232670,5,0,0,0,68,7,0,0,7,54,0,215155,-1,1,-1,0,-70,69,0,249,200,-1,31000,0,68,4202498,0,20000,249,255,215155,71,69,1,1,250,261261,0,2,248,215155,215155,316,1,0,261261,0,0,3,266242,68,16,258227,3,2,5,112116,219605,219605,249,258227,0,232670,8,0,0,71,0,0,4202498,250,4,110975,2,228744,50,261261,249,263,215155,8,0,184,0,112,232670,-33,69,0,232670,0,1,0,261261,219605,1937,110975,0,68,2,4
Barcelona SC,248,0,18,-5,51,1,0,253223,7,2,0,51,67,5,1,0,7,195,0,253223,-1,1,-1,1,-79,69,248,249,15,-1,40998,0,67,4198528,0,57267,249,255,253223,70,69,1,1,248,215061,0,2,248,253223,253223,316,1,0,215061,0,0,6,264320,69,16,75311,3,2,6,110986,212747,75311,249,215107,0,215061,8,0,0,70,0,0,4202624,255,3,110981,3,84326,50,215061,249,780,253223,10,0,184,0,37,212747,-2,69,0,215107,0,1,0,215061,212747,1925,110981,0,69,2,0
Dep. Cuenca,255,0,0,-5,26,1,0,219678,2,0,0,0,66,4,0,0,7,1,0,70710,-1,1,-1,1,-79,66,205,255,1,-1,11500,0,66,270400,0,16500,255,254,70710,66,66,0,1,34,233825,0,2,255,70710,70710,316,1,0,233825,0,0,4,528448,66,1,246056,15,2,1,110981,70710,246056,255,70710,0,233825,5,0,0,66,0,0,4202560,224,3,110982,2,264378,50,233825,255,917,219678,4,0,111,0,1,78354,-2,66,0,78354,0,1,0,233825,70710,1971,110982,0,66,2,0
LDU Quito,248,0,0,-5,255,1,0,231550,6,0,0,57,69,7,0,0,7,137,0,253322,-1,1,-1,1,78,70,36,249,26,-1,36000,0,69,532608,0,41575,249,22,70193,69,70,1,1,255,240944,0,2,248,253322,253322,316,1,0,240944,0,0,3,528512,70,13,273988,1,2,7,110981,70193,70193,249,273988,1,215421,6,0,0,69,0,0,270464,255,4,110986,2,231550,30,240944,249,781,215036,9,0,184,0,8,215421,0,70,0,215421,0,1,0,240944,253322,1930,110986,2,70,2,1
Caracas FC,255,0,0,-4,36,1,0,246015,4,1,0,36,64,5,0,0,7,1,0,226395,-1,1,-1,1,-66,65,28,255,1,-1,13000,0,64,532736,0,23940,255,235,253895,65,65,1,1,28,226395,0,2,255,226395,253895,316,1,0,226395,0,0,1,528640,65,12,80014,3,2,3,110991,226395,71671,255,253895,0,246015,5,0,0,65,0,0,270592,235,4,110989,2,265680,30,214975,255,800,253816,7,0,184,0,1,214975,10,65,0,71671,0,1,0,226395,253895,1967,110989,0,65,2,5
Carabobo FC,255,0,0,-4,21,1,0,236608,1,2,0,255,67,3,0,0,7,7,0,253579,-1,1,-1,1,-68,66,255,255,194,-1,11100,0,67,270592,0,10400,255,255,253579,61,66,0,1,21,274523,0,2,255,253579,253579,316,0,0,274523,0,0,4,528640,66,1,272699,0,2,3,114611,253579,272699,255,202559,0,253579,5,0,0,61,0,0,4202752,146,4,110991,2,261226,50,274523,255,803,261648,5,0,184,0,54,253579,10,66,0,202559,0,1,0,274523,253579,1997,110991,0,66,2,0
Libertad,248,0,0,-3,250,1,0,227550,7,0,0,250,68,8,0,0,7,30,0,216055,-1,1,-1,2,-57,69,250,249,30,-1,30000,0,68,139328,0,14000,249,250,253239,73,69,0,1,250,244946,1,0,248,216055,253239,316,1,0,227550,0,0,4,4198464,69,26,75224,1,0,7,101108,253239,253240,249,75224,0,216055,5,0,0,73,0,0,139328,250,4,111008,2,259410,65,227550,249,771,253240,10,0,184,0,30,216055,-25,69,0,216055,0,1,0,253239,253239,1905,111008,0,69,2,3
Cienciano,255,0,0,-5,42,1,0,241499,3,0,0,245,66,4,0,0,7,35,0,253772,-1,1,-1,1,30,66,245,255,77,-1,17000,1,66,270656,0,42300,255,245,253772,68,66,0,1,41,232067,0,2,255,253772,253772,316,1,0,232067,0,0,3,528704,66,0,254446,0,2,3,111014,234180,234180,255,254446,0,241499,7,0,0,68,0,0,4202816,226,4,111011,2,79613,50,232067,255,880,253772,6,0,111,0,42,241499,31,66,0,241499,0,1,0,232067,234180,1901,111011,1,66,2,0
Alianza Atlético,255,0,0,-5,192,1,0,83047,3,0,0,172,65,3,0,0,2,255,0,83053,-1,1,-1,1,-81,64,21,255,255,-1,10000,0,65,532480,0,12000,255,25,83053,64,64,0,1,8,223054,0,2,255,83053,83053,316,1,0,223054,0,0,4,528384,64,0,261824,3,2,1,111014,83053,261824,255,259660,0,83053,5,0,0,64,0,0,270336,9,4,111012,2,70454,30,83052,255,990,83049,4,0,111,0,255,83052,-5,64,0,259660,0,1,0,223054,223054,1920,111012,0,64,2,0
Sporting Cristal,248,0,0,-5,251,1,0,204542,6,2,0,255,69,6,0,0,7,250,0,204542,-1,1,-1,1,-77,69,204,248,250,-1,31300,0,69,4195728,0,11600,248,4,204542,69,69,0,1,224,77146,0,2,248,204542,204542,316,0,0,77146,0,0,5,270736,69,20,243731,3,2,5,111014,204542,204542,248,243731,0,204542,7,0,0,69,0,0,4195728,123,4,111013,1,69988,50,77146,248,789,231930,9,0,111,0,250,196848,-12,69,0,196848,0,1,0,77146,204542,1955,111013,0,69,1,0
Universitario,248,0,0,-5,240,1,0,259251,6,0,0,23,70,4,0,0,7,140,1,264796,-1,1,-1,0,-76,70,28,248,25,-1,30530,0,70,73808,0,80000,248,127,264796,70,70,0,1,254,210951,0,2,248,264796,211274,316,1,0,210951,0,0,2,135248,71,29,255098,3,2,5,111013,264796,264796,248,255098,0,259251,7,0,0,70,0,0,73808,254,4,111014,2,223637,90,210951,248,789,211274,10,0,184,0,22,259251,-12,70,0,259251,0,1,0,210951,264796,1924,111014,0,71,1,0
Argentinos Jrs.,255,0,0,-3,46,1,0,272350,4,2,0,163,73,9,0,0,7,255,0,272350,-1,2,-1,1,-58,72,93,255,255,-1,35000,0,73,132097,0,25110,255,0,272350,71,72,1,2,45,232765,0,0,255,272350,272350,316,1,0,232765,0,0,4,4202497,71,3,248231,1,1,2,112689,272350,248231,255,265478,1,232765,4,0,0,71,0,0,132097,235,4,111019,1,226671,65,232765,255,82,223105,5,0,190,0,255,272350,-34,72,0,265478,0,1,0,232765,272350,1904,111019,0,71,2,0
Ind. Rivadavia,255,0,0,-3,44,1,0,233959,1,0,0,45,70,1,0,0,7,255,0,233959,-1,1,-1,0,-68,70,19,255,255,-1,6500,0,70,4202560,0,24000,255,33,233959,75,70,2,1,18,273843,0,0,255,233959,233959,316,1,0,273843,0,0,3,266304,70,0,76718,15,0,1,111716,233959,76718,255,233959,0,273843,8,0,0,75,0,0,4202560,32,4,111020,2,76717,50,273843,255,839,253249,1,0,190,0,255,278743,-32,70,0,278743,0,1,0,273843,233959,1913,111020,0,70,2,0
Belgrano,255,0,0,-3,212,1,0,215270,4,0,0,250,73,7,0,0,7,1,0,215270,-1,1,-1,1,-64,71,250,255,1,-1,15500,0,73,4202817,0,30000,255,250,215259,73,71,2,1,154,225289,0,0,255,215270,207471,316,1,0,225289,0,0,3,266561,71,1,207471,3,1,1,112670,215270,71546,255,215259,0,215270,5,0,0,73,0,0,4202817,1,4,111022,2,223501,50,225289,255,120,259690,2,0,190,0,1,215270,-31,71,0,71546,0,1,0,225289,215259,1905,111022,0,71,2,0
Real Salt Lake,213,0,0,-7,26,6,0,192397,6,0,0,22,68,8,0,0,2,51,0,270517,-1,1,-1,0,-112,69,207,21,102,-1,171500,0,68,4198530,0,20213,40,237,257020,65,69,0,1,14,257020,0,1,213,270517,270517,316,0,0,257020,0,0,5,264322,68,1,77456,0,1,4,694,270517,270517,40,77456,0,270517,5,0,0,65,0,0,4202626,144,4,111065,3,240448,50,257020,21,427,275645,6,4,134,0,51,84120,41,69,0,84120,0,1,0,257020,270517,2004,111065,0,68,2,0
Arka Gdynia,0,0,0,1,0,5,0,78528,2,1,0,255,64,2,0,0,2,0,1,212249,-1,1,-1,1,18,64,255,237,149,-1,6760,0,64,270400,0,15139,0,255,212249,64,64,0,1,237,245528,0,1,255,212249,212249,316,0,0,245528,0,0,2,528448,63,0,254820,3,1,1,111091,212249,254820,149,244731,0,245528,3,0,0,64,0,0,4202560,255,4,111082,2,78535,50,245528,69,580,243516,3,0,93,0,69,212249,54,64,0,244731,0,1,0,245528,212249,1929,111082,0,63,2,2
Korona Kielce,120,0,0,1,30,5,0,242509,2,0,0,30,67,4,1,0,2,240,0,242509,-1,1,-1,1,20,66,30,30,30,-1,8586,2,67,264512,0,15500,30,30,243690,66,66,0,1,228,242509,0,1,30,242509,242509,316,0,0,242509,0,0,3,526656,66,0,263509,1,1,1,111088,242509,263509,120,79618,0,242509,4,0,0,66,0,0,4198720,255,4,111083,3,79253,50,208306,120,246,231923,4,0,93,0,30,208306,50,66,0,79618,0,1,0,242509,242509,1973,111083,0,66,2,0
Piast Gliwice,120,0,4,1,153,5,0,214882,4,0,0,205,65,6,0,0,2,196,1,270381,-1,1,-1,1,18,66,83,120,15,-1,8120,0,65,132096,0,9913,120,0,270381,65,66,0,1,51,76839,0,1,120,224062,270715,316,0,0,76839,0,0,2,4202496,65,1,257161,1,0,1,420,270381,270381,120,257161,0,224062,3,0,0,65,0,0,132096,0,4,111086,1,224062,65,76839,120,188,234883,4,0,93,0,13,242906,50,66,0,214882,0,1,0,76839,270715,1945,111086,0,65,1,0
Radomiak Radom,120,0,0,1,76,5,0,204078,2,0,0,30,66,2,0,0,2,250,1,204078,-1,1,-1,1,21,66,30,130,250,-1,8446,2,66,270336,0,14400,130,30,204078,66,66,0,1,168,209323,0,1,120,204078,204078,316,0,0,209323,0,0,1,528384,67,0,231460,3,1,1,111083,204078,204078,130,231460,0,204078,3,0,0,66,0,0,4202496,68,4,111088,2,247288,50,209323,130,868,72658,4,0,93,0,250,244186,51,66,0,244186,0,1,0,209323,204078,1910,111088,0,67,2,0
Lechia Gdańsk,30,0,0,1,73,5,0,242350,2,0,0,0,67,5,0,0,2,255,1,72586,-1,1,-1,1,18,66,64,50,255,-1,5378,0,67,73792,0,43615,15,0,242350,67,66,0,1,156,72589,0,1,0,72586,72586,316,0,0,72589,0,0,2,135232,65,0,263778,1,1,1,1871,242350,255361,30,263778,0,255361,2,0,0,67,0,0,73792,0,4,111091,2,79514,90,72589,15,177,255361,2,0,93,0,255,266110,54,66,0,266110,0,1,0,72589,72586,1945,111091,0,65,2,2
Motor Lublin,0,0,0,1,139,5,0,236363,2,0,0,0,68,5,0,0,2,250,0,236363,-1,1,-1,1,22,66,255,0,250,-1,9568,0,68,139328,0,15247,139,255,236363,67,66,0,1,0,76863,0,1,0,236363,236363,316,0,0,76863,0,0,1,4198464,65,0,226877,1,1,1,111088,236363,226877,139,236363,0,236363,4,0,0,67,0,0,139328,0,4,111097,2,208088,65,76863,0,957,263303,5,0,93,0,250,269489,51,66,0,269489,0,1,0,76863,236363,1950,111097,0,65,2,0
South Africa,255,0,0,2,52,9,0,213615,0,0,0,1,69,0,0,0,2,20,0,242936,-1,1,-1,1,27,70,1,255,80,-1,0,0,69,4202512,0,94736,255,1,242935,70,70,0,1,230,241173,0,1,255,242935,82308,316,0,0,241173,0,0,3,266256,70,0,84684,0,1,4,111130,82294,235442,255,257293,0,241173,0,0,0,70,0,0,4202512,255,4,111099,2,257293,50,241173,255,0,82308,10,0,6,0,140,242935,-26,70,0,235442,0,1,0,241173,242935,1992,111099,0,70,1,0
Colombia,250,0,20,-5,22,1,0,198710,0,0,0,1,78,0,0,0,7,0,1,198710,-1,2,-1,1,-74,78,25,250,225,-1,0,0,78,4195728,0,46788,250,200,198710,79,78,0,2,225,204259,0,1,250,198710,198710,316,0,0,220793,0,0,3,270736,79,0,231207,1,1,6,111465,198710,241602,250,267430,0,198710,0,0,0,79,0,0,132496,252,4,111109,1,214026,50,215333,250,59,267430,10,0,6,0,75,198710,10,78,0,220793,0,1,0,214026,241602,1924,111109,0,79,1,0
Morocco,250,0,0,1,45,8,0,234200,0,0,0,136,78,0,0,0,9,255,1,235212,-1,2,-1,1,-7,79,222,250,255,-1,0,0,78,4202496,0,67000,250,20,255125,79,79,0,2,39,268728,0,1,250,255125,264348,316,0,0,231633,0,0,3,266240,79,0,231410,1,0,6,1391,231410,231410,250,234200,0,231410,0,0,0,79,0,0,132096,193,4,111111,2,260843,50,231633,250,0,234200,10,0,6,0,255,236401,33,79,0,244749,0,1,0,236401,231410,1928,111111,0,79,2,0
Côte d'Ivoire,255,0,0,0,0,9,0,205343,0,0,0,51,77,0,0,0,2,255,0,254088,-1,2,-1,1,-4,78,153,255,255,-1,0,0,77,4202768,0,40000,255,0,78012,79,78,0,2,128,275208,0,0,255,78012,78012,316,0,0,236403,0,0,9,266512,78,0,260942,14,0,5,1667,258444,235458,255,255928,0,78012,0,0,0,79,0,0,132368,255,4,111112,2,220421,50,235458,255,0,236403,10,0,6,0,255,78012,5,78,0,275208,0,0,0,220421,78012,1960,111112,0,78,1,0
Saudi Arabia,255,0,0,3,1,8,0,220075,0,0,0,1,73,0,1,0,9,255,0,210602,-1,1,-1,0,39,72,128,255,255,-1,0,0,73,4198400,0,62345,255,1,220075,75,72,0,1,128,242506,0,1,255,220075,220075,316,0,0,245751,0,0,4,264192,71,0,211395,0,0,4,111527,220075,74699,255,220075,0,238545,0,0,0,75,0,0,4202496,1,4,111114,3,256331,50,238545,255,405,220075,10,4,6,0,255,238545,21,72,0,245751,0,0,0,256331,241938,1956,111114,0,71,2,0
IR Iran,255,0,0,3,68,8,0,84175,0,0,0,0,72,0,0,0,2,255,0,84186,-1,1,-1,1,51,72,0,255,255,-1,0,0,72,528384,0,78116,255,255,84186,73,72,0,1,144,84170,0,0,255,84186,84171,316,0,0,84197,0,0,4,526336,72,0,84171,0,0,3,111527,84171,84181,255,84175,0,84172,0,0,0,73,0,0,270336,5,4,111115,3,84168,30,84197,255,0,84175,10,0,6,0,255,84186,36,72,0,84186,0,0,0,84168,243551,1941,111115,0,72,2,0
Karagümrük SK,255,0,0,3,0,5,0,258390,3,0,0,55,67,2,0,0,9,55,0,209782,-1,1,-1,2,28,67,55,255,55,-1,17000,0,67,270352,0,74753,255,55,209782,68,67,0,1,0,262620,0,2,255,225844,235717,316,0,0,262620,0,0,2,528400,68,0,70106,1,0,1,111339,225844,235717,255,70106,0,209782,3,0,0,68,0,1,4202512,255,4,111117,2,221969,50,262620,255,231,260638,1,0,89,0,55,209782,41,67,0,209782,0,1,0,262620,235717,1926,111117,0,68,2,0
Egypt,1,0,0,2,0,8,0,209331,0,0,0,1,74,0,1,0,9,255,1,209331,-1,2,-1,1,31,74,1,1,255,-1,0,0,74,4198784,0,75000,1,1,81918,76,74,1,2,0,256675,0,0,1,209331,81918,316,0,0,256675,0,0,4,264576,71,0,82329,1,0,4,111448,209331,261624,1,81918,0,209331,0,0,0,76,0,0,4202880,210,4,111130,3,82400,50,256675,1,0,81918,10,0,6,0,255,209331,30,74,0,261624,0,1,0,256675,209331,1921,111130,0,71,2,0
Minnesota United,1,0,0,-6,224,6,0,254962,6,0,0,80,70,9,0,0,2,133,0,233092,-1,1,-1,0,-93,69,41,1,237,-1,150000,0,70,4202634,0,19400,1,12,233092,71,69,0,1,223,251229,0,1,1,233092,233092,316,0,0,251229,0,0,2,266378,68,0,261196,3,1,1,696,233092,261196,1,241026,0,251229,5,0,0,71,0,0,4202634,222,4,111138,2,270887,50,251229,1,602,212424,3,4,134,0,199,233092,44,69,0,241026,0,1,0,251229,233092,2010,111138,0,68,1,0
CF Montréal,12,0,0,-5,160,6,0,244250,4,0,0,255,66,7,1,0,2,12,0,246070,-1,1,-1,0,-74,66,255,12,12,-1,189000,0,66,270664,0,20801,12,255,260772,68,66,0,1,82,244250,0,1,12,246070,246070,316,0,0,244250,0,0,2,528712,64,0,243828,0,1,4,111651,260772,260772,12,246070,0,244250,4,0,0,68,0,0,4202824,11,4,111139,2,266335,50,244250,12,327,269758,4,0,134,0,12,78355,46,66,0,78355,0,1,0,244250,246070,1992,111139,0,64,2,0
Portland Timbers,1,1,0,-8,18,6,0,203067,7,3,0,14,69,4,0,0,2,203,0,238303,-1,1,-1,0,-123,68,100,1,0,-1,201000,0,69,4202840,0,25218,1,0,238303,68,68,1,1,72,213620,0,1,1,238303,238303,316,0,0,213620,0,0,3,266584,68,1,263947,15,1,3,111144,238303,263947,1,238303,0,238303,6,0,0,68,0,0,4202840,0,4,111140,2,203067,50,213620,1,384,254887,7,4,134,0,151,259139,46,68,0,259139,0,1,2,213620,238303,2009,111140,0,68,2,0
Sounders FC,211,0,0,-8,82,6,0,242648,7,3,0,82,70,6,0,0,2,0,0,210423,-1,1,-1,0,-122,70,240,211,148,-1,308000,0,70,4195400,0,37722,211,148,210423,73,70,0,1,198,241487,1,1,211,210423,210423,316,0,1,241487,0,0,1,270408,68,2,260657,15,1,4,111140,210423,260657,211,226035,0,210423,2,0,0,73,0,0,4195400,148,6,111144,1,226807,50,241487,211,440,247476,6,4,134,0,85,210423,48,70,0,226035,0,1,2,241487,210423,2007,111144,0,68,2,4
Heidenheim,255,0,0,1,1,4,0,216199,5,1,0,178,72,1,0,0,2,10,0,266236,-1,2,-1,1,10,72,178,225,98,-1,48222,0,72,528534,0,15000,225,178,266236,72,72,0,2,1,260290,0,1,225,266236,231227,316,0,0,260290,0,0,2,526486,72,0,260369,3,1,1,100409,231227,260369,255,231227,0,260290,6,0,0,72,1,0,270486,225,4,111235,3,256292,30,260290,255,214,258316,2,0,25,0,31,266236,48,72,0,266236,0,1,0,260290,231227,2007,111235,0,72,2,0
FC Ingolstadt 04,235,0,0,1,255,4,0,241967,3,1,0,25,64,5,0,0,2,1,0,234945,-1,1,-1,1,11,64,1,235,1,-1,12500,0,64,526337,0,15800,235,225,234945,60,64,0,1,255,71287,0,1,235,234945,234945,316,0,0,71287,0,0,2,526337,64,0,276697,1,1,1,33,234945,276356,235,276697,0,234945,3,0,0,60,0,1,266241,255,4,111239,3,275742,30,71287,235,227,276356,10,0,91,0,1,275736,48,64,0,275736,0,1,0,71287,234945,2004,111239,0,64,2,0
Red Star FC,255,0,0,1,70,4,0,72137,3,0,0,101,68,3,0,0,2,255,0,246550,-1,1,-1,0,2,67,147,255,255,-1,19000,0,68,532484,0,5600,255,17,243412,64,67,0,1,102,246450,0,1,255,246550,243412,316,0,0,246450,0,0,2,528388,67,0,72136,1,0,1,111817,243412,72137,255,72136,0,72136,3,0,0,64,0,0,270340,12,4,111273,2,266501,30,246450,255,415,72137,2,4,51,0,255,72139,48,67,0,72139,0,1,0,246450,243412,1897,111273,0,67,2,5
USL Dunkerque,1,0,0,1,174,4,0,240258,1,0,0,185,66,3,0,0,2,255,0,267973,-1,1,-1,1,2,67,110,1,255,-1,22000,0,66,525568,0,5000,1,1,267973,67,67,0,1,107,229974,0,0,1,267973,267973,316,0,0,229974,0,0,2,532736,67,0,73511,3,0,1,132680,267973,73511,1,267973,0,229974,4,0,0,67,0,0,263424,1,4,111276,1,270355,30,229974,1,815,252137,7,0,51,0,255,75051,51,67,0,75051,0,1,0,229974,267973,1909,111276,0,67,1,0
Nacional,248,0,0,-3,250,1,0,197655,7,1,0,220,69,7,0,0,7,238,0,197225,-1,1,-1,1,-56,71,194,249,46,-1,47000,0,69,4195328,0,34000,249,141,197225,73,71,1,1,250,239207,0,1,248,197225,265766,316,1,0,239207,0,0,2,270336,72,49,265766,3,1,8,101110,197225,197225,249,265766,3,239207,8,0,0,73,0,0,4195328,250,4,111325,1,260208,50,239207,249,795,279922,10,0,184,0,24,266850,-34,71,0,266850,0,1,0,239207,197225,1899,111325,0,72,2,0
Palestino,250,0,0,-4,250,1,0,234717,4,0,0,36,66,6,0,0,7,20,1,193534,-1,1,-1,1,-70,67,46,250,100,-1,15750,0,66,270592,0,6000,250,238,193534,66,67,0,1,250,84219,0,2,250,193534,193534,316,1,0,84219,0,0,1,528640,66,2,193534,3,2,3,110975,275463,74979,250,193534,0,84219,3,0,0,66,0,0,4202752,250,3,111328,2,219452,50,84219,250,256,74979,7,0,184,0,141,243384,-33,67,0,243384,0,1,0,84219,275463,1920,111328,0,66,2,3
Kasımpaşa,255,0,3,3,153,5,0,216580,4,0,0,1,69,4,1,0,9,255,1,216580,-1,1,-1,1,28,69,1,255,255,-1,30000,0,69,4202754,0,14234,255,200,216580,69,69,0,1,51,243154,0,1,255,216580,216580,316,0,0,243154,0,0,2,266498,67,0,263432,0,1,2,101014,225403,225403,255,263432,0,243154,3,0,0,69,0,0,4202754,51,4,111339,2,218623,50,243154,255,231,211748,3,0,89,0,255,236944,41,69,0,236944,0,1,0,243154,225403,1921,111339,0,67,2,0
Adelaide United,1,0,0,9,1,3,0,216193,3,2,0,55,62,5,0,0,2,252,0,198955,-1,1,-1,2,138,64,25,1,9,-1,8000,0,62,263186,0,16500,1,229,198955,65,64,0,1,1,272571,0,1,1,198955,198955,316,0,0,272571,0,0,2,532498,63,1,75510,1,1,1,111397,198955,198955,1,75510,0,272571,6,0,0,65,0,0,4195346,255,4,111393,1,266740,50,272571,1,5,260630,6,0,54,0,210,247889,-34,64,0,247889,0,2,0,272571,198955,2003,111393,0,63,1,3
Brisbane Roar,1,0,0,10,36,3,0,180903,3,2,0,1,64,6,1,0,2,1,1,180903,-1,1,-1,2,153,63,82,1,1,-1,11000,0,64,270464,0,52500,1,251,180903,62,63,0,1,118,279501,0,1,1,180903,180903,316,0,0,279501,0,0,2,528512,63,3,258339,1,1,1,111400,180903,266629,1,258339,0,180903,6,0,0,62,0,0,4202624,244,4,111395,2,264721,50,279501,1,75,266629,8,0,54,0,1,216795,-27,63,0,216795,0,2,0,279501,180903,2005,111395,0,63,2,0
Central Coast,1,0,0,10,1,3,0,213094,2,2,0,35,61,8,0,0,2,1,0,273841,-1,1,-1,2,151,62,196,1,155,-1,5500,0,61,270352,0,20059,1,255,273841,59,62,0,1,210,278882,0,1,1,273841,273841,316,0,0,278882,0,0,2,528400,63,3,268605,1,1,5,111398,273841,268605,1,247336,0,247336,2,0,0,59,0,0,4202512,255,4,111396,2,257490,50,278882,1,190,73096,8,0,54,0,82,83525,-33,62,0,83525,0,2,0,278882,247336,2004,111396,0,63,1,0
Melb. Victory,1,0,0,10,94,3,0,193143,4,2,0,152,65,2,0,0,2,255,0,178088,-1,1,-1,2,144,65,148,1,255,-1,11500,0,65,263256,0,30050,1,137,178088,65,65,0,1,46,222540,0,1,1,178088,193143,316,0,0,222540,0,0,2,532568,62,4,275134,1,1,1,111400,178088,262039,1,75391,0,222540,8,0,0,65,0,0,4195416,3,4,111397,1,276627,50,222540,1,311,236890,9,0,54,0,255,178088,-37,65,0,75391,0,2,0,222540,262039,2004,111397,0,62,2,2
Newcastle Jets,1,0,0,10,155,3,0,225757,2,2,0,99,64,4,0,0,2,235,0,263982,-1,1,-1,2,151,64,173,1,39,-1,7000,0,64,264193,0,33000,1,207,263982,65,64,0,1,86,259726,0,1,1,263982,225757,316,0,0,259726,0,0,2,526337,62,1,276249,1,1,1,111396,263982,74614,1,276249,0,263982,3,0,0,65,0,0,4198401,2,4,111398,3,225757,50,259726,1,341,74614,5,0,54,0,45,277549,-32,64,0,277549,0,2,0,259726,263982,2000,111398,0,62,2,0
Perth Glory,1,0,0,8,130,3,0,202676,3,2,0,110,59,7,0,0,2,255,0,211513,-1,1,-1,2,115,63,50,20,255,-1,8700,0,59,532736,0,20500,1,90,211513,67,63,0,1,40,211513,0,1,1,211513,211513,316,0,0,211513,0,0,2,528640,63,2,73110,1,1,1,111766,211513,73110,1,263786,0,211513,6,0,0,67,0,0,270592,93,4,111399,2,83826,30,202676,20,376,82866,3,0,54,0,255,202676,-31,63,0,263786,0,2,0,211513,211513,1995,111399,0,63,2,0
Sydney FC,1,0,0,10,255,3,0,192241,5,2,0,255,65,2,1,0,2,5,0,221587,-1,1,-1,2,151,65,255,1,107,-1,12500,0,65,263176,0,42500,1,255,221587,66,65,0,1,200,241245,0,1,1,221587,192241,316,0,0,241245,0,0,6,532488,66,5,252468,1,1,5,112427,221587,221587,1,252468,0,221587,8,0,0,66,0,0,4195336,140,4,111400,1,272461,50,241245,1,472,80236,10,0,54,0,62,231424,-33,65,0,231424,0,2,0,241245,221587,2004,111400,0,66,2,1
Mantova,250,0,0,1,250,4,0,224508,1,0,0,250,65,4,0,0,2,255,0,80602,-1,1,-1,0,10,67,250,250,0,-1,22575,0,65,132352,0,14884,250,250,80602,69,67,0,1,250,224508,0,1,250,268081,268081,316,0,0,224508,0,0,4,4202752,65,0,70450,0,1,1,111434,80602,70450,250,80602,0,224508,2,0,0,69,0,0,132352,250,4,111433,1,72857,65,224508,250,961,276743,2,0,82,0,0,73045,45,67,0,73045,0,1,0,224508,268081,1911,111433,0,65,2,0
Cremonese,130,0,0,1,30,4,0,205363,1,0,0,133,71,3,0,0,2,250,0,217338,-1,2,-1,1,10,73,130,130,250,-1,50025,0,71,532608,0,16003,133,130,217338,74,73,0,2,30,208830,0,1,130,217338,217338,316,0,0,208830,0,0,2,528512,72,0,236838,1,1,1,111433,217338,236838,133,217338,0,223137,2,0,0,74,0,0,270464,240,4,111434,2,237669,30,208830,130,650,220475,2,0,47,0,250,223137,45,73,0,223137,0,1,0,208830,217338,1903,111434,0,72,2,0
Algeria,250,0,0,1,250,8,0,85348,0,1,0,0,75,0,0,0,2,0,1,85367,-1,2,-1,1,3,76,0,250,49,-1,0,0,75,4202496,0,40784,250,255,204485,74,76,0,2,250,85366,0,1,250,204485,204485,316,0,0,85366,0,0,5,266240,77,0,240753,3,0,3,111111,253157,224196,250,213296,0,204485,0,0,0,74,0,0,132096,250,4,111448,2,85367,50,85366,250,0,213296,10,0,6,0,150,242641,36,76,0,85345,0,1,0,85366,204485,1962,111448,0,77,2,0
Canada,255,0,0,-8,1,6,0,236315,0,0,0,1,73,0,1,0,2,255,0,242380,-1,2,-1,0,-123,75,1,255,255,-1,0,0,73,4198468,0,54500,255,1,242380,77,75,0,2,1,243574,0,1,255,242380,226777,316,0,0,236315,0,0,2,266308,75,0,240925,15,1,2,1387,240925,243009,255,240925,0,226777,0,0,0,77,0,0,139332,255,4,111455,3,246800,50,226777,255,0,242380,10,4,6,0,255,220028,49,75,0,243009,0,1,2,220028,240925,1912,111455,0,75,2,0
Cabo Verde,255,0,0,2,255,9,0,194847,0,0,0,24,69,0,0,0,2,255,0,70289,-1,1,-1,1,23,70,24,255,255,-1,0,0,69,73728,0,8000,255,190,194847,67,70,0,1,0,263669,0,1,255,194847,194847,316,0,0,263669,0,0,7,135168,69,0,202014,0,0,1,111462,194847,202014,255,269419,0,194847,0,0,0,67,0,0,73728,0,4,111456,2,194847,90,263669,255,0,231150,10,0,6,0,255,239453,14,70,0,243923,0,1,0,263669,79254,1982,111456,0,69,1,0
Ghana,255,0,0,0,0,9,0,229956,0,0,0,64,74,0,0,0,2,255,1,241236,-1,2,-1,1,0,75,106,255,0,-1,0,0,74,4202752,0,40000,255,0,241236,77,75,0,2,255,241236,0,1,255,241236,241236,316,0,0,241236,0,0,3,266496,73,0,208535,10,0,5,1667,241236,241710,255,247258,0,241236,0,0,0,77,0,0,132352,255,4,111462,2,247258,50,241236,255,911,250941,10,0,6,0,0,250941,5,75,0,244915,0,1,0,241236,245155,1957,111462,0,73,1,0
Ecuador,255,0,0,-5,0,1,0,252053,0,0,0,24,76,0,1,0,7,1,1,237942,-1,2,-1,1,-78,76,12,255,155,-1,0,0,76,266240,0,35742,255,218,247181,76,76,0,2,225,274559,0,1,255,247181,247181,316,1,0,256196,0,0,3,528384,77,0,70193,12,1,5,111109,247181,268611,255,254039,0,247181,0,0,0,76,0,0,270336,255,4,111465,3,274559,30,256196,255,781,254039,10,4,6,0,55,247181,0,76,0,268611,0,1,0,273969,247181,1925,111465,0,77,2,0
New Zealand,255,0,0,12,255,3,0,219392,0,0,0,229,69,0,0,0,2,1,0,232669,-1,1,-1,0,174,70,230,255,1,-1,0,0,69,528512,0,34500,255,229,243666,74,70,0,1,255,209361,0,1,255,243666,243666,316,0,0,254143,0,0,2,526464,69,0,243666,1,1,2,1415,243666,243666,255,259680,0,243666,0,0,0,74,0,0,270464,255,4,111473,3,220763,30,277552,255,0,219392,10,0,88,0,1,209361,-41,70,0,254143,0,1,0,231131,243666,1891,111473,0,69,1,0
Panama,255,0,0,-5,0,1,0,202089,0,0,0,255,70,0,0,0,2,0,0,237841,-1,1,-1,1,80,70,255,255,255,-1,0,0,70,532480,0,23000,255,255,237841,71,70,0,1,0,220409,0,1,255,217045,217045,316,0,0,220409,0,0,3,528384,69,0,237841,0,0,1,112048,217045,72708,255,79560,0,217045,0,0,0,71,0,0,270336,255,4,111475,2,234154,30,220409,255,0,79560,10,0,6,0,0,234726,9,70,0,234726,0,1,0,220409,217045,1937,111475,0,69,2,0
Uzbekistan,255,0,0,5,184,5,0,239964,0,0,0,255,65,0,0,0,2,255,0,271294,-1,1,-1,0,69,68,255,255,255,-1,0,0,65,528384,0,34800,255,255,271294,69,68,0,1,94,239964,0,1,255,271294,271294,316,0,0,239964,0,0,2,526336,70,0,80304,0,0,1,111527,271294,81925,255,80304,0,239964,0,0,0,69,0,0,270336,0,4,111485,3,81930,30,239964,255,0,81925,10,0,6,0,255,220375,41,68,0,277031,0,1,0,239964,271294,1992,111485,0,70,2,0
Indonesia,255,0,0,7,33,2,0,262396,0,0,0,1,66,0,0,0,2,255,0,209316,-1,1,-1,0,106,69,1,0,254,-1,0,0,66,528384,0,77193,0,1,209316,64,69,0,1,4,84125,0,1,255,209316,209316,316,0,0,84125,0,0,3,526336,71,0,246231,0,1,1,111114,209316,259114,255,246231,0,209316,0,0,0,64,0,0,270336,213,4,111510,3,84632,30,84125,255,0,259114,10,0,6,0,255,205383,-6,69,0,205383,0,0,0,84125,209316,1958,111510,0,71,2,0
Iraq,255,0,0,3,255,8,0,85468,0,0,0,0,66,0,0,0,2,32,0,85455,-1,1,-1,1,48,65,0,255,24,-1,0,0,66,532480,0,65227,255,255,85455,63,65,0,1,255,85450,0,0,255,85455,85456,316,0,0,85460,0,0,5,528384,64,0,85460,0,0,2,111114,85451,85455,255,85451,0,85457,0,0,0,63,0,0,270336,255,4,111512,2,85451,30,263376,255,0,85455,10,0,6,0,24,85457,30,65,0,85457,0,1,0,76603,85455,1948,111512,0,64,1,0
Jordan,255,0,0,3,255,8,0,85479,0,0,0,1,67,0,0,0,2,255,0,85479,-1,1,-1,1,35,66,1,255,0,-1,0,0,67,532480,0,0,255,1,85479,66,66,0,1,255,85484,0,1,255,85479,85481,316,0,0,85484,0,0,4,528384,66,0,85479,0,0,1,111527,85501,73466,255,85479,0,85484,0,0,0,66,0,0,270336,255,4,111513,2,85497,30,85484,255,0,85489,10,0,6,0,0,85482,32,66,0,85482,0,0,0,85484,85501,1945,111513,0,66,2,0
Qatar,20,0,0,3,255,8,0,180561,0,0,0,56,67,0,0,0,9,138,1,234051,-1,1,-1,0,51,69,21,20,56,-1,0,0,67,4195456,0,45416,20,188,180561,72,69,0,1,255,268985,0,1,20,180561,268781,316,0,0,268781,0,0,2,270464,66,0,180561,1,0,3,111114,180561,180561,20,84621,0,268772,0,0,0,72,0,0,4195456,255,4,111527,1,268982,50,268877,20,0,84621,10,0,88,0,21,268877,25,69,0,268772,4,0,0,268776,180561,1960,111527,0,66,2,0
Congo DR,255,0,0,1,255,9,0,238062,0,0,0,255,73,0,0,0,2,255,0,212491,-1,2,-1,1,21,75,255,255,0,-1,0,0,73,4202496,0,80000,255,255,212491,78,74,0,2,0,238391,0,1,255,212491,212491,316,0,0,239814,0,0,2,266240,74,0,231485,0,0,2,111462,212491,269230,255,238062,0,231652,0,0,0,78,0,0,4202496,0,4,111545,2,238062,50,231652,255,0,269230,10,0,6,0,0,198951,-4,74,0,198951,0,0,0,212491,212491,1948,111545,0,74,2,0
Free Agents,255,0,0,0,0,0,0,1,5,0,0,0,0,5,1,0,2,0,0,1,-1,1,-1,0,0,79,0,255,0,-1,0,0,0,0,0,0,255,0,1,0,0,0,1,0,0,0,0,255,1,1,316,0,2,0,0,0,2,0,0,0,0,0,0,5,1,1,0,255,0,0,1,6,0,0,0,0,0,0,0,4,111592,0,0,50,0,255,0,0,5,4,6,0,0,0,0,0,0,0,0,0,0,0,1,2000,111592,0,0,0,0
GAIS,255,0,0,1,82,7,0,70108,2,0,0,255,63,2,0,0,2,1,0,76880,-1,1,-1,1,12,66,255,255,1,-1,4000,0,63,263168,0,15000,255,255,76880,63,66,0,1,155,75790,0,1,255,76880,75790,316,0,0,75790,0,0,2,532480,66,6,82865,0,1,1,319,76880,76880,255,82865,0,84293,4,0,0,63,0,0,4195328,8,4,111594,1,70109,50,75790,255,191,70111,5,0,97,0,1,84293,58,66,0,84293,0,1,0,75790,76880,1894,111594,0,66,2,1
East Bengal,19,0,0,6,2,1,0,252088,6,0,0,240,60,3,1,0,9,225,0,252088,-1,1,-1,1,88,60,240,107,39,-1,3400,0,60,270400,0,85000,54,240,252088,60,59,0,1,234,248178,0,1,19,252088,252088,316,0,0,248178,0,0,4,528448,58,0,248289,1,1,3,113146,252088,253508,54,248289,0,83814,8,0,0,60,0,0,4202560,252,4,111629,2,248177,50,248178,107,727,253508,7,0,6,0,31,83814,22,59,0,83814,0,1,0,248178,252088,1920,111629,0,58,2,8
Mohammedan SC,19,0,0,6,1,1,0,73265,5,0,0,2,52,5,0,0,9,255,0,71946,-1,1,-1,1,88,52,2,107,255,-1,1000,0,52,525312,0,85000,54,2,71946,51,52,0,1,1,73280,0,0,19,71946,71946,316,0,0,73280,0,0,5,532480,51,0,71946,1,1,5,111629,83528,71946,54,83528,0,73277,6,0,0,51,0,0,263168,1,4,111633,1,84001,30,73280,104,727,250856,5,0,6,0,255,73277,22,52,0,73277,0,1,0,73280,83528,1891,111633,0,51,2,0
Toronto FC,12,0,1,-5,0,6,0,213439,5,0,0,97,70,3,0,0,2,255,0,274976,-1,1,-1,0,-79,69,84,12,255,-1,218500,0,70,4202496,0,30991,12,68,274976,73,69,1,1,0,242075,1,1,12,274976,274976,316,0,0,242075,0,0,8,266240,67,1,232148,1,1,3,111139,274976,232081,12,232148,0,232148,4,0,0,73,0,0,4202496,240,4,111651,2,255137,50,242075,12,486,232081,6,4,134,0,255,213439,44,69,0,213439,0,1,2,242075,274976,2006,111651,0,67,2,0
Frosinone,250,0,38,1,0,4,0,270064,2,2,0,250,69,8,1,0,2,29,0,251769,-1,1,-1,1,13,68,250,250,164,-1,40000,0,69,4202628,0,16227,250,250,251769,69,68,0,1,255,276422,0,1,250,251769,251769,316,0,0,276422,0,0,1,266372,68,0,279877,3,1,1,115841,251769,274197,250,279877,0,251769,4,0,0,69,0,0,4202628,255,4,111657,2,74533,50,276422,250,170,274197,4,0,82,0,93,269182,41,68,0,269182,0,1,0,276422,251769,1928,111657,0,68,2,0
Rodez AF,1,0,18,1,40,4,0,277431,1,0,0,1,65,2,0,0,2,248,0,253041,-1,1,-1,1,2,65,1,1,1,-1,19000,0,65,264256,0,5955,1,1,253041,66,64,0,1,3,261772,0,0,1,253041,253041,316,0,0,261772,0,0,2,526400,64,0,79638,3,0,1,1809,275296,79635,1,79638,0,263110,2,0,0,66,0,0,4198464,222,4,111659,3,242753,50,261772,1,745,79635,3,0,51,0,232,263110,44,64,0,263110,0,1,0,261772,253041,1929,111659,0,64,2,0
Al Shabab,20,0,0,3,255,8,0,208418,4,0,0,1,70,6,0,0,9,255,0,208418,-1,1,-1,1,46,69,1,20,1,-1,32530,0,70,4198545,0,15000,20,1,208418,77,69,0,1,255,213761,0,1,20,208418,208418,316,0,0,213761,0,0,4,264337,65,6,71832,1,0,4,112139,208418,71832,20,208418,0,208418,8,0,0,77,0,0,4202641,255,4,111674,3,243627,50,213761,20,405,228593,6,4,67,0,128,220659,24,69,0,220659,0,1,0,213761,208418,1947,111674,0,65,2,3
Al Ain FC,7,0,0,4,255,8,0,247072,5,1,0,255,70,4,0,0,9,101,0,226376,-1,1,-1,0,55,69,255,83,177,-1,76000,0,70,4202496,0,24000,73,255,226376,77,69,0,1,255,261991,0,1,7,226376,226376,316,0,0,79535,0,0,2,266240,67,14,246107,3,0,6,605,226376,246107,73,226376,0,264348,8,0,0,77,0,0,4202496,255,4,111701,2,73256,50,220380,83,766,279061,9,0,88,0,71,264348,24,69,0,264348,0,1,0,73256,226376,1968,111701,0,67,2,7
Brommapojkarna,192,0,0,1,1,7,0,243125,1,0,0,10,64,9,0,0,2,255,0,262721,-1,1,-1,1,18,64,25,192,1,-1,5000,0,64,264320,0,5000,192,1,262721,64,64,0,1,1,73364,0,1,192,228325,228325,316,0,0,73364,0,0,2,526464,62,0,239084,15,1,1,710,262721,262721,192,76522,0,228325,8,0,0,64,0,0,4198528,1,4,111705,3,261098,50,73364,192,464,243125,4,0,97,0,1,228325,59,64,0,76522,0,1,2,73364,228325,1942,111705,0,62,2,0
Godoy Cruz,255,0,0,-3,138,1,0,214769,2,2,0,250,66,5,1,0,7,1,0,258284,-1,1,-1,1,-68,67,250,255,138,-1,19500,0,66,270488,0,42000,255,250,258284,68,67,1,1,58,260388,0,0,255,258284,258284,316,1,0,260388,0,0,6,528536,67,0,277849,3,1,3,110953,258284,277614,255,277849,0,258081,2,0,0,68,0,0,4202648,1,4,111706,2,262284,50,260388,255,189,277614,3,0,6,0,58,258081,-32,67,0,258081,0,1,0,260388,258284,1921,111706,0,67,2,0
Aldosivi,255,0,0,-3,1,1,0,230984,1,2,0,255,65,3,1,0,7,65,0,214660,-1,1,-1,1,-57,68,255,255,42,-1,8200,0,65,139280,0,35180,255,255,231212,68,68,1,1,221,235991,0,0,255,214660,231212,316,1,0,235991,0,0,3,4198416,67,0,230984,12,1,1,112670,214660,230984,255,231212,0,230984,4,0,0,68,0,0,139280,255,4,111707,2,220851,65,235991,255,304,276831,1,0,190,0,166,84510,-38,68,0,84510,0,1,0,235991,231212,1913,111707,0,67,1,0
Atlético Tucumán,255,0,5,-3,255,1,0,257338,3,2,0,255,68,2,0,0,7,98,0,222417,-1,1,-1,1,-65,69,255,255,241,-1,20000,0,68,4202760,0,30000,255,255,222417,74,69,1,1,255,214777,0,0,255,222417,222417,316,1,0,214777,0,0,3,266504,69,0,257338,1,1,1,111716,279816,257338,255,261352,0,214777,4,0,0,74,0,0,4202760,255,4,111708,2,222417,50,214777,255,423,254774,2,0,190,0,188,279816,-26,69,0,261352,0,1,0,214777,279816,1902,111708,0,69,2,0
Defensa,255,0,0,-3,5,1,0,241569,2,2,0,255,69,7,0,0,7,5,0,215199,-1,1,-1,1,-58,70,255,255,51,-1,20500,0,69,532617,0,10070,255,255,215199,69,70,1,1,216,268083,0,0,255,215199,215199,316,1,0,268083,0,0,4,528521,69,0,73359,1,1,5,101083,215199,73359,255,258817,0,215199,6,0,0,69,0,0,270473,249,4,111710,2,71908,30,268083,255,164,245061,5,0,190,0,114,215199,-34,70,0,258817,0,1,0,268083,215199,1935,111710,1,69,2,0
Huracán,255,0,0,-3,255,1,0,253354,5,2,0,255,69,4,0,0,7,251,0,216020,-1,1,-1,1,-58,71,255,255,8,-1,18300,0,69,525576,0,48314,255,255,216020,64,70,1,1,255,268508,0,0,255,216020,216020,316,1,0,268508,0,0,3,532744,70,5,266673,1,1,3,1013,216020,216020,255,266673,0,216020,6,0,0,64,0,0,263432,255,4,111711,1,263365,30,268508,255,82,234107,5,0,190,0,5,83329,-34,70,0,83329,0,1,0,268508,216020,1908,111711,0,70,2,1
San Martín,255,0,0,-3,60,1,0,226393,2,0,0,255,64,4,0,0,7,1,0,214830,-1,1,-1,1,-68,63,255,255,1,-1,7500,0,64,532480,0,24000,255,255,214830,62,63,0,1,145,81744,0,2,255,214830,214830,316,1,0,81744,0,0,2,528384,63,0,255341,12,1,1,111706,214830,255341,255,76788,0,81744,7,0,0,62,0,0,270336,1,4,111713,2,226393,30,81744,255,421,266762,1,0,6,0,1,214830,-31,63,0,76788,0,1,0,81744,214830,1907,111713,0,63,2,0
Tigre,248,0,0,-3,123,1,0,226772,4,2,0,255,69,6,0,0,7,210,0,220147,-1,1,-1,1,-58,69,255,249,37,-1,12000,0,69,532736,0,26282,249,255,220147,69,69,1,1,51,256508,0,0,248,220147,256508,316,1,0,256508,0,0,5,528640,66,0,231360,3,1,3,112689,220147,231360,249,273730,0,258082,4,0,0,69,0,0,270592,11,4,111715,2,71217,30,258082,249,514,263504,3,0,190,0,1,258082,-34,69,0,273730,0,1,0,256508,256508,1902,111715,0,66,2,0
Unión,255,0,0,-3,255,1,0,279845,5,2,0,255,70,5,0,0,7,200,0,228961,-1,1,-1,1,-60,70,255,255,21,-1,11000,0,70,4198728,0,26489,255,255,228961,68,69,1,1,255,76883,0,0,255,228961,228961,316,1,0,76883,0,0,2,264520,69,0,207440,1,1,3,110396,228961,277181,255,207440,0,232729,3,0,0,68,0,0,4202824,255,4,111716,3,278430,50,76883,255,431,277181,2,0,190,0,30,232729,-31,69,0,232729,0,1,0,76883,254585,1907,111716,0,69,2,0
Deportes Tolima,30,0,0,-5,19,1,0,243004,4,0,0,19,69,3,0,0,7,223,1,271629,-1,1,-1,1,-75,69,9,30,134,-1,35700,0,69,4198410,0,30000,30,156,271629,69,69,0,1,9,236604,0,0,30,271629,225812,366,1,0,236604,0,0,6,264202,69,3,259792,1,1,4,101101,271629,259792,30,232385,0,236604,4,0,0,69,0,0,4202506,156,4,111722,3,243011,50,236604,30,224,225812,6,0,111,0,217,271629,4,69,0,232385,0,1,0,236604,271629,1954,111722,0,69,2,1
Shandong Taishan,1,0,0,8,1,2,0,182224,9,0,0,255,67,4,0,0,4,255,0,223298,-1,1,-1,1,117,66,1,128,255,-1,13100,0,67,263177,0,56808,1,1,223298,73,65,0,1,128,268313,0,1,255,223298,223298,316,0,0,268313,0,0,4,532489,62,5,205401,1,0,4,111768,223298,223298,255,205401,0,230601,9,0,0,73,0,0,4195337,255,4,111724,1,261927,50,268313,1,234,76744,10,0,75,0,255,230601,36,65,0,230601,0,1,0,268313,223298,1956,111724,0,62,2,8
Well. Phoenix,1,0,0,12,6,3,0,219392,3,0,0,255,62,5,0,0,2,1,0,221425,-1,1,-1,2,174,62,255,1,1,-1,5900,0,62,532608,0,34500,1,255,221425,63,62,0,1,210,75112,0,1,1,221425,221425,316,0,0,75112,0,0,2,528512,61,0,213281,1,1,1,131739,221425,213281,1,221425,0,79711,5,0,0,63,0,0,270464,254,4,111766,2,81520,30,75112,1,524,219392,4,0,54,0,1,79711,-41,62,0,79711,0,2,0,75112,240650,2007,111766,0,61,2,0
Beijing FC,255,0,0,8,1,2,0,199088,7,0,0,1,65,6,0,0,4,255,0,225478,-1,1,-1,0,116,65,255,153,255,-1,16680,0,65,263304,0,65094,1,255,225478,67,65,0,1,153,228017,0,1,1,225478,225478,316,0,0,228017,0,0,2,532616,65,6,228033,1,0,2,110955,225478,228033,1,241239,0,227527,10,0,0,67,0,0,4195464,1,4,111768,1,266170,50,228017,255,43,228047,7,0,75,0,255,227527,39,65,0,227527,0,1,0,228017,241239,1951,111768,0,65,1,5
Changchun Yatai,255,0,0,8,1,2,0,202855,4,0,0,1,60,6,0,0,4,250,0,241332,-1,1,-1,0,125,62,255,1,250,-1,7050,0,60,526336,0,23400,1,255,241332,62,61,0,1,1,202855,0,1,255,241332,241332,316,0,0,202855,0,0,3,526336,60,1,77812,0,1,2,111768,241332,241332,1,77812,0,201876,6,0,0,62,0,0,266240,255,4,111769,3,268930,30,202855,255,100,250988,7,0,75,0,250,201876,43,61,0,201876,0,1,0,202855,241332,1996,111769,0,60,1,0
Tianjin JMT FC,255,0,0,8,153,2,0,224466,5,0,0,1,64,6,0,0,4,255,0,237670,-1,1,-1,0,117,62,1,1,255,-1,9550,0,64,270352,0,54696,153,1,237670,72,62,0,1,1,236810,0,1,76,237670,237670,316,0,0,236810,0,0,4,528400,59,3,226021,1,0,1,111768,237670,236997,255,226021,0,237670,3,0,0,72,0,0,4202512,76,4,111774,2,250989,50,236810,255,480,236997,7,0,75,0,255,263487,39,62,0,263487,0,1,0,236810,237670,1951,111774,0,59,1,2
Henan FC,0,0,0,8,1,2,0,216736,3,0,0,34,62,3,0,0,4,255,0,219908,-1,1,-1,0,113,61,125,1,255,-1,7950,0,62,132360,0,29000,1,0,219908,54,61,0,1,1,248222,0,1,204,219908,219908,316,0,0,248222,0,0,2,4202760,62,0,243088,1,0,2,111768,219908,243088,34,269520,0,219908,3,0,0,54,0,0,132360,204,4,111779,1,224470,65,248222,125,538,216736,4,4,75,0,255,219908,34,61,0,269520,0,1,0,248222,219908,1958,111779,0,62,1,0
Monza,250,0,15,1,42,4,0,239613,4,1,0,42,73,5,0,0,2,250,0,251988,-1,2,-1,1,9,72,0,250,250,-1,95000,0,73,132096,0,9300,250,229,251988,72,72,0,2,0,237715,0,1,250,251988,251988,316,0,0,237715,0,0,4,4202496,68,0,222388,1,1,1,1745,251988,222388,250,251988,0,239613,8,0,0,72,0,0,132096,229,4,111811,1,200054,65,237715,250,831,239613,7,0,82,0,250,234147,45,72,0,234147,0,1,0,237715,251988,1912,111811,0,68,2,0
Paris FC,22,0,3,1,61,4,0,230020,3,0,0,148,76,5,1,0,2,250,0,216820,-1,2,-1,1,2,75,62,114,250,-1,160000,0,76,4195328,0,20000,50,29,216820,75,75,0,2,28,192387,0,1,22,216820,216820,316,0,0,192387,0,0,8,270336,73,0,234612,1,0,1,73,216820,234612,50,216820,0,192387,9,0,0,75,0,0,132096,12,4,111817,1,230020,50,192387,114,373,235432,4,4,45,0,250,257118,48,75,0,257118,0,1,0,192387,216820,1969,111817,0,73,2,0
Wolfsberger AC,202,0,0,1,255,4,0,229818,4,0,0,58,67,5,1,0,2,1,0,73288,-1,1,-1,1,14,67,139,204,1,-1,15000,0,67,270344,0,8100,206,1,73288,66,67,0,1,255,264867,0,1,202,73288,73288,316,0,0,264867,0,0,2,528392,67,0,223676,3,1,4,2017,73288,223676,206,73288,0,73288,5,0,0,66,0,0,4202504,255,4,111822,2,210482,50,264867,204,529,73121,6,0,31,0,1,73952,46,67,0,73952,0,1,0,264867,73288,1931,111822,0,67,2,1
SJ Earthquakes,1,0,0,-8,166,6,0,233943,5,0,0,255,68,7,0,0,2,1,0,266518,-1,1,-1,0,-121,67,255,60,1,-1,162800,0,68,270480,0,18000,166,255,266518,65,67,0,1,60,268483,0,1,1,266518,266518,316,0,0,268483,0,0,1,528528,65,2,266375,3,1,2,697,266518,266375,166,212188,0,212188,7,0,0,65,0,0,4202640,1,4,111928,2,77560,50,268483,60,420,233943,4,4,134,0,1,266518,37,67,0,212188,0,1,0,268483,266518,1994,111928,0,65,2,0
Sassuolo,30,0,0,1,84,4,0,210935,3,1,0,250,75,7,0,0,2,30,0,243593,-1,2,-1,1,10,74,250,30,30,-1,240000,0,75,532612,0,21525,30,250,210935,77,74,0,2,164,243593,0,1,30,243593,210935,316,0,0,243593,0,0,3,528516,73,0,242725,3,1,1,110740,210935,264207,30,210935,0,210935,4,0,0,77,0,0,270468,35,4,111974,2,223143,30,235842,30,438,191202,3,0,47,0,30,235842,44,74,0,264207,0,1,0,243593,243593,1920,111974,0,73,2,0
Mirassol,255,0,0,-3,1,1,0,230411,1,0,0,1,69,4,1,0,2,1,1,230411,-1,1,-1,1,-49,70,237,255,45,-1,25750,0,69,4202496,0,15000,255,255,230411,71,70,0,1,237,230445,0,0,255,230411,230411,316,0,0,230445,0,0,3,266240,71,0,230226,3,1,1,112472,230411,230369,255,230226,0,230411,5,0,0,71,0,0,4202496,255,4,111975,2,230261,50,230445,255,985,230369,1,0,111,0,122,230462,-20,70,0,230462,0,1,0,230445,230411,1925,111975,0,71,2,0
Haiti,255,0,0,-5,152,9,0,178363,0,0,0,250,69,0,1,0,2,255,0,235456,-1,1,-1,1,-72,69,250,255,0,-1,0,0,69,528384,0,10500,255,250,235456,70,69,0,1,0,228591,0,1,255,235456,235456,316,0,0,265610,0,0,4,526336,69,0,264311,0,0,1,111475,235456,237440,255,264311,0,262652,0,0,0,70,0,0,270336,0,4,112048,3,78651,30,265610,255,992,228591,10,0,6,0,0,228591,18,69,0,237440,0,1,0,78651,252416,1904,112048,0,69,2,0
Curaçao,255,0,0,-4,250,9,0,84302,0,0,0,250,69,0,0,0,2,255,0,84305,-1,1,-1,1,-68,68,100,255,255,-1,0,0,69,528384,0,15000,255,0,84302,66,68,0,1,100,84297,0,1,255,84302,84302,316,0,0,84297,0,0,5,526336,69,0,84307,0,0,1,112048,84302,84299,255,84302,0,84302,0,0,0,66,0,0,270336,0,4,112054,3,84296,30,84297,255,0,84302,10,0,6,0,255,84296,12,68,0,84299,0,1,0,84297,233510,2010,112054,0,69,2,0
Mjällby AIF,169,0,18,1,47,7,0,219865,2,0,0,27,68,6,0,0,2,1,0,272712,-1,1,-1,1,14,67,235,169,1,-1,7000,0,68,263172,0,7500,169,245,70902,67,67,0,1,255,70902,0,1,169,272920,272920,316,0,0,70902,0,0,1,532484,69,0,272920,1,1,1,320,241960,74324,169,272920,0,70902,7,0,0,67,0,0,4195332,255,4,112072,1,272959,50,70902,169,809,219865,8,0,97,0,1,253013,56,67,0,253013,0,1,0,70902,254469,1939,112072,0,69,2,0
Al Ettifaq,100,0,0,3,1,8,0,181291,4,0,0,255,70,7,0,0,9,255,1,212476,-1,1,-1,1,50,68,255,100,1,-1,28750,0,70,4198657,0,12924,201,255,212476,69,68,0,1,153,211591,0,1,100,212476,212476,316,0,0,211591,0,0,6,264449,66,2,248498,3,1,4,112883,212476,79632,201,248498,0,181291,7,0,0,69,0,0,4202753,1,4,112096,3,222148,50,211591,100,591,79632,6,4,67,0,1,181291,26,68,0,181291,0,1,0,211591,212476,1945,112096,0,66,2,2
Juventud,255,0,0,-3,150,1,0,205409,2,0,0,150,66,3,0,0,2,250,1,229636,-1,1,-1,1,56,67,70,255,250,-1,19000,0,66,526336,0,7000,255,0,229636,66,67,0,1,70,260738,0,0,255,229636,260738,316,0,0,260738,0,0,4,526336,67,0,71654,12,0,1,112868,260738,71654,255,229636,0,229636,4,0,0,66,0,0,266240,0,4,112112,3,223498,30,76443,255,988,74232,1,0,111,0,250,76443,34,67,0,229636,0,1,0,260738,260738,1935,112112,0,67,2,0
Gangwon FC,1,0,0,9,1,2,0,238089,3,1,0,255,67,6,1,0,4,1,0,233018,-1,1,-1,1,128,66,255,128,51,-1,10580,0,67,66712,0,22333,1,255,233018,60,66,0,1,128,275076,0,1,255,233018,233018,316,0,0,276140,0,0,4,139416,66,0,238089,1,1,1,1474,233018,238089,51,233018,0,233018,4,0,0,60,0,0,66712,255,4,112115,1,238173,90,261128,102,174,255500,4,0,29,0,102,274041,37,66,0,274041,0,1,0,199236,233018,2008,112115,0,66,1,0
O'Higgins,248,0,0,-4,255,1,0,214280,4,0,0,245,68,5,0,0,7,255,1,209892,-1,1,-1,1,-70,66,207,249,255,-1,14500,0,68,67712,0,15600,249,177,209892,66,66,0,1,150,236693,0,2,248,209892,209892,316,0,0,236693,0,0,2,133248,66,1,209892,3,2,3,110975,234587,209892,249,234587,0,236693,5,0,0,66,0,0,69760,100,4,112116,3,84431,90,236693,249,395,259533,8,0,111,0,255,236958,-34,66,0,236958,0,1,0,236693,234587,1955,112116,0,66,2,0
SS Juve Stabia,2,0,38,1,6,4,0,72834,1,2,0,250,67,7,0,0,2,2,0,72834,-1,1,-1,1,14,67,250,0,78,-1,42150,0,67,525316,0,7642,78,250,257768,66,67,0,1,255,268674,0,1,2,72834,257768,316,0,0,268674,0,0,2,532484,67,0,81358,15,1,1,2038,72834,257768,78,81358,0,268674,2,0,0,66,0,0,263172,255,4,112124,1,78263,30,268674,0,762,257768,2,0,82,0,0,277636,40,67,0,277636,0,1,2,268674,72834,1907,112124,0,67,2,0
IFK Värnamo,250,0,0,1,255,7,0,201965,1,0,0,255,62,5,0,0,2,255,0,242658,-1,1,-1,0,14,63,88,250,255,-1,3000,0,62,270400,0,5010,250,51,242658,64,62,0,1,88,160210,0,1,250,201965,201965,316,0,0,160210,0,0,2,528448,62,0,231190,1,1,1,700,242658,73255,250,231190,0,206147,5,0,0,64,0,0,4202560,51,4,112126,2,256819,50,160210,250,875,73255,1,0,97,0,255,206147,57,62,0,206147,0,1,0,160210,201965,1912,112126,0,62,1,0
Philadelphia,0,0,18,-5,68,6,0,216939,5,0,0,201,68,5,0,0,2,171,0,255275,-1,1,-1,0,-75,68,143,0,68,-1,206000,0,68,270464,0,18500,128,78,255275,68,67,0,1,10,255275,0,1,0,255275,268805,316,0,0,255275,0,0,1,528512,66,0,273582,11,1,3,112828,255275,273582,128,274553,0,255275,5,0,0,68,0,0,4202624,0,4,112134,2,254905,50,275046,0,104,268805,7,4,134,0,138,275046,40,67,0,274553,0,1,0,255275,255275,2008,112134,0,66,2,0
Al Nassr,1,0,18,3,1,8,0,20801,10,0,0,255,77,4,1,0,9,1,1,216352,-1,2,-1,1,46,76,255,1,204,-1,119390,0,77,135313,0,26004,1,255,216352,85,76,0,2,204,20801,0,1,1,216352,216352,316,0,0,20801,0,0,3,4198545,74,10,208722,1,1,7,605,216352,216352,1,208722,0,208722,10,0,0,85,0,0,139409,255,4,112139,3,213345,65,20801,1,405,272829,9,4,67,0,1,242444,24,76,0,242444,0,1,0,20801,216352,1955,112139,0,74,2,6
Zhejiang Pro,255,0,0,8,1,2,0,269536,4,0,0,1,60,5,0,0,4,255,0,229804,-1,1,-1,1,120,62,153,153,255,-1,10880,0,60,264192,0,40000,1,1,229804,66,62,0,1,153,229804,0,1,1,229804,229804,316,0,0,229804,0,0,3,526336,62,0,222192,1,0,1,110955,229804,222192,255,193713,0,229804,5,0,0,66,0,0,4198400,1,4,112163,3,222440,50,248376,255,207,193713,3,4,75,0,255,248376,30,62,0,238862,0,1,0,229804,229804,1998,112163,0,62,2,0
RB Leipzig,175,1,1,1,255,4,0,204638,2,3,0,71,78,4,0,0,2,221,0,236703,-1,2,-1,1,12,79,31,175,65,-1,604125,0,78,135296,0,47800,175,1,73398,78,79,0,2,255,262863,0,1,175,73398,73398,366,0,0,262863,0,0,2,4198528,79,0,204638,1,1,7,22,257876,242187,175,257876,0,73398,10,0,0,78,1,0,139392,255,4,112172,3,276602,65,262863,175,273,242187,8,4,25,0,7,73398,51,79,0,73398,0,1,0,262863,265450,2009,112172,0,79,2,2
Sarpsborg 08,1,0,3,1,150,7,0,213864,2,0,0,170,65,6,0,0,2,255,0,236750,-1,1,-1,1,11,66,87,1,255,-1,7000,0,65,264448,0,8022,1,1,236750,65,65,0,1,73,272518,0,1,1,236750,236750,316,0,0,272518,0,0,3,526592,65,0,253010,15,1,1,2041,272518,253010,1,83819,0,267426,7,0,0,65,0,0,4198656,1,4,112199,3,236750,50,267426,1,437,70166,6,0,199,0,255,267426,59,65,0,83819,0,1,2,272518,272518,2008,112199,0,65,2,0
Harrogate Town,30,0,0,0,1,3,0,242730,1,0,0,1,60,2,0,0,2,30,1,263990,-1,1,-1,0,-1,61,245,80,30,-1,2450,0,60,270336,0,5000,30,249,263990,61,61,0,1,245,248126,0,0,30,263990,263990,316,0,0,248126,0,0,2,528384,60,0,79162,3,0,1,1804,263990,263990,30,79162,0,263990,3,0,0,61,0,0,4202496,249,4,112222,2,212682,50,248126,80,828,242730,3,0,55,0,30,80349,53,61,0,80349,0,2,0,248126,263990,1914,112222,0,60,1,0
Melbourne City,1,0,0,10,223,3,0,202157,4,2,0,37,65,6,0,0,2,255,0,210484,-1,1,-1,2,144,65,25,1,255,-1,12877,0,65,66578,0,30050,1,255,210484,62,65,0,1,173,262557,0,1,1,210484,264065,316,0,0,262557,0,0,3,139282,64,2,212075,1,1,1,111397,210484,212075,1,195033,0,262557,10,0,0,62,0,0,66578,108,4,112224,1,264065,90,262557,1,311,276057,7,0,54,0,255,210484,-37,65,0,195033,0,2,0,262557,210484,2009,112224,0,64,2,1
Newport County,250,0,0,0,27,3,0,271876,1,0,0,27,60,5,0,0,2,1,0,242258,-1,1,-1,0,-2,60,158,250,1,-1,2000,0,60,270336,0,7850,250,255,278073,60,60,0,1,158,83158,0,0,250,242258,242258,316,0,0,83158,0,0,2,528384,59,0,73308,1,0,1,1961,278073,73308,250,247890,0,247890,3,0,0,60,0,0,4202496,255,4,112254,2,229508,50,83158,250,343,252305,2,0,55,0,1,242258,51,60,0,247890,0,2,0,83158,242258,1912,112254,0,59,2,0
Gwangju FC,242,0,0,9,1,2,0,208073,5,0,0,48,60,6,0,0,4,242,0,208063,-1,1,-1,0,126,62,18,210,50,-1,9900,0,60,532544,0,10007,79,196,208063,59,62,0,1,204,220922,0,1,255,71359,71359,316,0,0,220922,0,0,4,528448,60,0,77193,1,1,3,1477,208063,77193,50,71359,0,220922,2,0,0,59,0,0,270400,255,4,112258,2,269093,30,220922,101,202,274839,4,0,29,0,101,248131,35,62,0,248131,0,1,0,220922,71359,2010,112258,0,60,2,0
AFC Wimbledon,1,0,27,0,199,3,0,220956,2,0,0,240,63,7,1,0,2,251,0,231442,-1,1,-1,0,0,63,91,91,5,-1,2750,0,63,270730,0,9300,240,1,231442,63,63,0,1,91,231442,0,0,1,231442,231442,316,0,0,231442,0,0,2,528778,64,0,233377,1,0,1,1798,231442,233377,240,244322,0,238716,3,0,0,63,0,0,4202890,1,4,112259,2,234258,50,238716,91,285,246789,1,0,55,0,239,238716,51,63,0,244322,0,1,0,231442,231442,2002,112259,0,64,1,0
Fleetwood Town,215,0,0,0,20,3,0,253374,1,0,0,10,63,7,0,0,2,255,0,268444,-1,1,-1,0,-3,62,10,10,255,-1,2400,0,63,525634,0,5327,10,215,268444,62,62,0,1,20,72459,0,0,215,268444,253374,316,0,0,72459,0,0,2,532802,61,0,255474,1,0,1,1926,253374,253374,10,255474,0,186127,9,0,0,62,0,0,263490,235,4,112260,1,236209,30,72459,10,163,270491,7,0,55,0,255,186127,53,62,0,186127,0,0,0,72459,253374,1908,112260,0,61,2,0
Al Ahli,52,0,0,3,89,8,0,234642,7,0,0,89,74,4,1,0,9,255,0,204485,-1,2,-1,1,39,74,210,80,255,-1,146780,0,74,139392,0,60342,53,63,204485,77,74,0,2,152,239482,0,1,52,204485,204485,316,0,0,239482,0,0,2,4198528,73,3,252259,1,1,5,607,204485,252259,53,204485,0,212228,10,0,0,77,0,0,139392,63,4,112387,2,275137,65,239482,80,232,263182,8,4,67,0,255,212228,21,74,0,212228,0,1,0,239482,204485,1937,112387,0,73,2,13
Al Fateh,20,0,0,3,153,8,0,235890,4,0,0,255,65,8,0,0,9,1,1,228819,-1,1,-1,1,49,64,255,20,1,-1,18080,0,65,264458,0,11851,20,255,228819,67,64,0,1,1,228819,0,1,20,228819,228819,316,0,0,228819,0,0,5,526602,61,1,259265,3,0,4,112096,228819,259265,20,81606,0,228819,2,0,0,67,0,0,4198666,1,4,112390,3,255487,50,270000,20,7,236830,6,4,67,0,153,270000,25,64,0,81606,0,1,0,228819,228819,1958,112390,0,61,2,0
Al Qadsiah,81,0,0,3,4,8,0,200724,4,0,0,4,76,5,0,0,9,255,1,263824,-1,2,-1,0,50,74,4,103,255,-1,78100,0,76,4202497,0,17300,99,240,263824,76,74,0,2,4,241850,0,1,83,263824,263824,316,0,0,241850,0,0,2,266241,71,0,263824,3,0,4,112096,222028,274913,99,263824,0,241850,8,0,0,76,0,0,4202497,240,4,112391,2,230965,50,241850,103,245,274913,7,4,67,0,255,234579,26,74,0,234579,0,0,0,241850,222028,1967,112391,0,71,2,0
Al Taawoun,20,0,0,3,88,8,0,234200,4,0,0,255,71,5,1,0,9,1,0,226789,-1,1,-1,1,43,69,255,20,204,-1,25860,0,71,4195393,0,6000,20,255,226789,70,69,0,1,224,77087,0,1,20,226789,226789,316,0,0,77087,0,0,4,270401,64,0,224962,3,1,5,112096,226789,226789,20,224962,0,234200,6,0,0,70,0,0,4195393,221,4,112393,1,234200,50,77087,20,83,234134,6,4,67,0,1,219797,26,69,0,219797,0,1,0,77087,226789,1956,112393,0,64,2,1
WS Wanderers,1,0,17,10,46,3,0,203423,4,2,0,255,66,3,0,0,2,1,0,239458,-1,1,-1,2,151,65,255,1,1,-1,6300,0,66,525382,0,30000,1,255,239458,65,65,0,1,33,220708,0,1,1,239458,242154,316,0,0,220708,0,0,4,532550,63,0,242154,1,1,5,111400,239458,232162,1,242154,0,207807,7,0,0,65,0,0,263238,255,4,112427,1,278838,30,220708,1,472,232162,5,0,54,0,1,207807,-33,65,0,207807,0,2,0,220708,239458,2012,112427,0,63,2,0
RB Bragantino,250,0,0,-3,248,1,0,230168,2,0,0,12,75,8,0,0,7,10,0,230519,-1,2,-1,1,-46,74,16,250,10,-1,50000,0,75,4202496,0,12332,250,250,230519,71,74,0,2,248,230510,0,0,250,230519,230519,366,0,0,230510,0,0,4,266240,75,0,230291,1,1,5,111975,230256,230294,250,230291,0,230294,6,0,0,71,0,0,4202496,248,4,112472,2,230457,50,230510,250,986,230294,5,0,111,0,10,230519,-22,74,0,230519,0,1,0,230510,230256,1928,112472,0,75,2,0
Carrarese Calcio,250,0,0,1,195,4,0,229459,1,0,0,202,68,5,1,0,2,245,0,229459,-1,1,-1,0,10,68,122,250,10,-1,25950,0,68,4198400,0,9500,250,1,229459,68,68,0,1,122,270098,0,1,250,229459,229459,316,0,0,270098,0,0,3,264192,67,0,70163,15,1,1,113974,229459,79972,250,70163,0,270098,2,0,0,68,0,0,4202496,0,4,112493,3,213994,50,270098,250,960,79972,2,0,82,0,240,235133,40,68,0,235133,0,1,0,270098,229459,1908,112493,0,67,2,0
Südtirol,250,0,0,1,45,4,0,268753,2,0,0,30,69,2,1,0,2,250,0,268756,-1,1,-1,0,11,68,30,250,250,-1,24600,0,69,4202752,0,2800,250,30,268756,67,68,0,1,5,276572,0,1,250,268756,268756,316,0,0,276572,0,0,4,266496,68,0,268753,1,1,1,55,268756,268753,250,268756,0,268756,3,0,0,67,0,0,4202752,220,4,112494,2,264392,50,276572,250,898,72790,4,0,82,0,250,277665,46,68,0,277665,0,1,0,276572,268756,1995,112494,0,68,2,0
Bruk-Bet,250,0,0,1,30,5,0,201081,1,0,0,250,64,2,0,0,2,50,0,257666,-1,1,-1,2,20,64,250,50,150,-1,7698,0,64,264196,0,4666,150,250,257666,64,64,0,1,145,271101,0,1,50,257666,257666,316,0,0,271101,0,0,2,526340,64,0,263081,1,1,1,111088,257666,250970,250,263081,0,245812,3,0,0,64,0,0,4198404,240,4,112510,3,239731,50,271101,250,345,250970,2,0,93,0,50,245812,50,64,0,245812,0,1,0,271101,257666,1922,112510,0,64,2,0
Arouca,255,0,38,0,0,4,0,251994,2,0,0,250,69,6,0,0,2,31,0,246112,-1,1,-1,1,-8,69,100,255,220,-1,25000,0,69,4195592,0,4937,255,10,246112,67,69,0,1,255,255461,0,1,255,246112,246112,316,0,0,255461,0,0,2,270600,69,0,258728,3,1,1,744,246112,258687,255,246112,0,255461,4,0,0,67,0,0,4195592,255,4,112513,1,264188,50,255461,255,25,277664,3,0,36,0,92,276600,41,69,0,276600,0,1,0,255461,246112,1951,112513,0,69,2,0
CD Tondela,210,0,35,0,0,4,0,229327,1,0,0,0,66,3,1,0,2,30,0,269099,-1,1,-1,1,-8,68,244,210,0,-1,7500,0,66,4202820,0,4821,210,244,269099,72,68,0,1,244,227558,0,0,210,269099,269099,316,0,0,227558,0,0,2,266564,67,0,263566,1,0,1,112513,261032,263566,210,78991,0,227558,4,0,0,72,0,0,4202820,244,4,112516,2,229327,50,227558,210,484,75896,3,0,36,0,140,261032,40,68,0,78991,0,1,0,227558,261032,1933,112516,0,67,1,0
Shanghai Port FC,204,0,0,8,1,2,0,224599,8,0,0,1,65,5,1,0,4,255,0,238704,-1,1,-1,0,121,67,1,1,255,-1,17680,0,65,263176,0,37000,1,204,238704,74,67,0,1,1,254894,0,1,255,238704,240131,316,0,0,254894,0,0,2,532488,66,3,239609,0,1,3,110955,238704,239609,1,240131,0,240131,9,0,0,74,0,0,4195336,255,4,112540,1,261946,50,254894,1,446,224631,9,0,75,0,255,238704,31,67,0,240131,0,1,0,254894,238704,2005,112540,0,66,1,1
FC Anyang,255,0,0,9,153,2,0,212778,3,0,0,153,65,3,0,0,4,255,0,240280,-1,1,-1,0,126,65,1,255,255,-1,5040,0,65,270340,0,17095,255,76,240280,64,65,0,1,1,83869,0,1,255,240280,240280,316,0,0,83869,0,0,4,528388,65,0,238577,1,2,1,982,240280,238577,255,255245,0,240280,2,0,0,64,0,0,4202500,76,4,112555,2,233711,50,83869,255,22,232232,2,4,29,0,255,240280,37,65,0,255245,0,1,0,83869,240280,2013,112555,0,65,2,0
Suwon FC,1,0,5,9,1,2,0,231942,4,0,0,255,64,4,0,0,4,1,0,231942,-1,1,-1,0,127,64,255,1,204,-1,9630,0,64,270340,0,11808,1,255,231942,63,64,0,1,1,243321,0,0,204,231942,231942,316,0,0,243321,0,0,4,528388,62,0,210544,1,0,1,112555,231942,278595,204,210544,0,210544,3,0,0,63,0,0,4202500,204,4,112558,2,247844,50,243321,1,469,278595,3,0,29,0,1,83530,37,64,0,83530,0,1,0,243321,231942,2003,112558,0,62,2,0
Orlando City,12,0,5,-5,141,6,0,240744,6,0,0,1,70,4,0,0,2,255,0,240744,-1,1,-1,0,-81,69,228,12,255,-1,225500,0,70,4198416,0,25500,12,253,240744,68,69,0,1,52,274841,0,1,12,248870,240744,316,0,0,274841,0,0,1,264208,68,0,248870,3,1,5,112885,240744,248870,12,236800,0,240744,6,0,0,68,0,0,4202512,102,4,112606,3,262740,50,274841,12,360,236298,6,4,134,0,255,240744,28,69,0,236800,0,1,0,274841,240744,2010,112606,0,68,2,1
Buriram United,0,0,0,7,58,2,0,233105,10,0,0,255,70,2,1,0,2,0,0,201290,-1,1,-1,1,103,69,255,1,80,-1,14000,1,70,139264,0,32600,58,255,201290,71,68,0,1,1,256344,0,1,7,201290,201290,316,1,0,256344,0,0,2,4198400,67,10,201290,1,1,4,112224,242351,242351,80,201290,0,256344,9,0,0,71,0,0,139264,7,0,112638,2,263513,65,256344,0,984,221931,10,0,6,0,0,81707,14,68,0,81707,0,1,0,256344,242351,2010,112638,0,67,1,7
Cusco FC,255,0,0,-5,12,1,0,215356,3,0,0,255,68,5,1,0,7,181,1,223842,-1,1,-1,1,-71,68,255,249,89,-1,2900,0,68,532608,0,42056,249,255,223842,69,68,0,1,12,215356,0,2,248,215356,215356,316,1,0,215356,0,0,4,528512,67,0,241189,2,2,2,111011,223842,256184,255,241189,0,215356,10,0,0,69,0,0,270464,12,4,112659,2,261970,30,215356,255,792,256184,2,0,111,0,156,232514,-13,68,0,232514,0,1,0,215356,223842,2009,112659,0,67,2,1
Talleres,255,0,0,-3,68,1,0,215251,4,2,0,68,71,5,0,0,7,252,0,226604,-1,1,-1,1,-64,71,27,255,255,-1,50000,0,71,132096,0,57000,255,5,226604,69,71,1,1,27,260140,0,0,255,77029,223097,316,1,0,260140,0,0,2,4202496,69,0,278452,3,1,4,111022,223097,226604,255,77029,0,260140,6,0,0,69,0,0,132096,5,4,112670,1,77972,65,260140,255,120,267626,3,0,190,0,251,223097,-31,71,0,77029,0,1,0,260140,226604,1913,112670,0,69,2,0
Platense,255,0,0,-3,250,1,0,264365,2,0,0,250,68,1,0,0,7,89,1,263502,-1,1,-1,1,-58,70,250,255,24,-1,8000,0,68,525632,0,32000,255,250,263502,71,70,2,1,250,241025,0,0,255,263502,264365,316,1,0,241025,0,0,4,532800,69,0,242002,3,1,2,111019,263502,242002,255,269599,0,241025,6,0,0,71,0,0,263488,250,4,112689,1,74855,30,241025,255,842,76488,3,0,190,0,55,263502,-34,70,0,269599,0,1,0,241025,263502,1905,112689,0,69,2,0
Coquimbo Unido,248,0,0,-4,1,1,0,248257,3,1,0,255,66,5,1,0,7,1,0,229201,-1,1,-1,1,-71,66,255,249,1,-1,13500,0,66,532816,0,18000,249,255,229201,65,66,0,1,255,71441,0,2,248,229201,229201,316,1,0,71441,0,0,3,528720,67,1,71738,3,2,1,101097,229201,248258,249,71738,0,229201,7,0,0,65,0,0,270672,255,4,112705,2,248257,30,71441,249,708,248258,1,0,111,0,1,221661,-29,66,0,221661,0,1,0,71441,229201,1958,112705,0,67,2,0
Sarmiento,255,0,0,-3,41,1,0,153060,1,0,0,41,67,2,0,0,7,255,0,261351,-1,1,-1,1,-60,69,103,250,255,-1,5000,0,67,532800,0,22000,250,3,274408,70,68,2,1,103,260030,0,0,250,261351,153060,316,1,0,260030,0,0,4,528704,67,0,266310,3,1,2,110093,274408,266310,255,226798,0,260030,4,0,0,70,0,0,270656,3,4,112713,2,264733,30,260030,255,237,278745,1,0,190,0,255,274408,-34,68,0,226798,0,1,0,260030,274408,1911,112713,0,67,2,0
Cerro Porteño,248,0,0,-4,24,1,0,246696,7,2,0,250,68,8,0,0,7,19,1,225878,-1,1,-1,1,-57,70,250,249,102,-1,43998,0,68,4202752,0,45000,249,250,225878,72,70,0,1,17,246145,0,0,248,225878,225878,316,0,0,246145,0,0,3,266496,71,35,84681,1,1,7,101108,225878,84681,249,225878,0,217809,5,0,0,72,0,0,4202752,168,4,112716,2,234037,50,246145,249,771,253251,9,0,184,0,56,217809,-25,70,0,217809,0,1,0,246145,225878,1912,112716,0,71,2,0
Bromley FC,1,0,0,0,255,3,0,72454,1,0,0,255,62,1,0,0,2,1,0,213969,-1,1,-1,0,0,62,255,1,1,-1,2000,0,62,264192,0,5150,1,255,213969,62,62,0,1,255,237355,0,0,1,213969,213969,316,0,0,237355,0,0,2,526336,62,0,247085,3,0,1,112259,213969,247085,1,72454,0,237355,2,0,0,62,0,0,4198400,255,4,112764,3,234487,50,237355,1,285,251257,3,0,55,0,1,213969,51,62,0,72454,0,2,0,237355,213969,1892,112764,0,62,2,0
FC Famalicão,220,0,5,0,87,4,0,271057,3,0,0,240,71,8,0,0,2,255,0,70971,-1,1,-1,1,-8,71,35,220,255,-1,40000,0,71,4202496,0,5300,220,40,70971,69,71,0,1,40,258526,0,1,220,70971,70971,316,0,0,258526,0,0,2,266240,71,0,277811,1,1,1,1888,229453,229453,220,70971,0,258526,8,0,0,69,0,0,4202496,13,4,112809,2,218936,50,258526,220,748,240685,5,0,36,0,255,271057,41,71,0,271057,0,1,0,258526,70971,1931,112809,0,71,1,0
New York City FC,101,0,0,-5,215,6,0,183895,6,0,0,75,70,6,0,0,2,255,0,257866,-1,1,-1,0,-74,69,59,255,255,-1,326500,0,70,132096,0,30321,255,40,257866,72,69,0,1,165,257866,0,1,255,257866,257866,316,0,0,257866,0,0,4,4202496,66,1,241783,5,1,5,689,257866,236935,215,268330,0,257866,4,0,0,72,0,0,132096,101,4,112828,1,268009,65,268330,165,340,230888,8,4,134,0,255,183895,41,69,0,236935,0,1,0,257866,183895,2013,112828,0,66,2,0
Dep. La Guaira,252,0,0,-4,6,1,0,266574,3,0,0,15,66,4,0,0,7,250,0,274198,-1,1,-1,1,-66,67,15,252,250,-1,7150,0,66,532736,0,50940,252,15,274198,67,66,0,1,79,266725,0,2,252,274198,274198,316,0,0,266725,0,0,4,528640,67,1,266574,3,2,1,110989,274198,70199,252,266574,0,266574,6,0,0,67,0,0,270592,246,4,112853,2,81917,30,266725,252,800,70199,6,0,111,0,250,246751,10,66,0,246751,0,1,0,266725,256072,2008,112853,0,67,2,3
Boston River,255,0,0,-3,0,1,0,274207,2,0,0,255,67,5,0,0,7,0,0,254075,-1,1,-1,1,-56,66,255,255,0,-1,17250,0,67,264192,0,7000,255,255,254075,64,66,0,1,0,254075,0,1,255,254075,262023,316,1,0,254075,0,0,4,526336,64,0,71224,8,0,3,111325,254075,71224,255,81532,0,262023,6,0,0,64,0,0,4198400,204,4,112868,3,274007,50,274491,255,795,262023,2,0,111,0,153,274491,-33,66,0,81532,0,1,0,254075,254075,1939,112868,0,64,2,0
Al Khaleej,14,0,0,3,0,8,0,203980,3,0,0,1,69,6,1,0,9,4,0,203980,-1,1,-1,1,50,69,1,106,105,-1,6580,0,69,4198464,0,17300,156,1,203980,79,69,0,1,230,203980,0,1,14,203980,203980,316,0,0,203980,0,0,4,264256,66,0,208260,3,1,3,112096,203980,208260,156,246708,0,203980,5,0,0,79,0,0,4202560,246,4,112883,3,223979,50,185422,106,413,234070,4,0,67,0,168,185422,26,69,0,246708,0,1,0,203980,203980,1945,112883,0,66,2,0
Atlanta United,1,1,17,-5,11,6,0,230977,6,3,0,97,72,5,0,0,2,35,0,230977,-1,1,-1,0,-84,70,145,1,32,-1,340000,0,72,525704,0,42500,1,163,230977,70,70,0,1,0,237295,1,1,1,230977,230977,316,0,1,237295,0,0,4,532872,68,1,235885,3,1,4,112606,214092,230977,1,236529,0,214092,2,0,0,70,0,0,263560,128,6,112885,1,74784,30,237295,1,601,236529,7,0,134,0,31,214092,33,70,0,251446,0,1,0,237295,230977,2014,112885,0,68,2,1
Inter Miami CF,35,0,19,-5,255,6,0,158023,8,0,0,205,72,3,1,0,2,35,0,158023,-1,2,-1,2,-80,72,181,31,32,-1,1050000,0,72,132096,0,17417,32,244,158023,80,72,2,2,255,237248,0,1,35,158023,158023,316,0,0,237248,0,0,2,4202496,69,0,212616,1,1,4,112606,158023,212616,32,260056,0,158023,2,0,0,80,0,0,132096,255,4,112893,1,254578,65,237248,31,805,71003,8,0,134,0,31,158023,25,72,0,260056,0,1,0,237248,158023,2018,112893,0,69,2,0
IDV,1,0,0,-4,12,1,0,220739,5,0,0,127,68,10,0,0,7,255,1,220739,-1,1,-1,2,78,70,38,1,255,-1,31998,0,68,525440,0,12000,1,7,220739,70,70,0,1,12,254069,0,2,1,220739,266668,316,0,0,254069,0,0,3,532608,68,2,72419,3,2,7,110986,220739,72419,1,220739,0,254069,5,0,0,70,0,0,263296,12,4,112908,1,246057,30,254069,1,783,70685,9,0,184,0,255,77449,0,70,0,77449,0,1,0,254069,220739,1958,112908,2,68,2,1
Central Córdoba,255,0,0,-3,1,1,0,215123,2,2,0,45,67,1,0,0,7,255,1,252239,-1,1,-1,1,-64,66,43,255,255,-1,8500,0,67,270400,0,28000,255,159,252239,65,66,1,1,1,263418,0,0,255,252239,279820,316,1,0,263418,0,0,3,528448,65,0,228375,3,1,2,111708,279820,252239,255,279820,0,263418,10,0,0,65,0,0,4202560,1,4,112965,2,251979,50,263418,255,763,271855,1,0,190,0,255,263503,-27,66,0,263503,0,1,0,263418,252239,1919,112965,0,65,2,1
LAFC,1,0,9,-8,1,6,0,167948,8,0,0,250,71,6,0,0,2,196,0,200104,-1,1,-1,0,-118,72,250,1,110,-1,1100000,0,71,4195456,0,22000,1,250,225951,77,71,1,1,1,225951,0,1,1,200104,225951,316,0,0,225951,0,0,2,270464,70,1,208592,1,1,5,697,225951,208592,1,272317,0,225951,2,0,0,77,0,0,4195456,1,4,112996,1,242380,50,200104,1,606,240319,8,0,134,0,158,200104,34,71,0,272317,0,1,0,225951,225951,2014,112996,0,70,1,1
Canada,255,0,0,-8,1,6,1,227383,0,0,0,1,76,0,0,0,2,255,0,227387,-1,2,-1,0,-123,79,1,255,255,-1,0,0,76,4202576,0,54500,255,1,227397,79,79,0,2,1,235962,0,1,255,227392,227397,316,0,0,235962,0,0,2,266320,79,0,227404,15,1,7,113009,235962,247513,255,227397,0,227392,0,0,0,79,0,0,132176,255,4,113000,2,247513,50,235962,255,508,79239,10,0,88,0,255,267529,49,79,0,267529,0,1,2,235962,227397,1986,113000,0,79,2,0
England,1,0,0,0,255,3,1,246426,0,0,0,255,85,0,0,0,2,241,0,227254,-1,3,-1,0,0,85,255,1,6,-1,0,0,85,131716,0,90000,1,255,227254,88,85,0,3,255,258980,0,0,1,227254,245802,316,0,0,258980,0,0,4,4202628,84,0,245802,1,0,8,113004,227254,265301,1,243404,0,258980,0,0,0,88,0,0,131716,255,4,113002,1,265341,65,258980,1,0,243404,10,0,88,0,6,227254,51,85,0,246426,0,1,0,258980,265275,1972,113002,0,84,2,0
France,30,0,0,1,128,4,1,241546,0,0,0,1,84,0,0,0,2,255,0,265674,-1,3,-1,0,2,83,1,30,255,-1,0,0,84,139400,0,67394,30,255,227348,86,83,0,3,73,264905,0,1,30,233662,227348,316,0,0,241546,0,0,2,4198536,82,0,233662,1,1,9,113004,232202,237197,30,233662,0,227348,0,0,0,86,0,0,131720,16,4,113003,2,256095,65,241546,30,0,237197,10,0,88,0,255,264905,48,83,0,264866,0,1,0,256095,233662,1917,113003,0,82,1,0
Germany,210,0,0,1,255,4,1,247788,0,0,0,255,83,0,0,0,2,1,0,247788,-1,3,-1,1,7,83,255,210,1,-1,0,0,83,4202624,0,30210,210,255,247788,83,83,0,3,255,247788,0,0,210,227337,262093,316,0,0,265052,0,0,2,266368,81,0,239345,1,0,9,113002,227337,239345,210,262093,0,247788,0,0,0,83,0,0,131712,255,4,113004,2,262093,50,264947,210,0,247791,10,4,37,0,1,247788,51,83,0,265052,0,1,0,265004,247788,1982,113004,0,81,2,0
Norway,30,0,0,1,1,7,1,227310,0,0,0,210,83,0,0,0,2,255,0,227323,-1,2,-1,0,10,78,51,30,255,-1,0,0,83,4198528,0,27200,30,17,227323,80,78,0,2,5,227310,0,1,30,227323,227323,316,0,0,227310,0,0,2,266368,73,0,227102,1,0,6,113008,227323,227102,30,227323,0,227323,0,0,0,80,0,0,139392,164,4,113007,3,265280,50,227310,30,0,242896,10,0,88,0,255,239761,59,78,0,239761,0,1,0,227310,227323,1902,113007,0,73,2,0
Sweden,169,0,0,1,26,7,1,248790,0,0,0,5,77,0,1,0,2,1,1,263964,-1,2,-1,0,11,77,210,169,180,-1,0,0,77,139392,0,16596,169,250,275917,78,77,0,2,221,80053,0,1,169,275917,74404,316,0,0,76998,0,0,2,4198528,75,0,74404,1,0,7,113007,275917,80230,169,248790,0,74404,0,0,0,78,0,0,132224,253,4,113008,2,82995,65,80230,169,0,248790,10,0,37,0,106,85272,57,77,0,85272,0,1,0,275942,275917,1904,113008,0,75,2,0
United States,234,0,0,-8,16,6,1,238212,0,0,0,255,83,0,1,0,2,0,1,267217,-1,3,-1,0,-122,83,255,234,92,-1,0,0,83,135552,0,37722,234,255,232073,84,83,0,3,7,242024,0,1,234,232073,232073,316,0,0,267382,0,0,2,4198784,81,0,267223,15,1,7,113012,267336,232074,234,267336,0,232075,0,0,0,84,0,0,139648,241,4,113009,3,267519,65,232074,234,0,273946,10,0,88,0,37,242024,47,83,0,226350,0,1,2,267519,232075,1985,113009,0,81,2,0
Mexico,255,0,0,-6,68,1,1,241224,0,0,0,1,74,0,0,0,7,255,0,246059,-1,2,-1,0,-99,74,1,255,255,-1,0,0,74,4202752,0,81070,255,255,246059,76,74,0,2,124,227457,0,1,255,246059,246059,316,0,0,227457,0,0,3,266496,73,0,272524,1,1,1,113009,246059,272524,255,246059,0,246059,0,0,0,76,0,0,4202752,12,4,113010,2,256840,50,227457,255,314,227455,10,0,37,0,255,82278,19,74,0,82278,0,1,0,227457,246059,1923,113010,0,73,2,0
Netherlands,35,0,0,1,23,4,1,253417,0,0,0,34,82,0,0,0,2,255,0,233756,-1,2,-1,0,4,81,124,66,255,-1,0,0,82,139392,0,55885,66,244,240714,81,81,0,2,87,240717,0,1,35,240714,240714,316,0,0,240717,0,0,1,4198528,80,0,240714,1,1,7,113004,253417,233751,66,233852,0,240714,0,0,0,81,0,0,131712,248,4,113011,2,273205,65,240717,66,0,233751,10,0,88,0,255,253417,52,81,0,265703,0,1,0,240717,253417,1971,113011,0,80,2,0
Spain,1,0,0,1,16,4,1,227203,0,0,0,22,90,0,0,0,2,255,0,262531,-1,3,-1,0,-3,85,44,1,25,-1,0,0,90,66184,0,70460,1,200,227203,83,85,0,3,8,262531,0,0,1,262531,262531,316,0,0,262531,0,0,4,73864,85,0,227203,1,0,10,113003,262531,227203,1,271446,0,227203,0,0,0,83,0,0,66184,181,4,113012,1,253436,90,277452,1,0,237289,10,0,37,0,173,277452,40,85,0,271446,0,1,0,262531,262531,1983,113012,0,85,2,0
St. Louis CITY SC,5,0,0,-6,77,6,0,189117,5,1,0,255,69,2,0,0,2,5,0,233125,-1,1,-1,0,90,68,255,5,54,-1,175000,0,69,4202624,0,22500,5,255,247240,64,68,0,1,0,271293,0,1,5,233125,233125,316,0,0,271293,0,0,1,266368,65,0,247240,1,1,1,696,233125,247240,5,233125,0,260485,6,0,0,64,0,0,4202624,224,4,113018,2,237407,50,271293,5,832,266033,2,0,134,0,26,260485,38,68,0,260485,0,1,0,271293,233125,2019,113018,0,65,2,0
Al Riyadh,30,0,0,3,250,8,0,212729,2,0,0,10,65,4,0,0,9,224,1,212729,-1,1,-1,0,46,65,10,30,29,-1,5500,0,65,264208,0,15000,30,10,212729,63,65,0,1,250,224967,0,1,30,212729,212729,316,0,0,224967,0,0,3,526352,61,0,240503,3,0,2,605,212729,240503,30,261109,0,212729,3,0,0,63,0,0,4198416,250,4,113037,3,213841,50,224967,30,405,83469,3,0,67,0,36,212729,24,65,0,261109,0,1,0,224967,212729,1953,113037,0,61,2,0
NorthEast United,30,0,0,6,250,1,0,277570,2,0,0,250,62,5,0,0,9,219,0,208817,-1,1,-1,1,91,57,250,100,23,-1,1500,0,62,264464,0,35000,60,250,208817,51,57,0,1,250,81341,0,1,30,208817,208817,316,0,0,81341,0,0,2,526608,54,0,205869,3,1,1,113146,208817,271664,60,205869,0,208817,4,0,0,51,0,0,4198672,250,4,113040,3,73091,50,81341,100,734,271664,2,0,6,0,18,278197,26,57,0,278197,0,1,0,81341,208817,2014,113040,0,54,2,0
Barracas Central,255,0,0,-3,22,1,0,266867,1,0,0,22,69,3,0,0,7,255,1,266867,-1,1,-1,1,-58,69,3,255,255,-1,7000,0,69,532480,0,4400,255,227,266867,69,69,2,1,3,235989,0,0,255,266867,266867,316,1,0,235989,0,0,2,528384,67,0,214158,3,1,1,115472,266867,214158,255,266867,0,272946,3,0,0,69,0,0,270336,227,4,113044,2,272946,30,235989,255,82,215993,1,0,190,0,255,267481,-34,69,0,267481,0,1,0,235989,266867,1904,113044,0,67,2,0
Al Fayha,45,0,0,3,255,8,0,239126,2,0,0,255,65,5,1,0,9,244,1,244391,-1,1,-1,1,45,67,1,50,1,-1,11580,0,65,270400,0,6843,140,1,244391,67,66,0,1,255,215616,0,0,45,244391,215616,316,0,0,215616,0,0,4,528448,67,0,82925,3,0,3,112393,244391,82925,140,244391,0,244391,5,0,0,67,0,0,4202560,255,4,113057,2,278132,50,215616,50,592,239641,5,4,67,0,177,206436,25,66,0,206436,0,1,0,215616,244391,1953,113057,0,67,2,1
Al Okhdood,30,0,0,3,255,8,0,235514,1,0,0,250,66,5,0,0,9,250,1,247093,-1,1,-1,0,44,65,250,30,250,-1,4630,0,66,264192,0,12000,30,250,247093,67,65,0,1,161,225206,0,0,30,247093,247093,316,0,0,225206,0,0,5,526336,62,0,204850,1,1,2,113217,247093,231138,30,204850,0,231138,4,0,0,67,0,0,4198400,68,4,113060,3,75707,50,225206,30,334,231138,2,0,67,0,250,275559,17,65,0,275559,0,1,0,225206,247093,1976,113060,0,62,2,0
Alanyaspor,255,0,44,3,39,5,0,221989,3,0,0,254,68,3,0,0,9,35,1,226568,-1,1,-1,2,32,68,254,255,80,-1,27500,0,68,532496,0,10842,255,254,226568,69,68,0,1,127,245368,0,1,255,226568,226568,316,0,0,245368,0,0,4,528400,68,0,81512,0,1,1,741,220620,81512,255,226568,0,212260,3,0,0,69,0,0,270352,255,4,113142,2,235570,30,245368,255,20,231266,2,0,89,0,160,212260,36,68,0,226568,0,1,0,245368,212260,1948,113142,0,68,2,0
City Torque,250,0,0,-3,250,1,0,240662,2,0,0,250,68,6,0,0,7,3,1,257211,-1,1,-1,1,-56,66,250,250,252,-1,16500,0,68,270592,0,60235,250,250,257211,65,66,0,1,250,259810,0,1,250,257211,257211,316,1,0,259810,0,0,2,528640,65,0,84325,3,0,2,112868,257211,257211,250,84325,0,259579,5,0,0,65,0,0,4202752,250,4,113143,2,278176,50,259810,250,795,259928,3,0,111,0,244,259579,-34,66,0,259579,0,1,0,259810,257211,2007,113143,0,65,2,0
Mohun Bagan SG,19,0,0,6,48,1,0,245165,6,0,0,250,63,4,0,0,9,0,0,202208,-1,1,-1,1,88,65,250,107,48,-1,7100,0,63,132160,0,85000,54,250,202208,69,65,0,1,45,212232,0,1,19,202208,202208,316,0,0,212232,0,0,2,4202560,65,2,238551,3,1,4,111629,253479,253479,54,238551,0,212232,9,0,0,69,0,0,132160,168,4,113146,1,245170,65,212232,107,727,253476,10,0,6,0,88,202208,22,65,0,202208,0,1,0,212232,253479,2020,113146,0,65,2,0
Entella,248,0,0,1,228,4,0,247214,1,2,0,42,67,4,0,0,2,255,0,79158,-1,1,-1,0,9,67,38,240,255,-1,10050,0,67,532544,0,5500,245,43,79158,66,67,0,1,211,79158,0,0,248,79158,79158,316,0,0,79158,0,0,2,528448,66,0,271378,15,0,1,113974,79158,271378,245,79129,0,79129,2,0,0,66,0,0,270400,163,4,113147,2,79150,30,251932,240,106,79089,1,0,82,0,255,251932,44,67,0,79129,0,0,2,79158,79158,1914,113147,0,66,2,0
FC Cincinnati,51,0,0,-5,129,6,0,234505,5,0,0,255,68,5,0,0,2,240,0,234505,-1,1,-1,0,84,69,255,51,30,-1,226500,0,68,4202496,0,26000,51,255,234505,76,69,0,1,56,237254,0,1,51,234505,234505,316,0,0,237254,0,0,2,266240,68,0,275515,15,1,4,687,234505,275515,51,275602,0,234505,4,0,0,76,0,0,4202496,33,4,113149,2,244788,50,237254,51,711,81424,5,0,134,0,82,234505,39,69,0,275602,0,1,2,237254,234505,2018,113149,0,68,2,0
Damac,20,0,1,3,40,8,0,261737,2,0,0,73,64,5,0,0,9,255,0,220609,-1,1,-1,1,42,65,233,20,255,-1,7780,0,64,270592,0,20000,20,241,220609,66,65,0,1,40,233735,0,1,20,220609,220609,316,0,0,233735,0,0,5,528640,66,0,71420,1,1,2,113060,220609,270072,20,71420,0,233730,4,0,0,66,0,0,4202752,230,4,113217,2,235493,50,233735,20,757,270072,4,0,67,0,255,233730,18,65,0,233730,0,1,0,233735,220609,1972,113217,0,66,2,0
Al Hazem,107,0,0,3,189,8,0,245574,1,0,0,255,65,6,0,0,9,235,1,223627,-1,1,-1,1,43,65,255,146,5,-1,4150,0,65,264216,0,5100,126,255,223627,74,65,0,1,56,223627,0,1,107,223627,223627,316,0,0,223627,0,0,3,526360,59,0,246381,3,0,1,131735,263893,263893,126,246381,0,223627,3,0,0,74,0,0,4198424,6,4,113222,3,262412,50,223627,146,672,81239,1,0,67,0,235,224394,25,65,0,224394,0,1,0,223627,263893,1957,113222,0,59,2,0
Odisha FC,30,0,0,6,90,1,0,200727,3,0,0,26,54,9,0,0,9,250,0,253505,-1,1,-1,1,85,57,32,30,250,-1,2450,0,54,525312,0,15000,30,243,253505,56,57,0,1,35,253478,0,1,30,253505,253505,316,0,0,253478,0,0,7,532480,55,0,256994,3,1,1,114168,253505,253505,30,256994,0,253505,4,0,0,56,0,0,263168,39,4,113257,1,248331,30,253478,30,774,248308,4,0,6,0,250,75134,20,57,0,75134,0,1,0,253478,253505,2019,113257,0,55,2,0
Chennaiyin FC,20,0,0,6,201,1,0,228188,4,0,0,100,61,5,0,0,9,250,0,200471,-1,1,-1,1,80,59,218,20,250,-1,3000,0,61,270400,0,19484,20,238,200471,62,59,0,1,117,83837,0,1,20,200471,228194,316,0,0,83837,0,0,8,528448,58,2,203173,3,1,2,113299,200471,203173,20,277360,0,200471,6,0,0,62,0,0,4202560,55,4,113297,2,261425,50,83837,20,728,265454,5,0,6,0,250,200471,13,59,0,277360,0,1,0,83837,200471,2014,113297,0,58,2,0
FC Goa,61,0,0,6,185,1,0,230132,4,0,0,101,59,8,0,0,9,255,0,230132,-1,1,-1,1,73,59,57,88,39,-1,2500,0,59,132480,0,18600,69,29,230132,55,59,0,1,101,264599,0,1,61,230132,230132,316,0,0,264599,0,0,2,4202880,60,0,271011,3,1,3,113300,233524,233524,69,271900,0,264599,2,0,0,55,0,0,132480,50,4,113298,1,270735,65,264599,88,730,253697,6,0,6,0,137,230132,15,59,0,271900,0,1,0,264599,230132,2014,113298,0,60,2,0
Kerala Blasters,20,0,0,6,94,1,0,273880,6,0,0,94,55,4,0,0,9,91,0,83621,-1,1,-1,1,76,54,221,95,181,-1,4000,0,55,132480,0,39000,50,251,83621,56,54,0,1,221,83622,0,1,20,83621,273877,316,0,0,83622,0,0,4,4202880,53,0,263683,3,1,2,113302,273877,273877,50,263683,0,83622,8,0,0,56,0,0,132480,251,4,113299,1,73056,65,83622,95,721,278041,6,0,6,0,87,83495,9,54,0,83495,0,1,0,83622,83621,2014,113299,0,53,2,0
Mumbai City FC,10,0,0,6,202,1,0,231932,4,0,0,202,55,2,0,0,9,250,0,248298,-1,1,-1,0,72,58,108,10,250,-1,6000,0,55,263296,0,7960,10,80,248298,65,58,0,1,108,231932,0,1,10,248298,248298,316,0,0,231932,0,0,2,532608,56,1,216273,3,1,3,113298,231932,259727,10,72766,0,231932,10,0,0,65,0,0,4195456,80,4,113300,1,259340,50,72766,10,733,81345,8,0,6,0,250,248298,19,58,0,259727,0,1,0,231932,248298,2014,113300,0,56,2,1
SC Delhi,20,0,0,6,10,1,0,270742,2,0,0,10,55,9,0,0,9,248,0,270743,-1,1,-1,1,78,55,10,55,61,-1,1950,0,55,270464,0,60000,20,10,270743,53,55,0,1,10,278234,0,1,20,270743,270743,316,0,0,278234,0,0,1,528512,54,0,83521,3,1,1,113257,278234,83521,20,70661,0,83840,3,0,0,53,0,0,4202624,10,4,113301,2,244657,50,83840,55,729,235627,5,0,6,0,202,83840,17,55,0,70661,0,1,0,278234,278234,2019,113301,0,54,2,0
Bengaluru FC,71,0,0,6,169,1,0,190939,5,0,0,169,56,6,0,0,9,250,0,190939,-1,1,-1,1,77,59,75,88,250,-1,4000,0,56,532864,0,24000,69,52,190939,62,59,0,1,75,236774,0,1,61,190939,190939,316,0,0,236774,0,0,4,528768,60,1,278671,3,1,3,113299,190939,278671,69,204882,0,190939,6,0,0,62,0,0,270720,52,4,113302,2,261537,30,236774,88,726,82105,7,0,6,0,250,190939,12,59,0,204882,0,1,0,236774,190939,2013,113302,0,60,2,2
IK Sirius,169,0,0,1,153,7,0,227837,2,0,0,220,64,6,0,0,2,1,0,270560,-1,1,-1,1,17,65,150,169,1,-1,7000,0,64,526340,0,10250,169,130,270560,69,65,0,1,87,257853,0,1,169,270560,270560,316,0,0,257853,0,0,4,526340,64,0,80226,15,1,1,433,235884,80226,169,270560,0,270560,6,0,0,69,0,0,266244,30,4,113458,3,274133,30,257853,169,620,275741,4,0,97,0,1,78042,59,65,0,78042,0,1,2,257853,270560,1907,113458,0,64,2,0
Kristiansund BK,250,0,3,1,100,7,0,198642,2,0,0,120,62,6,0,0,2,255,0,271611,-1,1,-1,0,7,62,40,250,255,-1,4000,0,62,264512,0,4364,250,20,229873,63,62,0,1,40,272529,0,1,250,271611,271611,316,0,0,272529,0,0,2,526656,61,0,74923,15,1,1,417,271611,74923,250,279058,0,272529,4,0,0,63,0,0,4198720,20,4,113459,3,71857,50,272529,250,623,264295,5,0,199,0,255,271611,63,62,0,279058,0,1,2,272529,229873,2003,113459,0,61,2,0
Grazer AK,248,0,0,1,13,4,0,244783,5,0,0,0,65,4,0,0,2,248,0,244783,-1,1,-1,0,47,65,0,5,255,-1,5930,0,65,526336,0,16364,13,0,244783,65,65,0,1,5,79931,0,1,236,244783,244181,316,0,0,79931,0,0,2,526336,65,1,72541,3,1,1,209,244181,244783,255,244181,0,79931,2,0,0,65,0,0,266240,236,4,113616,3,265799,30,79931,251,194,241552,3,0,31,0,251,79373,15,65,0,79373,0,1,0,79931,244783,1902,113616,0,65,2,4
Qarabağ FK,250,0,0,3,30,5,0,72874,4,0,0,139,70,6,0,0,9,250,0,72866,-1,1,-1,1,49,69,0,250,250,-1,28000,0,70,4202624,0,5800,250,0,212934,68,69,0,1,30,81724,0,1,250,236420,236420,316,0,0,81724,0,0,4,266368,69,12,277456,3,1,3,280,236420,72871,250,212934,0,72868,4,0,0,68,0,0,4202624,30,4,113888,2,271135,50,81724,250,959,234984,10,0,37,0,250,236420,41,69,0,212934,0,0,0,81724,236420,1950,113888,0,69,2,8
Degerfors IF,250,0,20,1,1,7,0,232062,1,0,0,1,62,3,0,0,2,250,0,254637,-1,1,-1,1,14,64,1,250,250,-1,2500,0,62,139280,0,7500,250,255,254637,64,64,0,1,1,237140,0,1,250,232062,276566,316,0,0,237140,0,0,8,4198416,63,0,273596,3,1,1,433,254637,273596,250,276566,0,254637,5,0,0,64,0,0,139280,255,4,113892,2,84554,65,237140,250,834,82887,2,0,97,0,250,266651,59,64,0,266651,0,1,0,237140,276566,1907,113892,0,63,2,1
Salford City,1,0,4,0,1,3,0,192319,1,2,0,1,62,1,0,0,2,255,0,192319,-1,1,-1,0,-2,63,1,50,255,-1,2430,0,62,132112,0,5106,1,1,192319,63,63,0,1,1,233572,0,0,1,192319,192319,316,0,0,233572,0,0,2,4202512,62,0,219177,1,0,1,1931,192319,252435,1,219177,0,192319,9,0,0,63,0,0,132112,255,4,113926,1,230876,65,233572,50,753,252435,6,0,55,0,255,246094,53,63,0,246094,0,2,0,233572,192319,1940,113926,0,62,1,0
Spezia,30,0,0,1,250,4,0,239998,4,0,0,60,67,5,0,0,2,30,0,233968,-1,1,-1,1,9,68,150,30,30,-1,60625,0,67,4198400,0,11676,30,184,233968,68,68,0,1,250,211302,0,1,30,245491,245491,316,0,0,211302,0,0,3,264192,68,0,205089,3,1,1,112493,245491,231428,30,205089,0,211302,8,0,0,68,0,0,4202496,250,4,113974,3,76431,50,211302,30,260,231428,7,0,82,0,30,256214,44,68,0,256214,0,1,0,211302,245491,1906,113974,0,68,2,0
Scotland,30,0,0,1,94,3,1,245879,0,0,0,104,76,0,0,0,2,254,0,245879,-1,2,-1,0,-4,74,12,30,254,-1,0,0,76,532544,0,52500,30,12,245879,72,73,0,2,1,265277,0,1,30,245879,245879,316,0,0,265277,0,0,2,528448,71,0,265274,1,0,2,113002,245879,265274,30,245879,0,265277,0,0,0,72,0,0,270400,1,4,113984,2,267374,30,265277,30,186,266393,10,0,37,0,254,273387,55,73,0,273387,0,1,0,265277,245879,1873,113984,0,71,2,0
Argentina,30,0,0,-3,255,1,1,246364,0,0,0,225,65,0,0,0,7,250,0,246364,-1,1,-1,0,-58,70,175,30,250,-1,0,0,65,4198400,0,72054,30,100,246364,67,70,0,1,200,246359,0,0,30,246364,246364,316,1,0,246359,0,0,3,264192,70,0,246361,1,1,2,113010,246364,80055,30,269678,0,246364,0,0,0,67,0,0,4202496,125,4,113996,3,269678,50,246359,30,0,80055,10,0,37,0,250,75546,-34,70,0,75546,0,1,0,246359,246364,1993,113996,0,70,1,0
FC Hermannstadt,255,0,0,2,1,5,0,247978,2,0,0,1,65,3,0,0,2,255,0,251634,-1,1,-1,0,24,64,1,255,255,-1,5575,0,65,264336,0,12363,255,1,251634,64,64,0,1,1,247674,0,0,255,251634,251634,316,0,0,247674,0,0,2,526480,64,0,251052,1,1,1,114385,251634,262443,255,251052,0,215601,4,0,0,64,0,0,4198544,255,4,114147,3,247974,50,247674,255,715,262443,5,0,79,0,255,215601,45,64,0,215601,0,1,0,247674,251634,2015,114147,0,64,2,0
Austin FC,12,0,0,-6,12,6,0,199562,6,0,0,12,68,3,0,0,7,0,0,256136,-1,1,-1,0,-97,69,12,12,64,-1,230000,0,68,4202560,0,20500,12,12,256136,69,69,0,1,12,261204,0,0,12,256136,256136,316,0,0,261204,0,0,3,266304,67,0,264157,0,1,1,698,256136,199562,12,264157,0,261204,2,0,0,69,0,0,4202560,12,4,114161,2,70676,50,261204,12,853,199562,4,0,134,0,177,237075,30,69,0,237075,0,1,0,261204,256136,2019,114161,0,67,2,0
Nashville SC,1,0,0,-6,58,6,0,210021,5,0,0,58,69,5,0,0,2,31,0,210021,-1,1,-1,2,-86,69,232,1,70,-1,180000,0,69,4195392,0,30000,1,236,226385,70,69,2,1,232,75070,0,1,1,210021,210021,316,0,0,75070,0,0,3,270400,68,0,252858,15,1,2,112885,226385,252858,1,226385,0,234249,6,0,0,70,0,0,4195392,236,4,114162,1,221713,50,75070,1,806,261875,6,0,134,0,22,234249,36,69,0,234249,0,1,2,75070,210021,2017,114162,0,68,2,0
Jamshedpur FC,20,0,0,6,46,1,0,243568,2,0,0,103,56,5,1,0,9,250,0,81920,-1,1,-1,1,86,58,63,95,250,-1,1600,0,56,270400,0,24424,50,33,81920,63,58,0,1,32,253460,0,1,20,239324,239324,316,0,0,253460,0,0,3,528448,58,0,263224,3,1,1,113146,81920,263224,50,278674,0,253460,6,0,0,63,0,0,4202560,217,4,114168,2,273879,50,253460,95,732,73889,3,0,6,0,250,239324,22,58,0,278674,0,1,0,253460,239324,2017,114168,0,58,2,0
Raków,255,0,0,1,30,5,0,254822,3,0,0,255,69,2,1,0,2,52,0,222467,-1,1,-1,1,19,69,255,30,193,-1,13358,0,69,66688,0,5500,30,255,222467,71,69,0,1,30,262314,0,1,200,222467,222467,316,0,0,262314,0,0,1,139392,69,1,235398,1,1,3,301,222467,235398,255,244762,0,262314,10,0,0,71,0,0,66688,240,4,114326,1,243870,90,262314,255,750,251411,9,0,93,0,97,222467,50,69,0,244762,0,1,0,262314,222467,1921,114326,0,69,2,2
CFR 1907 Cluj,255,0,0,2,58,5,0,191058,4,0,0,255,68,6,1,0,2,12,0,73406,-1,1,-1,1,23,67,255,255,12,-1,12065,0,68,264448,0,22198,255,255,251236,66,67,0,1,27,227427,0,1,255,73406,73406,316,0,0,227427,0,0,4,526592,66,8,205983,3,1,4,110751,251236,251236,255,79430,0,205983,8,0,0,66,0,0,4198656,135,4,114385,3,191058,50,227427,255,701,250952,10,0,79,0,12,73406,46,67,0,79430,0,1,0,227427,73406,1907,114385,0,66,2,5
Casa Pia AC,215,0,0,0,0,4,0,171791,1,0,0,0,68,3,1,0,2,114,0,231753,-1,1,-1,1,-9,70,64,215,22,-1,17000,0,68,532736,0,6981,215,136,231753,69,70,0,1,232,77186,0,1,215,231753,231753,316,0,0,77186,0,0,4,528640,68,0,247180,1,1,1,10020,231753,247180,215,231753,0,211561,5,0,0,69,0,0,270592,255,4,114510,2,270587,30,77186,215,281,214606,3,0,36,0,5,211561,38,70,0,211561,0,1,0,77186,231753,1920,114510,0,68,2,0
FC Metaloglobus,45,0,0,2,120,5,0,233868,1,0,0,120,62,3,0,0,2,45,0,79060,-1,1,-1,1,26,62,200,200,196,-1,1985,0,62,532480,0,4500,120,80,79060,62,62,0,1,200,236985,0,1,80,79060,79060,316,0,0,236985,0,0,5,528384,60,0,276652,0,1,1,100757,79060,228974,196,276652,0,79060,2,0,0,62,0,0,270336,80,4,114545,2,79437,30,236985,104,768,228974,2,0,79,0,104,218738,44,62,0,218738,0,1,0,236985,79060,1923,114545,0,60,2,0
FK Csíkszereda,255,0,0,2,21,5,0,262706,1,0,0,21,62,2,0,0,2,0,0,262706,-1,1,-1,1,25,62,21,255,0,-1,2450,0,62,526336,0,4000,255,214,262706,64,62,0,1,21,205760,0,1,255,262706,262706,316,0,0,205760,0,0,3,526336,62,0,78706,1,1,4,100757,262706,262706,255,78706,0,78704,2,0,0,64,0,0,266240,214,4,114546,3,247966,30,205760,255,970,79694,2,0,79,0,0,79180,46,62,0,79180,0,1,0,205760,78704,1904,114546,0,62,2,0
FC Andorra,255,0,0,1,129,4,0,230134,1,0,0,15,66,6,0,0,2,252,0,263006,-1,1,-1,2,1,67,20,255,21,-1,2500,0,66,525312,0,5108,255,250,263006,67,67,0,1,17,75437,0,2,255,263006,75437,316,0,0,75437,0,0,2,532480,67,0,273022,1,2,1,110062,263006,266100,255,273022,0,260044,6,0,0,67,0,0,263168,27,4,114554,1,277311,30,75437,255,912,266100,1,0,69,0,208,260044,42,67,0,260044,0,1,0,75437,263006,1942,114554,0,67,2,0
Always Ready,248,0,0,-4,250,1,0,69960,3,0,0,250,65,2,0,0,7,250,0,233569,-1,1,-1,1,-68,66,250,249,13,-1,10650,0,65,270592,0,25000,249,250,233569,67,66,0,1,250,217201,0,0,248,226659,267457,366,1,0,217201,0,0,3,528640,66,4,267457,3,1,2,110968,226659,233569,249,267457,0,233569,5,0,0,67,0,0,4202752,250,4,114577,2,83018,50,217201,249,804,69960,4,0,111,0,27,83498,-16,66,0,83498,0,1,0,217201,233569,1933,114577,0,66,2,0
Macará,255,0,0,-5,219,1,0,251917,3,2,0,129,66,4,0,0,7,231,1,254055,-1,1,-1,1,-78,66,65,255,232,-1,4000,0,66,526336,0,16467,255,35,254055,66,66,0,1,179,84439,0,2,255,254055,254055,316,0,0,84439,0,0,4,526336,66,0,84441,0,2,3,110986,254055,254131,255,84441,0,84440,3,0,0,66,0,0,266240,134,4,114578,3,254038,30,84439,255,784,254131,5,0,111,0,232,84440,-1,66,0,84440,0,1,0,84439,254055,1939,114578,0,66,2,0
Macarthur FC,1,0,0,10,1,3,0,199159,1,0,0,1,62,1,0,0,2,255,0,209886,-1,1,-1,2,150,63,1,1,255,-1,8571,0,62,270416,0,20000,1,1,209886,66,63,0,1,1,209885,0,1,1,209886,199159,316,0,0,209885,0,0,3,528464,62,0,71161,1,1,1,111400,209886,71161,1,239626,0,239626,5,0,0,66,0,0,4202576,1,4,114604,2,242057,50,209885,1,472,225053,1,0,54,0,255,209886,-34,63,0,239626,0,2,0,209885,199159,2020,114604,0,62,2,2
Puerto Cabello,250,0,0,-4,1,1,0,250842,1,0,0,250,67,1,0,0,7,2,0,244834,-1,1,-1,1,-68,66,250,250,129,-1,14000,0,67,270336,0,7500,250,250,244834,67,66,0,1,82,244834,0,2,250,244834,182896,316,1,0,244834,0,0,3,528384,66,0,259979,10,2,3,110991,182896,253828,250,259979,0,244834,6,0,0,67,0,0,4202496,231,4,114611,2,272329,50,244834,250,837,253828,7,0,111,0,25,253911,10,66,0,253911,0,0,0,244834,182896,2014,114611,0,66,2,0
Meizhou Hakka FC,1,0,0,8,38,2,0,231956,2,0,0,1,59,3,0,0,4,255,0,272540,-1,1,-1,0,115,60,1,20,255,-1,4880,0,59,264192,0,27000,38,1,272540,65,60,0,1,20,227509,0,0,151,272540,272540,316,0,0,227509,0,0,4,526336,60,0,240392,1,1,1,131487,247195,247195,1,272540,0,227509,4,0,0,65,0,0,4198400,151,4,114628,3,224556,50,227509,1,895,77572,3,4,75,0,255,221815,23,60,0,221815,0,1,0,227509,272540,2013,114628,0,60,2,0
Charlotte FC,12,0,0,-6,200,6,0,189280,5,0,0,255,72,2,0,0,2,1,0,189280,-1,1,-1,2,-80,71,255,12,1,-1,170000,0,72,4198656,0,38000,12,255,241985,68,71,0,1,133,75295,0,1,12,189280,241985,316,0,0,75295,0,0,1,264448,68,0,269913,0,1,1,112885,241985,269913,12,198717,0,75295,6,0,0,68,0,1,4202752,26,4,114640,3,206086,50,75295,12,817,246299,2,0,134,0,1,241985,35,71,0,198717,0,1,0,75295,189280,2020,114640,0,68,2,0
Punjab FC,255,0,0,6,45,1,0,224358,2,0,0,20,56,5,0,0,9,245,0,224358,-1,1,-1,0,77,57,20,255,245,-1,1400,0,56,270464,0,60254,255,20,224358,60,57,0,1,118,77189,0,1,255,224358,224358,316,0,0,77189,0,0,2,528512,56,0,278941,1,0,1,113146,224358,278941,255,74001,0,224358,8,0,0,60,0,0,4202624,229,4,115202,2,81923,50,77189,255,925,266720,2,0,6,0,245,224358,28,57,0,74001,0,0,0,77189,224358,2005,115202,0,56,2,0
Denmark,255,0,0,1,45,7,1,271347,0,0,0,45,76,0,0,0,2,255,0,259287,-1,2,-1,0,12,75,16,255,255,-1,0,0,76,132112,0,38065,255,200,264946,74,75,0,2,16,273099,0,1,255,264946,264946,316,0,0,273099,0,0,2,4202512,75,0,265012,0,1,2,113008,277173,265012,255,277173,0,264946,0,0,0,74,0,0,132112,200,4,115362,1,266601,65,273099,255,248,271347,10,0,88,0,255,273171,55,75,0,264946,0,1,0,273099,277173,1889,115362,0,75,2,0
Dep. Riestra,255,0,0,-3,255,1,0,243977,1,0,0,255,65,3,0,0,7,32,0,243977,-1,1,-1,0,-58,65,255,255,32,-1,5000,0,65,264192,0,3000,255,255,243977,67,65,2,1,255,243977,0,0,255,243977,70053,316,0,0,243977,0,0,4,526336,64,0,70053,15,0,1,111710,242485,242485,255,266838,0,243977,6,0,0,67,0,0,4198400,255,4,115472,3,77005,50,243977,255,82,258048,1,0,190,0,30,246108,-34,65,0,246108,0,1,0,243977,266838,1931,115472,0,64,2,0
Ind. Petrolero,248,0,0,-4,14,1,0,211339,3,0,0,14,66,2,0,0,7,255,0,211339,-1,1,-1,1,56,65,14,248,255,-1,7020,0,66,270592,0,32700,248,226,211339,65,65,0,1,14,267534,0,1,248,211339,211339,366,1,0,267534,0,0,3,528640,64,1,215735,0,1,1,110968,211339,221318,248,215735,0,211339,8,0,0,65,0,0,4202752,226,4,115517,2,254375,50,267534,248,879,221318,6,0,111,0,255,254403,19,65,0,254403,0,1,0,267534,211339,1992,115517,0,64,2,0
Portugal,215,0,0,0,15,4,1,261829,0,0,0,0,77,0,0,0,2,0,0,261833,-1,2,-1,1,-9,76,130,215,2,-1,0,0,77,263232,0,32830,215,20,261829,75,75,0,2,10,261837,0,1,215,261855,261829,316,0,0,261837,0,0,4,532544,74,0,261855,1,1,4,113012,261855,261829,215,261855,0,261837,0,0,0,75,0,0,263232,210,4,115682,1,261835,30,261837,215,281,261845,10,0,88,0,100,261852,38,75,0,261852,0,1,0,261837,261855,1914,115682,0,74,2,0
UCV FC,255,0,0,-4,225,1,0,259859,5,0,0,1,66,5,0,0,7,255,0,242110,-1,1,-1,1,-67,67,1,255,51,-1,5000,0,66,139264,0,24264,255,255,242110,70,67,0,1,8,259858,0,2,255,242110,273026,316,1,0,259858,0,0,1,4198400,66,4,76020,3,2,5,110989,273026,76020,255,247780,0,242110,5,0,0,70,0,0,139264,9,4,115693,2,259980,65,259858,255,800,242378,5,0,111,0,248,242110,10,67,0,247780,0,1,0,259858,242110,1950,115693,0,66,2,1
Latium,50,0,0,1,171,4,0,220502,8,0,0,255,77,6,0,0,2,250,0,245275,-1,2,-1,1,12,78,178,69,250,-1,422475,0,77,4195728,0,70634,171,102,245275,77,78,0,2,69,220502,0,1,50,251530,245275,316,0,0,220502,0,0,2,270736,78,2,263929,1,1,7,52,245275,255009,171,263929,0,220502,1,0,0,77,0,0,132496,50,4,115841,1,255001,50,220502,69,408,255009,7,0,47,0,250,255611,41,78,0,255611,0,1,0,220502,251530,1900,115841,0,78,2,7
Bergamo Calcio,12,0,0,1,12,4,0,208461,7,1,0,250,78,6,0,0,2,30,0,251470,-1,2,-1,1,9,79,250,12,180,-1,687000,0,78,132224,0,24276,12,250,216150,77,79,0,2,12,277839,0,1,12,251470,216150,316,0,0,277839,0,0,4,4202624,78,0,266866,1,1,6,1745,74574,74574,12,251470,0,266866,7,0,0,77,0,0,132224,12,4,115845,1,216150,65,277839,12,45,208461,7,0,47,0,100,253002,45,79,0,251470,0,1,0,277839,253002,1907,115845,1,78,2,1
Al Najmah,165,0,0,3,96,8,0,215651,9,0,0,17,66,8,0,0,2,165,0,255109,-1,1,-1,1,44,64,12,108,173,-1,1200,0,66,264192,0,30180,96,6,255109,64,64,0,1,108,271673,0,1,20,255109,255109,316,0,0,271673,0,0,2,526336,61,0,255109,1,1,1,113222,251294,255109,173,251294,0,255109,2,0,0,64,0,1,4198400,20,4,115892,3,81875,50,271673,170,976,83651,2,0,67,0,170,261636,26,64,0,261636,0,1,0,271673,251294,1960,115892,0,61,2,0
FC Bayern München,255,0,1,1,60,4,1,264886,10,0,0,1,84,7,0,0,2,255,0,239344,-1,3,-1,1,11,83,1,1,255,-1,100000,0,84,66048,0,2500,1,1,239344,83,83,0,3,1,277452,0,1,200,239344,239344,366,0,0,277452,0,0,2,73728,81,7,239345,1,0,8,115998,248822,239345,255,248822,0,243404,10,0,0,83,0,0,66048,255,4,115995,1,266933,90,277452,255,333,243404,10,0,90,0,255,259287,48,83,0,259287,0,1,0,277452,248822,1900,115995,0,81,2,2
Leverkusen,210,0,0,1,1,4,1,264922,5,0,0,255,75,6,1,0,2,1,0,265377,-1,2,-1,1,7,76,255,210,1,-1,10000,0,75,4202496,0,30210,210,255,265377,78,76,0,2,1,265377,0,1,210,265377,265042,366,0,0,265377,0,0,2,266240,76,0,265042,1,0,6,116003,265377,265042,210,264922,0,265377,8,0,0,78,1,0,132096,255,4,115996,2,76433,50,73014,210,277,264929,7,0,90,0,1,73014,51,76,0,264922,0,1,0,265377,277264,1904,115996,0,76,2,0
Frankfurt,1,0,0,1,1,4,1,264936,8,0,0,19,81,8,0,0,2,255,0,265121,-1,2,-1,1,8,79,6,1,255,-1,50000,0,81,132096,0,58000,1,227,265121,77,79,0,2,1,264947,0,1,1,265058,265121,366,0,0,264947,0,0,2,4202496,78,7,264925,1,1,7,115998,265121,264925,1,265058,4,265035,9,0,0,77,0,0,132096,1,4,115997,1,264936,65,264947,1,167,265035,8,0,90,0,255,264058,50,79,0,264058,0,1,0,264947,265058,1899,115997,0,78,2,9
VfL Wolfsburg,210,0,0,1,45,4,1,227337,6,3,0,2,81,6,0,0,2,255,0,226302,-1,2,-1,1,10,80,225,210,255,-1,80500,0,81,4194944,0,5200,210,90,227337,81,80,0,2,180,240717,0,1,210,226302,227337,316,0,0,240717,0,0,2,270464,78,7,265055,1,1,9,115997,265409,227337,210,265055,2,265063,10,0,0,81,0,0,131712,100,4,115998,1,73027,50,240717,210,530,265063,10,0,90,0,255,226302,52,80,0,226302,0,1,0,240717,227337,1945,115998,0,78,2,9
TSG Hoffenheim,80,0,0,1,166,4,1,264988,3,0,0,91,71,6,0,0,2,255,0,265025,-1,2,-1,1,8,73,48,80,255,-1,13000,0,71,525312,0,30150,80,1,265025,77,73,0,2,93,265025,0,1,80,265025,265025,316,0,0,265025,0,0,2,532480,73,0,79516,1,0,3,115997,272657,80770,80,79516,0,265025,8,0,0,77,0,0,263168,31,4,115999,1,264988,30,265025,80,450,80770,6,0,90,0,255,83650,49,73,0,83650,0,1,0,265025,272657,1899,115999,0,73,2,0
SGS Essen,255,0,0,1,255,4,1,265039,4,0,0,0,73,6,0,0,2,255,0,272338,-1,2,-1,1,7,73,0,0,255,-1,4000,0,73,532480,0,20650,255,0,272338,71,73,0,2,0,265046,0,1,127,272338,272338,316,0,0,265046,0,0,2,528384,73,0,74794,1,0,2,115996,272338,271819,255,74794,0,272338,3,0,0,71,1,0,270336,127,4,116001,2,73017,30,265046,255,656,271819,4,0,90,0,255,272340,51,73,0,272340,0,1,0,265046,272338,1968,116001,0,73,2,0
SC Freiburg,220,0,1,1,43,4,1,265069,6,0,0,255,74,7,0,0,2,1,0,271839,-1,2,-1,1,7,74,255,1,1,-1,10000,0,74,525312,0,34700,1,255,271839,74,74,0,2,1,265080,0,1,220,271839,271839,316,0,0,265080,0,0,2,532480,74,0,265070,1,0,5,115999,271839,265070,1,275849,0,271839,6,0,0,74,0,0,263168,228,4,116002,1,72333,30,265080,1,168,265073,7,0,90,0,1,271839,48,74,0,275849,0,1,0,265080,271839,1904,116002,0,74,1,0
1. FC Köln,150,0,1,1,28,4,1,248715,5,0,0,1,73,5,0,0,2,255,0,271788,-1,2,-1,1,6,74,1,150,255,-1,5000,0,73,4202496,0,50000,150,1,271788,75,74,0,2,41,279523,0,1,150,271952,271952,316,0,0,279523,0,0,2,266240,73,0,73021,1,0,2,115996,271788,271952,150,73021,0,264940,4,0,0,75,1,0,4202496,218,4,116003,2,264940,50,279523,150,249,265091,3,0,90,0,255,226355,50,74,0,226355,0,1,0,279523,271952,1948,116003,0,73,1,0
SV Werder Bremen,255,0,25,1,73,4,1,265116,7,0,0,52,72,7,0,0,2,255,0,73023,-1,2,-1,1,8,73,81,255,255,-1,6000,0,72,132096,0,42100,255,1,73023,75,73,0,2,129,265382,0,1,255,73023,73023,316,0,0,265382,0,0,2,4202496,72,0,265116,1,0,2,132533,73023,265116,255,274846,0,73023,6,0,0,75,1,0,132096,1,4,116004,1,265120,65,265382,255,70,264921,5,0,90,0,255,73023,53,73,0,274846,0,1,0,265382,73023,1899,116004,0,72,2,0
Carl Zeiss Jena,255,0,0,1,207,4,1,272283,2,0,0,255,68,6,0,0,2,248,0,272284,-1,1,-1,1,11,69,255,245,0,-1,2000,0,68,532480,0,12990,225,255,272284,70,69,0,1,103,79730,0,1,245,272284,275528,316,0,0,79730,0,0,2,528384,67,0,275528,1,1,1,116004,75092,275528,255,266406,0,272284,3,0,0,70,0,4,270336,0,4,116005,2,72477,30,79730,255,610,72479,2,0,90,0,236,272284,50,69,0,266406,0,1,0,79730,272284,1903,116005,0,67,1,0
Arsenal,1,0,0,0,53,3,1,245872,10,0,0,75,84,9,0,0,2,255,0,265239,-1,3,-1,0,0,84,197,1,255,-1,129500,0,84,4194944,0,4500,1,211,265239,85,84,0,3,26,258980,0,1,1,237288,265239,366,0,0,258980,0,0,2,270464,84,15,257001,1,0,9,116010,265239,276552,1,257001,2,237288,10,0,0,85,0,0,131712,218,4,116009,1,245872,50,258980,1,285,276552,9,0,76,0,255,239761,51,84,0,239761,0,1,0,258980,237288,1886,116009,0,84,2,14
Chelsea,48,0,0,0,137,3,1,245882,9,0,0,160,83,8,0,0,2,255,0,245882,-1,3,-1,0,0,83,75,85,255,-1,120000,0,83,4194944,0,40343,200,28,261733,86,83,0,3,20,227125,0,1,48,245882,265249,366,0,0,227125,0,0,2,270464,82,8,265249,1,0,9,116009,261733,273466,200,265249,0,227125,10,0,0,86,0,0,131712,0,4,116010,1,262093,50,227125,85,285,273466,10,0,76,0,255,276285,51,83,0,276285,0,1,0,227125,245882,1905,116010,0,82,1,9
Spurs,29,0,0,0,255,3,1,256489,5,0,0,211,76,6,0,0,2,15,0,266598,-1,2,-1,0,0,76,177,37,75,-1,37730,0,76,263232,0,6500,110,153,266598,72,76,0,2,255,75725,0,1,29,266598,266598,366,0,0,75725,0,0,3,532544,75,0,273177,1,0,5,116009,279885,279885,110,273177,0,256489,6,0,0,72,0,0,263232,255,4,116011,1,266939,30,75725,37,285,265246,4,0,76,0,32,256489,51,76,0,256489,0,1,0,75725,266598,1882,116011,0,75,1,2
Manchester Utd,1,0,0,0,1,3,1,265293,8,0,0,30,81,7,0,0,2,255,0,263011,-1,2,-1,0,-2,81,30,1,255,-1,95290,0,81,4194944,0,12000,1,30,263011,83,81,0,2,1,266254,0,1,1,263011,263011,366,0,0,266254,0,0,1,270464,80,0,227013,1,0,7,116017,247477,265340,1,227013,0,265293,9,0,0,83,0,0,131712,199,4,116012,1,273227,50,266254,1,300,265340,8,0,76,0,255,263011,53,81,0,263011,0,1,0,266254,247477,1878,116012,0,80,2,1
Brighton,72,0,5,0,166,3,1,227255,4,0,0,0,76,7,0,0,2,255,0,271568,-1,2,-1,0,0,76,171,99,255,-1,25730,0,76,270400,0,6134,168,240,271568,77,76,0,2,57,276846,0,1,72,271568,271568,366,0,0,276846,0,0,3,528448,75,0,271568,1,0,3,116014,227255,271568,168,74404,0,227255,4,0,0,77,0,0,263232,0,4,116013,2,275923,30,276846,99,74,265292,5,0,76,0,255,227255,51,76,0,74404,0,1,0,276846,227255,1901,116013,0,75,1,0
West Ham,16,0,0,0,57,3,1,227115,2,0,0,60,76,7,0,0,2,27,0,227348,-1,2,-1,0,0,76,30,38,231,-1,52570,0,76,266304,1,6078,32,100,264955,77,76,0,2,37,264950,0,1,16,227348,227348,366,0,0,264950,0,0,4,528448,75,0,227115,1,0,4,116011,227348,227115,32,227348,0,227348,6,0,0,77,0,0,270400,123,4,116014,3,275454,30,264950,38,285,72791,4,0,76,0,177,248728,51,76,0,248728,0,1,0,264950,227348,1895,116014,0,75,1,0
Aston Villa,139,0,0,0,51,3,1,265237,5,0,0,78,75,4,1,0,2,148,0,253417,-1,2,-1,0,-1,76,47,0,229,-1,45000,0,75,270336,0,42657,51,124,253417,76,76,0,2,0,265274,0,1,102,253417,253417,366,0,0,265274,0,0,4,528384,76,0,265243,1,0,4,116020,264866,267374,226,265243,0,253417,3,0,0,76,0,0,263168,102,4,116015,2,264969,30,265274,184,54,267374,4,0,76,0,190,80614,52,76,0,80614,0,1,0,265274,253417,1874,116015,0,76,1,1
Everton,0,0,14,0,156,3,1,264831,4,0,0,201,76,3,0,0,2,255,0,245834,-1,2,-1,0,-2,76,99,54,255,-1,63550,0,76,270464,0,39572,156,45,245834,76,76,0,2,54,272049,0,1,0,245834,245834,366,0,0,272049,0,0,1,528512,74,1,275964,1,0,3,116343,245834,275964,156,271739,0,271739,6,0,0,76,0,0,263296,0,4,116016,2,272051,30,272049,54,282,264831,4,0,76,0,255,245834,53,76,0,271739,0,1,0,272049,245834,1878,116016,0,74,1,1
Manchester City,133,0,0,0,233,3,1,227254,8,0,0,94,80,8,0,0,2,255,0,227254,-1,2,-1,0,-2,82,40,177,255,-1,81430,0,80,4194832,0,7000,222,0,227254,89,82,0,2,173,246219,0,1,133,227254,227254,366,0,0,246219,0,0,2,270352,80,1,257008,1,0,7,116012,227254,276350,222,257008,0,246219,8,0,0,89,0,1,131600,108,4,116017,1,265317,50,246219,177,300,276350,8,0,76,0,255,233746,53,82,0,233746,0,1,0,246219,245830,1880,116017,0,80,1,7
Leicester City,37,0,0,0,160,3,1,265233,3,0,0,189,74,5,0,0,2,255,0,265224,-1,2,-1,0,-1,74,101,77,255,-1,25440,0,74,532544,0,32261,173,57,258704,75,74,0,2,51,265234,0,1,37,265224,265233,366,0,0,265234,0,0,2,528448,75,0,227113,1,0,2,116015,265224,265233,173,227113,0,265233,3,0,0,75,0,0,270400,0,4,116020,2,246208,30,265234,77,272,265252,3,0,76,0,255,265253,52,74,0,265253,0,1,0,265234,265233,1884,116020,0,75,1,0
RB Leipzig,175,0,1,1,255,4,1,262089,5,0,0,71,74,7,0,0,2,221,0,273563,-1,2,-1,1,12,74,31,175,65,-1,5000,0,74,525312,0,47800,175,1,78685,70,74,0,2,255,277263,0,1,175,273563,273563,366,0,0,277263,0,0,2,532480,73,0,265896,1,1,2,132589,78685,78685,175,267389,0,273563,7,0,0,70,0,0,263168,255,4,116021,1,265378,30,277263,175,273,262089,3,0,90,0,7,273563,51,74,0,267389,0,1,0,277263,273563,2009,116021,0,73,2,0
OL Lyonnes,250,0,0,1,34,4,1,227316,7,0,0,83,82,8,1,0,2,39,0,265674,-1,3,-1,1,4,84,180,250,136,-1,102000,0,82,66176,0,59186,250,210,265674,85,84,0,3,0,261740,0,1,250,265674,265674,366,0,0,261740,0,0,2,73856,84,18,277951,1,1,10,116034,265674,277951,250,265905,8,227316,10,0,0,85,0,0,66176,217,4,116033,1,265536,90,246272,250,293,231432,10,0,88,0,66,246272,45,84,0,265905,0,1,0,261740,261740,1950,116033,0,84,2,10
Paris SG,1,0,0,1,116,4,1,233662,7,0,0,255,80,8,0,0,2,200,0,267531,-1,2,-1,1,2,80,255,62,41,-1,94000,0,80,4194944,0,47929,116,255,233662,78,80,0,2,62,267531,0,1,1,267531,233662,366,0,0,267531,0,0,7,270464,80,1,246630,1,1,8,116033,233662,275916,116,233662,0,267531,10,0,0,78,0,0,131712,1,4,116034,1,262457,50,278225,62,373,233852,9,0,88,0,42,278225,48,80,0,275916,0,1,0,267531,267531,1970,116034,0,80,1,4
Paris FC,30,0,0,1,92,4,1,245697,5,0,0,189,78,7,0,0,2,232,0,265861,-1,2,-1,1,2,77,112,30,17,-1,35000,0,78,132224,0,18528,30,80,265861,85,77,0,2,33,245697,0,1,30,265861,265861,316,0,0,245697,0,0,2,4202624,77,6,276765,1,0,4,116034,265861,265861,30,276765,0,265861,9,0,0,85,0,0,132224,14,4,116035,1,264963,65,245697,30,373,276862,8,0,88,0,32,269811,48,77,0,269811,0,1,0,245697,265861,1969,116035,0,77,2,2
FC Fleury 91,30,0,0,1,64,4,1,264895,2,0,0,1,75,5,1,0,2,73,0,268640,-1,2,-1,1,2,74,1,30,74,-1,9000,0,75,528512,0,2490,30,1,265968,70,74,0,2,43,246177,0,1,30,268640,268640,316,0,0,246177,0,0,2,526464,75,0,265968,15,0,2,116035,265833,265833,30,265968,0,265968,4,0,0,70,0,0,270464,230,4,116036,3,271890,30,246177,30,883,227356,6,0,88,0,69,268640,48,74,0,268640,0,1,2,246177,265833,1970,116036,0,75,2,0
Montpellier,30,0,0,1,33,4,1,231347,3,0,0,255,69,5,0,0,2,2,0,265903,-1,1,-1,1,3,71,255,30,124,-1,12000,0,69,528384,0,1280,30,255,265903,71,71,0,1,89,271888,0,1,30,265903,265903,316,0,0,271888,0,0,1,526336,75,2,265840,1,0,2,116033,75178,75368,30,75178,0,265903,3,0,0,71,0,0,270336,233,4,116037,3,265894,30,271888,30,326,231347,5,0,88,0,64,265903,43,71,0,75368,0,1,0,271888,265903,1974,116037,0,75,2,3
Dijon FCO,250,0,9,1,52,4,1,265883,1,0,0,18,73,5,0,0,2,255,0,265878,-1,2,-1,1,5,72,9,250,255,-1,2500,0,73,532480,0,1500,250,111,265878,73,72,0,2,21,271165,0,1,250,265878,265878,316,0,0,271165,0,0,2,528384,71,0,268261,15,0,1,116417,73677,268261,250,73677,0,265878,1,0,0,73,0,0,270336,215,4,116039,2,270708,30,271165,250,136,80036,4,0,88,0,255,265716,47,72,0,265716,0,1,2,271165,265878,1998,116039,0,71,0,0
AS Saint Étienne,255,0,0,1,45,4,1,267661,2,0,0,76,71,3,0,0,2,250,1,267661,-1,1,-1,1,2,70,130,255,250,-1,4000,0,71,4202560,0,1250,255,30,267661,71,70,0,1,130,268649,0,1,255,267661,267661,316,0,0,268649,0,0,1,266304,70,0,277067,0,0,1,116033,267661,267661,255,277067,0,265901,4,0,0,71,0,0,4202560,0,4,116044,2,80039,50,268649,255,414,265901,2,0,88,0,250,79534,49,70,0,79534,0,1,0,268649,267661,1919,116044,0,70,1,1
Juventus,25,0,0,1,255,4,1,227067,6,0,0,170,79,6,0,0,2,30,1,261835,-1,2,-1,1,7,76,151,25,30,-1,78000,0,79,4202624,0,41507,25,248,261835,69,76,0,2,255,266931,0,1,25,265240,266937,366,0,0,266931,0,0,4,266368,77,6,273099,1,1,7,116326,261835,262092,25,273099,0,266995,8,0,0,69,0,0,132224,255,4,116280,2,265240,50,266931,25,485,262092,10,0,110,0,30,266995,45,76,0,266995,0,1,0,266931,261835,1897,116280,0,77,2,4
Roma,53,0,0,1,0,4,1,266973,7,0,0,0,79,6,0,0,2,250,0,227095,-1,2,-1,1,12,76,187,74,250,-1,60000,0,79,4202496,0,70634,117,250,227101,78,76,0,2,0,227101,0,1,53,227101,227101,366,0,0,227101,0,0,2,266240,73,2,266969,1,1,7,116280,227101,266973,117,266969,0,261514,7,0,0,78,0,0,132096,150,4,116282,2,276098,50,227101,74,408,266973,10,0,110,0,250,261514,41,76,0,261514,0,1,0,227101,227101,1927,116282,0,73,1,2
Seattle Reign,211,0,0,-8,255,6,1,267209,4,0,0,36,71,6,0,0,2,1,0,265853,-1,2,-1,0,-122,74,36,211,147,-1,66618,0,71,525632,0,37722,211,231,265853,76,74,0,2,255,265853,0,1,211,242024,265853,316,0,0,265853,0,0,1,532800,71,0,71610,15,1,5,116302,265853,71610,211,76332,0,267201,5,0,0,76,0,0,263488,255,4,116300,1,73756,30,267201,211,440,71495,5,0,196,0,51,267201,47,74,0,76332,0,1,2,265853,265853,2012,116300,0,71,2,0
Portland Thorns,1,0,0,-8,1,6,1,267203,6,0,0,50,74,8,0,0,2,151,0,267223,-1,2,-1,1,123,76,86,1,31,-1,73693,1,74,270464,0,25218,1,26,267223,79,76,0,2,1,264012,1,1,1,267223,267223,316,0,0,264012,0,0,2,528512,72,3,71427,15,1,6,116300,267223,71427,1,267529,0,267223,7,0,0,79,0,0,263296,1,0,116302,2,227387,30,264012,1,384,83536,6,0,196,0,30,267223,46,76,0,267529,0,1,2,264012,267223,2012,116302,0,72,1,1
NC Courage,255,0,0,-5,100,6,1,237673,4,0,0,55,71,7,1,0,2,255,0,266091,-1,2,-1,0,-77,73,29,255,255,-1,59250,0,71,525440,0,10000,255,171,266091,74,73,0,2,44,267214,1,1,255,266091,266091,316,0,0,267214,0,0,5,532608,72,2,81533,0,1,4,116302,266091,81533,255,266091,0,266091,5,0,0,74,0,0,263296,1,4,116303,1,277633,30,267214,255,891,83733,5,0,196,0,255,76689,35,73,0,76689,0,1,0,267214,266091,2017,116303,0,72,2,2
Washington Spirit,255,0,0,-5,34,6,1,267261,8,0,0,255,78,4,0,0,2,196,0,272115,-1,2,-1,0,-77,78,255,255,46,-1,74905,0,78,4195712,0,20000,255,255,71561,80,78,0,2,24,266996,0,1,255,272115,272115,316,0,0,266996,0,0,3,270720,76,1,268262,3,1,7,116310,71561,268262,255,266928,0,266996,10,0,0,80,0,0,132480,16,4,116304,1,71560,50,266996,255,522,241224,8,0,196,0,20,272115,38,78,0,266928,0,1,0,266996,272115,2012,116304,0,76,1,0
Chicago Stars FC,255,0,0,-6,255,6,1,226335,2,0,0,194,76,3,0,0,2,17,0,267264,-1,2,-1,0,-87,76,165,255,25,-1,56444,0,76,270656,0,28000,255,149,267264,74,76,0,2,255,272100,0,1,255,267264,267264,316,0,0,272100,0,0,1,528704,73,0,70305,3,1,3,116310,247724,70305,255,267286,0,272100,2,0,0,74,0,0,263488,255,4,116305,2,76516,30,272100,255,607,228628,2,0,196,0,20,247724,41,76,0,267286,0,1,0,272100,247724,2006,116305,0,73,2,0
Houston Dash,255,0,16,-6,58,6,1,238212,3,0,0,1,73,7,0,0,2,255,0,83034,-1,2,-1,0,-95,74,1,255,255,-1,57785,0,73,132480,0,21000,255,1,83034,73,74,0,2,102,267381,0,1,255,83034,83034,316,0,0,267381,0,0,1,4202880,74,0,231736,1,1,2,116307,83034,231736,255,83034,0,267381,7,0,0,73,0,0,132480,249,4,116306,1,83159,65,267381,255,220,76690,3,0,196,0,255,70675,30,74,0,70675,0,1,0,267381,83034,2013,116306,0,74,1,1
Orlando Pride,255,0,5,-5,148,6,1,243262,6,0,0,255,76,4,0,0,2,1,0,246059,-1,2,-1,0,-81,77,255,255,1,-1,60875,0,76,4202752,0,25500,255,255,246059,79,77,0,2,51,276359,0,1,255,267199,267199,316,0,0,276359,0,0,4,266496,76,1,275679,3,1,5,116306,246059,246059,255,275679,0,246059,8,0,0,79,0,0,132352,99,4,116307,2,71531,50,276359,255,360,267199,9,0,196,0,1,243262,28,77,0,243262,0,1,0,276359,70502,2015,116307,0,76,2,0
Rac. Louisville,255,0,0,-5,246,6,1,267325,2,0,0,255,72,8,0,0,2,16,0,267305,-1,2,-1,0,-85,74,255,255,45,-1,58960,0,72,528640,0,11700,255,255,267305,70,74,0,2,180,76889,0,1,255,77548,77548,316,0,0,76889,0,0,2,526592,73,0,76517,0,1,2,116309,267305,71494,255,76517,0,267384,5,0,0,70,0,0,270592,201,4,116308,3,76213,30,76889,255,890,71494,4,0,196,0,1,273481,38,74,0,273481,0,1,0,76889,77548,2019,116308,0,73,2,0
KC Current,255,0,0,-6,228,6,1,267336,9,0,0,1,78,2,0,0,2,255,0,226893,-1,2,-1,0,-95,78,1,255,255,-1,104908,0,78,4202624,0,11500,255,1,226893,77,78,0,2,231,71527,0,1,255,226893,226893,316,0,0,71527,0,0,4,266368,74,0,273467,1,0,6,116308,226893,273467,255,279799,0,267336,8,0,0,77,0,0,132224,152,0,116309,2,267336,50,71527,255,240,267254,10,0,196,0,255,226893,39,78,0,279799,0,1,0,71527,226893,2020,116309,0,74,1,0
Gotham FC,1,0,1,-5,246,6,1,232075,6,0,0,255,78,5,0,0,2,1,0,232075,-1,2,-1,0,-74,78,255,1,1,-1,70930,0,78,66688,0,25000,1,255,232075,77,78,0,2,240,271040,0,1,1,243264,232075,316,0,0,271040,0,0,2,139392,77,2,243769,1,1,7,116305,232075,243264,1,243769,0,233244,7,0,0,77,0,0,66688,168,4,116310,1,76326,90,271040,1,340,266401,7,0,196,0,1,233244,40,78,0,233244,0,1,0,271040,243264,2007,116310,0,77,1,0
Angel City FC,1,0,9,-8,127,6,1,267367,7,0,0,255,73,5,0,0,2,1,0,71583,-1,2,-1,0,-118,74,255,1,1,-1,204750,0,73,4195600,0,22000,1,255,71583,79,74,0,2,140,266384,0,1,1,71583,71583,316,0,0,266384,0,0,1,270608,71,0,77669,1,1,4,116312,71583,71583,1,77669,0,77669,7,0,0,79,0,0,4195600,234,4,116311,1,267322,50,266384,1,606,272826,4,0,196,0,1,77988,34,74,0,77988,0,1,0,266384,71583,2020,116311,0,71,1,0
San Diego Wave,255,0,0,-8,98,6,1,227353,5,0,0,151,73,5,1,0,2,255,0,227353,-1,2,-1,0,-117,74,17,255,255,-1,85769,0,73,4195456,0,35000,255,252,227353,75,74,0,2,42,227397,0,1,255,227353,227353,316,0,0,227397,0,0,1,270464,72,0,71809,14,1,6,116311,80028,71809,255,80028,0,227353,9,0,0,75,0,0,4195456,1,4,116312,1,256095,50,227397,255,889,264900,8,0,196,0,255,83026,32,74,0,83026,0,1,0,227397,227353,2021,116312,0,72,2,0
FC Barcelona,200,0,0,1,128,4,1,227203,10,0,0,0,83,9,0,0,2,154,0,262531,-1,3,-1,0,2,86,231,200,60,-1,180000,0,83,66192,0,99354,200,255,236479,87,85,0,3,57,262531,0,2,200,262531,236479,366,0,0,262531,0,0,3,73872,86,11,227203,1,2,10,116326,236479,227203,200,227102,3,227203,8,0,0,87,0,0,66192,3,4,116325,1,277699,90,241846,200,36,78357,10,4,72,0,0,241846,41,85,0,227102,0,1,0,262531,262531,1899,116325,0,86,2,11
Real Madrid,1,0,0,1,255,4,1,259372,10,0,0,255,82,3,0,0,2,45,0,245879,-1,2,-1,0,-3,82,225,1,130,-1,91000,0,82,66176,0,6000,1,225,245879,82,82,0,2,255,273153,0,2,1,264725,245879,366,0,0,273153,0,0,2,73856,79,0,259372,1,2,7,116325,227327,227327,1,259372,0,245879,10,0,0,82,0,0,66176,255,4,116326,1,263964,90,273153,1,295,245879,9,0,72,0,65,246774,40,82,0,246774,0,1,0,273153,264725,1902,116326,0,79,2,0
Atlético de Madrid,255,0,0,1,0,4,1,227204,8,0,0,254,76,8,1,0,2,25,0,265280,-1,2,-1,1,-3,78,254,255,108,-1,77000,0,76,132096,0,68456,255,255,272112,78,78,0,2,0,227369,0,1,255,265280,265280,366,0,0,227369,0,0,2,4202496,78,4,272094,1,1,6,116325,265280,272094,255,265280,0,265280,8,0,0,78,0,0,132096,255,4,116327,1,277339,65,227369,255,295,268946,9,0,72,0,31,271742,40,78,0,271742,0,1,0,227369,265280,1903,116327,0,78,2,2
Athletic Club,255,0,0,1,30,4,1,271942,7,0,0,30,75,10,0,0,2,255,0,272123,-1,2,-1,0,-2,75,30,255,255,-1,25000,0,75,4195344,0,53331,255,205,272135,72,75,0,2,10,75061,0,2,255,272135,272135,316,0,0,75061,0,0,3,270352,77,5,271942,1,2,5,116336,272135,272124,255,271942,0,272135,4,0,0,72,0,0,132112,190,4,116328,1,74786,50,75061,255,53,272135,7,0,72,0,255,275586,43,75,0,275586,0,1,0,75061,272137,1898,116328,0,77,2,0
SD Eibar,255,0,0,1,132,4,1,275579,3,0,0,150,65,4,0,0,2,219,0,79799,-1,1,-1,0,-2,67,90,255,98,-1,2000,0,65,526336,0,8164,255,70,79799,64,67,0,1,74,272024,0,2,255,79799,275579,316,0,0,272024,0,0,2,526336,71,0,275581,0,2,2,116336,79799,275581,255,79799,0,272024,3,0,0,64,0,0,266240,52,4,116331,3,272269,30,272024,255,149,78896,3,4,72,0,55,80913,43,67,0,80913,0,1,0,272024,79799,1940,116331,0,71,2,0
C. Adeje Tenerife,255,0,0,0,138,4,1,272232,3,0,0,254,75,7,0,0,2,255,0,272224,-1,2,-1,1,-16,73,254,255,255,-1,10000,0,75,4198480,0,23000,255,0,272225,71,73,0,2,66,277123,0,0,255,272225,272225,316,0,0,277123,0,0,2,264272,73,0,272225,1,0,4,116325,272225,272225,255,272246,0,272225,4,0,0,71,0,0,4202576,1,4,116332,3,272025,50,277123,255,430,272246,6,0,72,0,255,276637,28,73,0,276637,0,1,0,277123,272025,2013,116332,0,73,2,0
Levante UD,20,0,0,1,150,4,1,272014,5,0,0,170,69,4,0,0,2,147,0,272047,-1,1,-1,0,0,70,100,50,0,-1,20000,0,69,532608,0,25354,60,30,272017,69,70,0,1,90,272047,0,2,20,272047,272047,316,0,0,272047,0,0,1,528512,68,4,72364,1,2,4,131125,272017,72364,60,261830,0,272014,3,0,0,69,0,0,270464,15,4,116333,2,272059,30,272244,50,504,272019,6,0,72,0,0,272244,39,70,0,261830,0,1,0,272047,272047,1909,116333,0,68,2,6
Madrid CFF,255,0,0,1,255,4,1,272061,4,0,0,1,73,8,1,0,2,255,0,272005,-1,1,-1,0,-3,71,1,255,162,-1,18000,0,73,132224,0,7500,255,1,272005,73,71,0,1,255,272101,0,0,255,272005,272005,316,0,0,272101,0,0,2,4202624,71,0,272077,1,0,3,116326,272005,272077,255,272005,0,272005,3,0,0,73,0,0,132224,255,4,116334,1,272204,65,272101,255,295,272013,5,0,72,0,72,247530,40,71,0,247530,0,1,0,272101,272005,2010,116334,0,71,2,0
Real Sociedad,2,0,0,1,125,4,1,227359,6,0,0,135,76,8,0,0,2,255,0,272007,-1,2,-1,0,-1,75,45,73,255,-1,37000,0,76,4195456,0,40000,49,0,272007,74,75,0,2,35,272073,0,2,2,272007,261843,316,0,0,272073,0,0,3,270464,74,0,72783,1,2,5,116328,261843,261843,49,72783,0,272007,7,0,0,74,0,0,132224,0,4,116336,1,78279,50,272073,73,425,271443,8,0,72,0,255,227359,43,75,0,227359,0,1,0,272073,272007,1909,116336,0,74,2,1
Sevilla FC,210,0,0,1,0,4,1,228630,6,0,0,0,75,7,0,0,2,255,0,277573,-1,2,-1,0,-5,73,0,210,255,-1,21000,0,75,4202624,0,43883,210,230,277573,72,73,0,2,0,272116,0,1,210,262460,262460,366,0,0,272116,0,0,3,266368,70,0,264986,1,2,3,131391,277573,262460,210,264986,0,262460,4,0,0,72,0,0,4202624,249,4,116337,2,272146,50,272116,210,445,262460,5,0,72,0,255,272180,37,73,0,272180,0,1,0,272116,277573,1905,116337,0,70,2,0
Liverpool,1,0,0,0,35,3,1,265301,7,0,0,0,75,8,0,0,2,255,0,266922,-1,2,-1,0,-2,75,215,1,255,-1,55610,0,75,266240,0,16587,1,255,266922,73,75,0,2,27,81456,0,1,1,266922,266922,366,0,0,81456,0,0,2,528384,74,2,267238,1,0,5,116016,266922,74861,1,267238,0,266922,4,0,0,73,0,0,270336,227,4,116343,3,270892,30,81456,1,282,74861,5,0,76,0,255,276722,53,75,0,276722,0,1,0,81456,266922,1892,116343,0,74,1,0
Chengdu FC,1,0,0,8,38,2,0,224702,6,0,0,1,68,5,0,0,4,255,0,226096,-1,1,-1,0,104,65,1,20,255,-1,10550,0,68,66560,0,27000,38,1,226096,67,65,0,1,20,244723,0,1,151,226096,226096,316,0,0,244723,0,0,4,139264,62,0,221847,1,0,2,116361,226096,216741,1,221847,0,223344,8,0,0,67,0,0,66560,151,4,116360,1,264009,90,244723,1,896,216741,6,4,75,0,255,223344,30,65,0,223344,0,1,0,244723,226096,2018,116360,0,62,2,0
Wuhan Three Towns,255,0,0,8,134,2,0,222235,3,0,0,1,58,4,0,0,4,255,0,230665,-1,1,-1,1,114,60,1,74,255,-1,7350,0,58,270336,0,20000,134,1,230665,64,60,0,1,74,230665,0,1,56,230665,230665,316,0,0,230665,0,0,2,528384,61,1,224546,1,0,1,111724,230665,224546,255,224675,0,275190,6,0,0,64,0,0,4202496,56,0,116361,2,275666,50,275190,255,712,235139,4,0,75,0,255,275190,30,60,0,224675,0,1,0,230665,230665,2013,116361,0,61,2,0
Havre AC,30,0,0,1,230,4,1,269213,2,0,0,255,72,6,0,0,2,45,0,275395,-1,1,-1,1,0,72,255,30,90,-1,5500,0,72,532480,0,25178,30,255,275395,70,72,0,1,191,276812,0,1,30,275395,270049,316,0,0,276812,0,0,2,528384,70,0,271811,3,0,1,116037,275395,270049,30,271811,0,269213,3,0,0,70,0,0,270336,153,4,116416,2,269829,30,276812,30,267,270049,3,0,88,0,62,269213,49,72,0,269213,0,1,0,276812,275395,1872,116416,0,70,2,0
FC Nantes,1,0,18,1,17,4,1,264904,1,0,0,57,71,3,0,0,2,1,0,264904,-1,2,-1,1,-1,73,221,1,44,-1,1500,0,71,532480,0,1880,1,254,265952,73,73,0,2,220,74083,0,1,1,264904,265952,316,0,0,74083,0,0,3,528384,75,0,72074,3,1,1,116039,265952,264904,1,72074,0,264904,1,0,0,73,0,0,270336,255,4,116417,2,277170,30,74083,1,337,264904,5,4,88,0,87,79532,47,73,0,79532,0,1,0,74083,265952,1943,116417,0,75,2,0
Iceland,34,0,0,0,167,7,1,273209,0,0,0,11,74,0,0,0,2,250,0,264891,-1,2,-1,0,-21,73,23,139,250,-1,0,0,74,4198400,0,9800,34,221,264891,73,73,0,2,91,273211,1,1,34,264891,264891,316,0,0,273211,0,0,2,264192,74,0,266384,1,0,2,113007,264891,264891,34,266384,0,264891,0,0,0,73,0,0,4202496,36,4,116428,3,277544,50,273211,139,0,265300,10,0,6,0,250,279523,64,73,0,279523,0,1,0,273211,264891,1981,116428,0,74,1,0
Alhama CF,255,0,0,1,196,4,1,272143,2,0,0,196,68,4,1,0,2,255,0,272144,-1,1,-1,1,-2,68,100,255,255,-1,1000,0,68,532480,0,8120,255,29,272144,70,68,0,1,100,233576,0,0,255,273130,273130,316,0,0,233576,0,0,2,528384,65,0,272143,1,0,1,131391,273130,272143,255,273130,0,272143,2,0,0,70,0,0,270336,29,4,131123,2,77685,30,233576,255,922,272144,2,0,72,0,255,79277,38,68,0,79277,0,1,0,233576,272223,2004,131123,0,65,2,0
Finland,0,0,0,2,255,7,1,72788,0,0,0,245,72,0,0,0,2,0,0,266598,-1,2,-1,0,24,72,235,102,204,-1,0,0,72,4198400,0,36200,204,255,266598,71,72,0,2,255,72798,0,1,0,266598,266598,316,0,0,72798,0,0,2,264192,70,0,72787,1,1,4,113008,266598,266598,204,72787,0,275925,0,0,0,71,0,0,4202496,255,4,131124,3,72791,50,72798,102,0,275925,10,0,88,0,102,72764,60,72,0,72764,0,1,0,72798,266598,1973,131124,0,70,2,0
Badalona Women,255,0,0,1,128,4,1,246356,2,0,0,128,74,2,0,0,2,255,0,246356,-1,2,-1,1,2,74,64,64,255,-1,5000,0,74,525440,0,4170,128,0,246356,77,74,0,2,64,272266,0,0,0,272148,272111,316,0,0,272266,0,0,1,532608,73,0,272159,0,0,2,131733,272111,272163,255,272159,0,272148,4,0,0,77,0,0,263296,0,4,131125,1,272148,30,272266,255,962,272163,4,0,72,0,255,246356,41,74,0,246356,0,1,0,272266,272111,1983,131125,0,73,2,0
Qingdao Hainiu,11,0,0,8,38,2,0,248221,2,0,0,87,60,4,0,0,4,255,0,232264,-1,1,-1,0,114,58,34,104,255,-1,4030,0,60,264320,0,20525,38,11,232264,57,58,0,1,104,251111,0,1,255,232264,232264,316,0,0,251111,0,0,2,526464,57,0,224618,1,0,1,111724,232264,221856,87,224618,0,251111,3,0,0,57,0,0,4198528,255,4,131173,3,73699,50,251111,34,810,221856,2,0,75,0,255,198635,23,58,0,198635,0,1,0,251111,232264,1990,131173,0,57,2,1
Eyüpspor,255,0,0,3,134,5,0,230685,2,0,0,0,65,1,0,0,9,253,0,230685,-1,1,-1,1,28,65,0,255,19,-1,25800,0,65,270336,0,14234,255,0,230685,64,65,0,1,45,260459,0,1,255,230685,230685,316,0,0,260459,0,0,1,528384,63,0,240941,8,1,1,111339,230685,263317,255,240941,0,239043,6,0,0,64,0,1,4202496,87,3,131174,2,262998,50,260459,255,231,263317,3,4,89,0,184,239043,41,65,0,239043,0,1,0,260459,230685,1919,131174,0,63,1,0
SL Benfica,220,0,1,0,25,4,1,261829,7,0,0,25,73,7,0,0,2,255,0,275938,-1,2,-1,1,-9,74,37,37,255,-1,6000,0,73,532480,0,3500,25,220,275938,75,74,0,2,37,275927,0,1,220,275938,275938,366,0,0,275927,0,0,4,528384,74,4,77246,1,1,5,131363,275938,268470,25,77246,0,261829,6,0,0,75,0,0,270336,220,4,131358,2,70851,30,275927,37,281,268470,10,0,37,0,255,272050,38,74,0,272050,0,1,0,275927,261829,1904,131358,0,74,1,3
Ajax,35,0,20,1,20,4,1,233747,8,0,0,30,69,9,0,0,2,255,0,233747,-1,1,-1,2,4,71,30,66,255,-1,10000,0,69,525312,0,2250,66,30,233747,70,71,0,1,20,79676,0,2,35,233747,233747,366,0,0,79676,0,0,2,532480,73,3,76331,1,2,4,131361,233747,79673,66,76331,0,233747,6,0,0,70,0,0,263168,225,4,131359,1,277812,30,79676,66,16,79673,10,0,37,0,255,277815,52,71,0,277815,0,2,0,79676,233747,1900,131359,0,73,1,6
Slavia Praha,207,0,0,1,22,5,1,275813,6,0,0,22,71,7,0,0,2,255,0,275820,-1,1,-1,1,14,70,12,12,255,-1,3000,0,71,532544,0,19084,22,207,275820,68,70,0,1,12,75388,0,1,207,275820,275820,316,0,0,75388,0,0,3,528448,69,10,275808,1,1,4,131362,275820,275826,22,275808,0,275824,5,0,0,68,0,0,270400,207,4,131360,2,275824,30,75388,12,654,275826,9,0,6,0,255,265304,50,70,0,265304,0,1,0,75388,275820,1892,131360,0,69,2,4
FC Zürich,230,0,0,1,230,4,1,273406,4,0,0,129,67,5,0,0,2,255,1,264911,-1,1,-1,1,8,65,56,230,255,-1,2000,0,67,263168,0,1120,230,33,264911,61,65,0,1,155,276615,0,1,230,264911,273406,316,0,0,276615,0,0,3,532480,68,24,264911,0,1,3,131359,277308,264911,230,275845,0,264911,4,0,0,61,0,0,4195328,1,4,131361,1,74026,50,276615,230,539,277307,10,0,88,0,255,277308,47,65,0,275845,0,1,0,276615,273406,1896,131361,0,68,1,15
FC Rosengård,255,0,0,1,86,7,1,267236,4,0,0,255,70,6,1,0,2,194,0,275917,-1,1,-1,1,12,69,255,255,43,-1,1000,0,70,132096,0,7600,255,255,275917,69,69,0,1,26,246637,0,1,255,275917,275917,316,0,0,246637,0,0,2,4202496,66,14,277881,15,0,3,131360,275917,277881,255,275917,0,275917,4,0,0,69,0,0,132096,18,4,131362,1,272700,65,246637,255,299,74915,10,0,88,0,10,72764,55,69,0,72764,0,1,2,246637,275917,1917,131362,0,66,1,5
Glasgow City FC,255,0,0,0,30,3,1,245871,4,0,0,255,69,7,0,0,2,1,1,265305,-1,1,-1,1,-4,70,255,255,1,-1,1500,0,69,4202496,0,1000,255,255,265305,71,70,0,1,127,247415,0,1,255,265305,265305,316,0,0,247415,0,0,2,266240,69,16,275899,15,0,3,131358,265305,246899,255,275899,0,247415,6,0,0,71,0,0,4202496,228,4,131363,2,74017,50,247415,255,186,246899,10,0,88,0,1,74030,55,70,0,74030,0,1,2,247415,265305,1998,131363,0,69,1,9
Free Agents,255,0,0,0,0,0,0,1,5,0,0,0,0,5,1,0,2,0,0,1,-1,1,-1,0,0,80,0,255,0,-1,0,0,0,0,0,0,255,0,1,0,0,0,1,0,0,0,0,255,1,1,316,0,2,0,0,0,2,0,0,0,0,0,0,5,1318,1,0,255,0,0,1,6,0,0,0,0,0,0,0,4,131368,0,0,50,0,255,0,0,5,4,6,0,0,0,0,0,0,0,0,0,0,0,1,2000,131368,0,0,0,0
1. FC Nürnberg,225,0,0,1,43,4,1,275525,3,0,0,255,71,4,0,0,2,1,0,275525,-1,1,-1,1,11,70,255,225,1,-1,3000,0,71,532480,0,50000,225,255,275760,70,70,0,1,16,80460,0,1,225,275525,264920,316,0,0,80460,0,0,1,528384,69,0,275525,1,1,1,115995,80460,275525,225,275760,0,275533,4,0,0,70,0,0,270336,194,4,131386,2,79626,30,73655,225,355,79630,1,0,90,0,1,73655,49,70,0,275760,0,1,0,80460,80460,1900,131386,0,69,2,0
Granada CF,0,0,0,1,0,4,1,275784,3,0,0,0,74,5,0,0,2,255,0,277048,-1,1,-1,2,-3,71,0,0,255,-1,8000,0,74,532480,0,19436,175,222,80077,70,71,0,1,0,78888,0,2,0,277048,277048,316,0,0,78888,0,0,2,528384,67,0,275784,1,2,2,116337,277048,275784,175,277048,0,78888,3,0,0,70,0,0,270336,255,4,131391,2,80077,30,78888,0,193,272270,4,0,72,0,255,277073,37,71,0,277073,0,1,0,78888,277048,1931,131391,0,67,2,0
San Diego FC,12,0,0,-7,43,6,0,224067,5,0,0,0,68,3,0,0,2,255,0,236918,-1,1,-1,2,-117,68,0,12,255,-1,70580,0,68,132096,0,35000,12,0,236918,73,68,0,1,21,224874,0,1,12,236918,236918,316,0,0,224874,0,0,3,4202496,62,0,245685,3,1,1,112996,236918,245685,12,236918,0,236918,4,0,0,73,0,0,132096,2,3,131439,1,217047,65,224874,12,889,224067,4,0,134,0,255,215247,32,68,0,215247,0,1,0,224874,236918,2023,131439,0,62,2,0
FC Annecy,1,0,0,1,42,4,0,188825,1,0,0,40,67,3,0,0,2,250,1,188825,-1,1,-1,0,6,66,44,1,250,-1,17000,0,67,532608,0,15714,1,208,188825,64,66,0,1,51,252205,0,1,1,188825,188825,316,0,0,252205,0,0,2,528512,66,0,269748,3,0,1,111659,188825,276309,1,269748,0,188825,2,0,0,64,0,0,270464,223,4,131447,2,79621,30,252205,1,902,276309,6,0,51,0,250,261771,45,66,0,261771,0,1,0,252205,188825,1927,131447,0,66,1,0
Unirea Slobozia,45,0,0,2,196,5,0,262856,1,0,0,196,63,2,1,0,2,255,0,255082,-1,1,-1,1,27,63,104,104,0,-1,3075,0,63,264256,0,6000,196,45,255082,64,63,0,1,104,259803,0,1,45,255082,255082,316,0,0,259803,0,0,4,526400,63,0,216776,3,1,1,310,255082,248061,196,216776,0,259803,3,0,0,64,0,0,4198464,45,4,131459,3,262450,50,259803,104,956,248061,3,0,79,0,255,78696,44,63,0,78696,0,1,0,259803,255082,2004,131459,0,63,2,0
AVS Futebol SAD,200,0,0,0,0,4,0,213795,1,0,0,0,66,1,0,0,2,255,0,213795,-1,1,-1,1,-8,67,0,200,255,-1,8500,0,66,526480,0,5228,200,255,277971,67,67,0,1,0,274231,0,0,200,213795,213795,316,0,0,274231,0,0,5,526480,68,0,277971,1,1,1,1888,213795,277971,200,275487,0,175851,4,0,0,67,0,0,266384,255,4,131463,3,246592,30,175851,200,645,72654,1,0,36,0,255,175851,41,67,0,275487,0,1,0,274231,274231,2023,131463,0,68,2,0
Bay FC,1,0,0,-8,128,6,1,273473,3,0,0,114,70,3,0,0,2,250,0,76377,-1,2,-1,0,-121,75,128,60,250,-1,87426,0,70,4202624,0,18000,166,250,76377,83,75,0,2,0,227073,0,1,1,76377,76377,316,0,0,227073,0,0,2,266368,71,0,70490,3,1,3,131478,76377,70490,166,277508,0,227073,5,0,0,83,0,0,132224,0,4,131477,2,279699,50,227073,60,420,77162,4,0,196,0,250,76377,37,75,0,277508,0,1,0,227073,76377,2023,131477,0,71,2,0
Utah Royals FC,255,0,0,-7,28,6,1,267332,5,0,0,250,75,3,0,0,2,0,0,265571,-1,2,-1,0,-111,75,250,255,128,-1,63125,0,75,4202496,0,20213,255,250,265571,78,75,0,2,172,242806,0,1,255,265571,265571,316,0,0,242806,0,0,2,266240,73,0,267320,0,1,1,116309,265571,267320,255,265571,0,245835,2,0,0,78,0,0,132096,255,4,131478,2,272206,50,242806,255,427,245833,1,0,196,0,0,245835,40,75,0,245835,0,1,0,242806,265571,2023,131478,0,73,2,0
SZ Peng City,180,0,0,8,0,2,0,269127,1,0,0,1,61,6,0,0,4,180,0,274024,-1,1,-1,0,108,60,1,217,38,-1,5700,0,61,263184,0,44050,0,1,274024,61,59,0,1,217,272622,0,1,253,274024,222273,316,0,0,272622,0,0,4,532496,58,0,272759,1,0,1,116360,222273,235984,38,272759,0,232381,3,0,0,61,0,0,4195344,253,4,131487,1,224685,50,272622,28,713,235984,2,0,75,0,28,232381,11,59,0,232381,0,1,0,272622,274024,2017,131487,0,58,2,0
Qingdao W. Coast,233,0,0,8,4,2,0,227970,2,0,0,255,66,7,0,0,4,233,0,237135,-1,1,-1,0,120,61,255,0,83,-1,5610,0,66,263168,0,20000,4,255,237135,55,61,0,1,0,191569,0,1,202,237135,237135,316,0,0,191569,0,0,4,532480,58,0,269155,1,0,1,131487,258731,258731,83,237135,0,237135,3,0,0,55,0,0,4195328,202,4,131488,1,224544,50,191569,216,810,271657,2,0,75,0,216,241335,36,61,0,241335,0,1,0,191569,237135,2007,131488,0,58,2,0
KFUM-Kameratene,255,0,0,1,4,7,0,279713,1,0,0,4,64,2,1,0,2,255,0,255936,-1,1,-1,1,11,65,4,4,255,-1,3000,0,64,263168,0,3300,4,232,255936,63,65,0,1,4,277505,0,1,232,255936,279710,316,0,0,277505,0,0,2,532480,63,0,82659,0,1,1,920,255936,255936,255,82659,0,153048,5,0,0,63,0,0,4195328,232,4,131491,1,279713,50,277505,255,361,279710,2,0,199,0,255,153048,60,65,0,153048,0,1,2,277505,255936,1939,131491,0,63,2,0
Yunnan Yukun,1,0,0,8,36,2,0,222435,2,0,0,0,63,1,0,0,4,0,0,233874,-1,1,-1,1,102,60,0,1,149,-1,4500,0,63,532480,0,25000,1,0,242698,70,60,0,1,119,257518,0,1,1,233874,233874,316,0,0,257518,0,0,4,528384,58,0,226296,9,1,1,132305,233874,233874,1,222853,0,257518,4,0,0,70,0,0,270336,241,4,131531,2,248003,30,257518,1,963,240917,1,0,75,0,61,242698,24,60,0,222853,0,1,0,257518,242698,2021,131531,0,58,2,0
Milano FC,30,0,0,1,23,4,0,215698,9,0,0,0,82,6,1,0,2,250,0,177003,-1,2,-1,1,9,81,0,30,250,-1,1285000,0,82,4194944,0,75817,30,100,177003,82,81,0,2,91,241721,0,1,30,177003,177003,366,0,0,241721,0,0,1,270464,78,19,210008,1,1,8,131682,177003,245630,30,210008,0,232411,5,0,0,82,0,0,131712,232,4,131681,1,242664,50,241721,30,316,245630,9,0,47,0,250,232411,45,81,0,232411,0,1,0,241721,177003,1899,131681,0,78,2,5
Lombardia FC,30,0,0,1,191,4,0,231478,9,0,0,15,83,1,0,0,2,250,0,226268,-1,3,-1,1,9,84,15,30,250,-1,985000,0,83,131712,0,75817,30,15,226268,86,83,0,3,140,231478,0,1,30,224232,226268,366,0,0,231478,0,0,3,4202624,83,20,276278,1,1,9,131681,226268,224232,30,276278,0,210406,2,0,0,86,0,0,131712,1,4,131682,1,210406,65,231478,30,316,224232,9,0,47,0,250,226268,45,83,0,237383,10,1,0,231478,226268,1908,131682,0,83,2,9
RC Deportivo,0,0,0,1,214,4,1,72149,4,0,0,255,70,8,1,0,2,255,0,278195,-1,2,-1,0,-8,72,250,50,255,-1,3000,0,70,532480,0,32660,100,250,278195,75,72,0,2,91,236478,0,2,0,278195,278195,316,0,0,236478,0,0,2,528384,68,0,72149,1,2,2,131391,73029,278195,100,72149,0,275587,3,0,0,75,0,0,270336,47,4,131720,2,72147,30,236478,50,257,278195,3,4,72,0,255,275587,43,72,0,275587,0,1,0,236478,272188,1906,131720,0,68,2,3
Strasbourg,182,0,3,1,204,4,1,71696,1,0,0,227,69,3,0,0,2,250,0,71706,-1,1,-1,1,7,71,159,182,250,-1,1500,0,69,525312,0,26109,182,1,71706,73,71,0,1,102,271259,0,1,182,71706,71706,316,0,0,271259,0,0,2,532480,71,0,272607,3,1,1,116044,71706,261841,182,272607,0,71706,2,0,0,73,0,0,263168,51,4,131724,1,273478,30,271259,182,564,261841,1,4,88,0,250,78636,48,71,0,78636,0,1,0,271259,71706,1906,131724,0,71,2,0
RCD Espanyol,1,0,0,1,191,4,1,272153,5,0,0,170,72,7,0,0,2,255,0,275779,-1,1,-1,0,2,71,90,1,255,-1,5000,0,72,532608,0,40500,1,0,275779,71,71,0,1,108,265171,0,2,1,275779,275779,316,0,0,265171,0,0,4,528512,70,1,275779,0,2,2,116325,72345,268944,1,275779,0,272254,3,0,0,71,0,0,270464,17,4,131733,2,272153,30,265171,1,36,268944,3,0,72,0,255,72344,41,71,0,72344,0,1,0,265171,262459,1900,131733,0,70,1,6
Al Kholood,255,0,0,3,54,8,0,208974,1,0,0,58,64,6,0,0,9,255,0,242749,-1,1,-1,1,43,66,77,255,255,-1,9550,0,64,264320,0,5100,255,8,242749,68,66,0,1,28,261072,0,1,255,242749,242749,316,0,0,261072,0,0,2,526464,66,0,264828,0,0,1,112393,241538,242749,255,264828,0,261072,3,0,0,68,0,0,4198528,164,4,131735,3,275571,50,261072,255,672,229011,1,0,67,0,255,208974,25,66,0,208974,0,1,0,261072,242749,1970,131735,0,66,2,0
Auckland FC,255,0,0,12,255,3,0,208520,3,0,0,0,65,2,0,0,2,0,0,73092,-1,1,-1,2,105,65,0,255,0,-1,1365,0,65,270336,0,25000,255,0,73092,63,65,0,1,15,243966,0,1,255,73092,208520,316,0,0,243966,0,0,3,528384,66,0,210826,1,0,1,111766,73092,210826,255,73092,0,227040,7,0,0,63,0,0,4202496,33,4,131739,2,240096,50,243966,255,894,237333,1,0,54,0,0,227040,38,65,0,227040,0,2,0,243966,73092,2024,131739,0,66,2,0
Neom,255,0,0,3,208,8,0,210648,5,0,0,139,71,5,1,0,2,255,0,193301,-1,1,-1,1,36,70,56,106,254,-1,48030,0,71,4202496,0,13000,208,17,193301,71,70,0,1,106,193301,0,1,19,220621,220621,316,0,0,193301,0,0,3,266240,68,0,208135,1,1,3,115892,220621,208135,254,220621,0,193301,9,0,0,71,0,1,4202496,19,4,131798,2,278206,50,193301,255,977,278902,3,0,67,0,255,273604,28,70,0,273604,0,1,0,193301,220621,1965,131798,0,68,2,0
Recoleta,255,0,0,-4,11,1,0,84339,2,0,0,10,67,4,0,0,2,1,0,84339,-1,1,-1,1,-57,66,194,255,1,-1,9800,0,67,526336,0,6000,255,241,84339,64,66,0,1,195,274858,0,0,255,84339,84339,366,1,0,274858,0,0,3,526336,66,0,71033,15,0,1,101108,84339,84341,255,71033,0,84339,2,0,0,64,0,0,266240,242,4,131826,3,269327,30,274858,255,771,84341,1,0,111,0,1,71549,-25,66,0,71549,0,1,2,274858,84339,1931,131826,0,66,2,0
Poland,220,0,0,1,2,5,1,241846,0,0,0,22,76,0,0,0,2,255,1,264884,-1,2,-1,0,18,75,22,1,255,-1,0,0,76,4195328,0,43615,1,221,264884,89,75,0,2,2,241846,0,1,1,264884,264884,316,0,0,241846,0,0,2,270336,73,0,264982,1,1,2,113004,265082,275895,220,264982,0,265082,0,0,0,89,0,0,132096,255,4,131877,1,80036,50,241846,220,521,264884,10,0,88,0,255,264971,54,75,0,264971,0,1,0,241846,265082,1919,131877,0,73,1,0
London City,255,0,0,0,199,3,1,237197,4,0,0,0,79,2,0,0,2,0,0,237197,-1,2,-1,0,0,79,0,171,0,-1,25800,0,79,270336,0,5000,199,0,265336,72,78,0,2,171,266504,0,1,1,237197,265336,316,0,0,266504,0,0,2,528384,76,0,235659,1,0,4,116010,265336,276297,175,235659,0,227069,9,0,0,72,0,0,263168,1,4,132176,2,226997,30,266504,145,285,276297,5,0,76,0,0,233751,51,78,0,233751,0,1,0,266504,237197,2019,132176,0,76,2,0
RAAL La Louvière,255,0,0,1,82,4,0,262160,4,0,0,82,67,5,0,0,2,255,0,78346,-1,1,-1,1,4,67,168,255,255,-1,9000,1,67,270336,0,12500,255,50,78346,63,67,0,1,168,73932,0,1,255,78346,78346,316,0,0,73932,0,0,1,528384,67,0,78349,1,0,3,670,78346,78346,255,78349,0,73932,6,0,0,63,0,2,4202496,50,4,132231,2,252169,50,73932,255,978,251313,4,0,122,0,255,76721,50,67,0,76721,0,1,0,73932,78346,2017,132231,0,67,2,0
Dalian Yingbo,255,0,0,8,246,2,0,212601,8,0,0,1,63,2,0,0,4,255,0,198640,-1,1,-1,1,121,63,1,195,255,-1,4000,0,63,264192,0,63677,246,1,269579,64,62,0,1,195,212601,0,1,111,198640,198640,316,0,0,212601,0,0,4,526336,61,0,222191,3,1,1,131531,198640,276076,255,222191,0,212601,6,0,0,64,0,0,4198400,111,4,132305,3,77906,50,212601,255,664,276076,2,0,75,0,255,76503,38,62,0,76503,0,1,0,212601,198640,2021,132305,0,61,2,0
Marseille,1,0,47,1,250,4,1,264962,4,0,0,255,72,5,0,0,2,1,0,265915,-1,2,-1,1,5,71,204,1,214,-1,6500,0,72,532480,0,67394,1,102,265915,80,71,0,2,250,264968,0,1,1,265915,265915,316,0,0,264968,0,0,2,528384,70,0,267653,1,0,1,116034,265915,265915,1,267653,0,264968,6,0,0,80,0,0,270336,250,4,132370,2,270619,30,264968,1,306,265864,1,4,88,0,151,246223,43,71,0,246223,0,1,0,264968,264962,1899,132370,0,70,2,0
Hamburger SV,1,0,11,1,170,4,1,78689,5,0,0,1,70,6,0,0,2,255,0,79732,-1,1,-1,1,9,70,1,1,255,-1,3000,0,70,4202496,0,57000,1,1,79732,71,70,0,1,90,79221,0,1,1,79732,78682,316,0,0,79221,0,0,3,266240,69,0,276848,1,1,1,116004,79732,79734,1,276848,0,79734,4,0,0,71,0,0,4202496,1,4,132533,2,78689,50,79221,1,205,79734,1,0,90,0,255,83455,53,70,0,83455,0,1,0,79221,78682,1887,132533,0,69,2,0
RC Lens,1,0,18,1,28,4,1,78826,3,0,0,44,68,8,0,0,2,255,0,78830,-1,1,-1,1,2,69,25,1,1,-1,3500,0,68,532480,0,38223,1,182,78830,70,69,0,1,1,78830,0,1,1,78832,78830,316,0,0,78830,0,0,2,528384,69,0,264885,1,0,1,116044,78832,264885,1,78832,0,78830,4,0,0,70,0,0,270336,184,4,132588,2,78826,30,78830,1,274,78823,1,4,88,0,213,73764,50,69,0,73764,0,1,0,78830,269816,1906,132588,0,69,1,0
Union Berlin,255,0,0,1,19,4,1,78602,3,0,0,27,73,4,0,0,2,255,0,78602,-1,2,-1,2,13,73,29,55,255,-1,3000,0,73,532480,0,22012,49,29,78602,75,73,0,2,6,279693,0,1,229,78602,78602,316,0,0,279693,0,0,2,528384,72,0,265026,1,1,1,116021,78602,265026,255,261799,0,78602,6,0,0,75,1,0,270336,227,4,132589,2,82962,30,279693,255,47,265383,1,0,90,0,255,78602,52,73,0,261799,0,1,0,279693,78602,1966,132589,0,72,2,0
DUX Logroño,255,0,0,1,45,4,1,276887,4,0,0,61,68,6,0,0,2,250,0,276887,-1,1,-1,0,-2,67,52,255,250,-1,1000,0,68,264192,0,16000,255,48,276887,65,67,0,1,22,78883,0,2,255,276887,276887,316,0,0,78883,0,0,2,526336,64,0,79975,6,2,1,116331,276887,79975,255,81787,0,276887,2,0,0,65,0,0,4198400,160,4,132629,3,78897,50,78883,255,818,269678,1,0,72,0,250,276887,42,67,0,81787,0,1,0,78883,276887,2008,132629,0,64,2,0
US Boulogne,30,0,13,1,2,4,0,251924,1,0,0,30,65,2,0,0,2,255,0,247533,-1,1,-1,1,1,64,30,30,255,-1,9000,0,65,532480,0,15004,30,30,247533,62,64,0,1,0,275619,0,1,30,247533,247533,366,0,0,275619,0,0,1,528384,64,0,79791,3,0,1,111276,247533,79789,30,79791,0,275619,1,0,0,62,0,0,270336,254,4,132680,2,257171,30,275619,30,983,79789,2,4,51,0,255,72080,50,64,0,72080,0,1,0,275619,247533,1898,132680,0,64,2,0
United Tigers SC,255,0,0,-12,255,0,0,251725,5,0,0,255,58,5,1,0,2,255,0,251721,-1,1,-1,0,77,59,255,255,255,-1,1000,0,58,270336,0,10000,255,255,251721,58,59,0,1,255,251723,0,0,255,251721,251721,366,0,0,251723,0,0,2,528384,60,0,251727,0,0,5,113146,251721,251727,255,251721,0,251721,5,0,0,58,0,0,4202496,255,4,132681,2,251748,50,251723,255,729,251745,5,4,6,0,255,251732,28,59,0,251732,0,0,0,251723,251721,2024,132681,0,60,1,0
