jerseyleftsleevebadge,teamcolortertr,shortsnumbercolorterr,isinheritbasedetailmap,teamkitid,jerseynumbercolorprimr,jerseyshapestyle,jerseynameoutlinecolorg,jerseynumbercolorsecb,shortsnumbercolorsecb,sockstemplateindex,teamcolorprimpercent,jerseybacknamefontcase,teamcolorprimg,jerseycollargeometrytype,jerseynamecolorg,powid,shortsrenderingdetailmaptype,teamkittypetechid,shortsnumbercolorsecg,islocked,dlc,teamcolorsecr,shortstemplateindex,teamcolorprimb,jerseynameoutlinecolorb,jerseyrightsleevebadge,jerseynamefonttype,shortsnumbercolorprimr,captainarmband,jerseynamecolorb,shortsnumberfonttype,teamcolortertb,shortsnumbercolorterb,jerseynumbercolorsecg,jerseynameoutlinewidth,jerseyrenderingdetailmaptype,jerseynumbercolorterg,isgeneric,jerseynumbercolorprimg,jerseynamelayouttype,teamcolorprimr,jerseynumbercolorterr,jerseynumbercolorprimb,jerseynumbercolorsecr,chestbadge,numberfonttype,renderingmaterialtype,teamcolorsecb,jerseynumbercolorterb,hasadvertisingkit,jerseyrestriction,teamcolorsecpercent,jerseyfit,jerseytemplateindex,shortsnumbercolorprimg,teamcolorsecg,isembargoed,armbandtype,year,jerseyfrontnumberplacementcode,teamtechid,jerseynamecolorr,shortsnumbercolorprimb,jerseybacknameplacementcode,shortsnumbercolorsecr,jerseynameoutlinecolorr,shortstyle,teamcolortertpercent,shortsnumbercolorterg,shortsnumberplacementcode,teamcolortertg
0,231,220,0,1344,220,0,12,220,220,0,69,0,26,0,220,-1,0,0,220,0,0,231,0,43,12,13,135,234,13,220,262,231,220,220,2,0,12,0,220,1,145,12,220,220,0,262,0,231,12,0,0,30,0,0,30,231,0,1,0,0,1,220,45,1,220,12,0,97,220,1,231
0,42,12,0,1345,220,0,12,220,220,0,97,0,58,0,220,-1,0,1,220,0,0,55,0,85,12,13,135,220,13,220,262,67,12,220,2,0,12,0,220,1,55,12,220,220,0,262,0,85,12,0,0,97,0,0,220,58,0,0,0,0,1,220,220,1,220,12,0,99,12,1,49
0,234,220,0,1346,12,0,220,25,25,0,93,0,233,0,12,0,0,2,25,0,0,133,0,125,220,13,135,12,13,12,265,153,220,25,2,0,220,0,12,1,239,220,12,25,0,265,0,48,220,0,1,6,0,0,12,35,0,0,0,0,1,12,12,1,25,220,0,92,220,1,237
0,230,220,0,1347,12,0,220,25,25,0,96,0,235,9,12,-1,0,3,25,0,0,235,0,234,220,13,135,12,13,12,265,230,220,25,2,0,220,0,12,1,235,220,12,25,0,265,0,234,220,0,0,96,0,0,12,235,0,0,0,0,1,12,12,1,25,220,0,96,220,1,230
0,231,220,0,1348,220,0,12,220,25,0,80,0,33,0,220,0,0,0,25,0,0,152,0,47,12,13,135,12,13,220,265,231,220,220,2,0,12,0,220,1,58,12,220,220,0,262,0,218,12,1,0,15,0,0,12,177,0,0,0,0,2,220,12,1,25,12,0,97,220,1,231
0,30,12,0,1349,220,0,12,220,220,0,88,0,31,0,220,-1,0,1,220,0,0,83,0,31,12,13,135,220,13,220,262,30,12,220,2,0,12,0,220,1,31,12,220,220,0,262,0,87,12,1,0,5,0,0,220,85,0,0,0,0,2,220,220,1,220,12,0,98,12,1,30
0,233,220,0,1765,12,0,220,25,25,0,93,0,232,0,12,0,0,2,25,0,0,130,0,113,220,13,135,12,13,12,265,152,220,25,2,0,220,0,12,1,241,220,12,25,0,265,0,47,220,1,0,5,0,0,12,34,0,1,0,0,2,12,12,1,25,220,0,97,220,1,236
0,230,220,0,5745,12,0,220,25,25,0,79,0,228,7,12,-1,0,3,25,0,0,166,0,220,220,13,135,12,13,12,265,219,220,25,2,0,220,0,12,1,230,220,12,25,0,265,0,218,220,1,0,14,0,0,12,182,0,0,0,0,2,12,12,1,25,220,0,96,220,1,230
0,254,220,0,1350,197,0,12,220,220,0,50,0,252,7,0,0,0,0,220,0,0,10,0,252,12,14,49,197,14,46,89,254,220,220,0,0,220,0,0,1,252,220,46,220,0,238,0,165,220,0,0,46,0,0,0,90,0,0,0,0,3,197,46,1,220,12,0,98,220,1,254
0,200,220,0,1351,12,0,220,220,220,0,91,0,146,0,12,0,0,1,220,0,0,185,0,70,220,14,49,12,14,12,89,69,220,220,2,0,220,0,12,1,185,220,12,220,0,238,0,70,220,0,0,91,0,0,12,146,0,0,0,0,3,12,12,1,220,220,0,94,220,1,155
0,100,220,0,1766,12,0,220,220,220,0,97,0,194,7,12,0,0,2,220,0,0,108,0,111,220,14,49,12,14,12,89,105,220,220,2,0,220,0,12,1,108,220,12,220,0,238,0,111,220,0,0,97,0,0,12,194,0,0,0,0,3,12,12,1,220,220,0,98,220,1,192
0,10,194,0,1352,197,0,0,220,12,0,86,0,254,13,0,0,0,0,12,0,0,11,0,254,46,60,49,220,14,46,89,64,15,220,0,0,220,0,0,0,254,220,46,220,0,23,0,65,220,0,0,8,0,0,220,33,0,0,0,0,4,197,220,1,12,197,3,92,8,1,32
0,10,12,0,1353,220,0,220,12,12,0,87,0,40,7,220,0,0,1,12,0,0,135,0,74,220,60,49,220,14,220,89,64,12,12,0,0,12,0,220,0,17,12,220,12,0,23,0,139,12,0,0,6,0,0,220,139,0,0,0,0,4,220,220,1,12,220,0,99,12,1,32
0,130,220,0,1767,12,0,12,220,220,0,91,0,192,0,12,0,0,2,220,0,0,29,0,112,12,60,49,12,14,12,89,110,220,220,0,0,220,0,12,0,132,220,12,220,0,23,0,29,220,0,0,7,0,0,12,30,0,0,0,0,4,12,12,1,220,12,0,94,220,1,191
0,43,12,0,1354,220,0,12,220,220,0,96,0,63,7,220,0,0,0,220,0,0,45,0,122,12,13,135,220,13,220,262,118,12,220,2,0,12,0,220,1,45,12,220,220,0,262,0,122,12,0,0,96,0,5,220,63,0,0,0,0,5,220,220,1,220,12,0,97,12,1,60
0,226,220,0,1355,12,0,220,25,25,0,93,0,222,0,12,0,0,1,25,0,0,226,0,208,220,13,135,12,13,12,265,208,220,25,2,0,220,0,12,1,226,220,12,25,0,265,0,208,220,0,0,93,0,5,12,222,0,1,0,0,5,12,12,1,25,220,0,97,220,1,222
0,231,220,0,1356,12,0,220,25,25,0,82,0,118,0,12,0,0,2,25,0,0,233,0,51,220,13,135,12,13,12,265,50,220,25,2,0,220,0,12,1,231,220,12,25,0,265,0,124,220,0,0,16,0,6,12,188,0,1,0,0,5,12,12,1,25,220,0,97,220,1,117
0,29,12,0,1357,220,0,12,220,220,0,90,0,29,7,220,0,0,3,220,0,0,29,0,29,12,13,135,220,13,220,262,29,12,220,2,0,12,0,220,1,29,12,220,220,0,262,0,29,12,0,0,90,0,5,220,29,0,0,0,0,5,220,220,1,220,12,0,98,12,1,29
0,231,220,0,1358,220,0,12,220,99,0,98,0,55,7,220,0,0,0,41,0,0,32,0,110,12,13,135,28,13,220,265,231,220,220,2,0,12,0,220,1,32,12,220,220,0,262,0,110,12,1,0,98,0,0,30,55,0,0,0,0,7,220,77,1,33,12,0,100,220,1,231
0,36,12,0,1359,28,0,220,99,220,0,96,0,232,9,21,0,0,1,220,0,0,242,0,177,220,13,135,220,13,55,262,77,12,41,2,0,220,0,30,1,242,220,77,33,0,265,0,177,220,1,0,96,0,0,220,232,0,0,0,0,7,15,220,1,220,220,0,100,12,1,43
0,110,12,0,1768,220,0,12,220,220,0,95,0,192,0,220,0,0,2,220,0,0,108,0,134,12,13,135,220,13,220,262,135,12,220,2,0,12,0,220,1,108,12,220,220,0,262,0,134,12,1,0,95,0,0,220,192,0,0,0,0,7,220,220,1,220,12,0,100,12,1,196
0,30,12,0,2769,220,0,12,220,220,0,94,0,30,0,220,0,0,3,220,0,0,30,0,30,12,13,135,220,13,220,262,30,12,220,2,0,12,0,220,1,30,12,220,220,0,262,0,30,12,1,0,94,0,0,220,30,0,0,0,0,7,220,220,1,220,12,0,98,12,1,30
0,231,220,0,633,28,0,220,99,99,0,94,0,232,0,30,-1,0,0,41,0,0,232,0,232,220,13,135,28,13,27,265,231,220,41,0,0,220,0,30,0,232,220,77,33,0,265,0,232,220,1,1,94,0,0,30,232,0,0,0,0,8,28,77,1,33,220,0,99,220,1,231
0,54,12,0,634,220,0,12,220,220,0,83,0,81,7,220,-1,0,1,220,0,0,229,0,148,12,13,135,220,13,220,262,152,12,220,2,0,12,0,220,0,52,12,220,220,0,262,0,43,12,1,1,15,0,0,220,192,0,0,0,0,8,220,220,1,220,12,0,99,12,1,83
0,165,12,0,4385,220,0,12,220,220,0,55,0,50,0,220,0,0,2,220,0,0,89,0,127,12,13,135,220,13,220,262,128,12,220,2,0,12,0,220,0,160,12,220,220,0,262,0,101,12,1,1,36,0,0,220,51,0,0,0,0,8,220,220,1,220,12,0,97,12,1,49
0,30,12,0,5025,220,0,12,220,220,0,84,0,38,7,220,0,0,3,220,0,0,235,0,44,12,13,135,220,13,220,262,27,12,220,2,0,12,0,220,0,38,12,220,220,0,262,0,231,12,1,1,6,0,0,220,233,0,0,0,0,8,220,220,1,220,12,0,98,12,1,26
100013,125,12,0,1360,220,0,12,220,220,0,91,0,29,0,220,0,0,0,220,0,0,228,0,42,12,100013,135,220,13,220,262,44,12,220,2,0,12,0,220,0,121,12,220,220,0,262,0,229,12,0,0,8,0,0,220,229,0,0,0,0,9,220,220,1,220,12,0,98,12,1,32
100013,30,12,0,1361,12,0,220,25,220,0,83,0,185,7,12,0,0,1,220,0,0,142,0,171,220,100013,135,220,13,12,262,30,12,25,2,0,220,0,12,0,191,220,12,25,0,265,0,51,220,0,0,13,0,0,220,36,0,1,0,0,9,12,220,1,220,220,0,99,12,1,30
100013,83,12,0,1769,220,0,12,220,220,0,53,0,82,0,220,0,0,2,220,0,0,30,0,87,12,100013,135,220,13,220,262,88,12,220,2,0,12,0,220,1,82,12,220,220,0,262,0,30,12,0,0,40,0,8,220,30,0,0,0,0,9,220,220,1,220,12,0,97,12,1,83
100013,230,220,0,1770,220,0,12,220,25,0,92,0,115,7,220,0,0,3,25,0,0,245,0,101,12,100013,135,12,13,220,265,230,220,220,2,0,12,0,220,0,30,12,220,220,0,262,0,240,12,0,0,7,0,8,12,245,0,1,0,0,9,220,12,1,25,12,0,94,220,1,230
0,229,220,0,1362,220,0,12,220,99,0,87,0,162,0,220,0,0,0,41,0,0,214,0,214,12,13,135,28,13,220,265,229,220,220,2,0,12,0,220,1,107,12,220,220,0,262,0,231,12,1,0,9,0,0,30,223,0,0,0,0,10,220,77,1,33,12,0,93,220,1,229
0,30,12,0,1363,220,0,12,220,220,0,98,0,30,8,220,0,0,1,220,0,0,30,0,30,12,13,135,220,13,220,262,30,12,220,2,0,12,0,220,1,30,12,220,220,0,262,0,30,12,1,0,98,0,0,220,30,0,0,0,0,10,220,220,1,220,12,0,100,12,1,30
0,191,12,0,1771,220,0,12,220,220,0,79,0,76,0,220,0,0,2,220,0,0,57,0,137,12,13,135,220,13,220,262,136,12,220,2,0,12,0,220,1,195,12,220,220,0,262,0,177,12,1,0,10,0,0,220,190,0,0,0,0,10,220,220,1,220,12,0,89,12,1,78
0,175,220,0,4640,12,0,220,25,25,0,49,0,185,0,12,0,0,3,25,0,0,139,0,199,220,13,135,12,13,12,265,199,220,25,2,0,220,0,12,1,175,220,12,25,0,265,0,68,220,1,0,25,0,0,12,229,0,0,0,0,10,12,12,1,25,220,0,63,220,1,183
0,38,12,0,10415,220,0,12,220,220,0,93,0,66,0,220,0,0,4,220,0,0,39,0,60,12,13,135,220,13,220,262,59,12,220,2,0,12,0,220,1,39,12,220,220,0,262,0,60,12,1,0,93,0,10,220,66,0,0,0,0,10,220,220,1,220,12,0,90,12,1,65
0,231,220,0,1364,220,0,12,220,25,0,91,0,26,7,220,-1,0,0,25,0,0,26,0,38,12,13,135,12,13,220,265,231,220,220,2,0,12,0,220,1,198,12,220,220,0,262,0,26,12,0,0,7,0,0,12,26,0,0,0,0,11,220,12,1,25,12,0,97,220,1,231
0,59,12,0,1365,12,0,220,25,220,0,80,0,229,7,12,-1,0,1,220,0,0,201,0,230,220,13,135,220,13,12,262,67,12,25,2,0,220,0,12,1,229,220,12,25,0,265,0,219,220,0,0,16,0,0,220,194,0,0,0,0,11,12,220,1,220,220,0,99,12,1,45
0,85,12,0,1366,220,0,12,220,220,0,65,0,84,0,220,-1,0,2,220,0,0,44,0,88,12,13,135,220,13,220,262,89,12,220,2,0,12,0,220,1,84,12,220,220,0,262,0,46,12,0,0,27,0,0,220,44,0,0,0,0,11,220,220,1,220,12,0,92,12,1,85
0,31,12,0,1367,220,0,12,220,220,0,95,0,22,7,220,0,0,3,220,0,0,22,0,22,12,13,135,220,13,220,262,31,12,220,2,0,12,0,220,1,22,12,220,220,0,262,0,22,12,0,0,95,0,8,220,22,0,0,0,0,11,220,220,1,220,12,0,97,12,1,31
0,201,12,0,1368,220,0,220,12,12,0,89,0,31,7,220,0,0,0,12,0,0,231,0,50,220,14,49,220,14,220,89,51,12,12,0,0,12,0,220,1,198,12,220,12,0,23,0,231,12,1,0,9,0,0,220,231,0,0,0,0,12,220,220,1,12,220,0,98,12,1,32
0,30,12,0,1369,220,0,220,12,12,0,87,0,34,0,220,0,0,1,12,0,0,33,0,44,220,14,49,220,14,220,89,31,12,12,0,0,12,0,220,1,30,12,220,12,0,23,0,132,12,1,0,9,0,0,220,65,0,0,0,0,12,220,220,1,12,220,0,99,12,1,30
0,75,12,0,1772,220,0,220,12,12,0,98,0,154,0,220,0,0,2,12,0,0,68,0,205,220,14,49,220,14,220,89,206,12,12,0,0,12,0,220,1,68,12,220,12,0,23,0,205,12,1,0,98,0,0,220,154,0,0,0,0,12,220,220,1,12,220,0,99,12,1,155
0,30,12,0,1370,12,0,220,25,220,0,54,0,231,0,12,-1,0,0,220,0,0,35,0,231,220,13,135,220,13,12,262,30,12,25,2,0,220,0,12,1,231,220,12,25,0,265,0,34,220,0,0,36,0,0,220,34,0,0,0,0,13,12,220,1,220,220,0,98,12,1,30
0,231,220,0,1371,220,0,12,220,25,0,88,0,130,7,220,-1,0,1,25,0,0,229,0,90,12,13,135,12,13,220,265,231,220,220,2,0,12,0,220,1,63,12,220,220,0,262,0,229,12,0,0,10,0,0,12,229,0,0,0,0,13,220,12,1,25,12,0,98,220,1,231
0,186,12,0,1773,220,0,12,220,220,0,52,0,53,0,220,0,0,2,220,0,0,95,0,160,12,13,135,220,13,220,262,161,12,220,2,0,12,0,220,0,185,12,220,220,0,262,0,90,12,0,0,40,0,0,220,23,0,0,0,0,13,220,220,1,220,12,0,97,12,1,53
0,44,12,0,3334,220,0,12,220,220,0,93,0,53,22,220,-1,0,3,220,0,0,45,0,93,12,13,135,220,13,220,262,91,12,220,2,0,12,0,220,1,45,12,220,220,0,262,0,93,12,0,0,93,0,0,220,53,0,0,0,0,13,220,220,1,220,12,3,97,12,1,52
0,231,220,0,635,220,0,12,220,220,0,93,0,32,11,220,-1,0,0,220,0,0,223,0,39,12,13,135,234,13,220,262,231,220,220,2,0,25,0,220,0,223,25,220,220,0,262,0,39,25,1,1,93,0,0,30,32,0,0,0,0,14,220,45,1,220,12,0,98,220,1,231
0,223,220,0,636,28,0,220,99,99,0,91,0,220,0,30,-1,0,1,41,0,0,184,0,207,220,13,135,28,13,77,265,209,220,41,0,0,220,0,30,0,222,220,77,33,0,265,0,150,220,1,1,7,0,0,30,172,0,0,0,0,14,28,77,1,33,220,0,98,220,1,221
0,233,220,0,3999,12,0,220,25,25,0,94,0,229,0,12,0,0,2,25,0,0,132,0,117,220,13,135,12,13,12,265,152,220,25,2,0,220,0,12,0,232,220,12,25,0,265,0,48,220,1,0,5,0,0,12,34,0,0,0,0,14,12,12,1,25,220,0,97,220,1,236
0,47,220,0,7211,234,0,12,220,220,0,93,0,49,0,30,0,0,3,220,0,0,254,0,60,12,13,135,234,13,45,262,58,220,220,2,0,220,0,30,0,46,220,45,220,0,262,0,75,220,1,1,6,0,0,30,77,0,1,0,0,14,234,45,1,220,12,0,98,220,1,48
0,230,220,0,637,197,0,220,220,220,0,65,0,236,7,0,0,0,0,220,0,0,0,0,236,220,14,49,197,14,46,89,230,220,220,0,0,220,0,0,1,236,220,46,220,0,23,0,103,220,1,0,33,0,0,0,60,0,0,0,0,15,197,46,1,220,220,0,82,220,1,230
0,30,12,0,638,220,0,12,12,12,0,48,0,30,7,220,0,0,1,12,0,0,232,0,30,12,14,49,220,14,220,89,30,12,12,0,0,12,0,220,1,30,12,220,12,0,23,0,160,12,1,0,48,0,0,220,141,0,0,0,0,15,220,220,1,12,12,0,94,12,1,30
0,37,12,0,4388,220,0,12,12,12,0,99,0,31,7,220,0,0,2,12,0,0,35,0,37,12,14,49,220,14,220,89,38,12,12,0,0,12,0,220,1,35,12,220,12,0,23,0,37,12,1,0,99,0,0,220,31,0,0,0,0,15,220,220,1,12,12,0,99,12,1,32
0,30,12,0,639,197,0,0,220,12,0,72,0,231,8,0,0,0,0,12,0,0,231,0,231,46,14,49,220,14,46,89,29,12,220,0,0,220,0,0,1,231,220,46,220,0,23,0,23,220,1,0,24,0,0,220,23,0,0,0,0,17,197,220,1,12,197,0,88,12,1,29
0,13,12,0,640,12,0,12,220,12,0,63,0,222,7,12,0,0,1,12,0,0,13,0,0,12,14,49,220,14,12,89,204,12,220,0,0,220,0,12,1,254,220,12,220,0,23,0,204,220,1,0,28,0,0,220,100,0,0,0,0,17,12,220,1,12,12,0,88,12,1,99
0,44,12,0,4676,220,0,220,12,12,0,79,0,119,0,220,0,0,2,12,0,0,243,0,85,220,14,49,220,14,220,89,88,12,12,0,0,12,0,220,1,35,12,220,12,0,23,0,132,12,1,0,9,0,0,220,87,0,0,0,0,17,220,220,1,12,220,0,91,12,1,120
0,34,12,0,1372,28,0,220,99,220,0,70,0,227,0,30,0,0,0,220,0,0,34,0,227,220,13,135,220,13,77,262,63,12,41,2,0,220,0,30,1,227,220,77,33,0,265,0,62,220,1,0,12,0,5,220,37,0,1,0,0,18,28,220,1,220,220,0,93,12,1,37
0,26,12,0,1373,220,0,12,220,220,0,97,0,26,0,220,0,0,1,220,0,0,26,0,26,12,13,135,220,13,220,262,26,12,220,2,0,12,0,220,1,26,12,220,220,0,262,0,26,12,1,0,97,0,5,220,26,0,0,0,0,18,220,220,1,220,12,0,100,12,1,26
0,118,12,0,1774,220,0,12,220,220,0,83,0,12,0,220,0,0,2,220,0,0,189,0,103,12,13,135,220,13,220,262,102,12,220,2,0,12,0,220,1,119,12,220,220,0,262,0,138,12,1,0,15,0,6,220,58,0,1,0,0,18,220,220,1,220,12,0,97,12,1,12
0,226,220,0,3214,28,0,220,99,99,0,84,0,217,7,30,0,0,3,41,0,0,25,0,69,220,13,135,28,13,77,265,70,220,41,2,0,220,0,30,1,224,220,77,33,0,265,0,56,220,1,0,12,0,5,30,27,0,1,0,0,18,28,77,1,33,220,0,96,220,1,218
0,231,220,0,1374,220,0,12,220,25,0,95,0,43,7,220,0,0,0,25,0,0,124,0,64,12,13,135,12,13,220,265,231,220,220,2,0,12,0,220,1,124,12,220,220,0,262,0,64,12,1,0,95,0,0,12,43,0,0,0,0,19,220,12,1,25,12,0,91,220,1,231
0,40,12,0,1375,12,0,220,25,220,0,91,0,216,0,12,0,0,1,220,0,0,40,0,191,220,13,135,220,13,12,262,60,12,25,2,0,220,0,12,1,238,220,12,25,0,265,0,59,220,1,0,6,0,0,220,44,0,0,0,0,19,12,220,1,220,220,0,100,12,1,45
0,243,12,0,1775,220,0,12,220,220,0,78,0,103,0,220,0,0,2,220,0,0,230,0,47,12,13,135,220,13,220,262,47,12,220,2,0,12,0,220,1,242,12,220,220,0,262,0,36,12,1,0,10,0,0,220,65,0,1,0,0,19,220,220,1,220,12,0,91,12,1,104
0,208,220,0,5759,220,0,12,220,25,0,93,0,37,8,220,0,0,3,25,0,0,34,0,55,12,13,135,12,13,220,265,100,220,220,2,0,12,0,220,1,34,12,220,220,0,262,0,55,12,1,0,93,0,0,12,37,0,1,0,0,19,220,12,1,25,12,0,91,220,1,171
0,168,220,0,1376,220,0,220,40,220,0,77,0,24,0,220,0,0,0,220,0,0,235,0,36,220,100019,79,220,100,220,272,36,220,22,0,0,75,0,220,0,167,9,220,175,0,272,0,235,153,0,0,20,0,0,220,235,0,0,0,0,21,220,220,1,220,220,0,99,220,1,24
0,231,230,0,1377,230,0,85,91,64,0,75,0,230,3,85,-1,0,1,82,0,0,189,0,231,91,100019,79,230,100,91,285,231,64,85,0,0,85,0,82,0,231,78,64,78,0,285,0,178,91,0,0,7,0,0,82,174,0,0,0,0,21,78,64,1,230,78,0,97,82,1,231
0,170,12,0,1378,12,0,12,165,12,0,55,0,214,0,12,-1,0,2,12,0,0,117,0,159,12,100019,79,12,100,12,285,161,12,218,0,0,12,0,12,0,168,12,12,176,0,285,0,121,12,0,0,37,0,0,12,189,0,0,0,0,21,12,12,1,12,12,0,95,12,1,216
0,44,12,0,1379,213,0,203,12,189,0,96,0,30,7,203,-1,0,3,203,0,0,30,0,32,189,100019,79,213,0,189,286,46,12,12,0,0,12,0,203,0,30,12,189,12,0,286,0,32,12,0,0,96,0,0,203,30,0,1,0,0,21,213,189,1,213,213,3,97,12,1,44
0,29,9,0,17800,63,0,73,40,40,0,94,0,185,7,73,0,0,4,22,0,0,64,0,176,71,100019,6,63,0,71,233,29,153,22,0,0,75,0,73,0,189,9,71,175,0,233,0,72,153,0,1,5,0,8,73,74,0,0,0,0,21,63,71,1,175,63,3,97,75,1,29
0,33,249,0,1380,12,0,12,12,72,0,63,0,231,7,12,0,0,0,222,0,0,25,0,80,12,19,144,249,100,12,222,29,72,12,0,0,203,0,12,0,254,248,12,12,0,222,0,25,16,0,0,33,0,0,222,25,0,0,0,0,22,12,72,1,249,12,0,71,222,1,28
0,175,12,0,1381,12,0,12,225,12,0,68,0,221,0,12,0,0,1,12,0,0,24,0,188,12,19,144,12,100,12,222,93,12,211,0,0,12,0,12,0,201,12,12,189,0,222,0,24,12,0,0,25,0,0,12,23,0,0,0,0,22,12,12,1,12,12,0,71,12,1,233
0,44,199,0,1776,237,0,12,12,57,0,78,0,119,0,203,0,0,2,188,0,0,249,0,85,12,19,144,199,100,7,222,88,57,12,0,0,203,0,203,0,36,237,7,12,0,222,0,17,7,0,0,9,0,0,188,206,0,0,0,0,22,237,57,1,199,12,0,91,188,1,120
0,33,210,0,1777,12,0,12,12,40,0,86,0,185,0,12,0,0,3,173,0,0,25,0,28,12,19,144,210,100,12,222,30,40,12,2,0,153,0,12,0,250,186,12,12,0,222,0,25,20,0,1,12,0,0,173,25,0,0,0,0,22,12,40,1,210,12,0,100,173,1,29
0,29,251,0,11379,251,0,201,12,12,0,80,0,31,0,201,0,0,4,12,0,0,240,0,31,12,0,144,251,100,12,222,29,12,12,0,0,201,0,201,0,31,251,12,12,0,222,0,29,12,0,0,9,0,0,201,209,1,0,0,0,22,251,12,1,12,251,0,71,201,1,29
0,238,12,0,1382,12,0,12,220,12,0,93,0,234,0,12,0,0,0,12,0,0,31,0,217,12,19,141,12,0,12,240,215,12,220,0,0,12,0,12,0,240,12,12,220,0,240,0,31,12,0,1,5,0,0,12,31,0,1,0,0,23,12,12,1,12,12,0,93,12,1,232
0,78,220,0,1383,220,0,220,12,220,0,75,0,179,0,220,0,0,1,220,0,0,34,0,65,220,19,141,220,0,220,240,64,220,12,0,0,220,0,220,0,79,220,220,12,0,240,0,19,220,0,1,9,0,0,220,34,0,0,0,0,23,220,220,1,220,220,0,93,220,1,177
0,250,12,0,1778,12,0,12,220,12,0,74,0,241,0,12,0,0,2,12,0,0,189,0,2,12,19,141,12,0,12,240,7,12,220,0,0,12,0,12,0,252,12,12,220,0,240,0,19,12,0,1,23,0,0,12,174,0,1,0,0,23,12,12,1,12,12,0,62,12,1,240
0,29,220,0,3681,220,0,220,12,220,0,96,0,30,0,220,0,0,3,220,0,0,30,0,30,220,19,141,220,100,220,240,29,220,12,0,0,220,0,220,0,30,220,220,12,0,240,0,30,220,0,1,96,0,0,220,30,0,0,0,0,23,220,220,1,220,220,0,100,220,1,29
0,30,220,0,17575,220,0,220,12,220,0,88,0,31,0,220,0,0,4,220,0,0,31,0,31,220,0,0,220,0,220,275,30,220,12,0,0,220,0,220,0,31,220,220,12,0,240,0,31,220,0,0,88,0,0,220,31,1,0,0,0,23,220,220,1,220,220,0,100,220,1,30
0,183,12,0,641,12,0,12,12,12,0,73,1,231,5,12,0,0,0,12,0,0,174,0,231,12,19,17,12,100,12,2,34,12,12,0,0,220,0,12,0,231,220,12,12,0,2,0,46,220,0,0,19,0,0,12,35,0,0,0,0,25,12,12,1,12,12,0,100,12,1,28
0,29,220,0,4714,220,0,220,220,220,0,87,1,35,0,220,0,0,1,220,0,0,231,0,36,220,19,17,220,100,220,2,29,220,220,0,0,220,0,220,0,34,220,220,220,0,2,0,231,220,0,0,11,0,0,220,231,0,0,0,0,25,220,220,1,220,220,0,100,220,1,29
0,2,220,0,4688,220,0,220,220,220,0,54,1,108,0,220,0,0,2,220,0,0,67,0,76,220,19,17,220,100,220,2,68,220,220,0,0,220,0,220,0,57,220,220,220,0,2,0,91,220,0,0,42,0,6,220,177,0,0,0,0,25,220,220,1,220,220,0,100,220,1,118
0,201,12,0,642,220,0,220,220,12,0,98,1,33,5,220,0,0,3,12,0,0,193,0,39,220,19,17,12,100,220,2,41,12,220,0,0,220,0,220,0,193,220,220,220,0,2,0,39,220,0,0,98,0,0,12,33,0,0,0,0,25,220,12,1,12,220,0,100,12,1,35
0,29,220,0,17551,220,0,220,220,220,0,91,1,35,5,220,0,0,4,220,0,0,231,0,35,220,0,17,220,0,220,2,29,220,220,0,0,220,0,220,0,34,220,220,220,0,2,0,231,220,0,0,8,0,0,220,231,1,0,0,0,25,220,220,1,220,220,0,100,220,1,29
0,231,0,0,643,220,0,220,220,185,0,81,1,111,7,220,0,0,0,111,0,0,230,0,170,220,2076,1,0,100,220,6,231,185,220,0,0,220,0,220,0,17,220,220,220,0,6,0,230,220,0,0,10,0,0,111,230,0,0,0,0,27,220,185,1,0,220,0,96,111,1,231
0,0,220,0,644,0,0,111,185,220,0,85,1,217,7,111,0,0,1,220,0,0,2,0,207,185,2076,1,220,100,185,6,186,220,111,0,0,111,0,111,0,220,0,185,0,0,6,0,185,185,0,0,12,0,0,220,113,0,0,0,0,27,0,220,1,220,0,0,99,220,1,112
0,83,220,0,4750,220,0,220,220,220,0,100,1,97,0,220,0,0,2,220,0,0,84,0,107,220,2076,1,220,76,220,6,106,220,220,0,0,220,0,220,0,84,220,220,220,0,6,0,107,220,0,0,100,0,0,220,97,0,0,0,0,27,220,220,1,220,220,0,100,220,1,96
0,194,220,0,1384,12,0,12,12,220,0,56,0,229,7,12,0,0,0,220,0,0,46,0,229,12,19,1,220,100,12,10,38,220,12,0,0,12,0,12,0,229,12,12,12,0,10,0,124,12,0,0,29,0,0,220,63,0,0,0,0,28,12,220,1,220,12,0,98,220,1,29
0,29,220,0,1385,220,0,220,220,220,0,70,0,63,0,220,0,0,1,220,0,0,29,0,125,220,19,1,220,100,220,10,29,220,220,0,0,220,0,220,0,46,220,220,220,0,10,0,29,220,0,0,20,0,0,220,29,0,0,0,0,28,220,220,1,220,220,0,98,220,1,29
0,229,12,0,1779,12,0,12,12,12,0,92,0,228,0,12,0,0,2,12,0,0,132,0,107,12,19,1,12,100,12,10,148,12,12,0,0,12,0,12,0,232,12,12,12,0,10,0,47,12,0,0,5,0,0,12,33,0,0,0,0,28,12,12,1,12,12,0,92,12,1,231
0,29,220,0,3335,220,0,220,220,220,0,79,0,29,0,220,0,0,3,220,0,0,234,0,29,220,19,1,220,100,220,10,29,220,220,0,0,220,0,220,0,29,220,220,220,0,10,0,125,220,0,0,14,0,0,220,50,0,0,0,0,28,220,220,1,220,220,0,98,220,1,29
0,29,220,0,17552,12,0,12,12,220,0,72,0,230,0,12,0,0,4,220,0,0,30,0,230,12,19,1,220,0,12,137,29,220,12,0,0,12,0,12,0,230,12,12,12,0,137,0,48,12,0,0,26,0,0,220,33,1,0,0,0,28,12,220,1,220,12,0,98,220,1,29
0,231,12,0,645,220,0,220,220,12,0,92,0,40,0,220,0,0,0,12,0,0,231,0,51,220,20,2,12,100,220,8,231,12,220,0,0,220,0,220,0,173,220,220,220,0,8,0,231,220,1,0,7,0,8,45,231,0,0,0,0,29,220,12,1,12,220,0,84,12,1,231
0,23,220,0,4070,12,0,12,12,220,0,86,0,231,0,12,0,0,1,220,0,0,25,0,230,12,20,2,220,100,12,8,39,220,12,0,0,12,0,12,0,229,12,12,12,0,8,0,38,12,1,0,11,0,0,220,30,0,0,0,0,29,12,220,1,220,12,0,84,220,1,29
0,123,220,0,4354,220,0,220,220,220,0,98,0,159,0,220,0,0,2,220,0,0,121,0,207,220,20,2,220,100,220,8,208,220,220,0,0,220,0,220,0,121,220,220,220,0,8,0,207,220,1,0,98,0,8,220,159,0,0,0,0,29,220,220,1,220,220,0,100,220,1,160
0,231,158,0,647,158,0,36,42,42,0,81,0,229,7,36,0,0,0,36,0,0,171,0,229,42,19,1,158,100,42,137,231,42,36,0,0,36,0,36,0,229,158,42,158,0,137,0,44,42,0,0,17,0,0,36,39,0,0,0,0,31,158,42,1,158,158,0,98,36,1,231
0,163,220,0,648,220,0,220,220,220,0,94,0,27,7,220,0,0,1,220,0,0,162,0,9,220,19,1,220,100,220,137,5,220,220,0,0,220,0,220,0,162,220,220,220,0,137,0,9,220,0,0,94,0,0,220,27,0,0,0,0,31,220,220,1,220,220,0,99,220,1,19
0,47,220,0,3992,220,0,220,220,220,0,77,0,116,0,220,0,0,2,220,0,0,254,0,183,220,19,1,220,100,220,137,183,220,220,0,0,220,0,220,0,48,220,220,220,0,137,0,21,220,0,0,13,0,0,220,235,0,0,0,0,31,220,220,1,220,220,0,97,220,1,115
0,36,196,0,3940,196,0,148,48,48,0,86,0,39,0,148,0,0,3,148,0,0,1,0,41,48,19,1,196,87,48,1,38,48,148,0,0,148,0,148,0,39,196,48,196,0,1,0,1,48,0,0,9,0,0,148,1,0,0,0,0,31,196,48,1,196,196,0,85,148,1,36
0,14,220,0,1386,175,0,220,12,42,0,94,0,17,0,29,0,0,0,29,0,0,23,0,16,220,19,60,175,100,42,109,14,220,12,0,0,220,0,29,0,23,220,42,12,0,109,0,16,220,0,1,94,0,0,29,17,0,0,0,0,32,175,42,1,175,220,3,99,220,1,14
0,253,57,0,1387,27,0,24,220,12,0,57,0,244,0,24,0,0,1,12,0,0,177,0,225,41,19,60,27,100,41,109,228,126,220,0,0,81,0,24,0,251,57,41,220,0,109,0,105,126,0,1,24,0,0,24,97,0,0,0,0,32,27,41,1,12,27,3,94,81,1,247
0,64,12,0,1780,220,0,12,12,220,0,98,0,150,7,220,0,0,2,220,0,0,67,0,93,12,19,60,220,100,220,109,92,12,12,0,0,12,0,220,0,67,12,220,12,0,109,0,93,12,0,1,98,0,0,220,150,0,0,0,0,32,220,220,1,220,12,3,99,12,1,150
0,8,127,0,1781,220,0,194,150,220,0,96,0,69,0,220,0,0,3,220,0,0,8,0,186,226,19,60,220,100,220,109,194,226,74,0,0,194,0,220,0,8,127,220,63,0,109,0,186,226,0,1,96,0,0,220,69,0,0,0,0,32,220,220,1,220,127,3,97,194,1,71
0,14,220,0,14066,220,0,220,71,220,0,69,0,32,7,220,0,0,4,220,0,0,0,0,50,220,0,60,220,0,220,109,14,220,69,0,0,220,0,220,0,201,220,220,255,0,109,0,0,220,0,1,28,0,0,220,0,1,0,0,0,32,220,220,1,220,220,3,100,220,1,14
0,231,12,0,649,12,0,12,12,12,0,74,0,231,8,12,0,0,0,12,0,0,115,0,231,12,2076,1,12,76,12,3,231,12,12,0,0,12,0,12,0,230,12,12,12,0,3,0,217,12,1,0,19,0,10,12,182,0,1,0,0,33,12,12,1,12,12,0,99,12,1,231
0,48,110,0,650,110,0,187,219,219,0,94,0,51,0,187,0,0,1,187,0,0,44,0,70,219,2076,1,110,76,219,3,75,219,187,0,0,187,0,187,0,44,110,219,110,0,3,0,70,219,1,0,94,0,10,187,51,0,0,0,0,33,110,219,1,110,110,0,99,187,1,55
0,169,12,0,5276,12,0,12,12,12,0,91,0,199,0,12,0,0,2,12,0,0,24,0,81,12,2076,1,12,76,12,3,81,12,12,0,0,12,0,12,0,169,12,12,12,0,3,0,24,12,0,0,7,0,0,12,24,0,0,0,0,33,12,12,1,12,12,0,91,12,1,199
0,231,43,0,1388,220,0,220,220,129,0,89,0,56,7,220,0,0,0,63,0,0,230,0,103,220,20,8,43,100,220,12,231,129,220,0,0,220,0,220,0,43,220,220,220,0,12,0,230,220,0,1,5,0,0,63,230,0,0,0,0,34,220,129,1,43,220,0,98,63,1,231
0,59,220,0,1389,26,0,58,144,220,0,80,0,231,7,58,0,0,1,220,0,0,56,0,231,144,20,1,220,100,144,12,128,220,58,0,0,58,0,58,0,231,26,144,26,0,12,0,130,144,0,1,19,0,0,220,71,0,0,0,0,34,26,220,1,220,26,0,99,220,1,72
0,244,220,0,1390,220,0,220,220,220,0,87,0,65,0,220,0,0,2,220,0,0,249,0,60,220,20,8,220,100,220,12,77,220,220,0,0,220,0,220,0,225,220,220,220,0,12,0,99,220,0,0,6,0,0,220,106,0,0,0,0,34,220,220,1,220,220,0,96,220,1,82
0,230,12,0,1392,12,0,12,12,12,0,87,0,231,7,12,0,0,0,12,0,0,226,0,231,12,19,1,12,100,12,12,230,12,12,0,0,12,0,12,0,232,12,12,12,0,12,0,64,12,0,0,10,0,0,12,38,0,0,0,0,36,12,12,1,12,12,0,98,12,1,230
0,173,220,0,1393,220,0,220,220,220,0,91,0,30,7,220,0,0,1,220,0,0,227,0,38,220,19,1,220,100,220,12,33,220,220,0,0,220,0,220,0,163,220,220,220,0,12,0,227,220,0,0,7,0,0,220,227,0,0,0,0,36,220,220,1,220,220,0,99,220,1,26
0,162,12,0,1782,12,0,12,12,12,0,86,0,214,7,12,0,0,2,12,0,0,31,0,88,12,19,1,12,100,12,12,86,12,12,0,0,220,0,12,0,163,220,12,12,0,12,0,31,220,0,0,11,0,0,12,31,0,0,0,0,36,12,12,1,12,12,0,98,12,1,214
0,31,191,0,3659,191,0,160,92,92,0,61,0,50,0,160,0,0,3,160,0,0,81,0,52,92,19,1,191,100,92,12,31,92,160,0,0,160,0,160,0,55,191,92,191,0,12,0,80,92,0,0,36,0,0,160,76,0,0,0,0,36,191,92,1,191,191,0,97,160,1,31
0,231,12,0,14067,12,0,12,12,12,0,90,0,233,7,12,0,0,4,12,0,0,234,0,233,12,19,17,12,100,12,137,231,12,12,0,0,12,0,12,0,234,12,12,12,0,137,0,233,12,0,0,90,0,0,12,233,0,1,0,0,36,12,12,1,12,12,0,100,12,1,231
0,206,1,0,1394,220,0,220,220,57,0,88,0,95,0,220,0,0,0,99,0,0,239,0,70,220,19,6,1,100,220,232,206,57,220,0,0,220,0,220,0,3,220,220,220,0,232,0,236,220,0,0,9,0,0,99,240,0,0,0,0,38,220,57,1,1,220,0,87,99,1,206
0,196,12,0,1395,12,0,12,12,12,0,54,0,240,7,12,0,0,1,12,0,0,195,0,235,12,19,1,12,100,12,232,171,12,12,0,0,12,0,12,0,242,12,12,12,0,232,0,171,12,0,0,42,0,0,12,190,0,0,0,0,38,12,12,1,12,12,0,95,12,1,190
0,244,12,0,1396,12,0,12,12,12,0,70,0,227,7,12,0,0,2,12,0,0,241,0,0,12,19,1,12,100,12,10,0,12,12,0,0,12,0,12,0,253,12,12,12,0,10,0,0,12,0,0,26,0,0,12,188,0,0,0,0,38,12,12,1,12,12,0,70,12,1,203
0,5,157,0,1397,157,0,110,84,84,0,89,0,51,0,110,0,0,3,110,0,0,17,0,43,84,19,6,157,100,84,9,83,84,110,0,0,110,0,110,0,22,157,84,157,0,9,0,86,84,0,0,7,0,0,110,95,0,0,0,0,38,157,84,1,157,157,0,62,110,1,92
0,196,12,0,17574,12,0,12,12,12,0,54,0,240,7,12,0,0,4,12,0,0,195,0,235,12,0,6,12,0,12,232,171,12,12,0,0,12,0,12,0,242,12,12,12,0,232,0,170,12,0,0,43,0,0,12,189,1,0,0,0,38,12,12,1,12,12,0,95,12,1,190
0,30,12,0,1404,32,0,12,12,96,0,70,0,230,3,12,0,0,0,94,0,0,35,0,229,12,31,22,220,31,12,28,30,12,12,0,0,220,0,32,0,230,220,32,12,0,28,0,35,220,1,1,19,0,0,220,34,0,1,0,0,45,12,220,1,96,12,0,99,12,1,30
0,121,220,0,1405,31,0,58,114,114,0,60,0,163,0,58,-1,0,1,58,0,0,194,0,189,114,31,22,31,31,114,266,184,220,58,0,0,220,0,58,0,134,220,114,31,0,28,0,220,220,1,1,38,0,0,58,218,0,0,0,0,45,31,114,1,31,31,0,93,220,1,152
0,210,12,0,1406,220,0,220,237,237,0,90,0,43,0,220,0,0,2,236,0,0,230,0,59,220,31,22,220,31,220,266,80,12,236,0,0,12,0,220,0,205,12,220,236,0,28,0,230,12,1,0,6,0,0,220,230,0,0,0,0,45,220,220,1,236,220,0,97,12,1,56
0,27,12,0,1407,242,0,219,195,195,0,95,0,34,7,219,-1,0,3,219,0,0,34,0,34,195,31,22,242,31,195,266,27,12,219,0,0,12,0,219,0,34,12,195,242,0,28,0,34,12,1,1,95,0,0,219,34,0,0,0,0,45,242,195,1,242,242,0,99,12,1,27
0,24,219,0,18095,219,0,8,52,52,0,53,0,232,18,8,0,0,4,8,0,0,23,0,232,52,31,22,219,31,52,266,24,52,8,2,0,8,0,8,0,232,219,52,219,0,266,0,23,52,1,0,46,0,8,8,23,0,0,0,0,45,219,52,0,219,219,0,99,8,0,24
0,231,0,0,651,220,0,220,189,189,0,91,0,131,7,220,0,0,0,131,0,0,230,0,190,220,100031,22,0,31,220,282,231,189,131,0,0,131,0,220,0,0,0,220,0,0,282,0,231,189,0,0,7,0,0,131,230,0,0,0,0,48,220,189,1,0,220,0,100,131,1,231
0,209,63,0,652,63,0,53,220,53,0,76,0,195,25,53,0,0,1,53,0,0,170,0,181,53,100031,22,63,31,53,282,191,53,220,0,0,220,0,53,0,202,220,53,220,0,282,0,140,220,0,1,20,0,0,53,159,0,0,0,0,48,63,53,1,63,63,0,100,53,1,203
0,231,220,0,4366,220,0,220,16,220,0,86,0,74,2,220,0,0,2,220,0,0,201,0,23,220,100031,22,220,31,220,282,23,220,69,0,0,69,0,220,0,228,246,220,246,0,282,0,24,16,0,0,13,0,0,220,41,0,0,0,0,48,220,220,1,220,220,0,100,220,1,79
0,49,97,0,4632,97,0,155,12,189,0,98,0,41,11,155,0,0,3,155,0,0,49,0,43,189,100031,22,97,31,189,282,43,189,12,0,0,12,0,155,0,49,12,189,12,0,282,0,43,12,0,1,98,0,0,155,41,0,0,0,0,48,97,189,1,97,97,0,100,155,1,41
0,30,12,0,1414,12,0,220,220,220,0,85,0,231,8,12,0,0,0,220,0,0,29,0,229,220,31,22,220,31,12,213,30,12,220,0,0,220,0,12,0,231,220,12,220,0,207,0,29,220,1,0,13,0,0,220,29,0,0,0,0,50,12,220,1,220,220,0,100,12,1,30
0,17,248,0,1415,38,0,198,17,17,0,47,0,206,7,57,0,0,1,205,0,0,25,0,26,19,31,22,248,31,103,213,113,17,205,0,0,205,0,57,0,248,248,103,248,0,207,0,119,17,1,0,39,0,0,205,72,0,0,0,0,50,38,17,1,248,230,0,100,205,1,65
0,139,12,0,1785,220,0,12,12,220,0,98,0,202,0,220,0,0,2,220,0,0,157,0,236,12,31,22,220,31,220,213,224,12,12,2,0,12,0,220,0,157,12,220,12,0,207,0,236,12,1,0,98,0,0,220,202,0,0,0,0,50,220,220,1,220,12,0,99,12,1,186
0,229,220,0,4189,15,0,255,220,220,0,81,0,232,9,66,0,0,3,220,0,0,25,0,230,128,31,22,15,31,115,213,229,220,220,2,0,255,0,66,0,233,255,115,220,0,207,0,120,128,1,0,10,0,0,66,66,0,1,0,0,50,15,115,1,220,255,0,99,220,1,229
0,108,237,0,1416,237,0,138,66,0,0,90,0,39,3,138,0,0,0,138,0,0,231,0,65,0,31,22,237,31,0,281,66,0,40,0,0,40,0,138,0,106,107,0,107,0,281,0,1,66,0,1,9,0,0,138,134,0,0,0,0,52,237,0,1,237,237,0,98,138,1,40
0,30,236,0,1417,12,0,12,0,0,0,89,0,119,0,12,0,0,1,137,0,0,36,0,7,12,31,22,236,31,12,281,30,0,137,0,0,137,0,12,0,229,236,12,236,0,281,0,38,0,0,1,6,0,0,137,37,0,0,0,0,52,12,0,1,236,12,0,99,137,1,30
0,60,195,0,1786,195,0,12,12,131,0,91,0,46,0,222,0,0,2,222,0,0,201,0,48,12,31,22,195,31,131,281,64,131,12,2,0,12,0,222,0,46,12,131,12,0,281,0,135,12,0,1,5,0,0,222,220,0,0,0,0,52,195,131,1,195,12,0,96,222,1,60
0,230,65,0,1418,65,0,131,31,104,0,93,0,224,11,131,0,0,3,131,0,0,224,0,224,104,31,22,65,31,104,281,230,104,177,0,0,177,0,131,0,224,243,104,243,0,281,0,224,31,0,1,93,0,8,131,224,0,1,0,0,52,65,104,1,65,65,3,97,131,1,230
0,231,120,0,1419,220,0,220,36,36,0,96,0,42,8,220,0,0,0,43,0,0,104,0,35,220,31,22,120,31,220,213,231,36,43,0,0,43,0,220,0,104,120,220,120,0,207,0,35,36,1,0,96,0,0,43,42,0,0,0,0,54,220,36,1,120,220,0,92,43,1,231
0,107,220,0,1420,120,0,42,220,220,0,87,0,226,0,42,0,0,1,220,0,0,108,0,224,36,31,22,220,31,36,213,45,220,220,0,0,220,0,42,0,227,220,36,220,0,207,0,43,220,1,0,10,0,0,220,34,0,0,0,0,54,120,220,1,220,120,0,100,220,1,36
0,16,220,0,1787,220,0,220,81,220,0,84,0,53,0,220,0,0,2,220,0,0,217,0,82,220,31,22,220,31,220,213,82,220,53,0,0,53,0,220,0,16,16,220,16,0,207,0,218,81,1,0,12,0,0,220,217,0,0,0,0,54,220,220,1,220,220,0,96,220,1,53
0,37,173,0,3783,173,0,83,12,83,0,96,0,33,7,83,0,0,3,83,0,0,34,0,34,83,31,22,173,31,83,213,38,83,12,0,0,12,0,83,0,34,12,83,12,0,207,0,34,12,1,0,96,0,0,83,33,0,0,0,0,54,173,83,1,173,173,0,100,83,1,37
0,29,208,0,1421,220,0,30,12,220,0,76,0,30,7,220,0,0,0,220,0,0,226,0,30,57,31,22,220,31,220,213,29,57,12,2,0,30,0,220,0,30,208,220,12,0,207,0,226,57,1,0,15,0,0,220,226,0,0,0,0,55,220,220,1,220,208,0,86,30,1,29
0,129,208,0,1422,220,0,30,12,220,0,68,0,155,20,220,0,0,1,220,0,0,217,0,167,57,31,22,220,31,220,213,164,57,12,2,0,30,0,220,0,131,208,220,12,0,207,0,246,57,1,0,15,0,0,220,237,0,0,0,0,55,220,220,1,220,208,0,95,30,1,152
0,244,220,0,1788,12,0,220,220,12,0,96,0,230,7,12,0,0,2,12,0,0,246,0,64,220,31,22,12,31,12,213,61,220,220,2,0,220,0,12,0,246,220,12,220,0,207,0,64,220,1,0,96,0,0,12,230,0,0,0,0,55,12,12,1,12,220,0,98,220,1,228
0,211,220,0,5310,12,0,220,220,12,0,79,0,157,11,12,0,0,3,12,0,0,174,0,59,220,31,22,12,31,12,213,57,220,220,2,0,220,0,12,0,218,220,12,220,0,207,0,48,220,1,0,11,0,0,12,128,0,0,0,0,55,12,12,1,12,220,0,82,220,1,152
0,229,22,0,1423,22,0,66,220,132,0,88,0,225,0,66,0,0,0,66,0,0,23,0,225,132,16,19,22,86,132,200,229,132,220,0,0,220,0,66,0,225,220,132,220,0,200,0,130,220,0,0,9,0,0,66,66,0,0,0,0,57,22,132,1,22,22,0,98,66,1,229
0,27,220,0,1424,220,0,220,12,220,0,89,0,32,13,220,0,0,1,220,0,0,230,0,33,220,16,19,220,85,220,200,27,220,12,0,0,12,0,220,0,32,12,220,12,0,200,0,230,12,0,0,8,0,0,220,230,0,0,0,0,57,220,220,1,220,220,0,92,220,1,27
0,235,220,0,1425,220,0,220,43,220,0,92,0,80,7,220,0,0,2,220,0,0,234,0,42,220,16,19,220,85,220,200,45,220,78,0,0,78,0,220,0,234,232,220,232,0,200,0,42,43,0,0,92,0,0,220,80,0,0,0,0,57,220,220,1,220,220,2,98,220,1,84
0,58,220,0,655,220,0,220,106,220,0,93,0,80,0,220,0,0,0,220,0,0,237,0,134,220,17,19,220,100,220,201,134,220,73,0,0,73,0,220,0,59,74,220,74,0,201,0,237,106,0,0,5,0,0,220,237,0,0,0,0,58,220,220,1,220,220,0,90,220,1,80
0,231,74,0,656,74,0,73,220,106,0,91,0,231,0,73,0,0,1,73,0,0,29,0,231,106,17,19,74,100,106,201,231,106,220,0,0,220,0,73,0,231,220,106,220,0,201,0,139,220,0,0,7,0,0,73,82,0,0,0,0,58,74,106,1,74,74,0,90,73,1,231
0,227,226,0,5253,220,0,220,220,220,0,54,0,126,0,220,0,0,2,127,0,0,140,0,219,220,17,19,220,100,220,201,221,220,127,0,0,127,0,220,0,225,226,220,226,0,201,0,139,220,0,0,41,0,0,220,53,0,0,0,0,58,220,220,1,226,220,0,96,127,1,127
0,30,12,0,5069,220,0,12,12,12,4,59,0,32,11,220,0,0,0,12,0,0,31,0,38,12,17,19,220,100,220,201,30,12,12,2,0,12,0,220,0,188,12,220,12,0,201,0,30,12,0,0,37,0,0,220,30,0,0,0,0,62,220,220,1,12,12,0,96,12,1,30
0,231,12,0,5078,12,0,12,220,12,0,88,0,231,11,12,0,0,1,12,0,0,30,0,231,12,17,19,12,76,12,201,231,12,220,0,0,220,0,12,0,231,220,12,220,0,201,0,30,220,0,0,8,0,0,12,29,0,0,0,0,62,12,12,1,12,12,0,85,12,1,231
0,117,220,0,5457,12,0,12,220,220,4,93,0,182,11,12,0,0,2,220,0,0,30,0,37,12,17,19,12,100,12,201,41,220,220,0,0,220,0,12,0,113,220,12,220,0,201,0,30,220,0,0,6,0,0,12,30,0,0,0,0,62,12,12,1,220,12,0,85,220,1,183
0,225,255,0,1429,225,0,37,46,46,0,67,0,210,7,37,0,0,0,208,0,0,225,0,50,27,16,19,255,100,27,204,37,46,208,0,0,208,0,37,0,254,255,27,255,0,204,0,38,46,1,0,28,0,0,208,41,0,1,0,0,64,225,46,1,255,225,0,97,208,1,40
0,29,220,0,1430,220,0,220,12,220,0,72,0,29,8,220,0,0,1,220,0,0,6,0,30,220,16,19,220,100,220,204,29,220,12,0,0,12,0,220,0,31,12,220,12,0,204,0,82,12,1,0,21,0,0,220,130,0,0,0,0,64,220,220,1,220,220,0,97,220,1,29
0,125,220,0,5029,220,0,220,170,220,0,97,0,97,0,220,0,0,2,220,0,0,126,0,164,220,16,19,220,76,220,200,164,220,96,0,0,96,0,220,0,126,136,220,136,0,200,0,164,170,1,0,97,0,0,220,97,0,0,0,0,64,220,220,1,220,220,0,97,220,1,96
0,221,12,0,6716,12,0,12,201,12,0,70,0,216,11,12,0,0,3,12,0,0,151,0,201,12,16,19,12,76,12,200,199,12,217,0,0,217,0,12,0,223,223,12,223,0,200,0,80,201,1,0,27,0,0,12,127,0,0,0,0,64,12,12,1,12,12,0,97,12,1,214
0,47,220,0,1432,220,0,220,55,220,0,97,0,33,7,220,0,0,0,220,0,0,155,0,40,220,16,19,220,100,220,204,77,220,16,0,0,16,0,220,0,155,221,220,221,0,204,0,40,55,0,0,97,0,0,220,33,0,0,0,0,65,220,220,1,220,220,3,99,220,1,59
0,230,9,0,1433,9,0,220,220,102,0,95,0,223,7,51,0,0,1,51,0,0,230,0,204,220,16,19,9,100,102,204,205,102,220,0,0,220,0,51,0,230,220,102,220,0,204,0,204,220,0,0,95,0,0,51,223,0,0,0,0,65,9,102,1,9,220,3,99,51,1,223
0,75,12,0,1434,12,0,220,220,12,0,97,0,153,7,12,0,0,2,12,0,0,75,0,200,220,16,19,12,100,12,204,201,12,220,0,0,220,0,12,0,75,220,12,220,0,204,0,200,220,0,0,97,0,0,12,153,0,0,0,0,65,12,12,1,12,220,3,99,12,1,153
0,32,213,0,5024,213,0,169,12,102,0,96,0,50,7,169,0,0,3,169,0,0,35,0,66,102,16,19,213,100,102,204,32,102,12,0,0,12,0,169,0,35,12,102,12,0,204,0,66,12,0,0,96,0,0,169,50,0,0,0,0,65,213,102,1,213,213,3,100,169,1,32
0,231,56,0,1435,56,0,62,62,144,0,87,0,231,3,61,0,0,0,61,0,0,47,0,231,62,16,19,56,100,144,200,231,144,62,2,0,62,0,61,0,231,214,144,214,0,200,0,149,62,0,0,7,0,0,61,59,0,0,0,0,66,56,144,1,56,214,0,98,61,1,231
0,40,220,0,1436,220,0,61,62,220,0,93,0,41,22,220,-1,0,1,220,0,0,41,0,67,144,16,19,220,100,220,200,66,220,62,2,0,61,0,220,0,41,56,220,214,0,200,0,67,144,0,1,93,0,0,220,41,0,0,0,0,66,220,220,1,220,56,0,97,220,1,40
0,138,220,0,1437,220,0,12,116,220,0,92,0,58,0,220,0,0,2,220,0,0,232,0,123,12,16,19,220,100,220,200,132,220,56,2,0,56,0,220,0,123,123,220,123,0,200,0,232,116,0,0,6,0,0,220,232,0,0,0,0,66,220,220,1,220,12,0,97,220,1,60
0,183,160,0,1438,160,0,185,189,77,0,92,0,182,11,57,-1,0,3,57,0,0,181,0,186,189,16,19,160,100,77,200,190,77,185,2,0,185,0,57,0,179,184,77,184,0,200,0,74,189,0,1,5,0,0,57,43,0,0,0,0,66,160,77,1,160,184,0,98,57,1,185
0,231,133,0,659,220,0,220,25,25,4,97,0,18,0,220,0,0,0,22,0,0,124,0,22,220,16,19,133,76,220,200,230,25,22,0,0,22,0,220,0,124,133,220,133,0,200,0,22,25,0,0,97,0,0,22,18,0,0,0,0,68,220,25,1,133,220,0,86,22,1,230
0,111,220,0,660,110,0,13,220,220,4,86,0,231,0,13,0,0,1,220,0,0,181,0,231,23,16,19,220,76,23,200,23,220,220,0,0,220,0,13,0,231,220,23,220,0,200,0,183,220,0,0,10,0,0,220,181,0,0,0,0,68,110,220,1,220,110,0,92,220,1,13
0,157,230,0,1439,230,0,71,83,154,4,97,0,201,0,71,0,0,2,71,0,0,151,0,72,154,16,19,230,76,154,200,74,154,203,0,0,203,0,71,0,151,152,154,152,0,200,0,72,83,0,0,97,0,0,71,201,0,0,0,0,68,230,154,1,230,230,0,93,71,1,203
0,231,177,0,1440,177,0,33,220,66,0,80,0,230,13,33,0,0,0,33,0,0,176,0,230,66,16,19,177,76,66,200,231,66,220,0,0,220,0,33,0,230,220,66,220,0,200,0,56,220,1,1,18,0,0,33,30,0,0,0,0,69,177,66,1,177,177,0,99,33,1,231
0,36,128,0,1441,128,0,105,155,28,0,96,0,69,19,105,0,0,1,105,0,0,38,0,157,28,16,19,128,76,28,200,155,28,68,0,0,68,0,105,0,38,36,28,36,0,200,0,157,155,1,1,96,0,0,105,69,0,0,0,0,69,128,28,1,128,128,0,99,105,1,67
0,140,12,0,1442,12,0,12,63,12,0,95,0,194,0,12,0,0,2,12,0,0,138,0,63,12,16,19,12,76,12,200,63,12,196,0,0,196,0,12,0,138,139,12,139,0,200,0,63,63,1,0,95,0,0,12,194,0,0,0,0,69,12,12,1,12,12,0,99,12,1,197
0,235,12,0,5760,12,0,12,190,12,0,98,0,241,0,12,0,0,3,12,0,0,236,0,193,12,16,19,12,76,12,200,191,12,241,0,0,241,0,12,0,236,234,12,234,0,200,0,193,190,1,1,98,0,0,12,241,0,0,0,0,69,12,12,1,12,12,0,99,12,1,241
0,222,220,0,661,194,0,220,220,220,0,75,0,49,5,95,0,0,0,220,0,0,219,0,73,220,17,19,220,76,62,205,40,220,220,2,0,220,0,95,0,41,220,62,220,0,205,0,40,220,0,0,22,0,5,220,78,0,0,0,0,70,194,220,1,220,220,0,98,220,1,80
0,230,194,0,662,194,0,12,12,62,0,84,0,231,5,95,0,0,1,95,0,0,222,0,231,12,17,19,194,76,62,205,230,62,12,2,0,12,0,95,0,231,12,62,12,0,205,0,43,12,0,0,7,0,5,95,82,0,0,0,0,70,194,62,1,194,12,0,97,95,1,230
0,251,12,0,4738,12,0,220,220,12,0,62,0,181,0,12,0,0,2,12,0,0,251,0,51,220,17,19,12,86,12,205,66,12,220,2,0,220,0,12,0,246,220,12,220,0,205,0,67,220,0,0,36,0,0,12,218,0,0,0,0,70,12,12,1,12,220,0,59,12,1,215
0,0,247,0,1443,0,0,154,8,8,0,80,0,224,5,154,0,0,0,221,0,0,8,0,0,75,16,19,247,100,75,200,70,8,221,0,0,221,0,154,0,253,247,75,247,0,200,0,68,8,0,0,13,0,0,221,154,0,0,0,0,71,0,8,1,247,0,0,95,221,1,154
0,252,4,0,1444,4,0,76,210,69,0,75,0,224,5,76,0,0,1,76,0,0,249,0,212,69,16,19,4,100,69,200,222,69,219,0,0,219,0,76,0,167,167,69,167,0,200,0,224,210,0,0,13,0,0,76,250,0,0,0,0,71,4,69,1,4,4,0,95,76,1,252
0,235,220,0,1445,220,0,220,57,220,0,93,0,80,7,220,0,0,2,220,0,0,234,0,43,220,16,19,220,100,220,200,44,220,94,0,0,94,0,220,0,234,241,220,241,0,200,0,43,57,0,0,93,0,0,220,80,0,0,0,0,71,220,220,1,220,220,0,99,220,1,84
0,29,220,0,1446,220,0,220,12,220,0,50,0,32,11,220,0,0,0,220,0,0,30,0,34,220,16,19,220,76,220,204,29,220,12,0,0,12,0,220,0,198,12,220,12,0,200,0,30,12,1,0,48,0,0,220,30,0,0,0,0,72,220,220,1,220,220,0,99,220,1,29
0,215,12,0,1447,12,0,12,210,12,0,94,0,210,11,12,0,0,1,12,0,0,215,0,201,12,16,19,12,76,12,200,201,12,221,0,0,221,0,12,0,215,229,12,229,0,204,0,201,210,1,0,94,0,0,12,210,0,0,0,0,72,12,12,1,12,12,0,93,12,1,210
0,221,12,0,1448,12,0,220,164,12,0,96,0,56,0,12,0,0,2,12,0,0,218,0,156,220,16,19,12,76,12,200,158,12,57,0,0,57,0,12,0,218,229,12,229,0,200,0,156,164,1,0,96,0,0,12,56,0,0,0,0,72,12,12,1,12,220,0,94,12,1,58
0,13,208,0,5222,208,0,98,82,90,0,89,0,49,11,98,0,0,3,98,0,0,66,0,81,90,16,19,208,76,90,200,80,90,51,0,0,51,0,98,0,13,18,90,18,0,204,0,119,82,1,0,6,0,0,98,94,0,1,0,0,72,208,90,1,208,208,0,99,98,1,48
0,22,220,0,1449,220,0,220,23,220,0,97,0,32,7,220,0,0,0,220,0,0,23,0,66,220,100016,19,220,100,220,288,64,220,26,0,0,187,0,220,0,23,190,220,137,0,288,0,66,187,0,0,97,0,5,220,32,0,0,0,0,73,220,220,1,220,220,0,99,220,1,31
0,231,53,0,1450,53,0,29,79,74,0,88,0,231,0,53,0,0,1,53,0,0,50,0,231,60,100016,19,53,100,74,288,231,74,79,3,0,29,0,53,0,231,207,74,79,0,277,0,77,60,0,0,5,0,0,53,55,0,0,0,0,73,53,74,1,53,207,0,96,53,1,231
0,11,12,0,1451,12,0,220,220,12,0,81,0,127,0,12,0,0,2,12,0,0,42,0,67,220,100016,19,12,100,12,288,67,12,220,0,0,220,0,12,0,11,220,12,220,0,200,0,78,220,0,0,17,0,6,12,191,0,0,0,0,73,12,12,1,12,220,0,97,12,1,127
0,202,220,0,1452,220,0,87,165,220,0,90,0,22,7,220,0,0,3,220,0,0,54,0,72,165,100016,19,220,100,220,200,72,220,87,1,0,87,0,220,0,200,44,220,44,0,202,0,156,165,0,0,8,0,0,220,73,0,0,0,0,73,220,220,1,220,44,0,98,220,1,20
0,58,181,0,9307,181,0,155,53,159,0,98,0,55,7,155,0,0,4,155,0,0,60,0,63,159,100016,19,181,100,159,200,62,159,27,0,0,27,0,155,0,60,177,159,177,0,200,0,63,53,0,0,98,0,5,155,55,0,0,0,0,73,181,159,1,181,181,0,99,155,1,53
0,29,220,0,1453,220,0,220,58,220,0,66,0,39,8,220,0,0,0,220,0,0,30,0,37,220,16,19,220,100,220,204,29,220,53,0,0,53,0,220,0,226,238,220,238,0,204,0,30,58,1,0,30,0,0,220,30,0,0,0,0,74,220,220,1,220,220,0,99,220,1,29
0,229,12,0,1454,12,0,12,220,12,0,67,0,231,0,12,0,0,1,12,0,0,29,0,231,12,16,19,12,100,12,204,229,12,220,0,0,220,0,12,0,231,220,12,220,0,204,0,29,220,1,0,29,0,0,12,29,0,1,0,0,74,12,12,1,12,12,0,83,12,1,229
0,120,220,0,1455,220,0,12,12,220,0,92,0,163,0,220,0,0,2,220,0,0,119,0,240,12,16,19,220,100,220,204,238,220,12,0,0,12,0,220,0,119,12,220,12,0,204,0,240,12,1,0,92,0,0,220,163,0,0,0,0,74,220,220,1,220,12,0,93,220,1,163
0,29,133,0,3679,136,0,39,12,52,0,95,0,30,0,102,0,0,3,39,0,0,30,0,30,52,16,19,136,100,81,204,29,52,12,0,0,12,0,102,0,30,12,81,12,0,204,0,30,12,1,0,95,0,0,102,30,0,0,0,0,74,136,81,1,133,133,0,99,39,1,29
0,231,26,0,7837,220,0,220,178,113,0,90,0,60,0,220,-1,0,0,50,0,0,229,0,118,220,16,19,26,100,220,200,231,113,141,0,0,141,0,220,0,43,113,220,113,0,202,0,229,178,1,1,8,0,0,50,229,0,0,0,0,76,220,113,1,26,220,0,97,50,1,231
0,47,220,0,7838,52,0,65,173,220,0,90,0,239,11,65,-1,0,1,220,0,0,40,0,221,122,16,19,220,100,122,200,124,220,137,0,0,137,0,65,0,244,110,122,110,0,202,0,130,173,1,1,6,0,0,220,63,0,0,0,0,76,52,220,1,220,52,0,98,220,1,63
0,233,130,0,7839,130,0,12,152,48,0,92,0,232,0,34,0,0,2,34,0,0,128,0,114,12,16,19,130,100,48,200,152,48,236,2,0,236,0,34,0,241,233,48,233,0,200,0,48,152,1,0,5,0,0,34,34,0,0,0,0,76,130,48,1,130,12,0,96,34,1,236
0,157,12,0,665,220,0,220,12,12,0,83,0,56,11,220,0,0,0,12,0,0,80,0,65,220,50,41,220,86,220,17,66,12,12,0,0,12,0,220,0,156,12,220,12,0,17,0,53,12,0,1,15,0,9,220,41,0,0,0,0,77,220,220,1,12,220,0,98,12,1,57
0,14,12,0,666,214,0,220,12,12,0,86,0,29,7,176,-1,0,1,12,0,0,204,0,46,220,50,41,214,100,126,17,45,12,12,0,0,12,0,176,0,15,12,126,12,0,17,0,131,12,0,1,11,0,0,176,180,0,0,0,0,77,214,126,1,12,220,0,98,12,1,28
0,82,12,0,4713,220,0,220,12,12,0,52,0,150,0,220,0,0,2,12,0,0,2,0,217,220,50,41,220,86,220,17,217,12,12,0,0,12,0,220,0,82,12,220,12,0,17,0,155,12,0,0,41,0,0,220,96,0,0,0,0,77,220,220,1,12,220,0,97,12,1,150
0,231,220,0,667,12,0,12,220,220,0,52,0,230,0,12,-1,0,0,220,0,0,61,0,230,12,100050,41,12,100,12,17,231,220,220,0,0,220,0,12,0,230,220,12,220,0,17,0,99,220,1,0,39,0,0,12,123,0,0,0,0,78,12,12,1,220,12,0,97,220,1,231
0,44,12,0,668,220,0,220,12,12,0,85,0,43,3,220,-1,0,1,12,0,0,143,0,44,220,100050,41,220,100,220,17,47,12,12,0,0,12,0,220,0,42,12,220,12,0,17,0,73,12,1,0,10,0,0,220,184,0,0,0,0,78,220,220,1,12,220,0,98,12,1,45
0,229,220,0,669,12,0,12,220,220,0,93,0,221,0,12,0,0,2,220,0,0,154,0,112,12,100050,41,12,100,12,17,147,220,220,0,0,220,0,12,0,224,220,12,220,0,17,0,40,220,1,0,5,0,0,12,20,0,0,0,0,78,12,12,1,220,12,0,96,220,1,231
0,144,12,0,670,12,0,220,220,12,0,90,0,242,0,12,-1,0,3,12,0,0,163,0,228,220,100050,41,220,100,12,17,142,12,220,0,0,220,0,12,0,243,220,12,220,0,17,0,159,220,1,0,7,0,0,220,201,0,0,0,0,78,12,220,1,12,220,0,93,12,1,191
0,231,220,0,17327,220,0,220,12,220,0,66,0,24,7,220,0,0,0,220,0,0,231,0,57,220,50,41,12,76,220,17,231,220,12,0,0,12,0,220,0,5,12,220,12,0,17,0,231,12,0,0,29,0,0,12,231,0,0,0,0,79,220,12,1,220,220,0,94,220,1,231
0,5,12,0,17328,12,0,12,220,12,0,67,0,231,7,12,0,0,1,12,0,0,14,0,231,12,50,41,220,76,12,17,55,12,220,0,0,220,0,12,0,231,220,12,220,0,17,0,75,220,0,0,18,0,0,220,40,0,0,0,0,79,12,220,1,12,12,0,85,12,1,24
0,148,220,0,17329,12,0,12,220,220,0,53,0,210,4,12,0,0,2,220,0,0,230,0,188,12,50,41,12,76,12,17,188,220,220,0,0,220,0,12,0,148,220,12,220,0,17,0,231,220,0,0,44,0,0,12,231,0,0,0,0,79,12,12,1,220,12,0,91,220,1,211
0,230,220,0,673,220,0,12,12,220,0,94,0,26,7,220,-1,0,0,220,0,0,78,0,45,12,50,41,83,100,220,17,230,220,12,0,0,12,0,220,0,78,12,220,12,0,17,0,45,12,0,0,94,0,0,0,26,0,0,0,0,80,220,41,1,220,12,0,93,220,1,230
0,79,12,0,674,83,0,220,220,12,0,94,0,231,7,0,-1,0,1,12,0,0,231,0,231,220,50,41,220,100,41,17,45,12,220,0,0,220,0,0,0,231,220,41,220,0,17,0,231,220,0,0,94,0,0,220,231,0,1,0,0,80,83,220,1,12,220,0,93,12,1,26
0,247,220,0,3995,12,0,220,220,220,0,90,0,237,0,12,-1,0,2,220,0,0,246,0,31,220,50,41,12,87,12,17,30,220,220,0,0,220,0,12,0,246,220,12,220,0,17,0,31,220,0,0,90,0,0,12,237,0,0,0,0,80,12,12,1,220,220,0,93,220,1,238
0,231,220,0,675,220,0,220,12,220,0,73,0,86,0,220,0,0,0,220,0,0,228,0,73,220,50,41,12,100,220,17,231,220,12,0,0,12,0,220,0,50,12,220,12,0,17,0,228,12,1,0,26,0,0,12,228,0,0,0,0,81,220,12,1,220,220,0,99,220,1,231
0,50,12,0,676,12,0,12,220,12,0,90,0,213,0,12,0,0,1,12,0,0,51,0,0,12,50,41,220,100,12,17,73,12,220,0,0,220,0,12,0,251,220,12,220,0,17,0,72,220,1,0,8,0,0,220,86,0,0,0,0,81,12,220,1,12,12,0,96,12,1,86
0,215,220,0,4742,12,0,12,220,220,0,98,0,128,0,12,0,0,2,220,0,0,215,0,176,12,50,41,12,100,12,17,179,220,220,0,0,220,0,12,0,215,220,12,220,0,17,0,176,220,1,0,98,0,0,12,128,0,0,0,0,81,12,12,1,220,12,0,99,220,1,134
0,24,220,0,677,225,0,220,220,220,0,69,0,98,7,0,-1,0,0,220,0,0,232,0,167,220,50,41,225,100,0,17,176,220,220,0,0,220,0,0,0,22,220,0,220,0,17,0,232,220,0,0,28,0,0,0,232,0,0,0,0,82,225,0,1,220,220,0,93,220,1,103
0,10,12,0,678,220,0,12,12,12,0,51,0,11,7,220,-1,0,1,12,0,0,19,0,48,12,50,41,220,100,220,17,63,12,12,0,0,12,0,220,0,205,12,220,12,0,17,0,73,12,0,0,48,0,0,220,40,0,0,0,0,82,220,220,1,12,12,0,93,12,1,33
0,0,12,0,5458,220,0,12,12,12,0,54,0,36,7,220,-1,0,2,12,0,0,3,0,58,12,50,41,220,100,220,17,56,12,12,0,0,12,0,220,0,2,12,220,12,0,17,0,158,12,0,0,17,0,0,220,83,0,0,0,0,82,220,220,1,12,12,0,93,12,1,36
0,121,12,0,679,220,0,12,12,12,0,86,0,179,11,220,0,0,0,12,0,0,121,0,78,12,50,41,220,76,220,17,45,12,12,0,0,12,0,220,0,250,12,220,12,0,17,0,46,12,1,0,12,0,0,220,36,0,0,0,0,83,220,220,1,12,12,0,95,12,1,35
0,144,12,0,680,220,0,12,12,12,0,92,0,197,0,220,0,0,1,12,0,0,220,0,233,12,50,41,220,76,220,17,232,12,12,0,0,12,0,220,0,155,12,220,12,0,17,0,220,12,1,0,6,0,0,220,220,0,0,0,0,83,220,220,1,12,12,0,94,12,1,191
0,89,12,0,5289,220,0,12,12,12,0,76,0,101,7,220,0,0,2,12,0,0,49,0,112,12,50,41,220,76,220,17,110,12,12,0,0,12,0,220,0,90,12,220,12,0,17,0,71,12,1,0,21,0,0,220,61,0,0,0,0,83,220,220,1,12,12,0,66,12,1,100
0,231,12,0,681,220,0,12,12,12,0,87,0,79,10,220,0,0,0,12,0,0,229,0,139,12,50,41,10,85,220,17,231,12,12,2,0,12,0,220,0,8,12,220,12,0,17,0,229,12,1,0,9,0,0,78,229,0,0,0,0,86,220,140,1,12,12,0,93,12,1,231
0,231,220,0,682,10,0,12,220,220,0,86,0,231,7,78,0,0,1,220,0,0,31,0,231,12,50,41,10,85,140,17,231,220,220,2,0,220,0,78,0,231,220,140,220,0,17,0,136,220,1,0,6,0,0,78,77,0,0,0,0,86,10,140,1,220,12,0,93,220,1,231
0,248,220,0,683,12,0,12,220,220,0,94,0,223,0,12,0,0,2,220,0,0,247,0,59,12,50,41,12,85,12,17,59,220,220,0,0,220,0,12,0,247,220,12,220,0,17,0,59,220,1,0,94,0,0,12,223,0,0,0,0,86,12,12,1,220,12,0,100,220,1,225
0,30,12,0,2773,220,0,12,12,12,0,94,0,44,19,220,0,0,3,12,0,0,39,0,53,12,50,41,220,85,220,17,30,12,12,2,0,12,0,220,0,39,12,220,12,0,17,0,53,12,1,0,94,0,0,220,44,0,0,0,0,86,220,220,1,12,12,0,98,12,1,30
0,28,220,0,684,144,0,114,220,220,0,96,0,72,26,114,0,0,0,220,0,0,28,0,169,75,14,49,144,14,75,89,169,220,220,0,0,220,0,114,0,28,220,75,220,0,23,0,169,220,0,0,96,0,5,114,72,0,0,0,0,88,144,75,1,220,144,0,98,220,1,72
0,30,12,0,685,12,0,12,220,12,0,75,0,231,7,12,0,0,1,12,0,0,33,0,231,12,14,49,220,14,12,89,30,12,220,0,0,220,0,12,0,231,220,12,220,0,23,0,39,220,0,0,18,0,5,220,34,0,0,0,0,88,12,220,1,12,12,0,98,12,1,30
0,0,12,0,5459,220,0,12,12,12,0,81,0,151,0,220,0,0,2,12,0,0,136,0,74,12,14,49,220,14,220,89,74,12,12,2,0,12,0,220,0,2,12,220,12,0,23,0,93,12,0,0,15,0,9,220,199,0,0,0,0,88,220,220,1,12,12,0,97,12,1,151
0,231,12,0,1457,220,0,12,52,220,0,85,0,30,19,220,0,0,0,220,0,0,230,0,38,12,14,49,238,14,220,89,231,12,57,2,0,12,0,220,0,222,12,220,238,0,23,0,230,12,0,0,8,0,0,57,230,0,0,0,0,89,220,52,1,220,12,0,98,12,1,231
0,197,220,0,1458,12,0,12,220,220,0,81,0,239,7,12,0,0,1,220,0,0,151,0,241,12,14,49,12,14,12,89,244,220,220,0,0,220,0,12,0,234,220,12,220,0,23,0,217,220,0,0,16,0,5,12,195,0,0,0,0,89,12,12,1,220,12,0,91,220,1,229
0,0,12,0,1789,220,0,220,12,12,0,57,0,104,0,220,0,0,2,12,0,0,18,0,52,220,14,49,220,14,220,89,52,12,12,0,0,12,0,220,0,0,12,220,12,0,23,0,24,12,0,0,25,0,5,220,33,0,0,0,0,89,220,220,1,12,220,0,91,12,1,103
0,29,12,0,686,12,0,12,220,12,0,81,0,231,8,12,0,0,0,12,0,0,37,0,231,12,14,49,220,14,12,89,29,12,220,0,0,220,0,12,1,231,220,12,220,0,23,0,39,220,0,0,10,0,0,220,38,0,0,0,0,91,12,220,1,12,12,0,93,12,1,29
0,77,12,0,687,220,0,220,12,12,0,71,0,80,7,220,0,0,1,12,0,0,231,0,90,220,14,49,220,14,220,89,89,12,12,0,0,12,0,220,1,78,12,220,12,0,23,0,91,12,0,0,22,0,0,220,149,0,0,0,0,91,220,220,1,12,220,0,90,12,1,79
0,44,12,0,4421,220,0,220,12,12,0,79,0,119,0,220,0,0,2,12,0,0,245,0,86,220,14,49,220,14,220,89,89,12,12,0,0,12,0,220,1,36,12,220,12,0,23,0,64,12,0,0,9,0,0,220,137,0,0,0,0,91,220,220,1,12,220,0,91,12,1,120
0,29,12,0,7834,220,0,220,12,12,0,66,0,29,0,220,0,0,0,12,0,0,231,0,29,220,61,49,220,14,220,89,29,12,12,0,0,12,0,220,0,29,12,220,12,0,23,0,231,12,1,0,25,0,5,220,231,0,0,0,0,92,220,220,1,12,220,0,87,12,1,29
0,0,12,0,7835,220,0,220,12,12,0,59,0,90,11,220,0,0,1,12,0,0,224,0,163,220,61,49,220,14,220,89,167,12,12,0,0,12,0,220,0,4,12,220,12,0,23,0,40,12,1,0,38,0,0,220,38,0,0,0,0,92,220,220,1,12,220,0,90,12,1,93
0,247,220,0,7836,12,0,12,220,220,1,100,0,81,0,12,0,0,2,220,0,0,245,0,34,12,61,49,12,14,12,89,33,220,220,0,0,220,0,12,0,245,220,12,220,0,23,0,34,220,0,0,100,0,0,12,81,0,0,0,0,92,12,12,1,220,12,0,92,220,1,82
0,231,220,0,690,220,0,220,12,220,0,96,0,62,7,220,0,0,0,220,0,0,31,0,123,220,14,49,12,14,220,89,231,220,12,0,0,12,0,220,0,31,12,220,12,0,23,0,123,12,0,0,96,0,0,12,62,0,0,0,0,94,220,12,1,220,220,0,97,220,1,231
0,197,12,0,691,220,0,220,12,12,0,87,0,32,7,220,0,0,1,12,0,0,34,0,44,220,14,49,220,14,220,89,44,12,12,0,0,12,0,220,0,195,12,220,12,0,23,0,124,12,0,0,8,0,0,220,62,0,0,0,0,94,220,220,1,12,220,0,99,12,1,32
0,185,12,0,4675,220,0,220,12,12,0,90,0,216,0,220,0,0,2,12,0,0,45,0,75,220,14,49,220,14,220,89,61,12,12,0,0,12,0,220,0,188,12,220,12,0,23,0,101,12,0,0,8,0,0,220,78,0,0,0,0,94,220,220,1,12,220,0,86,12,1,214
0,48,12,0,692,220,0,12,220,220,0,94,0,58,7,220,0,0,0,220,0,0,48,0,109,12,14,49,220,14,220,89,109,12,220,2,0,12,0,220,1,48,12,220,220,0,23,0,109,12,1,0,94,0,0,220,58,0,0,0,0,95,220,220,1,220,12,0,98,12,1,58
0,45,12,0,6615,220,0,12,220,220,0,89,0,50,0,220,-1,0,1,220,0,0,13,0,77,12,14,49,220,14,220,89,77,12,220,2,0,12,0,220,1,42,12,220,220,0,23,0,118,12,1,0,7,0,0,220,118,0,0,0,0,95,220,220,1,220,12,0,97,12,1,50
0,170,220,0,5460,12,0,220,12,12,0,56,0,215,0,12,0,0,2,12,0,0,117,0,159,220,14,49,12,14,12,89,161,220,12,2,0,220,0,12,1,168,220,12,12,0,23,0,121,220,1,0,37,0,0,12,188,0,0,0,0,95,12,12,1,12,220,0,97,220,1,216
0,254,220,0,694,220,0,12,12,220,0,89,0,20,0,220,0,0,0,220,0,0,231,0,48,12,14,49,12,14,220,89,254,220,12,2,0,12,0,220,0,0,12,220,12,0,23,0,231,12,0,0,10,0,9,12,231,0,0,0,0,97,220,12,1,220,12,0,88,220,1,254
0,210,220,0,695,1,0,12,220,220,0,87,0,203,7,49,0,0,1,220,0,0,2,0,160,12,14,49,1,14,116,89,161,220,220,0,0,220,0,49,0,209,220,116,220,0,23,0,51,220,0,0,7,0,9,49,24,0,0,0,0,97,1,116,1,220,12,0,83,220,1,204
0,231,220,0,4387,12,0,12,220,220,0,89,0,181,0,12,0,0,2,220,0,0,2,0,7,12,14,49,12,14,12,89,6,220,220,0,0,220,0,12,0,231,220,12,220,0,23,0,50,220,0,0,10,0,9,12,24,0,0,0,0,97,12,12,1,220,12,0,88,220,1,181
0,26,220,0,696,12,0,220,25,220,0,51,0,28,7,12,0,0,0,220,0,0,231,0,36,220,13,135,234,13,12,262,25,220,25,0,0,220,0,12,1,238,220,12,25,0,265,0,231,220,1,0,43,0,0,30,231,0,0,0,0,106,12,45,1,220,220,0,95,220,1,25
0,230,220,0,697,220,0,12,220,220,0,92,0,77,7,220,0,0,1,220,0,0,38,0,156,12,13,135,234,13,220,262,230,220,220,0,0,12,0,220,1,38,12,220,220,0,262,0,156,12,1,0,92,0,0,30,77,0,0,0,0,106,220,45,1,220,12,0,94,220,1,230
0,18,12,0,4079,220,0,12,220,220,0,70,0,135,0,220,0,0,2,220,0,0,1,0,136,12,13,135,220,13,220,262,120,12,220,0,0,12,0,220,1,19,12,220,220,0,262,0,93,12,1,0,25,0,0,220,81,0,1,0,0,106,220,220,1,220,12,0,93,12,1,120
0,29,12,0,5756,224,0,12,220,220,0,98,0,32,7,227,0,0,3,220,0,0,32,0,32,12,13,135,224,13,41,262,29,12,220,2,0,12,0,227,1,32,12,41,220,0,262,0,32,12,1,0,98,0,0,227,32,0,0,0,0,106,224,41,1,220,12,0,93,12,1,29
0,231,220,0,698,197,0,12,220,220,0,50,0,231,7,0,0,0,0,220,0,0,21,0,231,12,14,49,197,14,46,89,231,220,220,2,0,220,0,0,1,231,220,46,220,0,238,0,82,220,1,0,43,0,0,0,42,0,1,0,0,109,197,46,1,220,12,0,94,220,1,231
0,0,220,0,699,0,0,220,220,220,0,51,0,216,19,28,0,0,1,220,0,0,0,0,7,220,14,49,0,14,136,89,110,220,220,2,0,220,0,28,1,250,220,136,220,0,238,0,100,220,1,0,32,0,0,28,147,0,0,0,0,109,0,136,1,220,220,0,94,220,1,162
0,242,220,0,4001,12,0,220,220,220,0,77,0,90,7,12,0,0,2,220,0,0,235,0,55,220,14,49,12,14,12,89,55,220,220,2,0,220,0,12,1,242,220,12,220,0,238,0,44,220,0,0,20,0,0,12,50,0,0,0,0,109,12,12,1,220,220,0,66,220,1,88
0,30,12,0,700,12,0,220,25,220,0,92,0,162,9,12,0,0,0,220,0,0,37,0,41,220,13,135,220,13,12,262,30,12,25,2,0,220,0,12,0,231,220,12,25,0,265,0,39,220,1,0,7,0,0,220,37,0,0,0,0,110,12,220,1,220,220,0,90,12,1,30
0,4,12,0,701,220,0,12,220,220,0,90,0,197,7,220,0,0,1,220,0,0,5,0,188,12,13,135,220,13,220,262,56,12,220,2,0,12,0,220,0,106,12,220,220,0,262,0,53,12,1,0,8,0,0,220,52,0,0,0,0,110,220,220,1,220,12,0,90,12,1,55
0,30,12,0,4331,220,0,12,220,220,0,97,0,32,7,220,0,0,2,220,0,0,32,0,32,12,13,135,220,13,220,262,30,12,220,2,0,12,0,220,0,32,12,220,220,0,262,0,32,12,1,0,97,0,0,220,32,0,0,0,0,110,220,220,1,220,12,0,100,12,1,30
0,231,12,0,8389,224,0,12,220,220,0,89,0,127,7,227,0,0,3,220,0,0,251,0,194,12,13,135,224,13,41,262,231,12,220,2,0,12,0,227,0,5,12,41,220,0,262,0,21,12,1,0,7,0,0,227,236,0,0,0,0,110,224,41,1,220,12,0,90,12,1,231
0,29,19,0,5988,220,0,220,220,79,0,67,0,30,0,220,-1,0,0,183,0,0,231,0,30,220,0,51,19,76,220,196,29,79,220,0,0,220,0,220,0,30,220,220,220,0,196,0,231,220,0,0,23,0,0,183,231,0,0,0,0,111,220,79,1,19,220,0,96,183,1,29
0,240,7,0,5989,12,0,12,12,144,0,86,0,241,0,12,-1,0,1,244,0,0,241,0,235,12,0,51,7,76,12,196,234,144,12,0,0,12,0,12,0,241,12,12,12,0,196,0,235,12,0,0,86,0,0,244,241,0,0,0,0,111,12,144,1,7,12,0,95,244,1,240
0,7,12,0,6032,12,0,12,12,12,0,88,0,245,0,12,-1,0,2,12,0,0,29,0,105,12,0,51,12,76,12,196,104,12,12,0,0,12,0,12,0,7,12,12,12,0,196,0,30,12,0,0,5,0,0,12,30,0,0,0,0,111,12,12,1,12,12,0,95,12,1,243
0,15,220,0,12539,220,0,220,220,220,0,92,0,14,7,220,-1,0,3,220,0,0,10,0,18,220,0,51,220,0,220,196,27,220,220,0,0,220,0,220,0,10,220,220,220,0,196,0,18,220,0,0,92,0,0,220,14,0,0,0,0,111,220,220,1,220,220,0,93,220,1,20
0,211,12,0,12540,12,0,12,12,12,0,80,0,235,11,12,-1,0,4,12,0,0,17,0,238,12,0,51,12,0,12,196,231,12,12,0,0,12,0,12,0,231,12,12,12,0,196,0,166,12,0,0,8,0,0,12,63,0,0,0,0,111,12,12,1,12,12,0,93,12,1,220
0,42,220,0,6781,220,0,220,220,220,0,64,0,202,0,220,-1,0,0,220,0,0,58,0,251,220,0,51,220,76,220,196,251,220,220,0,0,220,0,220,0,19,220,220,220,0,196,0,198,220,0,0,14,0,0,220,132,0,0,0,0,112,220,220,1,220,220,0,95,220,1,199
0,32,220,0,6782,220,0,220,220,220,0,70,0,28,7,220,-1,0,1,220,0,0,232,0,63,220,0,51,220,76,220,196,60,220,220,0,0,220,0,220,0,23,220,220,220,0,196,0,92,220,0,0,7,0,0,220,16,0,0,0,0,112,220,220,1,220,220,0,74,220,1,30
0,208,12,0,6783,220,0,220,220,12,0,98,0,30,0,220,-1,0,2,12,0,0,30,0,30,220,0,51,12,76,220,196,140,12,220,0,0,220,0,220,0,30,220,220,220,0,196,0,30,220,0,0,98,0,0,12,30,0,0,0,0,112,220,12,1,12,220,0,100,12,1,27
0,222,12,0,12541,12,0,12,12,12,0,53,0,244,11,12,-1,0,3,12,0,0,112,0,229,12,0,51,12,0,12,196,222,12,12,0,0,12,0,12,0,241,12,12,12,0,196,0,96,12,0,0,3,0,0,12,117,0,0,0,0,112,12,12,1,12,12,0,94,12,1,222
0,18,220,0,12542,220,0,220,220,220,0,78,0,36,7,220,-1,0,4,220,0,0,3,0,84,220,0,51,220,0,220,196,28,220,220,0,0,220,0,220,0,17,220,220,220,0,196,0,14,220,0,0,16,0,0,220,6,0,0,0,0,112,220,220,1,220,220,0,93,220,1,20
0,229,220,0,702,220,0,220,12,220,0,91,0,0,0,220,0,0,0,220,0,0,233,0,7,220,61,49,12,14,220,89,229,220,12,0,0,12,0,220,0,249,12,220,12,0,23,0,231,12,0,0,6,0,0,12,231,0,0,0,0,121,220,12,1,220,220,0,91,220,1,229
0,50,12,0,703,220,0,220,12,12,0,79,0,47,0,220,0,0,1,12,0,0,223,0,62,220,61,49,220,14,220,89,64,12,12,0,0,12,0,220,0,50,12,220,12,0,23,0,102,12,0,0,12,0,0,220,228,0,0,0,0,121,220,220,1,12,220,0,90,12,1,47
0,36,12,0,5461,220,0,220,12,12,0,100,0,114,0,220,0,0,2,12,0,0,37,0,83,220,61,49,220,14,220,89,82,12,12,0,0,12,0,220,0,37,12,220,12,0,23,0,83,12,0,0,100,0,0,220,114,0,0,0,0,121,220,220,1,12,220,0,100,12,1,113
0,241,12,0,704,220,0,220,12,12,0,65,0,92,7,220,0,0,0,12,0,0,230,0,177,220,61,49,220,14,220,89,63,12,12,0,0,12,0,220,0,28,12,220,12,0,23,0,59,12,0,0,32,0,0,220,152,0,0,0,0,127,220,220,1,12,220,0,96,12,1,162
0,197,220,0,705,12,0,12,220,220,0,56,0,214,0,12,0,0,1,220,0,0,196,0,227,12,61,49,12,14,12,89,181,220,220,0,0,220,0,12,0,232,220,12,220,0,23,0,181,220,0,0,42,0,0,12,159,0,0,0,0,127,12,12,1,220,12,0,96,220,1,159
0,105,12,0,5462,220,0,220,12,12,0,100,0,160,0,220,0,0,2,12,0,0,106,0,83,220,61,49,220,14,220,89,82,12,12,0,0,12,0,220,0,106,12,220,12,0,23,0,83,12,0,0,100,0,0,220,160,0,0,0,0,127,220,220,1,12,220,0,100,12,1,160
0,0,12,0,706,220,0,220,220,220,0,75,0,126,7,220,0,0,0,220,0,0,11,0,45,220,61,49,220,14,220,89,0,12,220,0,0,12,0,220,0,245,12,220,220,0,23,0,2,12,0,0,24,0,0,220,6,0,0,0,0,135,220,220,1,220,220,0,100,12,1,0
0,253,220,0,707,144,0,114,75,12,0,75,0,254,7,114,0,0,1,12,0,0,126,0,254,75,61,49,12,14,75,89,253,220,114,0,0,220,0,114,0,254,220,75,144,0,23,0,152,220,0,0,23,0,0,12,61,0,0,0,0,135,144,12,1,12,144,0,96,220,1,253
0,22,12,0,5463,220,0,12,12,12,0,96,0,170,0,220,0,0,2,12,0,0,21,0,118,12,61,49,220,14,220,89,118,12,12,2,0,12,0,220,0,21,12,220,12,0,23,0,118,12,0,0,96,0,0,220,170,0,0,0,0,135,220,220,1,12,12,0,94,12,1,169
0,232,220,0,710,220,0,12,12,220,0,63,0,20,8,220,0,0,0,220,0,0,231,0,45,12,60,49,12,14,220,89,232,220,12,0,0,12,0,220,0,201,12,220,12,0,23,0,231,12,0,0,17,0,8,12,231,0,0,0,0,142,220,12,1,220,12,0,97,220,1,232
0,17,220,0,711,220,0,220,12,12,0,65,0,38,0,220,0,0,1,12,0,0,0,0,78,220,60,49,220,14,220,89,72,220,12,0,0,12,0,220,0,13,12,220,12,0,23,0,196,12,0,0,28,0,0,220,98,0,0,0,0,142,220,220,1,12,220,0,97,220,1,34
0,165,220,0,5464,12,0,220,220,220,0,91,0,219,0,12,0,0,2,220,0,0,11,0,32,220,60,49,12,14,12,89,31,220,220,0,0,220,0,12,0,166,220,12,220,0,23,0,11,220,0,0,8,0,0,12,11,0,0,0,0,142,12,12,1,220,220,0,90,220,1,219
0,29,194,0,3717,220,0,12,12,12,0,76,0,1,0,220,0,0,0,12,0,0,231,0,30,12,60,49,220,14,220,89,30,15,12,2,0,12,0,220,0,193,12,220,12,0,23,0,231,12,0,0,15,0,0,220,231,0,0,0,0,143,220,220,1,12,12,0,92,8,1,30
0,43,194,0,3718,220,0,12,12,12,0,75,0,61,7,220,0,0,1,12,0,0,231,0,121,12,60,49,220,14,220,89,113,15,12,2,0,12,0,220,0,47,12,220,12,0,23,0,231,12,0,0,21,0,0,220,231,0,0,0,0,143,220,220,1,12,12,0,96,8,1,56
0,228,220,0,5465,12,0,220,220,220,0,100,0,228,0,12,0,0,2,220,0,0,231,0,89,220,60,49,12,14,12,89,95,220,220,2,0,220,0,12,0,231,220,12,220,0,23,0,89,220,0,0,100,0,1,12,228,0,0,0,0,143,12,12,1,220,220,0,100,220,1,226
0,231,220,0,1459,12,0,220,25,220,0,92,0,227,7,12,-1,0,0,220,0,0,30,0,227,220,13,135,12,13,12,262,231,220,25,2,0,220,0,12,0,227,220,12,25,0,265,0,30,220,1,1,7,0,0,12,30,0,0,0,0,144,12,12,1,220,220,0,98,220,1,231
0,54,12,0,1460,28,0,220,99,220,0,80,0,173,11,30,0,0,1,220,0,0,55,0,71,220,13,135,220,13,77,262,83,12,41,2,0,220,0,30,1,132,220,77,33,0,265,0,82,220,1,1,15,0,0,220,64,0,0,0,0,144,28,220,1,220,220,0,98,12,1,63
0,108,12,0,1790,220,0,12,220,220,0,49,0,148,0,220,0,0,2,220,0,0,77,0,212,12,13,135,220,13,220,262,214,12,220,2,0,12,0,220,1,108,12,220,220,0,262,0,165,12,1,0,44,0,0,220,109,0,0,0,0,144,220,220,1,220,12,0,92,12,1,149
0,20,12,0,2775,220,0,12,220,220,0,94,0,16,0,220,0,0,3,220,0,0,136,0,14,12,13,135,220,13,220,262,15,12,220,2,0,12,0,220,1,19,12,220,220,0,262,0,66,12,1,1,5,0,0,220,107,0,0,0,0,144,220,220,1,220,12,0,98,12,1,17
0,29,194,0,714,220,0,220,12,12,0,71,0,14,8,220,0,0,0,12,0,0,231,0,45,220,60,49,220,14,220,89,29,15,12,0,0,12,0,220,0,208,12,220,12,0,23,0,231,12,0,0,17,0,0,220,231,0,0,0,0,149,220,220,1,12,220,0,100,8,1,29
0,20,194,0,715,220,0,220,12,12,0,95,0,52,0,220,0,0,1,12,0,0,21,0,99,220,60,49,220,14,220,89,96,15,12,0,0,12,0,220,0,21,12,220,12,0,23,0,99,12,0,0,95,0,0,220,52,0,0,0,0,149,220,220,1,12,220,0,100,8,1,51
0,241,220,0,8440,12,0,12,220,220,0,97,0,225,0,12,0,0,2,220,0,0,242,0,10,12,60,49,12,14,12,89,9,220,220,0,0,220,0,12,0,242,220,12,220,0,23,0,10,220,0,0,97,0,0,12,225,0,0,0,0,149,12,12,1,220,12,0,98,220,1,224
0,30,220,0,1461,220,0,220,220,220,0,93,0,63,0,220,0,0,0,220,0,0,230,0,108,220,20,1,220,100,220,232,30,220,220,0,0,220,0,220,0,32,220,220,220,0,232,0,230,220,0,1,5,0,0,220,230,0,0,0,0,159,220,220,1,220,220,0,97,220,1,30
0,231,12,0,1462,12,0,12,12,12,0,89,0,230,7,12,0,0,1,12,0,0,33,0,231,12,20,1,12,100,12,232,231,12,12,0,0,12,0,12,0,230,12,12,12,0,232,0,48,12,0,1,8,0,0,12,40,0,0,0,0,159,12,12,1,12,12,0,93,12,1,231
0,41,12,0,1791,220,0,220,220,220,0,88,0,175,0,220,0,0,2,220,0,0,154,0,200,220,20,1,220,85,220,232,194,12,220,0,0,12,0,220,0,38,12,220,220,0,232,0,124,12,0,1,9,0,0,220,57,0,0,0,0,159,220,220,1,220,220,0,94,12,1,168
0,31,220,0,1463,220,0,220,220,220,0,96,0,45,0,220,0,0,0,220,0,0,30,0,61,220,20,1,220,100,220,52,62,220,220,0,0,49,0,220,0,30,35,220,220,0,52,0,61,67,0,0,96,0,0,220,45,0,0,0,0,160,220,220,1,220,220,0,95,220,1,46
0,80,35,0,1464,35,0,49,67,67,0,80,0,231,7,49,0,0,1,49,0,0,100,0,231,67,20,1,35,100,67,52,228,67,49,0,0,220,0,49,0,230,220,67,35,0,52,0,230,220,0,0,17,0,0,49,185,0,0,0,0,160,35,67,1,35,35,3,99,49,1,178
0,148,35,0,1792,35,0,49,67,67,0,93,0,208,0,49,0,0,2,49,0,0,144,0,194,67,20,1,35,100,67,52,199,67,49,0,0,220,0,49,0,144,220,67,35,0,52,0,194,220,0,0,93,0,0,49,208,0,0,0,0,160,35,67,1,35,35,0,100,49,1,213
0,254,220,0,1465,220,0,220,220,220,0,80,0,14,7,220,0,0,0,220,0,0,254,0,44,220,2076,1,220,76,220,5,254,220,220,0,0,220,0,220,0,212,220,220,220,0,5,0,253,220,0,0,19,0,0,220,253,0,1,0,0,162,220,220,1,220,220,0,95,220,1,254
0,254,220,0,1466,220,0,220,220,220,0,80,0,92,7,220,0,0,1,220,0,0,253,0,167,220,2076,1,220,76,220,5,254,220,220,0,0,220,0,220,0,3,220,220,220,0,5,0,253,220,0,0,19,0,0,220,253,0,0,0,0,162,220,220,1,220,220,0,95,220,1,254
0,139,220,0,1793,220,0,220,220,220,0,91,0,222,0,220,0,0,2,220,0,0,11,1,89,220,2076,1,220,76,220,5,90,220,220,0,0,220,0,220,0,139,220,220,220,0,5,0,11,220,0,0,8,0,0,220,11,0,1,0,0,162,220,220,1,220,220,0,77,220,1,223
0,231,31,0,716,31,0,113,51,51,0,79,0,230,0,113,0,0,0,113,0,0,34,0,230,51,20,1,31,0,51,4,231,51,113,0,0,113,0,113,0,230,31,51,31,0,4,0,59,51,0,0,17,0,0,113,118,0,0,0,0,165,31,51,1,31,31,0,91,113,1,231
0,13,220,0,717,220,0,220,220,220,0,72,0,144,8,220,0,0,1,220,0,0,230,0,105,220,20,1,220,0,220,4,104,220,220,0,0,220,0,220,0,13,220,220,220,0,4,0,231,220,0,0,25,0,0,220,231,0,0,0,0,165,220,220,1,220,220,0,87,220,1,143
0,234,12,0,5251,12,0,12,12,12,0,99,0,97,0,12,0,0,2,12,0,0,234,0,62,12,20,1,12,0,12,4,62,12,12,0,0,12,0,12,0,234,12,12,12,0,4,0,62,12,0,0,99,0,0,12,97,0,0,0,0,165,12,12,1,12,12,0,99,12,1,99
0,32,220,0,1467,220,0,220,220,220,0,83,0,42,7,220,0,0,0,220,0,0,223,0,72,220,20,1,220,100,220,1,71,220,220,0,0,220,0,220,0,33,220,220,220,0,1,0,223,220,0,0,14,0,8,220,223,0,0,0,0,166,220,220,1,220,220,0,96,220,1,42
0,3,220,0,1468,1,0,89,153,220,0,90,0,230,0,89,0,0,1,220,0,0,1,0,230,153,20,1,220,0,153,1,147,220,89,0,0,89,0,89,0,230,1,153,1,0,1,0,153,153,0,0,8,0,5,220,88,0,0,0,0,166,1,220,1,220,1,0,93,220,1,85
0,110,220,0,1794,220,0,220,220,220,0,92,0,191,0,220,0,0,2,220,0,0,26,0,134,220,20,1,220,100,220,1,135,220,220,0,0,220,0,220,0,106,220,220,220,0,1,0,103,220,0,0,6,0,8,220,170,0,0,0,0,166,220,220,1,220,220,0,100,220,1,196
0,221,238,0,1469,220,0,220,220,44,0,80,0,41,22,220,0,0,0,49,0,0,232,0,42,220,19,6,238,100,220,98,221,44,220,0,0,123,0,220,0,237,177,220,220,0,98,0,228,40,0,0,15,0,0,49,230,0,0,0,0,169,220,44,1,238,220,0,99,49,1,221
0,46,220,0,1470,220,0,220,83,220,0,84,0,47,7,220,0,0,1,220,0,0,209,0,114,220,19,6,220,100,220,98,113,220,76,0,0,76,0,220,0,47,229,220,229,0,98,0,116,83,0,0,11,0,0,220,56,0,0,0,0,169,220,220,1,220,220,0,95,220,1,48
0,122,182,0,1795,220,0,220,52,52,0,81,0,167,22,220,0,0,2,51,0,0,222,0,173,220,19,6,220,100,220,98,172,22,51,0,0,111,0,220,0,117,182,220,53,0,98,0,233,22,0,0,17,0,0,220,233,0,0,0,0,169,220,220,1,53,220,0,99,111,1,169
0,224,75,0,4753,75,0,75,75,40,0,90,0,216,7,75,0,0,3,123,0,0,65,0,200,75,19,6,75,100,75,98,201,75,75,0,0,75,0,75,0,224,75,75,75,0,98,0,70,75,0,0,6,0,0,75,69,0,0,0,0,169,75,75,1,177,75,0,95,75,1,216
0,30,238,0,14161,238,0,29,35,35,0,88,0,30,9,29,0,0,4,29,0,0,196,0,30,35,0,6,238,0,35,98,29,35,29,0,0,29,0,29,0,31,238,35,238,0,98,0,37,35,0,0,8,0,0,29,27,1,0,0,0,169,238,35,1,238,238,0,96,29,1,29
0,29,220,0,1471,220,0,220,220,220,0,52,0,29,0,220,0,0,0,220,0,0,149,0,29,220,20,10,220,100,220,13,29,220,220,0,0,220,0,220,0,29,220,220,220,0,13,0,59,220,0,1,44,0,0,220,44,0,0,0,0,171,220,220,1,220,220,0,98,220,1,29
0,231,164,0,1472,164,0,26,30,30,0,72,0,231,0,26,0,0,1,26,0,0,185,0,231,30,20,45,164,100,30,1,231,30,26,0,0,26,0,26,0,231,164,30,164,0,1,0,191,30,0,1,19,0,0,26,186,0,0,0,0,171,164,30,1,164,164,0,98,26,1,231
0,234,12,0,1796,12,0,12,12,12,0,93,0,236,0,12,0,0,2,12,0,0,161,0,170,12,20,10,12,100,12,13,192,12,12,0,0,12,0,12,0,233,12,12,12,0,13,0,34,12,0,0,5,0,0,12,2,0,0,0,0,171,12,12,1,12,12,0,92,12,1,239
0,19,220,0,1473,220,0,12,21,220,0,76,0,84,0,220,0,0,0,220,0,0,95,0,50,12,19,127,220,100,220,149,51,220,157,0,0,220,0,220,0,21,220,220,42,0,149,0,47,220,0,0,19,0,5,220,138,0,0,0,0,175,220,220,1,220,12,0,98,220,1,83
0,253,129,0,1474,12,0,12,100,100,0,69,0,185,0,12,0,0,1,252,0,0,241,0,188,12,19,127,12,100,12,149,253,100,252,0,0,252,0,12,0,183,129,12,129,0,149,0,243,100,0,0,23,0,5,12,242,0,0,0,0,175,12,12,1,129,12,0,97,252,1,253
0,0,220,0,1797,220,0,12,3,220,0,85,0,131,0,220,0,0,2,220,0,0,101,0,199,12,19,127,220,100,220,149,198,220,194,0,0,220,0,220,0,1,220,220,41,0,149,0,217,220,0,0,12,0,5,220,178,0,0,0,0,175,220,220,1,220,12,0,97,220,1,130
0,40,220,0,4042,220,0,221,3,220,0,85,0,42,0,220,0,0,3,220,0,0,231,0,42,188,19,127,220,100,220,149,40,220,194,0,0,220,0,220,0,42,220,220,41,0,149,0,231,220,0,0,12,0,8,220,231,0,0,0,0,175,220,220,1,220,229,0,99,220,1,40
0,202,220,0,13354,209,0,220,52,220,0,92,0,67,26,202,0,0,4,220,0,0,203,0,51,220,19,127,13,0,148,232,151,220,71,0,0,202,0,202,0,41,209,148,17,0,232,0,151,148,0,0,6,0,8,41,194,0,0,0,0,175,209,35,1,220,220,0,99,220,1,194
0,3,12,0,5283,220,0,12,12,12,0,85,0,48,0,220,0,0,0,12,0,0,227,0,77,12,50,41,220,87,220,17,76,12,12,0,0,12,0,220,0,6,12,220,12,0,17,0,228,12,0,0,12,0,0,220,227,0,0,0,0,180,220,220,1,12,12,0,93,12,1,46
0,231,220,0,5284,12,0,220,220,220,0,89,0,231,11,12,0,0,1,220,0,0,20,0,231,220,50,41,12,76,12,17,231,220,220,0,0,220,0,12,0,231,220,12,220,0,17,0,72,220,0,0,7,0,0,12,47,0,0,0,0,180,12,12,1,220,220,0,98,220,1,231
0,174,12,0,5285,220,0,220,12,12,0,92,0,37,7,220,0,0,2,12,0,0,175,0,56,220,50,41,220,87,220,17,55,12,12,0,0,12,0,220,0,175,12,220,12,0,17,0,56,12,0,0,92,0,0,220,37,0,0,0,0,180,220,220,1,12,220,3,88,12,1,36
0,31,12,0,720,12,0,220,220,12,0,79,0,86,7,12,0,0,0,12,0,0,36,0,32,220,50,41,220,100,12,17,31,12,220,2,0,220,0,12,0,231,220,12,220,0,17,0,35,220,1,0,12,0,0,220,34,0,0,0,0,181,12,220,1,12,220,0,82,12,1,31
0,217,220,0,721,12,0,220,220,220,0,90,0,213,7,12,0,0,1,220,0,0,40,0,185,220,50,41,12,100,12,17,185,220,220,2,0,220,0,12,0,217,220,12,220,0,17,0,39,220,1,0,8,0,0,12,40,0,0,0,0,181,12,12,1,220,220,0,94,220,1,213
0,33,12,0,5466,220,0,220,12,12,0,82,0,31,0,220,0,0,2,12,0,0,223,0,32,220,50,41,220,100,220,17,32,12,12,0,0,12,0,220,0,34,12,220,12,0,17,0,150,12,1,0,10,0,0,220,84,0,0,0,0,181,220,220,1,12,220,0,82,12,1,30
0,231,39,0,724,220,0,220,70,70,0,54,0,36,0,220,0,0,0,48,0,0,144,0,55,220,31,22,39,31,220,213,231,70,48,0,0,179,0,220,0,30,183,220,39,0,207,0,27,179,0,0,43,0,0,48,33,0,0,0,0,189,220,70,1,39,220,0,88,48,1,231
0,29,220,0,725,39,0,36,220,220,0,89,0,231,7,48,0,0,1,220,0,0,30,0,231,35,31,22,220,31,70,213,54,220,220,2,0,36,0,48,0,231,184,70,220,0,207,0,55,35,0,0,8,0,0,220,36,0,0,0,0,189,39,220,1,220,184,0,99,220,1,35
0,230,220,0,4358,220,0,220,46,220,0,76,0,77,7,220,0,0,2,220,0,0,226,0,45,220,31,22,220,31,220,213,45,220,78,0,0,12,0,220,0,230,12,220,229,0,207,0,32,12,0,0,20,0,0,220,37,0,0,0,0,189,220,220,1,220,220,0,66,220,1,76
0,64,40,0,4359,40,0,49,220,72,0,91,0,203,0,49,0,0,3,49,0,0,21,0,213,72,31,22,40,31,72,213,214,72,220,0,0,49,0,49,0,64,40,72,220,0,207,0,62,72,0,0,6,0,0,49,35,0,0,0,0,189,40,72,1,40,40,0,89,49,1,204
0,227,220,0,728,205,0,29,44,220,0,53,0,229,8,29,0,0,0,220,0,0,227,0,229,44,80,126,220,100,44,211,38,220,29,0,0,29,0,29,0,229,205,44,205,80,211,0,39,44,0,0,43,0,0,220,38,0,0,0,0,191,205,220,1,220,205,0,100,220,1,39
0,41,219,0,729,219,0,36,26,26,0,93,0,46,0,36,0,0,1,36,0,0,41,0,66,26,80,126,219,100,26,211,65,26,36,0,0,36,0,36,0,41,219,26,219,80,211,0,66,26,0,0,93,0,0,36,46,0,0,0,0,191,219,26,1,219,219,0,100,36,1,45
0,89,220,0,5026,220,0,220,220,220,0,83,0,131,0,220,0,0,2,220,0,0,140,0,195,220,80,126,220,100,220,211,193,220,220,0,0,220,0,220,0,90,220,220,220,80,211,0,212,220,0,0,8,0,0,220,172,0,0,0,0,191,220,220,1,220,220,0,78,220,1,130
0,231,86,0,730,86,0,135,194,194,0,69,0,231,7,135,0,0,0,135,0,0,37,0,231,194,32,1,86,76,194,12,231,194,135,0,0,135,0,135,0,231,86,194,86,0,12,0,202,194,0,0,25,0,8,135,138,0,0,0,0,200,86,194,1,86,86,0,93,135,1,231
0,1,220,0,731,220,0,220,220,220,0,94,0,64,11,220,0,0,1,220,0,0,1,0,94,220,32,1,220,76,220,12,94,220,220,0,0,220,0,220,0,1,220,220,220,0,12,0,94,220,0,0,94,0,0,220,64,0,0,0,0,200,220,220,1,220,220,0,88,220,1,64
0,222,220,0,5304,220,0,220,220,220,0,88,0,35,0,220,0,0,2,220,0,0,19,0,46,220,32,1,220,76,220,12,46,220,220,0,0,220,0,220,0,221,220,220,220,0,12,0,64,220,0,0,8,0,0,220,37,0,0,0,0,200,220,220,1,220,220,0,94,220,1,36
0,29,220,0,8427,220,0,220,220,220,0,85,0,27,7,220,0,0,0,220,0,0,0,0,27,220,32,1,220,76,220,1,29,220,220,0,0,220,0,220,0,27,220,220,220,0,1,0,107,220,1,0,5,0,0,220,136,0,0,0,0,205,220,220,1,220,220,0,94,220,1,30
0,250,12,0,8428,12,0,12,12,12,0,77,0,238,9,12,0,0,1,12,0,0,72,0,219,12,32,1,12,76,12,1,223,12,12,0,0,12,0,12,0,246,12,12,12,0,1,0,45,12,1,0,22,0,0,12,39,0,0,0,0,205,12,12,1,12,12,0,69,12,1,242
0,217,220,0,8429,220,0,220,220,220,0,45,0,21,9,220,0,0,2,220,0,0,211,0,102,220,32,1,220,76,220,1,109,220,220,0,0,220,0,220,0,216,220,220,220,0,1,0,126,220,1,0,16,0,0,220,84,0,0,0,0,205,220,220,1,220,220,0,71,220,1,26
0,41,220,0,732,220,0,55,102,220,0,79,0,50,0,220,0,0,0,220,0,0,244,0,103,102,31,22,220,31,220,213,107,220,55,2,0,55,0,220,0,40,51,220,51,0,207,0,58,102,0,0,10,0,0,220,223,0,0,0,0,206,220,220,1,220,51,0,90,220,1,51
0,199,44,0,733,44,0,224,88,89,0,89,0,201,0,45,0,0,1,45,0,0,40,0,33,88,31,22,44,31,89,213,29,89,224,2,0,224,0,45,0,220,241,89,241,0,207,0,107,88,0,0,8,0,0,45,51,0,0,0,0,206,44,89,1,44,241,0,92,45,1,182
0,254,12,0,5468,12,0,163,114,12,0,86,0,163,0,12,0,0,2,12,0,0,35,0,104,114,31,22,12,31,12,213,105,12,163,2,0,163,0,12,0,254,226,12,226,0,207,0,31,114,0,0,8,0,0,12,33,0,0,0,0,206,12,12,1,12,226,0,94,12,1,163
0,143,12,0,6111,12,0,144,142,12,0,95,0,146,18,12,0,0,3,12,0,0,143,0,144,142,31,22,12,31,12,213,144,12,144,2,0,144,0,12,0,143,142,12,142,0,207,0,144,142,0,0,95,0,0,12,146,0,0,0,0,206,12,12,1,12,142,0,90,12,1,146
0,31,220,0,734,220,0,220,220,220,0,97,0,31,0,220,0,0,0,220,0,0,31,0,31,220,0,17,220,100,220,76,31,220,220,0,0,220,0,220,0,31,220,220,220,100080,76,0,31,220,1,0,97,0,8,220,31,0,0,0,0,209,220,220,1,220,220,0,92,220,0,31
0,234,12,0,735,12,0,12,12,12,0,91,0,235,0,12,0,0,1,12,0,0,49,0,235,12,0,17,12,100,12,76,234,12,12,0,0,12,0,12,0,235,12,12,12,100080,76,0,65,12,1,0,7,0,5,12,56,0,0,0,0,209,12,12,1,12,12,0,93,12,0,234
0,5,220,0,5469,220,0,220,220,220,4,96,0,173,0,220,0,0,2,220,0,0,5,0,92,220,0,17,220,76,220,1,91,220,220,0,0,220,0,220,0,5,220,220,220,100080,1,0,92,220,0,0,96,0,0,220,173,0,0,0,0,209,220,220,1,220,220,0,93,220,0,171
0,24,220,0,9537,220,0,220,220,220,0,95,0,69,0,220,0,0,0,220,0,0,24,0,128,220,0,1,220,85,220,98,128,220,220,0,0,220,0,220,0,24,220,220,220,0,98,0,128,220,1,0,95,0,8,220,69,0,0,0,0,211,220,220,1,220,220,0,99,220,1,69
0,170,1,0,9538,1,0,53,118,118,0,92,0,173,7,53,0,0,1,53,0,0,4,0,170,118,0,1,1,85,118,98,170,118,53,0,0,53,0,53,0,170,1,118,1,0,98,0,117,118,1,0,6,0,8,53,54,0,0,0,0,211,1,118,1,1,1,0,99,53,1,173
0,231,12,0,9539,12,0,12,12,12,0,98,0,187,0,12,0,0,2,12,0,0,228,0,18,12,0,1,12,85,12,98,18,12,12,0,0,12,0,12,0,228,12,12,12,0,98,0,18,12,1,0,98,0,8,12,187,0,0,0,0,211,12,12,1,12,12,0,100,12,1,189
0,30,220,0,1479,220,0,220,39,12,0,52,0,30,8,220,0,0,0,12,0,0,215,0,30,220,16,19,220,100,220,200,30,220,80,0,0,80,0,220,0,30,215,220,215,0,200,0,46,39,0,1,44,0,8,220,83,0,0,0,0,217,220,220,1,12,220,0,96,220,1,30
0,231,220,0,1480,49,0,99,220,220,0,92,0,231,7,99,0,0,1,220,0,0,51,0,230,164,16,19,49,100,164,200,231,220,220,0,0,220,0,99,0,231,220,164,220,0,200,0,149,220,0,1,5,0,8,99,92,0,0,0,0,217,49,164,1,220,49,0,96,220,1,231
0,117,12,0,1481,12,0,12,161,12,3,87,0,182,0,12,0,0,2,12,0,0,41,0,163,12,16,19,12,100,12,200,163,12,178,0,0,178,0,12,0,116,114,12,114,0,200,0,67,161,0,1,9,0,9,12,51,0,0,0,0,217,12,12,1,12,12,0,92,12,1,182
0,246,23,0,1482,23,0,220,220,215,0,82,0,246,8,154,0,0,0,154,0,0,53,0,246,220,16,19,23,100,215,200,246,215,220,0,0,220,0,154,0,246,220,215,220,0,200,0,196,220,1,0,15,0,0,154,149,0,1,0,0,219,23,215,1,23,220,0,96,154,1,246
0,29,220,0,1483,220,0,30,50,50,0,82,0,30,0,220,0,0,1,30,0,0,56,0,55,50,16,19,220,100,220,204,54,220,30,0,0,30,0,220,0,29,28,220,28,0,204,0,249,50,1,0,11,0,0,220,193,0,0,0,0,219,220,220,1,28,28,0,82,220,1,30
0,131,220,0,1484,220,0,220,52,220,0,76,0,50,0,220,0,0,2,220,0,0,167,0,58,220,16,19,220,76,220,200,57,220,46,0,0,46,0,220,0,132,132,220,132,0,200,0,61,52,1,0,10,0,0,220,136,0,0,0,0,219,220,220,1,220,220,0,90,220,1,51
0,41,220,0,1485,220,0,96,163,220,0,88,0,73,0,220,0,0,3,220,0,0,46,0,126,163,16,19,220,100,220,200,122,220,96,0,0,96,0,220,0,42,60,220,60,0,200,0,164,163,1,0,5,0,0,220,123,0,0,0,0,219,220,220,1,220,60,0,99,220,1,69
4,69,38,0,1080,220,0,38,220,220,0,85,0,44,8,220,0,0,0,220,0,0,132,0,98,90,0,8,220,100,220,9,92,90,220,0,0,38,0,220,0,74,38,220,220,0,9,0,130,90,1,0,5,0,0,220,91,0,0,0,0,229,220,220,1,220,38,0,99,38,1,40
4,222,220,0,1081,12,0,220,220,220,4,88,0,222,8,12,0,0,1,220,0,0,34,0,222,220,0,8,12,100,12,9,222,220,220,2,0,220,0,12,0,222,220,12,220,0,9,0,64,220,1,0,7,0,10,12,16,0,1,0,0,229,12,12,1,220,220,0,96,220,1,222
4,221,12,0,5023,220,0,12,12,12,0,92,0,55,0,220,0,0,2,12,0,0,29,0,158,12,0,8,220,100,220,9,157,12,12,2,0,12,0,220,0,222,12,220,12,0,9,0,29,12,0,0,7,0,0,220,29,0,0,0,0,229,220,220,1,12,12,0,93,12,1,55
4,190,220,0,8459,220,0,220,220,220,0,83,0,21,2,220,0,0,0,220,0,0,231,0,34,220,4,1,220,87,220,10,33,220,220,0,0,220,0,220,0,190,220,220,220,0,10,0,231,220,1,0,13,0,8,220,231,0,0,0,0,230,220,220,1,220,220,0,88,220,1,20
4,231,12,0,8460,12,0,12,12,12,0,86,0,228,8,12,0,0,1,12,0,0,192,0,228,12,4,1,12,100,12,10,231,12,12,0,0,12,0,12,0,229,12,12,12,0,10,0,34,12,1,0,8,0,0,12,11,0,0,0,0,230,12,12,1,12,12,2,99,12,1,231
4,228,220,0,8461,220,0,220,220,220,0,92,0,192,0,220,0,0,2,220,0,0,222,0,1,220,0,1,220,100,220,10,2,220,220,0,0,220,0,220,0,229,220,220,220,0,10,0,221,220,0,0,7,0,0,220,221,0,0,0,0,230,220,220,1,220,220,0,94,220,1,191
4,29,220,0,742,220,0,220,220,220,0,89,0,30,0,220,0,0,0,220,0,0,5,0,30,220,0,1,220,87,220,4,29,220,220,0,0,220,0,220,0,29,220,220,220,0,4,0,175,220,1,0,8,0,0,220,116,0,0,0,0,231,220,220,1,220,220,0,100,220,1,29
4,231,58,0,743,58,0,94,169,169,0,92,0,231,0,94,0,0,1,94,0,0,20,0,231,169,0,1,58,100,169,21,231,169,94,0,0,94,0,94,0,231,58,169,58,0,21,0,218,169,1,0,7,0,0,94,133,0,0,0,0,231,58,169,1,58,58,0,100,94,1,231
4,230,12,0,5472,220,0,12,220,220,0,100,0,83,0,220,0,0,2,220,0,0,231,0,39,12,0,1,220,76,220,4,38,12,220,2,0,12,0,220,0,231,12,220,220,0,4,0,39,12,0,0,100,0,0,220,83,0,0,0,0,231,220,220,1,220,12,0,100,12,1,83
4,226,220,0,744,220,0,220,220,220,0,82,0,3,7,220,0,0,0,220,0,0,227,0,35,220,0,1,220,76,220,1,226,220,220,0,0,220,0,220,0,226,220,220,220,0,1,0,71,220,1,0,15,0,0,220,45,0,0,0,0,232,220,220,1,220,220,2,93,220,0,226
4,226,225,0,745,225,0,0,32,32,0,91,0,253,7,0,0,0,1,0,0,0,254,0,233,32,0,1,225,76,32,1,32,32,0,0,0,0,0,0,0,254,225,32,225,0,1,0,233,32,1,0,91,0,0,0,253,0,1,0,0,232,225,32,1,225,225,2,99,0,0,0
4,89,12,0,5473,12,0,12,12,12,0,91,0,192,0,12,0,0,2,12,0,0,29,0,226,12,0,1,12,76,12,1,225,12,12,0,0,12,0,12,0,90,12,12,12,0,1,0,29,12,0,0,7,0,0,12,29,0,0,0,0,232,12,12,1,12,12,0,91,12,0,192
0,231,12,0,746,220,0,12,12,12,0,83,0,36,0,220,-1,0,0,12,0,0,230,0,41,12,308,44,227,100,220,84,231,12,12,2,0,12,0,220,0,201,12,220,12,0,84,0,230,12,1,1,12,0,0,6,230,0,0,0,0,234,220,19,1,12,12,0,98,12,1,231
0,203,220,0,747,12,0,220,220,220,0,83,0,199,7,12,-1,0,1,220,0,0,191,0,184,220,308,44,12,100,12,84,184,220,220,2,0,220,0,12,0,203,220,12,220,0,84,0,39,220,1,1,13,0,0,12,18,0,0,0,0,234,12,12,1,220,220,0,98,220,1,199
0,233,220,0,3338,12,0,220,220,220,0,93,0,232,0,12,0,0,2,220,0,0,129,0,113,220,308,44,12,100,12,84,152,220,220,2,0,220,0,12,0,241,220,12,220,0,84,0,48,220,1,0,5,0,0,12,35,0,0,0,0,234,12,12,1,220,220,0,97,220,1,236
0,157,12,0,2779,153,0,220,220,12,0,83,0,231,0,45,-1,0,3,12,0,0,158,0,231,220,308,44,220,100,50,84,53,12,220,2,0,220,0,45,0,231,220,50,220,0,84,0,54,220,1,1,16,0,0,220,43,0,0,0,0,234,153,220,1,12,220,0,98,12,1,42
0,33,220,0,748,174,0,220,220,220,0,60,0,56,0,138,0,0,0,220,0,0,222,0,114,220,308,44,174,86,89,84,102,220,220,2,0,220,0,138,0,35,220,89,220,0,84,0,222,220,1,1,38,0,0,138,222,0,1,0,0,236,174,89,1,220,220,3,99,220,1,50
0,240,220,0,749,96,0,220,220,220,0,95,0,123,0,96,0,0,1,220,0,0,234,0,125,220,308,44,96,86,96,84,129,220,220,2,0,220,0,96,0,234,220,96,220,0,84,0,125,220,1,1,95,0,0,96,123,0,1,0,0,236,96,96,1,220,220,3,99,220,1,127
0,30,12,0,3714,174,0,12,12,12,0,98,0,31,7,138,0,0,2,12,0,0,31,0,31,12,308,44,174,87,89,84,30,12,12,2,0,12,0,138,0,31,12,89,12,0,84,0,31,12,1,0,98,0,0,138,31,0,1,0,0,236,174,89,1,12,12,3,99,12,1,30
0,220,220,0,2780,10,0,220,220,220,0,96,0,210,11,69,0,0,3,220,0,0,220,0,198,220,308,44,10,86,138,84,197,220,220,2,0,220,0,69,0,220,220,138,220,0,84,0,198,220,1,1,96,0,0,69,210,0,1,0,0,236,10,138,1,220,220,3,99,220,1,210
0,30,12,0,750,12,0,220,220,12,0,62,0,231,5,12,0,0,0,12,0,0,34,0,231,220,100308,44,220,100,12,84,30,12,220,2,0,220,0,12,0,231,220,12,220,0,84,0,61,220,1,0,34,0,5,220,105,0,0,0,0,237,12,220,1,12,220,0,100,12,1,30
0,29,12,0,751,220,0,12,12,12,0,98,0,31,4,220,0,0,1,12,0,0,31,0,31,12,100308,44,220,100,220,84,29,12,12,2,0,12,0,220,0,31,12,220,12,0,84,0,31,12,1,0,98,0,8,220,31,0,0,0,0,237,220,220,1,12,12,0,100,12,1,29
0,251,220,0,3339,12,0,220,220,220,0,64,0,180,0,12,0,0,2,220,0,0,251,0,50,220,100308,44,12,100,12,84,66,220,220,2,0,220,0,12,0,245,220,12,220,0,84,0,69,220,1,0,33,0,6,12,218,0,0,0,0,237,12,12,1,220,220,0,100,220,1,218
0,98,220,0,5055,12,0,220,220,220,0,88,0,214,0,12,0,0,3,220,0,0,29,0,196,220,100308,44,12,100,12,84,198,220,220,2,0,220,0,12,0,98,220,12,220,0,84,0,29,220,1,0,10,0,8,12,29,0,0,0,0,237,12,12,1,220,220,0,100,220,1,216
0,51,12,0,1489,67,0,220,220,220,0,60,0,224,7,74,0,0,0,220,0,0,145,0,224,220,53,138,220,100,152,267,154,12,220,2,0,220,0,74,1,224,220,152,220,0,58,0,36,220,1,0,35,0,5,220,18,0,0,0,0,240,67,220,1,220,220,0,99,12,1,68
0,49,12,0,1490,247,0,12,100,104,0,65,0,73,7,238,0,0,1,238,0,0,43,0,112,12,53,138,247,100,104,267,82,12,44,2,0,12,0,238,1,72,12,104,37,0,58,0,74,12,1,0,30,0,5,238,46,0,0,0,0,240,247,104,1,247,12,0,69,12,1,52
0,231,220,0,1800,12,0,220,93,12,0,97,0,211,0,12,0,0,2,12,0,0,231,0,81,220,53,138,12,100,12,267,61,220,215,2,0,220,0,12,1,231,220,12,231,0,58,0,81,220,1,0,97,0,6,12,211,0,0,0,0,240,12,12,1,12,220,0,96,220,1,209
0,0,12,0,5746,220,0,12,171,220,0,84,0,103,7,220,0,0,3,220,0,0,228,0,172,12,53,138,220,100,220,267,172,12,104,2,0,12,0,220,1,0,12,220,65,0,58,0,229,12,1,0,8,0,0,220,229,0,0,0,0,240,220,220,1,220,12,0,97,12,1,102
0,35,12,0,1491,254,0,12,62,69,0,98,0,45,0,216,0,0,0,216,0,0,60,0,88,12,100053,138,254,100,69,267,94,12,38,2,0,12,0,216,1,60,12,69,109,0,267,0,88,12,0,1,98,0,8,216,45,0,0,0,0,241,254,69,1,254,12,0,98,12,1,42
0,35,12,0,1492,12,0,12,157,181,0,90,0,194,0,12,0,0,1,212,0,0,27,0,158,12,100053,138,226,100,12,267,36,12,193,0,0,193,0,12,1,212,211,12,211,0,267,0,27,157,0,1,8,0,5,212,27,0,0,0,0,241,12,181,1,226,12,0,94,12,1,35
0,45,53,0,1493,12,0,102,74,12,0,79,0,92,0,12,0,0,2,12,0,0,166,0,70,74,100053,138,12,100,12,267,70,74,102,2,0,102,0,12,1,45,53,12,53,0,267,0,99,74,0,0,15,0,6,12,199,0,0,0,0,241,12,12,1,12,53,0,97,102,1,92
0,230,12,0,1494,220,0,12,12,12,0,84,0,131,7,220,0,0,3,12,0,0,52,0,121,12,100053,138,220,100,220,267,109,12,12,2,0,12,0,220,1,247,12,220,12,0,267,0,80,12,0,0,14,0,0,220,57,0,0,0,0,241,220,220,1,12,12,0,98,12,1,120
0,0,12,0,1495,224,0,12,12,104,0,59,0,91,11,197,0,0,0,197,0,0,223,0,175,12,54,138,224,76,104,267,167,12,12,2,0,12,0,197,1,2,12,104,12,0,267,0,230,12,1,0,30,0,0,197,226,0,0,0,0,242,224,104,1,224,12,0,88,12,1,89
0,202,12,0,1496,188,0,12,12,96,0,58,0,45,11,163,0,0,1,163,0,0,35,0,57,12,54,138,188,76,96,267,57,12,12,2,0,12,0,163,1,197,12,96,12,0,267,0,58,12,1,0,30,0,0,163,38,0,0,0,0,242,188,96,1,188,12,0,88,12,1,46
0,218,220,0,1801,12,0,220,220,12,0,96,0,72,0,12,0,0,2,12,0,0,215,0,147,220,54,138,12,76,12,267,149,220,220,2,0,220,0,12,1,215,220,12,220,0,267,0,147,220,1,0,96,0,0,12,72,0,1,0,0,242,12,12,1,12,220,0,99,220,1,75
0,231,42,0,1497,42,0,42,42,42,0,83,0,230,0,42,0,0,0,42,0,0,164,0,230,42,53,138,42,100,42,267,231,42,42,0,0,42,0,42,1,230,42,42,42,0,267,0,164,42,0,0,12,0,0,42,164,0,0,0,0,243,42,42,1,42,42,0,97,42,1,231
0,46,12,0,1498,145,0,12,145,145,0,92,0,60,3,145,0,0,1,145,0,0,58,0,76,12,53,138,145,100,145,267,59,12,145,2,0,12,0,145,1,58,12,145,145,0,267,0,76,12,0,0,92,0,0,145,60,0,0,0,0,243,145,145,1,145,12,0,98,12,1,49
0,214,220,0,1499,220,0,220,220,220,0,90,0,49,0,220,0,0,2,220,0,0,230,0,66,220,53,138,220,100,220,267,85,220,220,0,0,220,0,220,1,211,220,220,220,0,267,0,228,220,0,0,6,0,0,220,228,0,0,0,0,243,220,220,1,220,220,0,96,220,1,62
0,1,12,0,1500,220,0,12,220,220,0,95,0,78,7,220,0,0,3,220,0,0,1,0,148,12,53,138,220,100,220,267,148,12,220,2,0,12,0,220,1,1,12,220,220,0,267,0,148,12,0,0,95,0,8,220,78,0,0,0,0,243,220,220,1,220,12,3,95,12,1,77
0,119,220,0,1501,126,0,154,220,220,0,93,0,239,11,154,0,0,0,220,0,0,123,0,239,190,54,138,220,100,190,267,182,220,220,0,0,220,0,154,1,239,220,190,220,0,267,0,189,220,1,0,6,0,0,220,153,0,0,0,0,244,126,220,1,220,126,0,97,220,1,154
0,26,213,0,1502,213,0,191,12,33,0,93,0,26,7,191,0,0,1,191,0,0,231,0,26,33,54,138,213,100,33,267,25,33,12,0,0,12,0,191,1,26,12,33,12,0,267,0,2,12,1,0,6,0,0,191,203,0,0,0,0,244,213,33,1,213,213,0,97,191,1,26
0,111,12,0,1802,12,0,12,102,12,0,51,0,225,0,12,0,0,2,12,0,0,13,0,163,12,54,138,12,100,12,267,164,12,169,0,0,169,0,12,1,112,4,12,4,0,267,0,108,102,1,0,41,0,0,12,180,0,0,0,0,244,12,12,1,12,12,0,94,12,1,225
0,231,12,0,754,220,0,12,59,220,0,60,0,231,7,220,-1,0,0,220,0,0,137,0,231,12,10,158,150,100,220,298,231,12,27,2,0,12,0,220,0,231,12,220,150,0,298,0,49,12,0,0,38,0,0,27,24,0,0,0,0,245,220,59,1,220,12,0,98,12,1,231
0,45,220,0,755,199,0,229,77,220,0,65,0,52,3,229,-1,0,1,220,0,0,184,0,81,179,10,158,199,100,179,298,78,220,53,0,0,53,0,229,0,48,52,179,52,0,298,0,226,77,0,0,25,0,0,229,218,0,0,0,0,245,199,179,1,220,199,0,98,220,1,49
0,170,220,0,756,12,0,12,177,177,0,56,0,214,0,12,0,0,2,232,0,0,117,0,159,12,10,158,12,100,12,298,161,177,232,0,0,232,0,12,0,168,220,12,220,0,298,0,121,177,0,0,37,0,0,12,188,0,0,0,0,245,12,12,1,220,12,0,97,232,1,216
0,215,214,0,757,81,0,90,189,189,0,94,0,204,11,90,-1,0,3,203,0,0,215,0,190,110,10,158,81,100,110,298,190,189,203,0,0,203,0,90,0,215,214,110,214,0,298,0,190,189,0,0,94,0,0,90,204,0,0,0,0,245,81,110,1,214,81,0,98,203,1,204
0,30,163,0,758,12,0,132,220,50,0,49,0,231,7,12,0,0,0,132,0,0,230,0,232,50,10,1,163,100,12,2,30,50,220,4,0,132,0,12,0,231,163,12,220,0,138,0,33,50,0,1,48,0,0,132,39,0,0,0,0,246,12,50,1,163,163,0,96,132,1,30
0,30,115,0,759,115,0,107,55,55,0,96,0,54,8,107,0,0,1,107,0,0,15,0,36,55,10,1,115,100,55,2,30,55,107,0,0,107,0,107,0,15,115,55,115,0,2,0,36,55,0,1,96,0,0,107,54,0,0,0,0,246,115,55,1,115,115,0,99,107,1,30
0,220,12,0,760,12,0,12,12,12,0,98,0,205,0,12,0,0,2,12,0,0,219,0,57,12,10,1,12,100,12,2,65,12,12,0,0,12,0,12,0,219,12,12,12,0,2,0,57,12,0,1,98,0,0,12,205,0,1,0,0,246,12,12,1,12,12,0,100,12,1,207
0,140,141,0,6036,120,0,46,53,211,0,83,0,181,0,46,0,0,3,178,0,0,141,0,217,53,10,1,141,100,53,2,49,211,46,0,0,46,0,46,0,117,120,53,120,0,2,0,50,53,0,1,14,0,8,178,35,0,0,0,0,246,120,211,1,141,120,0,80,178,1,34
0,30,163,0,762,12,0,12,12,81,0,58,0,231,0,12,0,0,0,133,0,0,196,0,231,12,100010,93,220,100,12,178,30,81,12,0,0,0,0,12,0,231,196,12,12,0,178,0,34,0,0,0,35,0,0,220,23,0,0,0,0,247,12,220,1,163,12,0,89,133,1,30
0,42,220,0,763,220,0,48,220,66,0,87,0,46,7,220,0,0,1,48,0,0,230,0,66,66,100010,93,220,100,220,178,65,220,220,0,0,0,0,220,0,43,196,220,220,0,178,0,230,0,0,0,6,0,0,220,230,0,0,0,0,247,220,220,1,50,50,0,89,220,1,45
0,44,220,0,764,240,0,117,70,220,0,79,0,119,0,136,0,0,2,220,0,0,238,0,85,141,100010,93,203,100,66,178,88,220,137,0,0,220,0,137,0,36,220,70,240,0,178,0,103,220,0,0,19,0,0,137,124,0,0,0,0,247,242,70,1,220,203,0,91,220,1,120
0,99,98,0,6714,98,0,94,74,220,0,83,0,229,0,94,0,0,3,220,0,0,99,0,229,74,100010,93,220,100,74,178,80,74,94,0,0,184,0,94,0,230,190,74,98,0,178,0,81,166,0,0,11,0,0,220,96,0,0,0,0,247,98,220,1,220,98,0,100,94,1,95
0,231,12,0,3351,12,0,12,12,12,0,52,0,253,0,12,0,0,0,12,0,0,5,0,253,12,80,1,12,100,12,7,231,12,12,0,0,12,0,12,0,253,12,12,12,80,7,0,6,12,1,0,22,0,11,12,5,0,0,0,0,252,12,12,1,12,12,0,94,12,0,231
0,29,220,0,3350,220,0,220,220,220,0,81,0,30,0,220,0,0,1,220,0,0,185,0,30,220,80,1,220,87,220,7,29,220,220,0,0,220,0,220,0,31,220,220,220,80,7,0,43,220,1,0,14,0,9,220,49,0,0,0,0,252,220,220,1,220,220,0,94,220,0,29
0,5,220,0,8493,220,0,220,220,220,0,91,0,91,0,220,0,0,2,220,0,0,221,0,185,220,0,1,220,100,220,7,185,220,220,0,0,220,0,220,0,5,220,220,220,80,7,0,221,220,0,0,8,0,0,220,221,0,0,0,0,252,220,220,1,220,220,0,91,220,0,91
0,10,220,0,767,15,0,139,95,220,0,54,0,105,9,139,0,0,0,220,0,0,232,0,80,95,0,1,220,100,95,10,78,220,139,0,0,139,0,139,0,10,15,95,15,80,10,0,232,95,0,0,42,0,0,220,232,0,0,0,0,254,15,220,1,220,15,0,85,220,0,103
0,188,220,0,766,220,0,220,220,220,0,75,0,31,7,220,0,0,1,220,0,0,40,0,27,220,0,1,220,100,220,10,26,220,220,0,0,220,0,220,0,180,220,220,220,80,10,0,60,220,0,0,22,0,0,220,41,0,0,0,0,254,220,220,1,220,220,0,85,220,0,31
0,255,12,0,5475,12,0,12,12,12,1,91,0,97,0,12,0,0,2,12,0,0,12,1,66,12,0,1,12,100,12,10,66,12,12,0,0,12,0,12,0,255,12,12,12,80,10,0,12,12,0,0,8,0,0,12,12,0,0,0,0,254,12,12,1,12,12,0,91,12,0,99
0,87,220,0,769,220,0,12,220,220,0,94,0,58,0,220,0,0,0,220,0,0,84,0,144,12,80,1,220,100,220,8,152,220,220,2,0,12,0,220,0,84,12,220,220,80,8,0,144,12,1,0,94,0,0,220,58,0,0,0,0,256,220,220,1,220,12,0,81,220,0,61
0,231,71,0,4896,71,0,12,111,111,0,91,0,225,0,45,0,0,1,45,0,0,89,0,225,12,80,1,71,100,111,8,231,111,45,2,0,12,0,45,0,225,12,111,71,80,8,0,150,12,1,0,8,0,0,45,64,0,1,0,0,256,71,111,1,71,12,0,93,45,0,231
0,241,12,0,5476,220,0,12,220,220,0,91,0,88,0,220,0,0,2,220,0,0,236,0,53,12,0,1,220,100,220,8,54,12,220,0,0,12,0,220,0,241,12,220,220,80,8,0,39,12,0,0,6,0,0,220,46,0,0,0,0,256,220,220,1,220,12,0,94,12,0,89
0,24,220,0,12337,22,0,65,148,220,0,94,0,231,0,65,0,0,0,220,0,0,231,0,231,148,76,1,220,76,148,90,155,220,65,0,0,65,0,65,0,231,22,148,22,0,90,0,231,148,1,0,94,0,9,220,231,0,1,0,0,263,22,220,1,220,22,0,98,220,1,60
0,41,215,0,12338,215,0,232,89,89,0,58,0,22,0,232,0,0,1,232,0,0,37,0,23,89,76,1,215,76,89,90,127,89,232,0,0,232,0,232,0,216,215,89,215,0,90,0,132,89,1,0,35,0,9,232,60,0,0,0,0,263,215,89,1,215,215,0,99,232,1,60
0,212,220,0,12339,12,0,12,220,220,0,77,0,219,7,12,0,0,2,220,0,0,156,0,30,12,76,1,12,76,12,1,30,220,220,0,0,220,0,12,0,213,220,12,220,0,1,0,44,220,1,0,10,0,0,12,181,0,0,0,0,263,12,12,1,220,12,0,96,220,1,218
0,232,31,0,9563,220,0,220,109,109,0,51,0,34,19,59,0,0,0,59,0,0,231,0,32,220,0,1,31,85,109,98,232,109,59,2,0,59,0,220,0,227,31,220,31,0,98,0,230,109,1,0,44,0,8,59,230,0,0,0,0,266,31,109,1,31,220,0,95,59,1,232
0,30,220,0,9564,220,0,220,220,220,0,96,0,26,19,220,0,0,1,220,0,0,36,0,47,220,0,1,220,85,220,98,30,220,220,0,0,12,0,220,0,36,12,220,220,0,98,0,47,12,1,0,96,0,8,220,26,0,0,0,0,266,220,220,1,220,220,0,99,220,1,30
0,75,220,0,9565,220,0,220,220,220,0,98,0,154,0,220,0,0,2,220,0,0,71,0,205,220,0,1,220,85,220,98,206,220,220,0,0,220,0,220,0,71,220,220,220,0,98,0,205,220,1,0,98,0,8,220,154,0,0,0,0,266,220,220,1,220,220,0,99,220,1,155
0,211,220,0,8317,220,0,220,12,220,0,99,0,39,0,220,0,0,0,220,0,0,84,0,48,220,0,7,12,87,220,122,211,220,12,0,0,12,0,220,0,84,12,220,12,0,122,0,48,12,1,0,99,0,0,12,39,0,0,0,0,267,220,12,1,220,220,0,89,220,1,211
0,231,220,0,8315,156,0,139,220,220,0,87,0,231,0,139,0,0,1,220,0,0,167,0,231,95,0,7,156,86,95,122,231,220,220,0,0,220,0,139,0,231,220,95,220,0,122,0,123,220,1,0,12,0,0,139,158,0,0,0,0,267,156,95,1,220,156,0,90,220,1,231
0,229,217,0,8316,106,0,12,53,53,0,93,0,227,0,0,0,0,2,0,0,0,134,0,107,12,0,7,106,76,53,122,147,5,0,0,0,193,0,0,0,231,217,53,106,0,122,0,48,5,1,0,5,0,0,0,33,0,0,0,0,267,106,53,1,106,12,0,96,193,1,231
0,27,243,0,774,32,0,60,127,9,0,67,0,188,7,60,0,0,0,191,0,0,32,0,8,127,1,8,243,84,127,2,110,9,60,0,0,60,0,60,0,240,32,127,32,0,2,0,129,127,1,0,31,0,0,191,61,0,0,0,0,269,32,9,1,243,32,0,97,191,1,52
0,25,255,0,775,255,0,218,41,41,0,72,0,81,11,218,0,0,1,218,0,0,153,0,147,41,1,8,255,84,41,2,147,41,218,0,0,218,0,218,0,27,255,41,255,0,2,0,67,41,1,0,12,0,0,218,173,0,0,0,0,269,255,41,1,255,255,0,100,218,1,80
0,166,12,0,5477,12,0,12,12,12,0,59,0,203,0,12,0,0,2,12,0,0,168,0,178,12,1,8,12,84,12,2,109,12,12,0,0,12,0,12,0,219,12,12,12,0,2,0,111,12,1,0,39,0,0,12,139,0,0,0,0,269,12,12,1,12,12,0,98,12,1,138
0,230,115,0,776,220,0,220,220,23,0,90,0,31,0,220,0,0,0,23,0,0,230,0,38,220,1,1,115,100,220,5,230,23,220,0,0,23,0,220,0,144,115,220,220,0,5,0,230,23,0,0,7,0,5,23,230,0,0,0,0,270,220,23,1,115,220,0,95,23,1,230
0,36,155,0,777,155,0,143,105,105,0,94,0,50,0,143,0,0,1,143,0,0,37,0,82,105,1,1,155,100,105,5,74,105,143,0,0,12,0,143,0,37,12,105,155,0,5,0,82,12,0,0,94,0,5,143,50,0,0,0,0,270,155,105,1,155,155,0,95,143,1,49
0,128,12,0,5478,12,0,12,12,12,0,100,0,211,0,12,0,0,2,12,0,0,129,0,165,12,1,1,12,100,12,5,165,12,12,0,0,220,0,12,0,129,220,12,12,0,5,0,165,220,0,0,100,0,0,12,211,0,0,0,0,270,12,12,1,12,12,0,100,12,1,211
0,7,220,0,3452,16,0,27,42,220,0,92,0,231,11,27,0,0,0,220,0,0,231,0,231,42,1,12,220,100,42,10,52,220,27,0,0,27,0,27,1,231,16,42,16,0,10,0,231,42,1,0,92,0,4,220,231,0,1,0,0,271,16,220,1,220,16,0,99,220,1,27
0,8,220,0,3453,220,0,220,220,220,0,90,0,32,0,220,0,0,1,220,0,0,9,0,60,220,1,12,220,100,220,10,52,220,220,0,0,220,0,220,1,9,220,220,220,0,10,0,60,220,0,0,90,0,4,220,32,0,0,0,0,271,220,220,1,220,220,0,99,220,1,28
0,14,220,0,5479,220,0,220,220,220,0,76,0,150,0,220,0,0,2,220,0,0,14,0,43,220,1,1,220,76,220,1,19,220,220,0,0,220,0,220,1,14,220,220,220,0,1,0,19,220,0,0,23,0,9,220,194,0,1,0,0,271,220,220,1,220,220,0,100,220,1,194
0,17,12,0,778,12,0,12,12,12,0,67,0,241,0,12,0,0,0,12,0,0,17,0,241,12,1,1,12,85,12,1,160,12,12,0,0,12,0,12,0,241,12,12,12,0,1,0,159,12,1,0,30,0,0,12,80,0,1,0,0,272,12,12,1,12,12,0,87,12,0,80
0,31,220,0,779,220,0,0,220,220,0,99,0,40,11,220,0,0,1,220,0,0,38,0,37,0,1,6,220,76,220,10,31,220,220,0,0,220,0,220,0,38,220,220,220,0,10,0,37,220,1,0,99,0,0,220,40,0,0,0,0,272,220,220,1,220,0,0,99,220,1,32
0,0,220,0,5480,220,0,220,220,220,0,94,0,125,0,220,0,0,2,220,0,0,0,1,74,220,1,1,220,76,220,1,73,220,220,1,0,220,0,220,0,0,220,220,220,0,1,0,74,220,0,0,94,0,0,220,125,0,0,0,0,272,220,220,1,220,220,0,91,220,0,124
0,29,12,0,781,12,0,12,12,44,0,69,0,182,19,12,0,0,0,164,0,0,30,0,48,12,0,1,208,76,12,242,29,12,12,0,0,12,0,12,0,231,12,12,12,0,242,0,30,12,1,0,28,0,5,164,30,0,0,0,0,278,12,44,1,208,12,0,100,12,1,29
0,231,162,0,780,162,0,150,69,69,0,97,0,231,0,150,0,0,1,150,0,0,229,0,231,69,0,1,162,76,69,242,231,69,150,0,0,150,0,150,0,229,162,69,162,0,242,0,231,69,1,0,97,0,5,150,231,0,0,0,0,278,162,69,1,162,162,0,100,150,1,231
0,89,12,0,5092,12,0,12,12,12,0,49,0,124,0,12,0,0,2,12,0,0,73,0,154,12,0,1,12,76,12,242,174,12,12,2,0,12,0,12,0,2,12,12,12,0,242,0,213,12,1,0,44,0,6,12,209,0,0,0,0,278,12,12,1,12,12,0,100,12,1,189
0,140,220,0,782,220,0,220,220,220,0,59,0,2,0,220,0,0,0,220,0,0,231,0,12,220,0,33,220,100,220,60,11,220,220,0,0,3,0,220,0,141,146,220,220,0,60,0,231,11,1,1,39,0,0,220,231,0,0,0,0,280,220,220,1,220,220,0,98,220,1,2
0,231,146,0,2783,146,0,3,11,11,0,74,0,231,0,3,0,0,1,3,0,0,141,0,231,11,0,33,146,100,11,60,231,11,3,0,0,220,0,3,0,231,220,11,146,0,60,0,12,220,1,1,23,0,0,3,2,0,0,0,0,280,146,11,1,146,146,0,98,3,1,231
0,231,220,0,5094,220,0,220,220,220,0,54,0,166,0,220,0,0,2,220,0,0,201,0,37,220,0,33,220,100,220,60,37,220,220,0,0,166,0,220,0,232,232,220,220,0,60,0,33,37,1,0,40,0,0,220,86,0,0,0,0,280,220,220,1,220,220,0,96,220,1,165
0,34,220,0,1503,220,0,220,114,220,0,92,0,73,0,220,0,0,0,220,0,0,230,0,115,220,17,19,220,100,220,201,114,220,72,0,0,72,0,220,0,35,35,220,35,0,201,0,230,114,0,0,6,0,0,220,230,0,0,0,0,294,220,220,1,220,220,0,99,220,1,72
0,230,35,0,1504,35,0,72,220,114,0,91,0,231,7,72,0,0,1,72,0,0,36,0,231,114,17,19,35,100,114,201,230,114,220,0,0,220,0,72,0,231,220,114,220,0,201,0,110,220,0,0,7,0,0,72,71,0,0,0,0,294,35,114,1,35,35,0,99,72,1,230
0,253,12,0,1505,12,0,12,46,12,0,91,0,208,0,12,0,0,2,12,0,0,38,0,46,12,17,19,12,100,12,201,45,12,207,0,0,207,0,12,0,254,255,12,255,0,201,0,37,46,0,0,6,0,0,12,38,0,0,0,0,294,12,12,1,12,12,0,99,12,1,208
0,24,220,0,784,12,0,12,12,220,0,90,0,249,0,12,0,0,0,220,0,0,27,0,249,12,41,1,220,76,12,6,24,220,12,0,0,12,0,12,0,249,12,12,12,0,6,0,27,12,0,0,9,0,0,220,27,0,0,0,0,298,12,220,1,220,12,0,96,220,1,24
0,29,220,0,785,220,0,220,220,220,0,93,0,27,0,220,0,0,1,220,0,0,232,0,39,220,41,1,220,76,220,6,29,220,220,0,0,220,0,220,0,203,220,220,220,0,6,0,232,220,0,0,5,0,0,220,232,0,0,0,0,298,220,220,1,220,220,0,96,220,1,29
0,166,252,0,5481,12,0,12,12,12,1,85,0,236,0,12,0,0,2,12,0,0,250,0,0,12,41,1,12,76,12,6,0,1,12,0,0,12,0,12,0,166,12,12,12,0,6,0,1,12,0,0,14,0,1,12,29,0,0,0,0,298,12,12,1,12,12,0,88,30,1,236
0,231,24,0,788,220,0,220,220,72,0,94,0,50,0,220,0,0,0,47,0,0,20,0,71,220,41,1,24,100,220,137,231,72,220,0,0,220,0,220,0,20,220,220,220,0,137,0,71,220,0,0,94,0,0,47,50,0,0,0,0,300,220,72,1,24,220,0,96,47,0,231
0,14,220,0,789,12,0,12,12,220,0,66,0,220,0,12,0,0,1,220,0,0,197,0,224,12,41,1,220,100,12,137,28,220,12,0,0,12,0,12,0,225,12,12,12,0,137,0,186,12,0,0,29,0,0,220,164,0,1,0,0,300,12,220,1,220,12,0,97,220,1,19
0,201,12,0,5483,12,0,12,12,12,0,100,0,98,0,12,0,0,2,12,0,0,202,0,45,12,41,1,12,100,12,137,46,12,12,0,0,12,0,12,0,202,12,12,12,0,137,0,45,12,0,0,100,0,0,12,98,0,0,0,0,300,12,12,1,12,12,0,100,12,1,98
0,207,220,0,790,220,0,220,220,220,0,85,0,19,7,220,0,0,0,220,0,0,244,0,45,220,66,52,220,76,220,102,44,220,220,0,0,220,0,220,0,205,220,220,220,0,102,0,244,220,0,0,7,0,0,220,244,0,0,0,0,301,220,220,1,220,220,0,95,220,1,18
0,28,252,0,791,12,0,12,12,0,0,89,0,223,7,12,0,0,1,221,0,0,28,0,8,12,66,52,252,76,12,102,26,0,12,0,0,12,0,12,0,253,12,12,12,0,102,0,25,12,0,0,8,0,0,221,28,0,0,0,0,301,12,0,1,252,12,0,98,221,1,28
0,158,12,0,5484,12,0,12,12,12,0,91,0,192,0,12,0,0,2,12,0,0,14,0,11,12,66,52,12,76,12,102,11,12,12,0,0,12,0,12,0,159,12,12,12,0,102,0,13,12,0,0,8,0,0,12,14,0,0,0,0,301,12,12,1,12,12,0,90,12,1,191
65,30,220,0,3218,220,0,12,220,220,0,71,0,30,7,220,0,0,0,220,0,0,204,0,30,12,65,1,220,65,220,12,30,220,220,2,0,12,0,220,0,30,12,220,220,0,12,0,29,12,1,0,27,0,0,220,27,0,1,0,0,305,220,220,0,220,12,0,94,220,1,30
65,235,12,0,4069,12,0,12,226,12,0,46,0,163,7,12,0,0,1,12,0,0,191,0,222,12,65,1,12,65,12,12,141,12,167,0,0,167,0,12,0,21,0,12,0,0,12,0,231,226,1,0,22,0,0,12,219,0,1,0,0,305,12,12,0,12,12,0,91,12,1,4
65,110,12,0,5485,12,0,12,12,12,1,91,0,164,0,12,0,0,2,12,0,0,29,1,215,12,65,1,12,65,12,12,215,12,12,0,0,12,0,12,0,111,12,12,12,0,12,0,30,12,0,0,7,0,0,12,29,0,1,0,0,305,12,12,0,12,12,0,91,12,1,163
65,26,220,0,3220,12,0,12,12,220,2,64,0,231,11,12,0,0,0,220,0,0,25,0,231,12,65,1,220,65,12,4,80,220,12,0,0,12,0,12,0,231,12,12,12,0,4,0,81,12,0,0,30,0,0,220,103,0,1,0,0,306,12,220,1,220,12,2,93,220,1,103
65,149,220,0,4068,220,0,220,220,220,2,56,0,157,7,220,0,0,1,220,0,0,62,0,209,220,65,1,220,65,220,4,172,220,220,0,0,220,0,220,0,195,220,220,220,0,4,0,97,220,0,0,17,0,0,220,38,0,1,0,0,306,220,220,1,220,220,2,77,220,1,101
65,218,12,0,5486,12,0,220,12,12,0,91,0,254,0,12,0,0,2,12,0,0,30,0,90,220,65,1,12,65,12,1,89,12,12,0,0,12,0,12,0,219,12,12,12,0,4,0,29,12,0,0,7,0,0,12,30,0,1,0,0,306,12,12,1,12,220,0,90,12,1,253
0,72,65,0,10396,65,0,147,217,217,0,67,0,232,0,147,0,0,0,147,0,0,72,0,232,217,330,1,65,76,217,2,205,217,147,0,0,147,0,147,0,232,65,217,65,0,2,0,206,217,1,0,31,0,0,147,135,0,0,0,0,308,65,217,1,65,65,0,98,147,0,135
0,8,220,0,10397,220,0,220,220,220,0,98,0,95,0,220,0,0,1,220,0,0,15,0,219,220,330,1,220,76,220,2,221,220,220,0,0,220,0,220,0,15,220,220,220,0,2,0,219,220,1,0,98,0,0,220,95,0,0,0,0,308,220,220,1,220,220,3,98,220,0,93
0,230,12,0,10398,12,0,12,12,12,0,100,0,204,0,12,0,0,2,12,0,0,231,0,28,12,330,1,12,84,12,2,27,12,12,0,0,12,0,12,0,231,12,12,12,0,2,0,28,12,0,0,100,0,0,12,204,0,0,0,0,308,12,12,1,12,12,0,100,12,0,204
0,59,220,0,12272,220,0,220,220,220,0,94,0,17,0,220,0,0,0,220,0,0,59,0,21,220,330,1,220,100,220,1,21,220,220,0,0,220,0,220,0,59,220,220,220,0,1,0,21,220,1,0,94,0,0,220,17,0,0,0,0,310,220,220,1,220,220,0,93,220,1,17
0,227,79,0,12273,79,0,32,42,42,0,93,0,165,0,32,0,0,1,32,0,0,48,0,165,42,330,1,79,100,42,1,227,42,32,0,0,32,0,32,0,165,79,42,79,0,1,0,18,42,1,0,6,0,0,32,14,0,1,0,0,310,79,42,1,79,79,0,100,32,1,227
0,11,220,0,12274,220,0,220,220,220,0,91,0,11,0,220,0,0,2,220,0,0,221,0,11,220,330,1,220,100,220,1,11,220,220,0,0,220,0,220,0,11,220,220,220,0,1,0,221,220,0,0,8,0,0,220,221,0,0,0,0,310,220,220,1,220,220,0,90,220,1,11
0,16,220,0,792,220,0,220,220,220,0,54,0,64,11,220,0,0,0,220,0,0,223,0,139,220,56,1,220,100,220,1,138,220,220,0,0,220,0,220,0,17,220,220,220,0,1,0,223,220,0,0,42,0,0,220,223,0,0,0,0,319,220,220,1,220,220,0,89,220,1,63
0,231,53,0,793,53,0,60,136,136,0,97,0,230,11,60,0,0,1,60,0,0,230,0,230,136,56,1,53,100,136,1,231,136,60,0,0,60,0,60,0,230,53,136,53,0,1,0,230,136,0,0,97,0,0,60,230,0,0,0,0,319,53,136,1,53,53,0,98,60,1,231
0,41,220,0,5487,220,0,220,220,220,0,92,0,112,0,220,0,0,2,220,0,0,231,0,79,220,56,1,220,84,220,1,79,220,220,0,0,220,0,220,0,41,220,220,220,0,1,0,231,220,0,0,5,0,0,220,231,0,0,0,0,319,220,220,1,220,220,0,100,220,1,112
0,231,164,0,794,220,0,220,220,234,4,92,2,165,19,220,0,0,0,213,0,0,226,0,209,220,56,12,107,100,220,61,231,234,220,0,0,220,0,220,0,80,220,220,220,0,61,0,227,220,0,0,7,0,0,155,226,0,0,0,0,320,220,215,1,164,220,3,100,213,1,231
0,36,221,0,795,221,0,103,86,86,0,97,2,53,8,103,0,0,1,103,0,0,36,0,80,86,56,12,221,100,86,61,80,86,103,0,0,103,0,103,0,36,221,86,221,0,61,0,80,86,0,0,97,0,0,103,53,0,0,0,0,320,221,86,1,221,221,0,95,103,1,53
0,174,220,0,5488,220,0,220,220,220,0,81,2,119,0,220,0,0,2,220,0,0,101,0,203,220,56,12,220,100,220,61,202,220,220,0,0,220,0,220,0,174,220,220,220,0,61,0,179,220,0,0,16,0,0,220,66,0,0,0,0,320,220,220,1,220,220,0,100,220,1,119
0,231,220,0,796,220,0,12,220,220,0,74,0,83,0,220,0,0,0,220,0,0,27,0,160,12,56,1,220,100,220,9,231,220,220,0,0,220,0,220,0,8,220,220,220,0,9,0,72,220,0,0,17,0,0,220,39,0,0,0,0,321,220,220,1,220,12,0,87,220,1,231
0,189,91,0,797,91,0,149,213,213,0,95,0,194,0,149,0,0,1,149,0,0,190,0,203,213,56,1,91,100,213,9,204,213,149,0,0,149,0,149,0,190,91,213,91,0,9,0,203,213,0,0,95,0,0,149,194,0,0,0,0,321,91,213,1,91,91,0,87,149,1,194
0,125,220,0,5736,220,0,220,220,220,0,72,0,207,0,220,0,0,2,220,0,0,29,0,205,220,56,1,220,100,220,9,205,220,220,0,0,220,0,220,0,126,220,220,220,0,9,0,29,220,0,0,23,0,0,220,29,0,0,0,0,321,220,220,1,220,220,0,91,220,1,207
189,232,220,0,798,243,0,108,220,220,0,50,0,232,7,108,0,0,0,220,0,0,26,0,232,33,0,1,243,76,33,94,232,220,220,0,0,220,0,108,0,232,220,33,220,0,94,0,159,220,0,0,47,0,8,108,87,0,1,0,0,322,243,33,1,220,243,0,93,220,1,232
189,30,12,0,799,146,0,147,12,12,0,97,0,30,7,147,0,0,1,12,0,0,34,0,31,151,0,1,146,76,151,94,30,12,12,0,0,12,0,147,0,34,12,151,12,0,94,0,31,12,0,0,97,0,8,147,30,0,0,0,0,322,146,151,1,12,146,0,93,12,1,30
189,226,227,0,5489,12,0,12,75,75,0,99,0,208,0,12,0,0,2,208,0,0,227,0,76,12,0,1,12,76,12,94,76,75,208,0,0,208,0,12,0,227,227,12,227,0,94,0,76,75,0,0,99,0,11,12,208,0,1,0,0,322,12,12,1,227,12,0,100,208,1,207
189,0,220,0,5070,242,0,236,18,220,0,94,0,18,7,236,0,0,0,220,0,0,110,0,23,18,0,1,220,86,18,1,164,220,236,0,0,236,0,236,0,110,242,18,242,0,6,0,23,18,0,0,94,0,0,220,18,0,0,0,0,324,242,220,1,220,242,0,97,220,0,81
189,231,12,0,5079,109,0,17,17,12,0,90,0,231,7,17,0,0,1,12,0,0,109,0,231,17,0,1,12,86,17,1,231,12,17,0,0,17,0,17,0,231,109,17,109,0,6,0,23,17,0,0,8,0,0,12,17,0,0,0,0,324,109,12,1,12,109,0,97,12,0,231
189,254,220,0,5490,220,0,220,220,220,3,85,0,141,0,220,0,0,2,220,0,0,229,1,0,220,0,1,220,86,220,1,0,220,220,0,0,220,0,220,0,254,220,220,220,0,6,0,228,220,0,0,14,0,1,220,228,0,0,0,0,324,220,220,1,220,220,0,91,220,0,140
68,230,130,0,800,220,0,220,220,66,0,60,0,56,7,220,0,0,0,57,0,0,254,0,66,220,68,141,130,100,220,62,230,66,220,0,0,220,0,220,0,131,220,220,220,0,62,0,31,220,1,0,37,0,0,57,142,0,0,0,0,325,220,66,1,130,220,0,83,57,1,230
68,230,130,0,801,130,0,57,66,66,0,84,0,231,8,57,0,0,1,57,0,0,254,0,231,66,68,141,130,100,66,62,230,66,57,0,0,57,0,57,0,231,130,66,130,0,62,0,31,66,1,0,9,0,0,57,143,0,1,0,0,325,130,66,1,130,130,0,83,57,1,230
68,45,220,0,4353,220,0,220,220,220,0,79,0,119,0,220,0,0,2,220,0,0,243,0,85,220,68,141,220,100,220,62,88,220,220,0,0,220,0,220,0,35,220,220,220,0,62,0,132,220,1,0,9,0,0,220,87,0,0,0,0,325,220,220,1,220,220,0,90,220,1,120
68,130,237,0,2786,237,0,197,122,122,0,75,0,60,7,197,0,0,3,197,0,0,30,0,70,122,68,141,237,100,122,62,65,122,197,0,0,197,0,197,0,136,237,122,237,0,62,0,29,122,1,0,21,0,0,197,29,0,0,0,0,325,237,122,1,237,237,0,89,197,1,55
68,231,47,0,6225,220,0,220,220,82,0,61,0,50,7,220,0,0,0,54,0,0,248,0,78,220,0,53,47,86,220,194,231,82,220,0,0,54,0,220,0,42,47,220,220,0,194,0,0,82,1,1,29,0,0,54,233,0,0,0,0,326,220,82,1,47,220,0,98,54,1,231
68,251,45,0,6226,45,0,50,77,77,0,79,0,234,3,50,0,0,1,50,0,0,43,0,0,77,0,53,45,86,77,194,0,77,50,0,0,50,0,50,0,251,45,77,45,0,194,0,79,77,1,1,17,0,11,50,50,0,0,0,0,326,45,77,1,45,45,0,98,50,1,234
68,170,12,0,6227,12,0,12,12,12,0,54,0,214,0,12,0,0,2,12,0,0,117,0,159,12,0,53,12,86,12,194,161,12,12,0,0,12,0,12,0,168,12,12,12,0,194,0,121,12,1,1,37,0,0,12,188,0,1,0,0,326,12,12,1,12,12,0,96,12,1,216
68,43,183,0,7139,183,0,161,120,120,0,95,0,53,11,161,0,0,3,161,0,0,46,0,80,120,0,53,183,86,120,194,79,120,161,0,0,161,0,161,0,46,183,120,183,0,194,0,80,120,1,1,95,0,0,161,53,0,0,0,0,326,183,120,1,183,183,0,99,161,1,50
68,15,220,0,6228,12,0,12,12,220,0,93,0,231,13,12,-1,0,0,220,0,0,231,0,231,12,68,1,220,100,12,9,15,220,12,0,0,12,0,12,0,231,12,12,12,0,9,0,231,12,1,1,93,0,0,220,231,0,0,0,0,327,12,220,1,220,12,0,97,220,1,15
68,29,220,0,6229,220,0,220,220,220,0,76,0,30,3,220,-1,0,1,220,0,0,231,0,30,220,68,1,220,100,220,9,29,220,220,0,0,220,0,220,0,30,220,220,220,0,9,0,231,220,1,1,18,0,0,220,231,0,0,0,0,327,220,220,1,220,220,0,97,220,1,29
68,170,12,0,6230,12,0,12,12,12,0,56,0,215,0,12,0,0,2,12,0,0,117,0,160,12,68,1,12,100,12,9,161,12,12,0,0,12,0,12,0,169,12,12,12,0,9,0,121,12,1,0,36,0,0,12,188,0,0,0,0,327,12,12,1,12,12,0,96,12,1,216
68,29,220,0,7140,220,0,220,220,220,0,95,0,34,11,220,-1,0,3,220,0,0,34,0,34,220,68,1,220,100,220,9,29,220,220,0,0,220,0,220,0,34,220,220,220,0,9,0,34,220,1,1,95,0,0,220,34,0,0,0,0,327,220,220,1,220,220,0,97,220,1,29
0,182,244,0,1506,150,0,12,69,69,0,76,0,191,7,51,0,0,0,200,0,0,191,0,47,12,31,22,244,31,49,213,20,69,200,2,0,12,0,51,0,235,12,49,244,0,207,0,20,12,1,0,12,0,0,200,17,0,0,0,0,347,150,69,1,244,12,0,88,200,1,15
0,226,4,0,1507,4,0,200,69,120,0,84,0,220,7,40,0,0,1,40,0,0,220,0,215,69,31,22,4,31,120,213,225,120,200,2,0,200,0,40,0,222,244,120,244,0,207,0,82,69,1,0,10,0,0,40,184,0,0,0,0,347,4,120,1,4,244,0,78,40,1,225
0,19,220,0,9513,220,0,59,204,220,0,95,0,76,7,220,0,0,2,220,0,0,20,0,205,204,31,22,220,31,220,213,201,220,59,2,0,59,0,220,0,20,3,220,3,0,207,0,205,204,1,0,95,0,0,220,76,0,0,0,0,347,220,220,1,220,3,0,96,220,1,74
0,6,244,0,4711,244,0,40,120,69,0,91,0,10,7,200,0,0,3,200,0,0,162,0,14,120,31,22,244,31,69,213,47,69,40,2,0,40,0,200,0,162,4,69,4,0,207,0,14,120,1,0,91,0,0,200,10,0,0,0,0,347,244,69,1,244,4,0,99,200,1,19
0,205,194,0,4313,12,0,12,220,12,0,65,0,231,0,12,0,0,0,12,0,0,189,0,231,12,60,49,220,14,12,89,44,15,220,0,0,220,0,12,0,231,220,12,220,0,23,0,44,220,0,0,32,0,0,220,21,0,0,0,0,361,12,220,1,12,12,0,85,8,1,19
0,28,194,0,4314,220,0,220,12,12,0,91,0,34,0,220,0,0,1,12,0,0,206,0,72,220,60,49,220,14,220,89,66,15,12,0,0,12,0,220,0,27,12,220,12,0,23,0,51,12,0,0,6,0,0,220,21,0,0,0,0,361,220,220,1,12,220,0,98,8,1,34
0,70,220,0,5493,12,0,12,220,220,0,91,0,198,0,12,0,0,2,220,0,0,29,0,173,12,60,49,12,14,12,89,173,220,220,0,0,220,0,12,0,71,220,12,220,0,23,0,29,220,0,0,7,0,0,12,29,0,0,0,0,361,12,12,1,220,12,0,91,220,1,198
0,231,215,0,808,220,0,220,31,31,0,69,0,23,11,220,0,0,0,23,0,0,231,0,31,220,16,19,215,76,220,200,231,31,23,0,0,23,0,220,0,216,215,220,215,0,200,0,231,31,0,0,29,0,0,23,231,0,0,0,0,378,220,31,1,215,220,0,89,23,1,231
0,231,215,0,809,215,0,23,220,31,0,93,0,231,0,23,0,0,1,23,0,0,231,0,231,31,16,19,215,76,31,200,231,31,220,0,0,220,0,23,0,231,220,31,220,0,200,0,231,220,0,0,93,0,0,23,231,0,0,0,0,378,215,31,1,215,215,0,89,23,1,231
0,61,12,0,4701,220,0,12,12,220,0,78,0,147,0,220,0,0,2,220,0,0,23,0,213,12,16,19,220,76,220,200,214,12,12,0,0,12,0,220,0,62,12,220,12,0,200,0,141,12,0,0,17,0,0,220,89,0,0,0,0,378,220,220,1,220,12,0,91,12,1,147
0,93,147,0,4700,147,0,220,102,147,0,61,0,97,0,147,0,0,3,147,0,0,173,0,103,220,16,19,147,76,147,200,102,147,96,0,0,96,0,147,0,94,93,147,93,0,204,0,175,102,0,0,36,0,0,147,174,0,0,0,0,378,147,147,1,147,220,0,88,147,1,96
0,231,237,0,810,220,0,220,36,36,0,63,0,41,7,220,0,0,0,29,0,0,231,0,39,220,17,19,237,0,220,201,231,36,29,0,0,29,0,220,0,225,237,220,237,0,201,0,230,36,0,0,36,0,0,29,230,0,0,0,0,379,220,36,1,237,220,0,93,29,1,231
0,231,12,0,811,12,0,12,220,12,0,87,0,231,0,12,0,0,1,12,0,0,199,0,230,12,17,19,12,0,12,201,231,12,220,0,0,220,0,12,0,231,220,12,220,0,201,0,125,220,0,0,12,0,0,12,169,0,0,0,0,379,12,12,1,12,12,0,79,12,1,231
0,217,210,0,5223,12,0,12,128,128,0,95,0,240,0,12,0,0,2,235,0,0,220,0,97,12,17,19,12,100,12,201,85,128,235,0,0,235,0,12,0,220,210,12,210,0,201,0,97,128,0,0,95,0,0,12,240,0,0,0,0,379,12,12,1,210,12,0,98,235,1,232
0,34,12,0,11285,12,0,12,220,12,0,80,0,230,0,12,0,0,0,12,0,0,63,0,231,12,61,49,220,14,12,89,167,12,220,0,0,220,0,12,0,230,220,12,220,0,23,0,178,220,0,0,11,0,0,220,113,0,0,0,0,381,12,220,1,12,12,0,100,12,1,89
0,49,12,0,11286,220,0,220,12,12,0,78,0,47,0,220,0,0,1,12,0,0,47,0,67,220,61,49,220,14,220,89,65,12,12,0,0,12,0,220,0,50,12,220,12,0,23,0,164,12,0,0,8,0,0,220,97,0,0,0,0,381,220,220,1,12,220,0,100,12,1,46
0,40,12,0,11287,220,0,220,12,12,0,100,0,122,0,220,0,0,2,12,0,0,41,0,87,220,61,49,220,14,220,89,86,12,12,0,0,12,0,220,0,41,12,220,12,0,23,0,87,12,0,0,100,0,0,220,122,0,0,0,0,381,220,220,1,12,220,0,100,12,1,121
0,231,1,0,812,220,0,220,220,53,0,92,0,97,0,220,0,0,0,86,0,0,14,0,72,220,0,1,1,86,220,1,231,53,220,0,0,220,0,220,0,14,220,220,220,0,1,0,72,220,1,0,92,0,0,86,97,0,0,0,0,383,220,53,1,1,220,0,99,86,1,231
0,231,3,0,813,3,0,80,74,74,0,94,0,231,8,80,0,0,1,80,0,0,231,0,231,74,0,1,3,86,74,1,231,74,80,0,0,80,0,80,0,231,3,74,3,0,1,0,231,74,1,0,94,0,0,80,231,0,0,0,0,383,3,74,1,3,3,0,99,80,1,231
0,145,220,0,5496,220,0,220,220,220,0,100,0,34,0,220,0,0,2,220,0,0,144,0,40,220,0,1,220,86,220,1,41,220,220,0,0,220,0,220,0,144,220,220,220,0,1,0,40,220,0,0,100,0,0,220,34,0,0,0,0,383,220,220,1,220,220,0,99,220,1,34
0,231,12,0,814,12,0,12,12,12,0,63,0,230,6,12,0,0,0,12,0,0,31,0,230,12,0,1,12,76,12,49,231,12,12,0,0,12,0,12,0,230,12,12,12,0,49,0,31,12,0,0,32,0,0,12,31,0,0,0,0,393,12,12,1,12,12,2,79,12,1,231
0,31,220,0,815,220,0,220,220,220,0,82,0,30,23,220,0,0,1,220,0,0,231,0,30,220,0,1,220,76,220,49,31,220,220,0,0,220,0,220,0,30,220,220,220,0,49,0,231,220,0,0,16,0,0,220,231,0,0,0,0,393,220,220,1,220,220,2,93,220,1,31
0,79,220,0,5497,220,0,220,220,220,0,99,0,33,7,220,0,0,2,220,0,0,80,0,116,220,0,1,220,76,220,49,114,220,220,0,0,220,0,220,0,80,220,220,220,0,49,0,116,220,0,0,99,0,0,220,33,0,0,0,0,393,220,220,1,220,220,0,98,220,1,34
0,232,3,0,816,220,0,220,220,154,0,91,0,67,0,220,0,0,0,60,0,0,230,0,159,220,41,1,3,100,220,137,232,154,220,0,0,220,0,220,0,3,220,220,220,0,137,0,231,220,0,0,7,0,0,60,230,0,0,0,0,417,220,154,1,3,220,0,98,60,1,232
0,218,40,0,817,25,0,56,34,119,0,88,0,2,0,56,0,0,1,56,0,0,7,0,33,119,41,1,40,100,119,137,32,119,25,0,0,25,0,25,0,218,25,34,25,0,137,0,157,34,0,0,10,0,0,56,53,0,0,0,0,417,40,119,1,40,40,0,98,56,1,2
0,0,12,0,5498,12,0,12,12,12,1,85,0,187,0,12,0,0,2,12,0,0,27,1,107,12,41,1,12,100,12,137,106,12,12,0,0,12,0,12,0,0,12,12,12,0,137,0,27,12,0,0,14,0,1,12,27,0,0,0,0,417,12,12,1,12,12,0,91,12,1,186
0,231,12,0,818,220,0,220,220,12,0,51,0,5,7,220,0,0,0,12,0,0,231,0,40,220,41,1,12,100,220,137,231,12,220,0,0,220,0,220,0,182,220,220,220,0,137,0,231,220,0,0,36,0,0,12,231,0,1,0,0,418,220,12,1,12,220,0,87,12,1,231
0,27,220,0,819,220,0,220,220,220,0,74,0,33,7,220,0,0,1,220,0,0,33,0,40,220,41,1,220,100,220,137,30,220,220,0,0,220,0,220,0,25,220,220,220,0,137,0,168,220,0,0,10,0,0,220,159,0,0,0,0,418,220,220,1,220,220,0,96,220,1,29
0,4,220,0,5499,220,0,220,220,220,0,92,0,116,0,220,0,0,2,220,0,0,1,0,108,220,41,1,220,100,220,137,107,220,220,0,0,220,0,220,0,4,220,220,220,0,137,0,48,220,0,0,7,0,0,220,50,0,0,0,0,418,220,220,1,220,220,0,94,220,1,116
0,231,176,0,820,176,0,155,220,103,0,76,0,232,7,155,0,0,0,155,0,0,227,0,232,103,66,52,176,76,103,102,231,103,220,0,0,155,0,155,0,232,176,103,220,0,102,0,43,103,1,0,8,0,0,155,3,0,0,0,0,420,176,103,1,176,176,0,99,155,1,231
0,29,12,0,821,12,0,168,105,12,0,92,0,165,7,12,0,0,1,12,0,0,30,0,103,105,66,52,202,76,12,102,29,12,168,0,0,168,0,12,0,199,202,12,202,0,102,0,30,105,1,0,7,0,0,168,30,0,0,0,0,420,12,105,1,12,202,0,98,12,1,29
0,30,220,0,5500,220,0,12,12,12,0,91,0,30,0,220,0,0,2,12,0,0,229,0,30,12,66,52,220,76,220,102,30,220,12,0,0,220,0,220,0,30,220,220,12,0,102,0,229,220,0,0,7,0,0,220,229,0,0,0,0,420,220,220,1,12,12,0,91,220,1,30
65,27,10,0,4842,10,0,89,47,47,0,86,0,237,0,89,-1,0,0,89,0,0,199,0,241,47,65,6,10,65,47,1,74,47,89,0,0,89,0,89,0,236,10,47,10,0,1,0,194,47,0,0,6,0,0,89,198,0,1,0,0,422,10,47,1,10,10,0,99,89,0,108
65,30,12,0,4841,12,0,12,12,12,0,88,0,105,0,12,-1,0,1,12,0,0,30,0,36,12,65,6,12,65,12,1,30,12,12,0,0,12,0,12,0,229,12,12,12,0,1,0,29,12,0,0,11,0,0,12,30,0,1,0,0,422,12,12,1,12,12,0,100,12,0,30
65,254,12,0,5501,12,0,12,12,12,0,91,0,235,0,12,0,0,2,12,0,0,30,0,108,12,65,6,12,65,12,1,107,12,12,0,0,12,0,12,0,254,12,12,12,0,1,0,29,12,0,0,7,0,0,12,30,0,1,0,0,422,12,12,1,12,12,0,90,12,0,235
65,231,215,0,3226,220,0,220,220,3,0,50,0,232,0,220,0,0,0,1,0,0,176,0,232,220,65,1,215,65,220,8,231,3,220,0,0,220,0,220,0,232,220,220,220,0,8,0,29,220,0,0,47,0,0,1,18,0,1,0,0,423,220,3,1,215,220,0,98,1,1,231
65,2,110,0,3227,110,0,100,3,3,0,94,0,70,0,100,0,0,1,100,0,0,112,0,24,3,65,1,110,65,3,8,21,3,100,0,0,100,0,100,0,2,110,3,110,0,8,0,4,3,0,0,5,0,0,100,103,0,1,0,0,423,110,3,1,110,110,0,96,100,1,66
65,143,220,0,5502,220,0,220,220,220,0,96,0,201,0,220,0,0,2,220,0,0,142,0,251,220,65,1,220,65,220,1,250,220,220,0,0,220,0,220,0,142,220,220,220,0,1,0,251,220,0,0,96,0,0,220,201,0,1,0,0,423,220,220,1,220,220,0,94,220,1,201
0,229,12,0,824,229,0,12,12,12,0,96,0,29,0,212,0,0,0,12,0,0,29,0,29,12,56,6,12,100,74,1,229,12,12,0,0,12,0,212,0,29,12,74,12,0,13,0,29,12,0,0,96,0,0,12,29,0,0,0,0,433,229,12,1,12,12,0,98,12,0,229
0,28,236,0,825,12,0,12,135,135,0,96,0,223,0,12,0,0,1,208,0,0,223,0,222,12,56,73,12,100,12,13,28,135,208,0,0,208,0,12,0,223,236,12,236,0,13,0,222,135,0,0,96,0,0,12,223,0,0,0,0,433,12,12,1,236,12,0,99,208,0,28
0,251,236,0,5504,12,0,12,135,135,0,61,0,179,0,12,0,0,2,208,0,0,251,0,50,12,56,73,12,100,12,13,69,135,208,0,0,208,0,12,0,246,236,12,236,0,13,0,69,135,0,0,35,0,6,12,218,0,0,0,0,433,12,12,1,236,12,0,99,208,0,218
68,231,98,0,6231,220,0,220,220,0,0,43,0,191,11,220,0,0,0,11,0,0,92,0,229,220,68,6,98,100,220,4,231,0,220,0,0,220,0,220,0,129,220,220,220,0,4,0,12,220,0,0,30,0,10,11,4,0,0,0,0,436,220,0,1,98,220,0,96,11,1,231
68,104,238,0,6232,98,0,11,1,7,0,59,0,62,7,11,0,0,1,60,0,0,103,0,7,1,68,6,238,100,1,4,21,7,11,0,0,11,0,11,0,241,98,1,98,0,4,0,19,1,0,0,23,0,0,60,7,0,0,0,0,436,98,7,1,238,98,0,97,60,1,7
68,85,12,0,6233,12,0,12,12,12,0,85,0,224,0,12,0,0,2,12,0,0,83,0,51,12,0,1,12,76,12,1,17,12,12,0,0,12,0,12,0,163,12,12,12,0,1,0,16,12,0,0,14,0,1,12,107,0,0,0,0,436,12,12,1,12,12,0,94,12,1,110
65,30,220,0,5071,12,0,0,12,220,0,55,0,230,7,12,0,0,0,220,0,0,239,0,230,0,65,1,220,65,12,2,30,220,12,0,0,12,0,12,0,231,12,12,12,0,2,0,27,12,0,0,33,0,0,220,39,0,1,0,0,445,12,220,0,220,0,0,82,220,1,30
65,231,12,0,5080,12,0,12,12,12,0,91,0,175,15,12,0,0,1,12,0,0,230,0,174,12,65,1,12,65,12,2,231,12,12,0,0,12,0,12,0,128,12,12,12,0,2,0,230,12,0,0,6,0,0,12,230,0,1,0,0,445,12,12,0,12,12,0,94,12,1,231
65,95,220,0,5505,220,0,220,220,220,0,92,0,60,0,220,0,0,2,220,0,0,176,1,127,220,65,1,220,65,220,6,126,220,220,0,0,220,0,220,0,96,220,220,220,0,6,0,168,220,0,0,7,0,0,220,167,0,1,0,0,445,220,220,1,220,220,0,91,220,1,59
0,30,12,0,1508,220,0,12,27,220,0,55,0,38,8,220,0,0,0,220,0,0,231,0,64,12,53,138,220,100,220,267,30,12,2,2,0,12,0,220,1,203,12,220,199,0,267,0,231,12,1,0,40,0,5,220,231,0,0,0,0,448,220,220,1,220,12,0,99,12,1,30
0,38,12,0,1509,220,0,39,54,220,0,92,0,39,0,220,0,0,1,220,0,0,38,0,54,54,53,138,220,100,220,267,54,12,39,2,0,12,0,220,1,38,12,220,38,0,267,0,54,12,1,0,92,0,5,220,39,0,0,0,0,448,220,220,1,220,38,0,97,12,1,39
0,30,12,0,1803,220,0,12,12,220,0,97,0,31,0,220,0,0,2,220,0,0,31,0,31,12,53,138,220,100,220,267,30,12,12,2,0,12,0,220,1,31,12,220,12,0,267,0,31,12,1,0,97,0,9,220,31,0,0,0,0,448,220,220,1,220,12,0,99,12,1,30
0,141,220,0,5266,12,0,220,160,12,0,83,0,194,0,12,0,0,3,12,0,0,104,0,182,220,53,138,12,100,12,267,184,220,173,2,0,220,0,12,1,138,220,12,120,0,267,0,142,220,1,0,10,0,0,12,156,0,0,0,0,448,12,12,1,12,220,0,98,220,1,197
0,29,220,0,1510,220,0,12,69,220,0,67,0,136,0,220,0,0,0,220,0,0,226,0,72,12,53,138,220,100,220,267,29,220,140,2,0,12,0,220,1,9,12,220,0,0,267,0,226,12,0,0,22,0,0,220,226,0,0,0,0,449,220,220,1,220,12,0,90,220,1,29
0,159,220,0,1511,12,0,220,220,12,0,91,0,204,0,12,0,0,1,12,0,0,160,0,217,220,53,138,12,100,12,267,217,220,220,2,0,220,0,12,1,160,220,12,220,0,267,0,217,220,0,0,91,0,0,12,204,0,0,0,0,449,12,12,1,12,220,0,98,220,1,203
0,245,12,0,1804,79,0,12,12,79,0,99,0,228,7,79,0,0,2,79,0,0,247,0,50,12,53,138,79,100,79,267,46,12,12,0,0,12,0,79,1,247,12,79,12,0,267,0,50,12,0,0,99,0,0,79,228,0,0,0,0,449,79,79,1,79,12,0,98,12,1,232
0,29,131,0,2787,131,0,205,12,182,0,78,0,30,0,205,0,0,3,205,0,0,131,0,30,182,53,138,131,100,182,267,29,182,12,0,0,12,0,205,1,30,12,182,12,0,267,0,181,12,0,0,18,0,0,205,205,0,0,0,0,449,131,182,1,131,131,0,91,205,1,29
0,231,220,0,1512,43,0,220,220,220,0,85,0,180,7,46,0,0,0,220,0,0,24,0,211,220,53,138,43,87,67,267,231,220,220,2,0,220,0,46,1,130,220,67,220,0,267,0,55,220,1,0,10,0,0,46,44,0,0,0,0,450,43,67,1,220,220,0,89,220,1,231
0,22,12,0,1513,220,0,12,67,220,0,91,0,46,7,220,0,0,1,220,0,0,22,0,58,12,53,138,220,87,220,267,57,12,46,2,0,12,0,220,1,22,12,220,43,0,267,0,58,12,1,0,91,0,0,220,46,0,0,0,0,450,220,220,1,220,12,0,98,12,1,45
0,114,12,0,1805,220,0,12,82,220,0,79,0,111,7,220,0,0,2,220,0,0,65,0,112,12,53,138,220,87,220,267,112,12,85,2,0,12,0,220,1,114,12,220,85,0,267,0,67,12,1,0,18,0,0,220,66,0,0,0,0,450,220,220,1,220,12,0,98,12,1,111
0,245,220,0,5750,12,0,220,220,12,0,95,0,169,0,12,0,0,3,12,0,0,242,0,203,220,53,138,12,87,12,267,205,220,220,2,0,220,0,12,1,242,220,12,220,0,267,0,203,220,1,0,95,0,0,12,169,0,0,0,0,450,12,12,1,12,220,0,98,220,1,170
0,11,12,0,1514,220,0,12,200,220,0,62,0,112,9,220,0,0,0,220,0,0,231,0,175,12,53,138,220,87,220,267,175,12,116,2,0,12,0,220,1,12,12,220,0,0,267,0,231,12,0,0,35,0,0,220,231,0,0,0,0,452,220,220,1,220,12,0,91,12,1,111
0,0,12,0,1515,0,0,12,220,220,0,94,0,244,9,58,0,0,1,220,0,0,247,0,237,12,53,138,220,87,93,267,94,12,220,2,0,12,0,58,1,247,12,93,220,0,267,0,237,12,0,0,94,0,0,220,244,0,0,0,0,452,0,220,1,220,12,0,82,12,1,58
0,29,12,0,1806,220,0,12,12,220,0,83,0,29,7,220,0,0,2,220,0,0,226,0,29,12,53,138,220,87,220,267,29,12,12,2,0,12,0,220,1,29,12,220,12,0,267,0,226,12,0,0,11,0,0,220,226,0,0,0,0,452,220,220,1,220,12,0,92,12,1,29
0,9,12,0,5037,220,0,12,12,220,0,90,0,47,7,220,0,0,3,220,0,0,9,0,88,12,53,138,220,87,220,267,88,12,12,2,0,12,0,220,1,9,12,220,12,0,267,0,88,12,0,0,90,0,0,220,47,0,0,0,0,452,220,220,1,220,12,0,82,12,1,47
0,29,12,0,1516,220,0,12,53,220,0,88,0,43,0,220,0,0,0,220,0,0,30,0,52,12,53,138,220,76,220,267,29,12,47,2,0,12,0,220,1,165,12,220,156,0,267,0,30,12,0,0,7,0,0,220,30,0,0,0,0,453,220,220,1,220,12,0,99,12,1,29
0,231,12,0,1517,12,0,12,220,12,0,88,0,231,0,12,0,0,1,12,0,0,30,0,231,12,53,138,12,76,12,267,231,12,220,0,0,12,0,12,1,231,12,12,220,0,267,0,30,12,0,0,8,0,0,12,30,0,0,0,0,453,12,12,1,12,12,0,99,12,1,231
0,19,12,0,1807,220,0,220,12,220,0,55,0,24,0,220,0,0,2,220,0,0,66,0,28,220,53,138,220,76,220,267,25,12,12,0,0,12,0,220,1,21,12,220,12,0,267,0,72,12,0,0,42,0,6,220,66,0,0,0,0,453,220,220,1,220,220,0,99,12,1,21
0,29,12,0,5118,220,0,12,12,220,0,91,0,30,5,220,0,0,3,220,0,0,164,0,30,12,53,138,220,76,220,267,29,12,12,2,0,12,0,220,1,30,12,220,12,0,267,0,51,12,0,0,6,0,5,220,43,0,0,0,0,453,220,220,1,220,12,0,98,12,1,29
0,44,220,0,1518,0,0,12,12,220,0,82,0,228,7,131,0,0,0,220,0,0,0,0,228,12,54,138,220,100,58,267,37,220,12,2,0,12,0,131,1,228,12,58,12,0,267,0,58,12,0,0,12,0,0,220,131,0,0,0,0,456,0,220,1,220,12,0,92,220,1,41
0,16,220,0,1519,220,0,12,12,220,0,85,0,49,7,220,0,0,1,220,0,0,1,0,26,12,54,138,220,100,220,267,26,220,12,2,0,12,0,220,1,16,12,220,12,0,267,0,55,12,0,0,12,0,0,220,127,0,0,0,0,456,220,220,1,220,12,0,92,220,1,49
0,21,12,0,5506,220,0,12,12,220,0,94,0,31,7,220,0,0,2,220,0,0,21,0,61,12,54,138,220,100,220,267,61,12,12,2,0,12,0,220,1,21,12,220,12,0,267,0,61,12,0,0,94,0,0,220,31,0,0,0,0,456,220,220,1,220,12,0,98,12,1,31
0,231,12,0,1520,220,0,12,125,12,0,47,0,63,0,220,0,0,0,12,0,0,233,0,111,12,53,138,12,100,220,267,231,12,69,2,0,12,0,220,1,46,12,220,53,0,267,0,233,12,0,0,45,0,0,12,233,0,0,0,0,457,220,12,1,12,12,0,82,12,1,231
0,217,12,0,1521,223,0,12,112,12,0,71,0,93,7,231,0,0,1,12,0,0,218,0,103,12,53,138,12,100,236,267,230,12,102,2,0,12,0,231,1,83,12,236,91,0,267,0,230,12,0,0,27,0,0,12,226,0,0,0,0,457,223,12,1,12,12,0,85,12,1,225
0,16,12,0,5269,220,0,12,12,220,0,65,0,119,9,220,0,0,2,220,0,0,30,0,34,12,53,138,220,100,220,267,24,12,12,2,0,12,0,220,1,239,12,220,12,0,267,0,30,12,0,0,32,0,0,220,30,0,0,0,0,457,220,220,1,220,12,0,99,12,1,19
0,239,12,0,830,12,0,220,220,12,0,55,0,71,8,12,0,0,0,12,0,0,239,0,53,220,54,138,12,100,12,267,239,12,220,3,0,220,0,12,1,190,220,12,220,0,267,0,239,220,0,0,41,0,0,12,239,0,0,0,0,459,12,12,1,12,220,0,84,12,1,239
0,29,220,0,831,220,0,220,12,220,0,93,0,26,0,220,0,0,1,220,0,0,29,0,28,220,54,138,220,100,220,267,28,220,12,0,0,12,0,220,1,29,12,220,12,0,267,0,28,12,0,0,93,0,0,220,26,0,0,0,0,459,220,220,1,220,220,0,93,220,1,26
0,164,220,0,5507,220,0,220,189,220,0,96,0,114,0,220,0,0,2,220,0,0,159,0,177,220,54,138,220,100,220,267,177,220,112,0,0,112,0,220,1,159,179,220,179,0,267,0,177,189,0,0,96,0,0,220,114,0,0,0,0,459,220,220,1,220,220,0,97,220,1,115
0,30,12,0,1522,12,0,220,220,220,0,97,0,235,7,12,0,0,0,220,0,0,237,0,227,220,53,138,220,100,12,267,27,12,220,2,0,220,0,12,1,237,220,12,220,0,267,0,227,220,0,0,97,0,0,220,235,0,0,0,0,461,12,220,1,220,220,0,99,12,1,26
0,130,120,0,1523,218,0,35,47,68,0,98,0,38,0,118,0,0,1,118,0,0,133,0,51,47,53,138,218,100,68,267,50,47,35,2,0,35,0,118,1,133,120,68,120,0,267,0,51,47,0,0,98,0,0,118,38,0,0,0,0,461,218,68,1,218,120,0,99,35,1,37
0,2,12,0,1524,220,0,12,69,220,0,69,0,123,0,220,0,0,2,220,0,0,252,0,75,12,53,138,220,85,220,267,72,12,112,2,0,12,0,220,1,4,12,220,7,0,267,0,139,12,0,0,10,0,0,220,93,0,0,0,0,461,220,220,1,220,12,0,95,12,1,119
0,8,12,0,1525,31,0,220,220,220,0,50,0,188,0,96,0,0,3,220,0,0,0,0,62,220,53,138,220,100,167,267,185,12,220,2,0,220,0,96,1,231,220,167,220,0,267,0,181,220,0,0,32,0,0,220,105,0,0,0,0,461,31,220,1,220,220,0,99,12,1,111
0,242,220,0,832,12,0,220,220,12,0,52,0,232,7,12,0,0,0,12,0,0,132,0,232,220,54,138,12,100,12,267,242,220,220,2,0,220,0,12,1,232,220,12,220,0,267,0,151,220,1,0,42,0,11,12,86,0,1,0,0,462,12,12,1,12,220,0,73,220,1,242
0,0,12,0,833,220,0,12,12,220,0,73,0,0,11,220,0,0,1,220,0,0,140,0,1,12,54,138,220,100,220,267,1,12,12,2,0,12,0,220,1,0,12,220,12,0,267,0,162,12,1,0,20,0,11,220,90,0,1,0,0,462,220,220,1,220,12,0,88,12,1,0
0,157,220,0,5753,12,0,220,220,12,0,94,0,201,0,12,0,0,2,12,0,0,151,0,73,220,54,138,12,100,12,267,74,220,220,0,0,220,0,12,1,151,220,12,220,0,267,0,73,220,1,0,94,0,0,12,201,0,0,0,0,462,12,12,1,12,220,0,98,220,1,203
0,15,12,0,1526,220,0,12,160,220,0,73,0,57,7,220,0,0,0,220,0,0,231,0,141,12,53,138,220,100,220,267,143,12,51,2,0,12,0,220,1,16,12,220,0,0,267,0,231,12,1,0,25,0,0,220,231,0,0,0,0,463,220,220,1,220,12,0,87,12,1,57
0,231,12,0,1527,0,0,12,220,160,0,84,0,231,11,51,0,0,1,51,0,0,11,0,231,12,53,138,0,100,160,267,231,12,220,2,0,12,0,51,1,231,12,160,220,0,267,0,105,12,1,0,14,0,0,51,43,0,1,0,0,463,0,160,1,0,12,0,87,12,1,231
0,238,220,0,6159,12,0,220,220,12,0,83,0,136,0,12,0,0,2,12,0,0,205,0,60,220,53,138,12,100,12,267,61,220,220,2,0,220,0,12,1,240,220,12,220,0,267,0,35,220,1,0,13,0,0,12,90,0,0,0,0,463,12,12,1,12,220,0,84,220,1,134
0,22,12,0,8375,220,0,12,60,60,0,78,0,59,7,220,0,0,3,55,0,0,0,0,63,12,53,138,220,100,220,267,61,12,55,2,0,12,0,220,1,19,12,220,0,0,267,0,127,12,1,0,8,0,0,220,123,0,0,0,0,463,220,220,1,0,12,0,98,12,1,57
0,23,12,0,3454,220,0,220,56,220,0,90,0,34,0,220,0,0,0,220,0,0,26,0,55,220,54,138,220,100,220,267,55,12,35,0,0,12,0,220,1,26,12,220,23,0,267,0,55,12,0,0,90,0,0,220,34,0,0,0,0,467,220,220,1,220,220,0,99,12,1,34
0,231,12,0,3455,28,0,12,220,72,0,85,0,231,0,80,0,0,1,80,0,0,35,0,231,12,54,138,28,100,72,267,231,12,220,2,0,12,0,80,1,231,12,72,220,0,267,0,81,12,0,0,13,0,0,80,90,0,0,0,0,467,28,72,1,28,12,0,99,12,1,231
0,137,12,0,6164,249,0,12,12,16,0,98,0,150,7,232,0,0,2,232,0,0,133,0,165,12,54,138,249,100,16,267,170,12,12,2,0,12,0,232,1,133,12,16,12,0,267,0,165,12,0,0,98,0,0,232,150,0,0,0,0,467,249,16,1,249,12,0,99,12,1,154
0,231,12,0,834,12,0,220,220,12,0,80,0,231,19,12,0,0,0,12,0,0,2,0,231,220,53,138,12,100,12,267,231,12,220,2,0,220,0,12,1,231,220,12,220,0,267,0,51,220,0,0,18,0,5,12,99,0,0,0,0,468,12,12,1,12,220,0,95,12,1,231
0,30,12,0,835,220,0,12,12,220,0,83,0,31,0,220,0,0,1,220,0,0,46,0,30,12,53,138,220,100,220,267,30,12,12,2,0,12,0,220,1,30,12,220,12,0,267,0,71,12,0,0,10,0,8,220,99,0,0,0,0,468,220,220,1,220,12,0,99,12,1,30
0,145,220,0,5508,12,0,220,220,12,0,50,0,156,0,12,0,0,2,12,0,0,143,0,174,220,53,138,12,76,12,267,219,220,220,2,0,220,0,12,1,86,220,12,220,0,267,0,218,220,0,0,46,0,6,12,227,0,0,0,0,468,12,12,1,12,220,0,99,220,1,229
0,211,12,0,6165,220,0,12,12,220,0,94,0,97,0,220,0,0,3,220,0,0,227,0,168,12,53,138,220,100,220,267,32,12,12,2,0,12,0,220,1,64,12,220,12,0,267,0,228,12,0,0,5,0,5,220,227,0,0,0,0,468,220,220,1,220,12,0,99,12,1,0
0,29,12,0,836,27,0,12,0,0,0,77,0,232,7,62,0,0,0,215,0,0,29,0,65,12,54,138,253,76,114,267,107,12,215,2,0,12,0,62,1,244,12,114,253,0,267,0,107,12,1,0,22,0,0,215,60,0,0,0,0,472,27,0,1,253,12,0,97,12,1,59
0,231,43,0,837,43,0,220,211,68,0,77,0,210,7,46,0,0,1,46,0,0,15,0,241,220,54,138,43,76,68,267,231,68,185,2,0,220,0,46,1,149,220,68,141,0,267,0,43,220,1,0,21,0,0,46,23,0,0,0,0,472,43,68,1,43,220,0,88,46,1,231
0,230,220,0,5509,68,0,220,220,116,0,97,0,55,7,49,0,0,2,49,0,0,227,0,88,220,54,138,68,100,116,267,98,220,220,2,0,37,0,49,1,227,51,116,220,0,267,0,88,27,1,0,97,0,0,49,55,0,1,0,0,472,68,116,1,68,220,0,98,220,1,61
0,31,220,0,1528,220,0,220,27,220,0,97,0,21,8,220,0,0,0,220,0,0,219,0,44,220,53,138,220,100,220,267,68,220,0,0,0,220,0,220,1,219,220,220,221,0,267,0,44,220,0,0,97,0,0,220,21,0,0,0,0,479,220,220,1,220,220,0,95,220,1,40
0,34,221,0,1529,221,0,12,81,27,0,86,0,154,8,0,0,0,1,0,0,0,218,0,87,12,53,138,221,85,27,267,83,27,171,2,0,12,0,0,1,40,12,27,0,0,267,0,40,12,0,0,13,0,0,0,19,0,0,0,0,479,221,27,1,221,12,0,97,0,1,151
0,49,220,0,1810,220,0,220,12,220,0,97,0,40,7,220,0,0,2,220,0,0,40,0,40,220,53,138,220,100,220,267,48,220,12,0,0,220,0,220,1,40,220,220,12,0,267,0,40,220,0,0,97,0,0,220,40,0,0,0,0,479,220,220,1,220,220,0,97,220,1,49
0,231,32,0,3655,32,0,41,220,68,0,80,0,230,7,41,0,0,3,41,0,0,167,0,230,68,53,138,32,100,68,267,231,68,220,0,0,41,0,41,1,230,32,68,220,0,267,0,43,68,0,0,9,0,0,41,24,0,0,0,0,479,32,68,1,32,32,0,98,41,1,231
0,231,220,0,3758,12,0,220,220,12,0,69,0,231,7,12,0,0,0,12,0,0,228,0,231,220,53,138,12,76,12,267,231,220,220,2,0,220,0,12,1,231,220,12,220,0,267,0,38,220,0,0,18,0,0,12,39,0,0,0,0,480,12,12,1,12,220,0,84,220,1,231
0,228,12,0,3759,220,0,12,12,220,0,69,0,5,7,220,0,0,1,220,0,0,30,0,19,12,53,138,220,76,220,267,18,12,12,2,0,12,0,220,1,228,12,220,12,0,267,0,30,12,0,0,27,0,0,220,30,0,0,0,0,480,220,220,1,220,12,0,80,12,1,5
0,69,220,0,5267,12,0,220,220,12,0,72,0,99,7,12,0,0,2,12,0,0,230,0,172,220,53,138,12,76,12,267,172,220,220,2,0,220,0,12,1,70,220,12,220,0,267,0,231,220,0,0,22,0,0,12,230,0,0,0,0,480,12,12,1,12,220,0,100,220,1,99
0,29,12,0,4401,220,0,12,12,220,0,73,0,29,7,220,0,0,3,220,0,0,192,0,29,12,53,138,220,76,220,267,29,12,12,2,0,12,0,220,1,30,12,220,12,0,267,0,52,12,0,0,23,0,0,220,173,0,0,0,0,480,220,220,1,220,12,0,80,12,1,29
0,231,220,0,1530,195,0,220,220,30,0,95,0,231,0,30,0,0,0,30,0,0,231,0,231,220,53,138,195,76,30,267,231,220,220,2,0,220,0,30,1,231,220,30,220,0,267,0,231,220,1,0,95,0,9,30,231,0,0,0,0,481,195,30,1,195,220,0,98,220,1,231
0,169,12,0,1531,220,0,12,12,220,0,96,0,17,11,220,0,0,1,220,0,0,168,0,1,12,53,138,220,76,220,267,1,12,12,2,0,12,0,220,1,168,12,220,12,0,267,0,1,12,1,0,96,0,9,220,17,0,0,0,0,481,220,220,1,220,12,0,99,12,1,18
0,238,12,0,5303,12,0,12,176,12,0,93,0,236,0,12,0,0,2,12,0,0,173,0,149,12,53,138,12,76,12,267,180,12,221,0,0,12,0,12,1,240,12,12,221,0,267,0,43,12,1,0,5,0,0,12,34,0,0,0,0,481,12,12,1,12,12,0,97,12,1,236
0,29,12,0,2788,220,0,12,12,220,0,92,0,30,7,220,0,0,3,220,0,0,149,0,30,12,53,138,220,76,220,267,29,12,12,0,0,12,0,220,1,30,12,220,12,0,267,0,25,12,1,0,6,0,9,220,4,0,0,0,0,481,220,220,1,220,12,0,98,12,1,29
0,231,12,0,1532,5,0,12,67,97,3,94,0,211,7,62,0,0,0,62,0,0,9,0,59,12,53,138,5,76,97,267,62,12,243,2,0,12,0,62,1,223,12,97,255,0,267,0,93,12,0,0,5,0,11,62,61,0,0,0,0,483,5,97,1,5,12,0,93,12,1,219
0,122,12,0,2789,121,0,12,220,220,3,97,0,217,0,62,0,0,1,220,0,0,226,0,204,12,53,138,220,76,74,267,76,12,220,2,0,12,0,62,1,226,12,74,220,0,267,0,204,12,0,0,97,0,11,220,217,0,0,0,0,483,121,220,1,220,12,0,94,12,1,64
0,30,12,0,1812,220,0,12,12,220,3,94,0,30,0,220,0,0,2,220,0,0,30,0,30,12,53,138,220,76,220,267,30,12,12,2,0,12,0,220,1,30,12,220,12,0,267,0,30,12,0,0,94,0,11,220,30,0,0,0,0,483,220,220,1,220,12,0,94,12,1,30
0,30,220,0,1534,220,0,220,220,220,0,55,0,50,26,220,0,0,0,220,0,0,32,0,57,220,20,8,220,100,220,10,30,220,220,0,0,220,0,220,0,210,220,220,220,0,10,0,27,220,0,0,41,0,0,220,30,0,0,0,0,485,220,220,1,220,220,0,95,220,1,30
0,29,220,0,1535,220,0,220,220,220,0,91,0,30,26,220,0,0,1,220,0,0,0,0,30,220,20,8,220,100,220,10,30,220,220,0,0,220,0,220,0,30,220,220,220,0,10,0,49,220,0,0,6,0,0,220,66,0,0,0,0,485,220,220,1,220,220,0,95,220,1,30
0,75,220,0,1813,220,0,220,220,220,0,97,0,37,7,220,0,0,2,220,0,0,77,0,125,220,20,8,220,100,220,10,121,220,220,0,0,220,0,220,0,77,220,220,220,0,10,0,125,220,0,0,97,0,0,220,37,0,0,0,0,485,220,220,1,220,220,0,98,220,1,37
0,71,220,0,3371,220,0,220,220,220,0,76,0,57,9,220,0,0,0,220,0,0,231,0,131,220,2076,1,220,100,220,1,126,220,220,0,0,220,0,220,0,76,220,220,220,0,1,0,231,220,0,0,22,0,0,220,231,0,0,0,0,487,220,220,1,220,220,0,100,220,1,55
0,59,220,0,3370,220,0,220,220,220,0,97,0,63,19,220,0,0,1,220,0,0,63,0,70,220,2076,1,220,100,220,1,65,220,220,0,0,220,0,220,0,63,220,220,220,0,1,0,70,220,0,0,97,0,0,220,63,0,0,0,0,487,220,220,1,220,220,0,100,220,1,60
0,228,12,0,3793,12,0,12,12,12,0,85,1,225,0,12,0,0,2,12,0,0,29,0,16,12,2076,1,12,86,12,1,16,12,12,0,0,12,0,12,0,228,12,12,12,0,1,0,29,12,0,0,14,0,1,12,29,0,0,0,0,487,12,12,1,12,12,0,100,12,1,225
0,29,179,0,3367,179,0,159,96,96,0,61,0,29,0,159,0,0,0,159,0,0,195,0,30,96,2076,1,179,100,96,10,29,96,159,0,0,159,0,159,0,30,179,96,179,0,10,0,30,96,0,0,36,0,0,159,22,0,0,0,0,492,179,96,1,179,179,0,98,159,1,29
0,231,12,0,3366,12,0,12,12,12,0,90,0,231,0,12,0,0,1,12,0,0,170,0,231,12,2076,1,12,100,12,10,230,12,12,0,0,12,0,12,0,231,12,12,12,0,10,0,79,12,0,0,5,0,0,12,146,0,0,0,0,492,12,12,1,12,12,0,99,12,1,231
0,83,12,0,8467,12,0,12,12,12,0,94,0,212,0,12,0,0,2,12,0,0,83,0,24,12,2076,1,12,87,12,10,24,12,12,0,0,12,0,12,0,83,12,12,12,0,10,0,24,12,0,0,94,0,0,12,212,0,0,0,0,492,12,12,1,12,12,0,88,12,1,212
0,29,12,0,4649,12,0,12,12,15,0,92,0,209,7,12,0,0,0,186,0,0,29,0,13,12,20,4,253,100,12,94,27,12,12,0,0,186,0,12,0,254,253,12,12,0,94,0,27,15,0,0,7,0,0,186,29,0,0,0,0,503,12,15,1,253,12,0,98,12,1,29
0,28,220,0,4650,220,0,220,220,220,0,97,0,27,7,220,0,0,1,220,0,0,29,0,25,220,20,2,220,100,220,4,26,220,220,0,0,220,0,220,0,29,220,220,220,0,4,0,25,220,0,0,97,0,0,220,27,0,0,0,0,503,220,220,1,220,220,0,94,220,1,28
0,143,103,0,4746,220,0,220,220,220,1,79,0,209,0,220,0,0,2,220,0,0,80,0,190,220,20,4,220,84,220,94,190,165,220,0,0,191,0,220,0,140,103,220,220,0,94,0,154,165,0,0,19,0,0,220,176,0,0,0,0,503,220,220,1,220,220,0,99,191,1,210
0,71,220,0,840,220,0,220,220,220,0,90,0,51,7,220,0,0,0,220,0,0,98,0,100,220,2076,1,220,100,220,12,116,220,220,0,0,220,0,220,0,59,220,220,220,0,12,0,160,220,0,0,6,0,8,220,80,0,0,0,0,506,220,220,1,220,220,0,100,220,1,53
0,231,86,0,841,86,0,52,153,153,0,97,0,231,0,52,0,0,1,52,0,0,231,0,231,153,2076,1,86,100,153,12,231,153,52,0,0,52,0,52,0,231,86,153,86,0,12,0,231,153,0,0,97,0,8,52,231,0,0,0,0,506,86,153,1,86,86,0,99,52,1,231
0,29,220,0,4747,220,0,220,220,220,0,100,0,29,0,220,0,0,2,220,0,0,29,0,29,220,2076,1,220,76,220,12,29,220,220,0,0,220,0,220,0,29,220,220,220,0,12,0,29,220,0,0,100,0,0,220,29,0,0,0,0,506,220,220,1,220,220,0,100,220,1,29
0,30,12,0,842,12,0,12,220,12,0,60,0,224,8,12,0,0,0,12,0,0,29,0,224,12,0,13,220,86,12,94,30,12,220,0,0,220,0,12,0,224,220,12,220,0,94,0,29,220,1,0,38,0,0,220,29,0,0,0,0,517,12,220,1,12,12,0,95,12,1,30
0,30,12,0,843,220,0,220,12,12,0,92,0,29,8,220,0,0,1,12,0,0,230,0,29,220,0,13,220,76,220,94,30,12,12,0,0,12,0,220,0,29,12,220,12,0,94,0,230,12,1,0,6,0,8,220,230,0,0,0,0,517,220,220,1,12,220,0,98,12,1,30
0,2,9,0,5510,220,0,220,158,158,0,55,0,118,0,220,0,0,2,76,0,0,27,0,219,220,0,13,220,86,220,94,220,158,76,0,0,76,0,220,0,4,9,220,9,0,94,0,29,158,1,0,19,0,0,220,27,0,0,0,0,517,220,220,1,9,220,0,91,76,1,118
0,24,220,0,11406,220,0,220,220,220,0,62,0,25,7,220,0,0,0,220,0,0,0,0,25,220,2076,1,220,76,220,49,24,220,220,0,0,220,0,220,0,25,220,220,220,0,49,0,159,220,0,0,28,0,0,220,79,0,0,0,0,523,220,220,1,220,220,0,98,220,1,24
0,217,12,0,11407,12,0,12,12,12,0,92,0,217,0,12,0,0,1,12,0,0,217,0,217,12,2076,1,12,100,12,49,217,12,12,0,0,12,0,12,0,217,12,12,12,0,49,0,217,12,0,0,92,0,0,12,217,0,0,0,0,523,12,12,1,12,12,0,98,12,1,217
0,229,12,0,11408,12,0,12,12,12,1,100,0,172,0,12,0,0,2,12,0,0,231,1,42,12,2076,8,12,84,12,49,44,12,12,0,0,12,0,12,0,231,12,12,12,0,49,0,42,12,0,0,100,0,9,12,172,0,0,0,0,523,12,12,1,12,12,0,91,12,1,187
0,231,167,0,844,167,0,45,53,53,0,49,1,229,0,45,0,0,0,45,0,0,180,0,229,53,2076,1,167,76,53,10,231,53,45,0,0,45,0,45,0,229,167,53,167,0,10,0,176,53,1,0,25,0,0,45,177,0,0,0,0,526,167,53,1,167,167,0,91,45,1,231
0,156,220,0,845,220,0,220,220,220,0,77,1,31,0,220,0,0,1,220,0,0,77,0,49,220,2076,1,220,76,220,10,50,220,220,0,0,220,0,220,0,146,220,220,220,0,10,0,41,220,1,0,11,0,0,220,36,0,0,0,0,526,220,220,1,220,220,0,100,220,1,31
0,8,255,0,13251,9,0,88,151,15,3,91,1,215,0,88,0,0,2,214,0,0,9,1,15,151,2076,1,255,85,151,10,151,15,88,0,0,88,0,88,0,254,9,151,9,0,10,0,147,151,0,0,7,0,0,214,87,0,0,0,0,526,9,15,1,255,9,0,91,214,1,88
0,31,220,0,8468,220,0,220,220,220,0,58,0,89,7,220,0,0,0,220,0,0,0,0,76,220,20,1,220,76,220,137,31,220,220,0,0,220,0,220,0,20,220,220,220,0,137,0,92,220,0,0,31,0,0,220,156,0,0,0,0,531,220,220,1,220,220,0,100,220,1,31
0,230,12,0,8469,12,0,12,12,12,0,88,0,231,0,12,0,0,1,12,0,0,29,0,231,12,20,1,12,76,12,137,230,12,12,0,0,12,0,12,0,231,12,12,12,0,137,0,28,12,0,0,9,0,0,12,28,0,0,0,0,531,12,12,1,12,12,0,100,12,1,230
0,231,220,0,8470,220,0,220,220,220,0,98,0,92,0,220,0,0,2,220,0,0,226,0,88,220,20,1,220,76,220,137,88,220,220,0,0,220,0,220,0,226,220,220,220,0,137,0,88,220,0,0,98,0,0,220,92,0,0,0,0,531,220,220,1,220,220,0,100,220,1,95
4,19,220,0,3462,220,0,220,220,220,0,97,0,54,0,220,0,0,0,220,0,0,28,0,122,220,0,3,220,76,220,13,81,220,220,0,0,12,0,220,0,28,12,220,220,0,13,0,122,12,1,0,97,0,0,220,54,0,0,0,0,537,220,220,1,220,220,0,100,220,0,41
4,134,220,0,3463,220,0,220,220,220,0,97,0,29,0,220,0,0,1,220,0,0,122,0,47,220,0,3,220,76,220,13,53,220,220,0,0,220,0,220,0,122,220,220,220,0,13,0,47,220,1,0,97,0,0,220,29,0,0,0,0,537,220,220,1,220,220,0,99,220,0,32
4,6,220,0,16242,220,0,220,220,220,1,83,0,167,0,220,0,0,2,220,0,0,9,2,87,220,0,1,220,76,220,1,90,220,220,0,0,220,0,220,0,6,220,220,220,0,1,0,70,220,0,0,16,0,9,220,130,0,0,0,0,537,220,220,1,220,220,0,80,220,1,175
0,206,220,0,5103,190,0,12,47,220,0,78,0,229,0,33,0,0,0,220,0,0,199,0,229,12,2076,6,220,100,47,8,37,220,33,0,0,33,0,33,0,229,190,47,190,0,1,0,41,47,0,0,19,0,0,220,33,0,0,0,0,543,190,220,1,220,12,0,99,220,1,34
0,109,220,0,5104,220,0,220,220,220,0,90,0,40,7,220,0,0,1,220,0,0,237,0,50,220,2076,6,220,100,220,1,50,220,220,0,0,220,0,220,0,108,220,220,220,0,1,0,225,220,0,0,7,0,0,220,236,0,0,0,0,543,220,220,1,220,220,0,96,220,1,40
0,254,12,0,5274,12,0,12,12,12,3,91,0,232,0,12,0,0,2,12,0,0,29,2,2,12,2076,6,12,85,12,8,2,12,12,0,0,231,0,12,0,254,255,12,12,0,8,0,28,2,0,0,7,0,0,12,29,0,0,0,0,543,12,12,1,12,12,0,80,12,1,232
65,231,134,0,3231,220,0,220,220,42,0,94,0,18,11,220,0,0,0,40,0,0,231,0,29,220,65,1,134,65,220,12,231,42,220,0,0,220,0,220,0,171,220,220,220,0,12,0,231,220,0,0,5,0,0,40,231,0,1,0,0,563,220,42,1,134,220,0,100,40,1,231
65,1,247,0,3232,247,0,230,44,44,0,75,0,40,7,230,0,0,1,230,0,0,46,0,76,44,65,1,247,65,44,12,69,44,230,0,0,230,0,230,0,5,247,44,247,0,12,0,135,44,0,0,20,0,0,230,95,0,1,0,0,563,247,44,1,247,247,0,91,230,1,36
65,222,12,0,5511,12,0,12,12,12,0,91,0,231,0,12,0,0,2,12,0,0,29,0,107,12,65,1,12,65,12,12,106,12,12,0,0,12,0,12,0,222,12,12,12,0,12,0,29,12,0,0,7,0,0,12,29,0,1,0,0,563,12,12,1,12,12,0,90,12,1,231
0,231,118,0,850,220,0,19,220,220,0,46,0,13,7,220,0,0,0,220,0,0,6,0,34,38,0,1,220,76,220,62,231,38,220,2,0,19,0,220,0,107,118,220,220,0,4,0,38,38,1,0,33,0,0,220,50,0,0,0,0,567,220,220,1,220,118,0,98,19,0,231
0,120,108,0,851,108,0,4,30,30,0,95,0,231,0,4,0,0,1,4,0,0,231,0,231,30,0,1,108,76,30,4,39,30,4,0,0,4,0,4,0,231,108,30,108,0,4,0,231,30,1,0,95,0,0,4,231,0,0,0,0,567,108,30,1,108,108,0,98,4,0,10
0,13,220,0,5512,220,0,220,220,220,0,91,0,12,0,220,0,0,2,220,0,0,79,1,12,220,0,1,220,76,220,4,12,220,220,0,0,220,0,220,0,12,220,220,220,0,4,0,76,220,0,0,8,0,6,220,76,0,0,0,0,567,220,220,1,220,220,0,94,220,0,12
2168,231,0,0,852,220,0,220,220,156,0,98,0,74,7,220,0,0,0,62,0,0,28,0,208,220,0,7,0,100,220,122,231,156,220,0,0,220,0,220,0,28,220,220,220,0,122,0,208,220,1,0,98,0,0,62,74,0,0,0,0,568,220,156,1,0,220,0,91,62,0,231
0,44,15,0,853,15,0,24,147,147,0,91,0,231,0,24,0,0,1,24,0,0,231,0,231,147,0,1,220,76,147,194,147,147,24,0,0,24,0,24,0,231,15,147,15,0,194,0,231,147,1,0,91,0,0,220,231,0,0,0,0,568,15,220,1,15,15,0,88,24,1,72
0,240,234,0,5513,234,0,71,69,69,0,85,0,235,0,71,0,0,2,71,0,0,236,0,107,69,0,1,234,76,69,7,106,69,71,0,0,220,0,71,0,240,220,69,234,0,7,0,70,220,0,0,14,0,0,71,72,0,0,0,0,568,234,69,1,234,234,0,91,71,1,235
2168,31,220,0,854,146,0,220,220,220,0,88,0,30,0,220,0,0,0,220,0,0,240,0,30,220,0,1,146,84,220,138,31,220,220,0,0,220,0,44,0,30,220,45,220,0,138,0,240,220,1,0,10,0,8,44,240,0,0,0,0,569,220,45,1,220,220,0,98,220,0,31
2168,230,12,0,855,209,0,12,12,12,0,82,0,231,0,12,0,0,1,12,0,0,33,0,231,12,0,1,209,84,12,138,230,12,12,0,0,12,0,16,0,231,12,16,12,0,138,0,33,12,1,0,16,0,8,16,33,0,0,0,0,569,12,16,1,12,12,0,98,12,0,230
0,3,12,0,5514,220,0,220,220,220,0,85,0,125,0,220,0,0,2,220,0,0,29,0,204,220,0,1,220,76,220,98,202,12,220,0,0,12,0,220,0,3,12,220,220,0,98,0,30,12,0,0,14,0,0,220,29,0,0,0,0,569,220,220,1,220,220,0,93,12,0,124
0,26,220,0,856,12,0,220,220,220,0,55,0,204,7,12,0,0,0,220,0,0,229,0,220,220,54,138,220,100,12,267,130,220,220,2,0,220,0,12,1,148,220,12,220,0,267,0,229,220,0,0,22,0,0,220,229,0,0,0,0,573,12,220,1,220,220,0,88,220,1,69
0,34,220,0,857,220,0,12,12,220,0,81,0,34,0,220,0,0,1,220,0,0,137,0,35,12,54,138,220,100,220,267,35,220,12,2,0,220,0,220,1,33,220,220,12,0,267,0,148,220,0,0,7,0,0,220,56,0,0,0,0,573,220,220,1,220,12,0,97,220,1,34
0,252,220,0,5311,12,0,220,220,12,0,95,0,226,7,12,0,0,2,12,0,0,253,0,16,220,54,138,12,100,12,267,8,220,220,2,0,220,0,12,1,253,220,12,220,0,267,0,16,220,0,0,95,0,0,12,226,0,0,0,0,573,12,12,1,12,220,0,97,220,1,229
0,231,144,0,8494,144,0,130,81,81,0,94,0,58,7,130,0,0,0,130,0,0,28,0,113,81,20,4,144,0,81,62,231,81,130,0,0,130,0,130,0,28,144,81,144,0,62,0,113,81,1,0,94,0,0,130,58,0,0,0,0,576,144,81,1,144,144,0,86,130,1,231
0,230,88,0,8495,220,0,220,220,165,0,95,0,30,0,220,0,0,1,108,0,0,246,0,38,220,20,4,88,0,220,62,230,165,220,0,0,220,0,220,0,246,220,220,220,0,62,0,38,220,1,0,95,0,0,108,30,0,0,0,0,576,220,165,1,88,220,0,92,108,1,230
0,128,220,0,8496,220,0,220,220,220,0,97,0,129,0,220,0,0,2,220,0,0,151,0,207,220,20,4,220,0,220,62,215,220,220,0,0,220,0,220,0,151,220,220,220,0,62,0,207,220,1,0,97,0,0,220,129,0,0,0,0,576,220,220,1,220,220,0,100,220,1,117
0,232,190,0,13252,12,0,12,12,12,0,79,0,231,19,12,0,0,0,12,0,0,29,0,231,12,20,1,12,76,12,98,232,118,12,0,0,174,0,12,0,231,190,12,12,0,98,0,36,118,0,0,11,0,8,12,29,0,1,0,0,580,12,12,1,12,12,7,93,174,1,232
0,29,107,0,13253,220,0,187,199,199,0,90,0,38,7,187,0,0,1,187,0,0,79,0,39,199,20,1,220,76,199,98,29,128,187,0,0,120,0,220,0,37,107,220,167,0,98,0,82,128,0,0,7,0,8,220,80,0,1,0,0,580,167,220,1,167,167,0,100,120,1,29
0,161,220,0,13254,12,0,12,12,12,0,48,0,134,0,12,0,0,2,12,0,0,159,0,140,12,20,1,12,0,12,98,200,220,12,0,0,220,0,12,0,30,220,12,12,0,98,0,198,220,0,0,46,0,0,12,200,0,0,0,0,580,12,12,1,12,12,0,100,220,1,202
0,238,220,0,17471,220,0,12,12,220,0,85,0,62,8,220,0,0,0,220,0,0,234,0,36,12,2076,6,220,76,220,1,254,220,12,0,0,12,0,220,0,0,12,220,12,0,12,0,248,12,0,0,8,0,8,220,237,0,0,0,0,583,220,220,1,220,12,0,99,220,0,242
0,231,12,0,17472,12,0,12,12,12,0,97,0,231,0,12,0,0,1,12,0,0,231,0,231,12,2076,1,12,76,12,1,231,12,12,0,0,12,0,12,0,231,12,12,12,0,1,0,231,12,0,0,97,0,0,12,231,0,0,0,0,583,12,12,1,12,12,0,99,12,0,231
0,107,220,0,17473,220,0,220,220,220,1,92,0,180,0,220,0,0,2,220,0,0,219,0,232,220,2076,1,220,76,220,1,231,220,220,0,0,220,0,220,0,106,220,220,220,0,1,0,220,220,0,0,7,0,0,220,220,0,0,0,0,583,220,220,1,220,220,0,94,220,0,179
0,231,12,0,858,12,0,12,12,12,0,84,0,229,19,12,0,0,0,12,0,0,204,0,229,12,0,1,12,76,12,3,231,12,12,0,0,220,0,12,0,229,220,12,12,0,3,0,43,220,1,1,7,0,0,12,26,0,0,0,0,598,12,12,1,12,12,0,97,12,1,231
0,29,220,0,859,220,0,12,220,220,0,56,0,20,7,220,0,0,1,220,0,0,30,0,14,12,0,1,220,76,220,6,29,220,220,2,0,9,0,220,0,190,231,220,220,0,6,0,30,9,1,1,23,0,0,220,30,0,1,0,0,598,220,220,1,220,12,0,94,220,1,29
0,254,220,0,5516,12,0,0,12,12,0,94,0,57,0,12,0,0,2,12,0,0,32,0,27,0,0,1,12,85,12,49,26,220,12,0,0,220,0,12,0,254,220,12,12,0,49,0,28,220,0,0,5,0,0,12,29,0,0,0,0,598,12,12,1,12,0,0,89,220,1,55
350,27,220,0,3233,220,0,220,220,220,0,97,0,90,0,220,0,0,0,220,0,0,27,0,150,220,0,6,220,100,220,51,148,220,220,2,0,220,0,220,0,27,220,220,220,0,51,0,150,220,0,0,97,0,0,220,90,0,0,0,0,605,220,220,1,220,220,0,100,220,0,89
350,229,2,0,3234,2,0,23,135,135,0,97,0,230,0,23,0,0,1,23,0,0,230,0,230,135,0,6,2,100,135,51,229,135,23,2,0,23,0,23,0,230,2,135,2,0,51,0,230,135,0,0,97,0,0,23,230,0,0,0,0,605,2,135,1,2,2,0,88,23,0,229
350,101,220,0,5299,220,0,220,220,220,0,97,0,82,0,220,0,0,2,220,0,0,100,0,141,220,0,6,220,100,220,51,139,220,220,2,0,220,0,220,0,100,220,220,220,0,51,0,141,220,0,0,97,0,0,220,82,0,0,0,0,605,220,220,1,220,220,0,98,220,0,81
100350,29,12,0,4883,12,0,12,12,12,0,68,0,218,0,12,0,0,0,12,0,0,36,0,68,12,0,6,12,100,12,51,29,12,12,2,0,220,0,12,0,250,220,12,12,0,51,0,35,220,0,0,30,0,6,12,36,0,0,0,0,607,12,12,1,12,12,0,98,12,0,29
100350,240,12,0,4884,12,0,12,12,12,0,85,0,235,0,12,0,0,1,12,0,0,30,0,217,12,0,6,12,100,12,51,216,12,12,2,0,12,0,12,0,241,12,12,12,0,51,0,30,12,0,0,10,0,6,12,30,0,0,0,0,607,12,12,1,12,12,0,89,12,0,234
100350,252,12,0,5288,12,0,12,12,12,0,81,0,131,0,12,0,0,2,12,0,0,253,0,57,12,0,6,12,100,12,51,56,12,12,2,0,12,0,12,0,254,12,12,12,0,51,0,143,12,0,0,14,0,9,12,214,0,0,0,0,607,12,12,1,12,12,0,93,12,0,130
0,231,220,0,9435,12,0,12,220,220,0,83,0,166,8,12,0,0,0,220,0,0,32,0,25,12,50,41,12,86,12,17,33,220,220,0,0,220,0,12,0,232,220,12,220,0,17,0,33,220,1,0,14,0,0,12,32,0,0,0,0,621,12,12,1,220,12,0,97,220,1,168
0,36,12,0,9436,220,0,220,12,12,0,91,0,40,7,220,0,0,1,12,0,0,233,0,44,220,50,41,220,76,220,17,43,12,12,0,0,12,0,220,0,36,12,220,12,0,17,0,25,12,1,0,7,0,0,220,168,0,0,0,0,621,220,220,1,12,220,0,97,12,1,40
0,0,12,0,9437,220,0,220,12,12,0,88,0,150,0,220,0,0,2,12,0,0,25,0,201,220,50,41,220,86,220,17,201,12,12,0,0,12,0,220,0,0,12,220,12,0,17,0,70,12,1,0,8,0,0,220,45,0,0,0,0,621,220,220,1,12,220,0,100,12,1,150
0,0,220,0,9423,0,0,122,70,220,0,97,0,224,7,122,0,0,0,220,0,0,254,0,0,70,10,5,220,76,70,1,69,220,122,0,0,122,0,122,0,254,0,70,0,0,1,0,0,70,0,0,97,0,9,220,224,0,1,0,0,634,0,220,1,220,0,0,99,220,0,122
0,231,164,0,9424,164,0,139,91,91,0,94,0,43,0,139,0,0,1,139,0,0,163,0,33,91,10,5,164,76,91,1,231,91,139,0,0,139,0,139,0,21,164,91,164,0,1,0,92,91,0,0,5,0,9,139,139,0,0,0,0,634,164,91,1,164,164,0,99,139,0,231
0,127,220,0,9425,220,0,220,220,220,0,98,0,201,0,220,0,0,2,220,0,0,122,0,146,220,10,5,220,76,220,1,149,220,220,0,0,220,0,220,0,122,220,220,220,0,1,0,146,220,0,0,98,0,0,220,201,0,0,0,0,634,220,220,1,220,220,3,99,220,0,203
0,231,12,0,3693,73,0,220,220,12,0,71,0,111,14,220,0,0,0,12,0,0,231,0,36,220,10,1,12,76,220,1,231,12,220,0,0,220,0,167,1,238,220,185,220,0,10,0,202,220,0,1,20,0,0,12,212,0,0,0,0,645,220,12,0,12,220,0,99,12,0,231
0,192,220,0,3694,188,0,220,220,220,0,88,0,53,13,220,0,0,1,220,0,0,192,0,53,220,10,1,220,76,220,1,173,220,220,0,0,12,0,177,1,52,12,158,220,0,10,0,172,12,0,1,6,0,0,220,186,0,0,0,0,645,220,220,0,220,220,0,91,220,0,187
0,247,12,0,13164,12,0,12,12,12,0,95,0,201,0,12,0,0,2,12,0,0,246,0,23,12,10,1,12,76,12,1,25,12,12,0,0,12,0,12,1,246,12,12,12,0,1,0,23,12,0,0,95,0,0,12,201,0,0,0,0,645,12,12,0,12,12,0,99,12,0,202
4,231,220,0,872,12,0,12,220,220,0,77,0,230,0,12,0,0,0,220,0,0,41,0,230,12,0,1,12,100,12,94,231,220,220,0,0,220,0,12,0,230,220,12,220,0,94,0,41,220,1,0,21,0,0,12,41,0,0,0,0,670,12,12,1,220,12,0,94,220,1,231
4,25,20,0,873,99,0,135,127,127,0,98,0,47,0,135,0,0,1,135,0,0,26,0,100,127,0,1,99,100,127,94,110,83,135,0,0,38,0,135,0,26,20,127,99,0,94,0,100,83,1,0,98,0,0,135,47,0,0,0,0,670,99,127,1,99,99,0,94,38,1,49
4,117,117,0,4005,72,0,95,27,27,0,92,0,145,0,95,0,0,2,95,0,0,74,0,43,27,0,1,72,100,27,94,42,43,95,0,0,145,0,95,0,117,117,27,72,0,94,0,26,43,0,0,7,0,0,95,97,0,0,0,0,670,72,27,1,72,72,0,94,145,1,145
4,231,24,0,876,220,0,220,220,175,0,90,0,118,5,220,0,0,0,118,0,0,230,0,175,220,4,6,24,100,220,4,231,175,220,0,0,220,0,220,0,26,220,220,220,0,4,0,230,220,1,0,8,0,0,118,230,0,0,0,0,673,220,175,1,24,220,0,95,118,0,231
4,22,220,0,877,0,0,75,186,220,0,98,0,232,0,75,0,0,1,220,0,0,232,0,232,186,4,6,220,100,186,4,178,220,75,0,0,75,0,75,0,232,0,186,0,0,4,0,232,186,1,0,98,0,0,220,232,0,1,0,0,673,0,220,1,220,0,0,98,220,0,104
4,30,220,0,5518,220,0,220,220,220,0,94,0,30,0,220,0,0,2,220,0,0,30,0,30,220,0,6,220,100,220,4,30,220,220,0,0,220,0,220,0,30,220,220,220,0,4,0,30,220,0,0,94,0,0,220,30,0,0,0,0,673,220,220,1,220,220,0,88,220,0,30
4,20,220,0,878,220,0,220,220,220,0,92,0,67,0,220,0,0,0,220,0,0,224,0,121,220,4,1,220,100,220,10,104,220,220,0,0,220,0,220,0,23,220,220,220,0,10,0,226,220,1,0,7,0,0,220,225,0,0,0,0,674,220,220,0,220,220,0,99,220,0,58
4,201,23,0,879,23,0,67,120,120,0,94,0,231,0,67,0,0,1,67,0,0,24,0,231,120,4,1,23,100,120,10,201,120,67,0,0,67,0,67,0,231,23,120,23,0,10,0,120,120,1,0,5,0,0,67,67,0,1,0,0,674,23,120,0,23,23,0,99,67,0,201
4,30,220,0,5519,220,0,220,220,220,0,93,0,29,0,220,0,0,2,220,0,0,228,0,29,220,0,1,220,76,220,10,30,220,220,0,0,220,0,220,0,29,220,220,220,0,10,0,228,220,0,0,5,0,0,220,228,0,0,0,0,674,220,220,0,220,220,0,88,220,0,30
4,2,255,0,882,29,0,68,155,1,0,70,0,209,7,68,0,0,0,241,0,0,2,0,12,155,4,1,255,100,155,1,192,1,68,0,0,68,0,68,0,236,29,155,29,0,1,0,190,155,1,0,24,0,0,241,107,0,0,0,0,680,29,1,1,255,29,0,97,241,0,107
4,231,12,0,883,12,0,12,12,12,0,70,0,231,7,12,0,0,1,12,0,0,30,0,231,12,4,1,12,100,12,1,231,12,12,0,0,12,0,12,0,231,12,12,12,0,1,0,30,12,1,0,25,0,0,12,30,0,1,0,0,680,12,12,1,12,12,0,97,12,0,231
4,238,220,0,7240,220,0,220,220,220,1,85,0,29,0,220,0,0,2,220,0,0,132,0,35,220,0,1,220,76,220,1,35,220,220,0,0,220,0,220,0,239,220,220,220,0,1,0,64,220,0,0,14,0,1,220,47,0,0,0,0,680,220,220,1,220,220,0,94,220,0,29
4,0,246,0,884,25,0,98,175,175,0,69,0,233,2,98,0,0,0,98,0,0,229,0,67,175,4,1,25,100,175,94,195,54,98,0,0,228,0,98,0,252,246,175,25,0,94,0,37,54,1,0,26,0,8,98,158,0,0,0,0,681,25,175,1,25,25,0,100,228,1,87
4,14,39,0,1815,220,0,220,220,220,0,92,0,31,7,220,0,0,1,220,0,0,15,0,57,220,4,1,220,100,220,94,60,80,220,0,0,59,0,220,0,15,39,220,220,0,94,0,57,80,1,0,92,0,8,220,31,0,0,0,0,681,220,220,1,220,220,0,100,59,1,32
4,3,3,0,6556,220,0,220,220,220,1,76,0,167,0,220,0,0,2,220,0,0,15,0,92,220,0,1,220,100,220,94,92,92,220,0,0,168,0,220,0,3,3,220,220,0,94,0,87,92,0,0,23,0,10,220,114,0,0,0,0,681,220,220,1,220,220,0,94,168,1,167
39,30,249,0,1817,12,0,12,12,23,0,96,0,206,9,12,0,0,0,216,0,0,232,0,29,12,0,96,249,100,12,182,30,23,12,0,0,12,0,12,0,232,12,12,12,0,182,0,29,12,0,1,96,0,0,216,206,0,0,0,0,687,12,23,1,249,12,0,86,216,1,30
39,32,221,0,1816,221,0,239,46,46,0,85,0,29,7,239,-1,0,1,239,0,0,205,0,31,46,0,96,221,100,46,182,29,46,239,0,0,239,0,239,0,33,221,46,221,0,182,0,55,46,0,1,7,0,9,239,221,0,0,0,0,687,221,46,1,221,221,0,89,239,1,28
39,127,220,0,4192,220,0,220,220,220,0,89,0,57,0,220,0,0,2,220,0,0,157,0,130,220,0,96,220,100,220,182,128,220,220,0,0,220,0,220,0,128,220,220,220,0,182,0,162,220,0,1,6,0,0,220,120,0,0,0,0,687,220,220,1,220,220,0,69,220,1,53
39,31,220,0,1819,220,0,220,220,220,0,93,0,28,0,220,0,0,0,220,0,0,28,0,28,220,0,96,220,100,220,182,30,220,220,0,0,220,0,220,0,28,220,220,220,0,182,0,28,220,0,1,93,0,0,220,28,0,0,0,0,688,220,220,1,220,220,0,87,220,1,30
39,231,101,0,1818,101,0,75,61,61,0,86,0,218,0,75,-1,0,1,75,0,0,231,0,199,61,0,96,101,100,61,182,198,61,75,0,0,75,0,75,0,231,101,61,101,0,182,0,199,61,0,1,86,0,9,75,218,0,0,0,0,688,101,61,1,101,101,0,89,75,1,218
39,105,12,0,4190,12,0,12,12,12,0,79,0,227,0,12,0,0,2,12,0,0,81,0,119,12,0,96,12,100,12,182,105,12,12,0,0,12,0,12,0,126,12,12,12,0,182,0,93,12,0,1,15,0,0,12,169,0,0,0,0,688,12,12,1,12,12,0,47,12,1,192
39,30,220,0,1821,220,0,220,220,220,0,83,0,27,0,220,0,0,0,220,0,0,196,0,27,220,0,96,220,100,220,182,30,220,220,0,0,220,0,220,0,33,220,220,220,0,182,0,37,220,0,1,13,0,0,220,33,0,0,0,0,689,220,220,1,220,220,0,93,220,1,30
39,214,12,0,1820,12,0,12,12,12,0,85,0,199,0,12,-1,0,1,12,0,0,47,0,185,12,0,96,12,100,12,182,190,12,12,0,0,12,0,12,0,209,12,12,12,0,182,0,44,12,0,1,12,0,9,12,42,0,0,0,0,689,12,12,1,12,12,0,89,12,1,204
39,35,220,0,3936,220,0,220,220,220,0,78,0,126,0,220,0,0,2,220,0,0,4,0,179,220,0,96,220,100,220,182,181,220,220,0,0,220,0,220,0,78,220,220,220,0,182,0,195,220,0,1,11,0,0,220,135,0,0,0,0,689,220,220,1,220,220,0,48,220,1,122
39,41,220,0,1823,220,0,220,220,220,0,87,0,43,0,220,0,0,0,220,0,0,130,0,60,220,0,96,220,100,220,182,66,220,220,0,0,220,0,220,0,42,220,220,220,0,182,0,45,220,0,1,10,0,0,220,35,0,0,0,0,691,220,220,1,220,220,0,93,220,1,48
39,231,12,0,1822,12,0,12,12,12,0,72,0,230,0,12,-1,0,1,12,0,0,49,0,230,12,0,96,12,0,12,182,231,12,12,0,0,12,0,12,0,229,12,12,12,0,182,0,67,12,0,1,13,0,9,12,51,0,0,0,0,691,12,12,1,12,12,0,89,12,1,231
39,231,220,0,4256,220,0,220,220,220,0,85,0,109,0,220,0,0,2,220,0,0,244,0,80,220,0,96,220,100,220,182,85,220,220,0,0,220,0,220,0,225,220,220,220,0,182,0,122,220,0,1,9,0,0,220,155,0,0,0,0,691,220,220,1,220,220,0,63,220,1,113
39,231,220,0,1825,220,0,220,220,220,0,91,0,34,9,220,0,0,0,220,0,0,232,0,38,220,0,96,220,100,220,182,38,220,220,0,0,220,0,220,0,231,220,220,220,0,182,0,232,220,0,1,8,0,0,220,232,0,0,0,0,693,220,220,1,220,220,0,86,220,1,34
39,172,29,0,1824,18,0,27,77,77,0,72,0,192,0,27,-1,0,1,26,0,0,237,0,211,77,0,96,18,0,77,182,209,77,26,0,0,26,0,27,0,176,29,77,29,0,182,0,240,77,0,1,16,0,9,27,238,0,0,0,0,693,18,77,1,29,18,0,89,26,1,189
39,40,220,0,3937,220,0,220,220,220,0,82,0,28,0,220,0,0,2,220,0,0,68,0,28,220,0,96,220,100,220,182,41,220,220,0,0,220,0,220,0,29,220,220,220,0,182,0,72,220,0,1,15,0,0,220,69,0,0,0,0,693,220,220,1,220,220,0,71,220,1,40
39,0,152,0,1827,146,0,193,240,240,0,97,0,0,7,193,0,0,0,193,0,0,0,0,1,240,0,96,146,100,240,182,0,240,193,0,0,193,0,193,0,0,152,240,152,0,182,0,1,240,0,1,97,0,0,193,0,0,0,0,0,694,146,240,1,152,146,0,82,193,1,0
39,209,25,0,1826,25,0,70,41,41,0,91,0,228,0,70,-1,0,1,71,0,0,209,0,222,42,0,96,25,0,42,182,222,41,71,0,0,71,0,70,0,209,25,42,25,0,182,0,222,41,0,1,91,0,9,70,228,0,0,0,0,694,25,42,1,25,25,0,96,71,1,228
39,35,220,0,4191,220,0,220,220,220,0,81,0,126,0,220,0,0,2,220,0,0,4,0,179,220,0,96,220,87,220,182,181,220,220,0,0,220,0,220,0,78,220,220,220,0,182,0,195,220,0,1,11,0,0,220,135,0,0,0,0,694,220,220,1,220,220,0,48,220,1,122
39,34,220,0,1829,220,0,220,220,220,0,70,0,37,7,220,0,0,0,220,0,0,43,0,64,220,0,96,220,100,220,182,90,220,220,0,0,220,0,220,0,191,220,220,220,0,182,0,102,220,0,1,18,0,0,220,54,0,0,0,0,695,220,220,1,220,220,0,82,220,1,49
39,198,43,0,1828,43,0,48,66,66,0,88,0,213,0,48,-1,0,1,48,0,0,218,0,221,66,0,96,43,0,66,182,221,66,48,0,0,48,0,48,0,198,43,66,43,0,182,0,101,66,0,1,9,0,9,48,97,0,0,0,0,695,43,66,1,43,43,0,89,48,1,213
39,35,220,0,4253,220,0,220,220,220,0,81,0,126,0,220,0,0,2,220,0,0,4,0,179,220,0,96,220,87,220,182,181,220,220,0,0,220,0,220,0,78,220,220,220,0,182,0,195,220,0,1,11,0,0,220,135,0,0,0,0,695,220,220,1,220,220,0,48,220,1,122
39,167,29,0,1831,18,0,27,77,77,0,84,0,185,0,27,-1,0,0,26,0,0,28,0,224,77,0,96,18,0,77,182,224,77,26,0,0,26,0,27,0,167,29,77,29,0,182,0,66,77,0,1,8,0,9,27,43,0,0,0,0,696,18,77,1,29,18,0,90,26,1,184
39,25,146,0,1830,152,0,193,240,240,0,75,0,46,0,193,0,0,1,193,0,0,99,0,74,240,0,96,152,100,240,182,64,240,193,0,0,193,0,193,0,35,146,240,146,0,182,0,132,240,0,1,19,0,0,193,81,0,0,0,0,696,152,240,1,146,146,0,86,193,1,41
39,127,220,0,4255,220,0,220,220,220,0,89,0,57,0,220,0,0,2,220,0,0,157,0,130,220,0,96,220,87,220,182,128,220,220,0,0,220,0,220,0,128,220,220,220,0,182,0,162,220,0,1,6,0,0,220,120,0,0,0,0,696,220,220,1,220,220,0,69,220,1,53
39,254,29,0,1833,18,0,27,77,77,0,85,0,254,0,27,0,0,0,26,0,0,46,0,254,77,0,96,18,100,77,182,254,77,26,0,0,26,0,27,0,254,29,77,29,0,182,0,76,77,0,1,7,0,0,27,50,0,0,0,0,697,18,77,1,29,18,0,82,26,1,254
39,30,240,0,1832,240,0,174,104,104,0,93,0,26,0,174,-1,0,1,174,0,0,32,0,60,104,0,96,240,100,104,182,58,104,174,0,0,174,0,174,0,32,240,104,240,0,182,0,60,104,0,1,93,0,9,174,26,0,0,0,0,697,240,104,1,240,240,0,100,174,1,26
39,35,220,0,3935,220,0,220,220,220,0,80,0,126,0,220,0,0,2,220,0,0,4,0,179,220,0,96,220,87,220,182,181,220,220,0,0,220,0,220,0,78,220,220,220,0,182,0,195,220,0,1,11,0,0,220,135,0,0,0,0,697,220,220,1,220,220,0,48,220,1,122
39,221,12,0,1835,220,0,220,220,12,0,84,0,84,0,220,-1,0,0,12,0,0,192,0,37,220,0,96,12,0,220,182,231,12,220,0,0,220,0,220,0,209,220,220,220,0,182,0,20,220,0,1,7,0,9,12,44,0,0,0,0,698,220,12,1,12,220,0,90,12,1,222
39,31,167,0,1834,168,0,169,172,172,0,72,0,48,0,169,0,0,1,169,0,0,208,0,68,173,0,96,168,100,173,182,56,172,169,0,0,169,0,169,0,41,167,173,167,0,182,0,61,172,0,1,13,0,0,169,82,0,0,0,0,698,168,173,1,167,168,0,91,169,1,39
39,35,220,0,4254,220,0,220,220,220,0,81,0,126,0,220,0,0,2,220,0,0,4,0,179,220,0,96,220,87,220,182,181,220,220,0,0,220,0,220,0,78,220,220,220,0,182,0,195,220,0,1,11,0,0,220,135,0,0,0,0,698,220,220,1,220,220,0,48,220,1,122
0,30,220,0,885,12,0,12,12,220,0,80,0,209,8,12,0,0,0,220,0,0,30,0,31,12,56,1,220,100,12,12,30,220,12,0,0,12,0,12,0,223,12,12,12,0,12,0,30,12,0,0,15,0,0,220,30,0,0,0,0,700,12,220,0,220,12,0,93,220,0,30
0,30,220,0,886,220,0,220,220,220,0,89,0,0,0,220,0,0,1,220,0,0,227,0,18,220,56,1,220,76,220,12,30,220,220,0,0,220,0,220,0,159,220,220,220,0,12,0,226,220,0,0,5,0,0,220,226,0,0,0,0,700,220,220,0,220,220,0,92,220,1,30
0,66,220,0,5521,220,0,220,220,220,0,100,0,183,0,220,0,0,2,220,0,0,66,0,131,220,56,1,220,84,220,12,131,220,220,0,0,220,0,220,0,66,220,220,220,0,12,0,131,220,0,0,100,0,0,220,183,0,0,0,0,700,220,220,1,220,220,0,100,220,1,183
0,0,49,0,3610,49,0,220,220,142,0,94,0,231,11,76,0,0,0,76,0,0,231,0,231,220,56,6,49,100,142,101,139,142,220,0,0,76,0,76,0,231,49,142,220,0,101,0,231,142,0,0,94,0,11,76,231,0,0,0,0,702,49,142,1,49,220,0,93,76,0,49
0,29,220,0,3611,220,0,220,220,220,0,91,0,1,0,220,0,0,1,220,0,0,229,0,17,220,56,6,220,100,220,101,29,220,220,0,0,220,0,220,0,173,220,220,220,0,101,0,229,220,0,0,7,0,0,220,229,0,0,0,0,702,220,220,1,220,220,0,92,220,0,29
0,157,220,0,5522,220,0,220,220,220,0,100,0,70,0,220,0,0,2,220,0,0,158,0,171,220,56,6,220,86,220,1,170,220,220,0,0,220,0,220,0,158,220,220,220,0,1,0,171,220,0,0,100,0,0,220,70,0,0,0,0,702,220,220,1,220,220,0,100,220,0,70
0,1,220,0,889,54,0,100,67,220,0,91,0,231,11,100,0,0,0,220,0,0,5,0,231,67,56,1,220,100,67,2,59,220,100,0,0,100,0,100,0,231,54,67,54,0,2,0,65,67,0,0,6,0,0,220,124,0,0,0,0,708,54,220,1,220,54,0,98,220,0,130
0,29,232,0,890,232,0,208,73,73,0,61,0,30,11,208,0,0,1,208,0,0,253,0,30,73,56,1,232,100,73,2,29,73,208,0,0,208,0,208,0,30,232,73,232,0,2,0,76,73,0,0,37,0,0,208,225,0,0,0,0,708,232,73,1,232,232,0,98,208,0,29
0,122,220,0,6951,220,0,220,220,220,0,100,0,124,0,220,0,0,2,220,0,0,122,0,144,220,56,1,220,76,220,2,144,220,220,0,0,220,0,220,0,122,220,220,220,0,2,0,144,220,0,0,100,0,0,220,124,0,0,0,0,708,220,220,1,220,220,0,100,220,0,124
0,34,220,0,891,51,0,220,220,220,0,91,0,181,0,56,0,0,0,220,0,0,32,0,221,220,56,1,220,100,70,252,87,220,220,2,0,220,0,56,0,108,220,70,220,0,251,0,80,220,0,0,7,0,0,220,46,0,0,0,0,710,51,220,1,220,220,0,98,220,0,50
0,231,51,0,892,112,0,12,70,70,0,86,0,231,0,12,0,0,1,56,0,0,28,0,231,12,56,1,112,100,12,251,231,70,56,0,0,56,0,170,0,231,51,219,51,0,251,0,71,70,0,0,5,0,0,170,40,0,0,0,0,710,12,219,1,51,12,0,97,56,0,231
0,206,220,0,5524,220,0,220,220,220,0,100,0,80,0,220,0,0,2,220,0,0,207,0,85,220,56,1,220,100,220,1,85,220,220,0,0,220,0,220,0,207,220,220,220,0,1,0,85,220,0,0,100,0,0,220,80,0,0,0,0,710,220,220,1,220,220,0,100,220,0,80
0,24,220,0,893,220,0,12,12,220,0,83,0,25,7,220,0,0,0,220,0,0,243,0,25,12,56,95,220,100,220,62,24,220,12,0,0,12,0,220,0,25,12,220,12,0,62,0,14,12,0,0,12,0,0,220,199,0,0,0,0,711,220,220,1,220,12,0,95,220,1,24
0,24,220,0,894,12,0,12,12,220,0,89,0,231,7,12,0,0,1,220,0,0,30,0,231,12,56,95,220,100,12,62,24,220,12,0,0,12,0,12,0,231,12,12,12,0,62,0,30,12,0,0,8,0,0,220,30,0,0,0,0,711,12,220,1,220,12,0,95,220,1,24
0,187,12,0,5525,12,0,12,12,12,0,91,0,245,0,12,0,0,2,12,0,0,140,0,173,12,56,1,12,84,12,1,172,12,12,0,0,12,0,12,0,188,12,12,12,0,1,0,127,12,0,0,8,0,0,12,192,0,0,0,0,711,12,12,1,12,12,0,88,12,1,244
0,5,12,0,17477,220,0,12,12,12,0,91,0,110,7,220,0,0,0,12,0,0,254,0,184,12,308,44,220,76,220,84,183,12,12,2,0,12,0,220,0,6,12,220,12,0,84,0,51,12,1,0,7,0,3,220,0,0,0,0,0,717,220,220,1,12,12,0,100,12,1,109
0,230,220,0,17478,10,0,220,220,220,0,98,0,230,0,69,0,0,1,220,0,0,230,0,230,220,308,44,10,76,138,84,230,220,220,2,0,220,0,69,0,230,220,138,220,0,84,0,230,220,1,0,98,0,8,69,230,0,0,0,0,717,10,138,1,220,220,0,99,220,1,230
0,253,220,0,17479,12,0,220,220,220,0,99,0,216,0,12,0,0,2,220,0,0,254,0,0,220,308,44,12,85,12,84,0,220,220,2,0,220,0,12,0,254,220,12,220,0,84,0,0,220,0,0,99,0,0,12,216,0,0,0,0,717,12,12,1,220,220,0,97,220,1,215
0,231,220,0,895,12,0,220,220,220,0,36,0,211,7,12,0,0,0,220,0,0,14,0,194,220,308,44,12,100,12,84,231,220,220,2,0,220,0,12,0,215,220,12,220,0,84,0,45,220,0,0,33,0,0,12,84,0,0,0,0,718,12,12,1,220,220,0,100,220,1,231
0,25,12,0,896,220,0,12,12,12,0,80,0,26,0,220,0,0,1,12,0,0,107,0,26,12,308,44,220,100,220,84,25,12,12,2,0,12,0,220,0,25,12,220,12,0,84,0,34,12,0,0,11,0,0,220,10,0,0,0,0,718,220,220,1,12,12,0,100,12,1,25
0,229,220,0,14859,12,0,220,220,220,0,100,0,124,0,12,0,0,2,220,0,0,231,0,61,220,308,44,12,100,12,84,60,220,220,2,0,220,0,12,0,231,220,12,220,0,84,0,61,220,0,0,100,0,0,12,124,0,0,0,0,718,12,12,1,220,220,0,100,220,1,123
68,173,220,0,6234,157,0,220,7,220,0,73,0,231,0,7,0,0,0,220,0,0,174,0,231,220,0,6,220,100,7,8,17,220,7,0,0,7,0,7,0,231,157,7,157,0,8,0,18,7,0,0,26,0,0,220,18,0,0,0,0,741,157,220,1,220,220,0,92,220,1,17
68,223,181,0,6235,181,0,9,10,10,0,99,0,228,0,9,0,0,1,9,0,0,228,0,228,10,0,6,181,100,10,8,223,10,9,0,0,9,0,9,0,228,181,10,181,0,8,0,228,10,0,0,99,0,0,9,228,0,1,0,0,741,181,10,1,181,181,0,100,9,1,223
68,194,12,0,6236,12,0,12,12,12,0,91,0,233,0,12,0,0,2,12,0,0,30,0,202,12,0,6,12,76,12,8,202,12,12,0,0,12,0,12,0,194,12,12,12,0,8,0,30,12,0,0,7,0,0,12,30,0,1,0,0,741,12,12,1,12,12,0,90,12,1,233
0,231,220,0,3689,0,0,220,220,220,0,74,0,231,0,124,0,0,0,220,0,0,68,0,231,220,308,44,0,76,80,84,231,220,220,2,0,220,0,124,0,231,220,80,220,0,84,0,90,220,1,0,23,0,0,124,122,0,0,0,0,744,0,80,1,220,220,0,98,220,1,231
0,128,12,0,3690,255,0,12,12,12,0,91,0,44,11,237,0,0,1,12,0,0,228,0,60,12,308,44,255,76,0,84,59,12,12,2,0,12,0,237,0,129,12,0,12,0,84,0,48,12,1,0,6,0,0,237,205,0,0,0,0,744,255,0,1,12,12,0,98,12,1,43
0,241,12,0,5526,220,0,12,12,12,0,82,0,152,0,220,0,0,2,12,0,0,242,0,22,12,308,44,220,86,220,84,22,12,12,2,0,12,0,220,0,242,12,220,12,0,84,0,22,12,1,0,14,0,9,220,185,0,0,0,0,744,220,220,1,12,12,0,100,12,1,186
68,30,220,0,14829,12,0,12,12,220,0,66,0,231,11,12,0,0,0,220,0,0,159,0,231,12,0,1,220,76,12,49,29,220,12,0,0,12,0,12,0,231,12,12,12,0,49,0,25,12,0,0,24,0,0,220,20,0,0,0,0,748,12,220,1,220,12,0,91,220,1,29
68,231,165,0,14830,165,0,19,20,20,0,93,0,231,7,19,0,0,1,19,0,0,170,0,231,20,0,1,165,76,20,49,231,20,19,0,0,19,0,19,0,231,165,20,165,0,49,0,24,20,0,0,6,0,0,19,19,0,0,0,0,748,165,20,1,165,165,0,97,19,1,231
68,121,12,0,14831,12,0,12,12,12,0,85,0,163,0,12,0,0,2,12,0,0,29,1,207,12,0,1,12,76,12,49,207,12,12,1,0,12,0,12,0,122,12,12,12,0,49,0,29,12,0,0,14,0,1,12,29,0,0,0,0,748,12,12,1,12,12,0,90,12,1,162
65,2,220,0,3391,220,0,220,220,220,0,93,0,84,22,220,0,0,0,220,0,0,225,0,182,220,65,7,220,65,220,2,180,220,220,0,0,220,0,220,0,18,220,220,220,0,2,0,225,220,0,0,6,0,0,220,225,0,1,0,0,753,220,220,1,220,220,0,99,220,1,75
65,22,12,0,3390,12,0,12,12,12,0,84,0,229,0,12,0,0,1,12,0,0,29,0,230,12,65,7,12,65,12,2,203,12,12,0,0,12,0,12,0,228,12,12,12,0,2,0,199,12,0,0,6,0,0,12,140,0,1,0,0,753,12,12,1,12,12,0,99,12,1,141
65,239,12,0,8964,12,0,12,12,12,1,91,0,113,0,12,0,0,2,12,0,0,30,1,187,12,65,7,12,65,12,2,186,12,12,0,0,12,0,12,0,239,12,12,12,0,2,0,29,12,0,0,7,0,0,12,29,0,1,0,0,753,12,12,1,12,12,0,91,12,1,112
0,30,220,0,901,220,0,220,220,220,0,50,0,107,0,220,0,0,0,220,0,0,30,0,86,220,80,1,220,76,220,2,30,220,220,0,0,12,0,220,0,14,12,220,220,80,2,0,30,12,0,0,28,0,0,220,30,0,0,0,0,780,220,220,1,220,220,0,85,220,0,30
0,231,12,0,902,12,0,12,12,12,0,72,0,199,0,12,0,0,1,12,0,0,230,0,0,12,80,1,12,86,12,2,231,12,12,0,0,220,0,12,0,253,220,12,12,80,2,0,230,220,0,0,8,0,0,12,230,0,0,0,0,780,12,12,1,12,12,0,91,12,0,231
0,212,12,0,5527,12,0,12,12,12,1,85,0,114,0,12,0,0,2,12,0,0,215,1,162,12,0,1,12,76,12,1,161,12,12,0,0,12,0,12,0,212,12,12,12,80,1,0,25,12,0,0,14,0,1,12,30,0,0,0,0,780,12,12,1,12,12,0,91,12,0,113
0,231,30,0,903,30,0,62,127,127,0,92,0,231,11,62,-1,0,0,62,0,0,37,0,231,127,1,1,30,100,127,6,231,127,62,0,0,62,0,62,0,231,30,127,30,500001,6,0,140,127,1,1,7,0,0,62,45,0,1,0,0,819,30,127,1,30,30,0,99,62,1,231
0,34,220,0,904,220,0,220,220,220,0,81,0,35,3,220,-1,0,1,220,0,0,157,0,35,220,1,1,220,100,220,6,34,220,220,0,0,220,0,220,0,35,220,220,220,500001,6,0,157,220,1,0,8,0,0,220,157,0,0,0,0,819,220,220,1,220,220,0,98,220,1,34
0,210,220,0,5027,220,0,220,220,220,0,91,0,43,0,220,0,0,2,220,0,0,231,0,59,220,1,1,220,100,220,6,80,220,220,0,0,220,0,220,0,205,220,220,220,500001,6,0,231,220,1,0,5,0,0,220,231,0,0,0,0,819,220,220,1,220,220,0,97,220,1,56
0,231,12,0,3702,220,0,220,220,6,0,88,0,49,0,220,0,0,0,6,0,0,231,0,49,220,1,1,138,76,220,6,231,12,220,2,0,220,0,220,0,153,220,220,220,0,6,0,231,220,0,0,10,0,0,6,231,0,0,0,0,822,220,6,1,138,220,0,97,12,1,231
0,66,12,0,3703,220,0,12,220,220,0,69,0,97,0,220,0,0,1,220,0,0,231,0,101,12,1,1,220,76,220,6,100,12,220,2,0,12,0,220,0,67,12,220,220,0,6,0,231,12,0,0,24,0,0,220,231,0,1,0,0,822,220,220,1,220,12,0,99,12,1,96
0,30,220,0,9495,220,0,220,220,220,0,100,0,29,0,220,0,0,2,220,0,0,29,0,29,220,1,1,220,76,220,6,30,220,220,0,0,220,0,220,0,29,220,220,220,0,6,0,29,220,0,0,100,0,1,220,29,0,1,0,0,822,220,220,1,220,220,0,100,220,1,30
100065,231,220,0,3241,220,0,220,220,220,0,81,0,39,0,220,0,0,0,220,0,0,231,0,32,220,100065,1,220,65,220,137,32,220,220,0,0,220,0,220,0,231,220,220,220,0,137,0,229,220,0,0,15,0,0,220,229,0,1,0,0,834,220,220,1,220,220,0,95,220,1,39
100065,30,220,0,3242,220,0,220,220,220,0,87,0,152,0,220,0,0,1,220,0,0,230,0,212,220,100065,1,220,65,220,137,76,220,220,0,0,220,0,220,0,113,220,220,220,0,137,0,230,220,0,0,8,0,0,220,230,0,1,0,0,834,220,220,1,220,220,0,82,220,1,40
100065,222,23,0,5529,23,0,23,33,33,0,91,0,202,0,23,0,0,2,23,0,0,24,0,44,33,100065,6,23,65,33,1,43,33,23,0,0,23,0,23,0,223,23,33,23,0,1,0,35,33,0,0,7,0,0,23,29,0,1,0,0,834,23,33,1,23,23,0,91,23,1,201
0,254,1,0,909,220,0,220,220,177,0,92,0,90,7,220,0,0,0,100,0,0,241,0,165,220,100066,52,1,76,220,102,254,177,220,0,0,220,0,220,0,2,220,220,220,0,102,0,241,220,0,0,5,0,0,100,241,0,0,0,0,873,220,177,1,1,220,0,87,100,1,254
0,0,220,0,910,1,0,100,177,220,0,92,0,248,7,100,0,0,1,220,0,0,248,0,248,177,100066,52,220,76,177,102,178,220,100,0,0,100,0,100,0,248,1,177,1,0,102,0,248,177,0,0,92,0,0,220,248,0,0,0,0,873,1,220,1,220,1,0,87,220,1,101
0,186,12,0,5532,12,0,12,12,12,0,91,0,218,0,12,0,0,2,12,0,0,11,0,16,12,100066,52,12,86,12,102,15,12,12,0,0,12,0,12,0,187,12,12,12,0,102,0,11,12,0,0,8,0,0,12,11,0,0,0,0,873,12,12,1,12,12,0,90,12,1,218
189,231,0,0,911,0,0,47,100,100,0,68,0,231,19,47,0,0,0,47,0,0,0,0,231,100,189,1,0,100,100,4,231,100,47,0,0,47,0,47,0,231,0,100,0,0,4,0,55,100,0,0,30,0,0,47,33,0,1,0,0,894,0,100,1,0,0,0,100,47,0,231
189,28,234,0,912,234,0,229,36,36,0,93,0,15,19,229,0,0,1,229,0,0,29,0,66,36,189,1,234,100,36,4,65,36,229,0,0,229,0,229,0,29,234,36,234,0,4,0,66,36,0,0,93,0,0,229,15,0,0,0,0,894,234,36,1,234,234,0,93,229,0,15
189,231,0,0,5534,0,0,47,100,100,0,91,0,208,0,47,0,0,2,47,0,0,25,0,57,100,0,1,0,87,100,4,57,100,47,0,0,47,0,47,0,231,0,100,0,0,4,0,24,100,0,0,7,0,0,47,25,0,0,0,0,894,0,100,1,0,0,0,88,47,0,208
100189,12,234,0,913,220,0,220,220,220,0,61,0,38,0,220,0,0,0,220,0,0,108,0,80,220,0,1,220,100,220,2,87,41,220,0,0,37,0,220,0,15,17,220,220,0,2,0,40,169,1,0,37,0,0,220,35,0,0,0,0,896,220,220,1,220,220,0,84,0,0,35
100189,114,5,0,914,5,0,18,58,58,0,86,0,119,7,18,0,0,1,18,0,0,6,0,194,58,0,1,5,100,58,2,191,58,18,0,0,18,0,18,0,120,5,58,5,0,2,0,57,58,1,0,9,0,0,18,18,0,0,0,0,896,5,58,1,5,5,0,75,18,0,113
100189,120,12,0,5022,12,0,12,12,12,0,91,0,197,0,12,0,0,2,12,0,0,29,0,174,12,0,1,12,100,12,2,173,12,12,0,0,12,0,12,0,121,12,12,12,0,2,0,29,12,0,0,7,0,0,12,29,0,0,0,0,896,12,12,1,12,12,0,91,12,1,197
189,28,220,0,915,220,0,220,220,220,0,73,0,49,0,220,0,0,0,220,0,0,80,0,118,220,189,12,220,100,220,10,119,220,220,0,0,220,0,220,0,28,220,220,220,0,10,0,221,220,1,0,21,0,4,220,180,0,0,0,0,897,220,220,1,220,220,0,91,220,0,49
189,231,12,0,916,12,0,12,12,12,0,77,0,231,19,12,0,0,1,12,0,0,80,0,231,12,0,12,12,100,12,10,231,12,12,0,0,12,0,12,0,231,12,12,12,0,10,0,222,12,1,0,13,0,4,12,181,0,1,0,0,897,12,12,1,12,12,0,85,12,0,231
189,240,12,0,5535,12,0,12,12,12,0,91,0,193,0,12,0,0,2,12,0,0,29,0,8,12,0,12,12,76,12,10,8,12,12,0,0,12,0,12,0,241,12,12,12,0,10,0,28,12,0,0,7,0,0,12,29,0,1,0,0,897,12,12,1,12,12,0,91,12,0,192
189,231,220,0,917,220,0,220,220,220,0,87,0,114,0,220,0,0,0,220,0,0,231,0,71,220,189,1,220,100,220,12,231,220,220,0,0,220,0,220,0,10,220,220,220,0,12,0,229,220,1,0,10,0,0,220,231,0,0,0,0,898,220,220,1,220,220,0,85,220,0,231
189,42,220,0,918,220,0,220,220,220,0,85,0,44,0,220,0,0,1,220,0,0,230,0,46,220,0,1,220,100,220,12,46,220,220,0,0,220,0,220,0,42,220,220,220,0,12,0,228,220,1,0,7,0,0,220,230,0,0,0,0,898,220,220,1,220,220,0,98,220,0,44
189,49,220,0,5536,220,0,220,220,220,0,96,0,143,0,220,0,0,2,220,0,0,49,0,206,220,0,1,220,76,220,12,206,220,220,0,0,220,0,220,0,49,220,220,220,0,12,0,206,220,0,0,96,0,0,220,143,0,0,0,0,898,220,220,1,220,220,0,89,220,0,143
189,29,227,0,919,12,0,12,12,12,0,85,0,196,19,12,0,0,0,12,0,0,30,0,10,12,189,1,12,76,12,94,29,29,12,0,0,208,0,12,0,240,227,12,12,0,94,0,29,29,0,0,12,0,8,12,30,0,1,0,0,900,12,12,1,12,12,0,99,208,0,29
189,29,248,0,920,248,0,212,160,160,0,79,0,30,0,212,0,0,1,212,0,0,231,0,30,160,189,1,248,76,160,94,29,160,212,0,0,212,0,212,0,30,248,160,248,0,94,0,231,160,0,0,17,0,8,212,231,0,0,0,0,900,248,160,1,248,248,0,99,212,0,29
189,224,223,0,5537,12,0,12,12,12,0,100,0,1,0,12,0,0,2,12,0,0,224,0,2,12,0,1,12,76,12,94,1,2,12,0,0,1,0,12,0,224,223,12,12,0,94,0,2,2,0,0,100,0,0,12,1,0,1,0,0,900,12,12,1,12,12,0,100,1,0,1
0,254,12,0,3606,12,0,12,12,12,0,97,0,230,0,12,0,0,0,12,0,0,254,0,2,12,100041,1,12,0,12,4,52,12,12,0,0,12,0,12,0,254,12,12,12,0,4,0,2,12,0,0,97,0,0,12,230,0,0,0,0,918,12,12,1,12,12,0,99,12,1,234
0,42,254,0,3607,254,0,222,52,52,0,89,0,44,7,222,0,0,1,222,0,0,250,0,78,52,100041,1,254,100,52,4,76,52,222,0,0,222,0,222,0,43,254,52,254,0,4,0,5,52,0,0,7,0,0,222,219,0,0,0,0,918,254,52,1,254,254,0,99,222,1,43
0,29,220,0,6318,220,0,220,220,220,0,82,0,30,0,220,0,0,2,220,0,0,91,0,31,220,100041,1,220,100,220,4,29,220,220,0,0,220,0,220,0,30,220,220,220,0,4,0,104,220,0,0,15,0,0,220,93,0,0,0,0,918,220,220,1,220,220,0,99,220,1,29
0,212,220,0,923,220,0,220,220,220,0,97,0,1,0,220,0,0,0,220,0,0,212,0,40,220,41,1,220,76,220,4,39,220,220,0,0,220,0,220,0,212,220,220,220,0,4,0,40,220,0,0,97,0,5,220,1,0,0,0,0,919,220,220,1,220,220,0,98,220,1,1
0,29,134,0,924,134,0,98,52,52,0,96,0,29,0,98,0,0,1,98,0,0,29,0,29,52,41,1,134,76,52,4,29,52,98,0,0,98,0,98,0,29,134,52,134,0,4,0,29,52,0,0,96,0,0,98,29,0,0,0,0,919,134,52,1,134,134,0,98,98,1,29
0,194,12,0,5539,12,0,12,12,12,0,100,0,228,0,12,0,0,2,12,0,0,194,0,221,12,41,1,12,76,12,4,221,12,12,0,0,12,0,12,0,194,12,12,12,0,4,0,221,12,0,0,100,0,0,12,228,0,0,0,0,919,12,12,1,12,12,0,100,12,1,228
0,231,184,0,925,220,0,220,220,35,0,90,0,34,0,220,0,0,0,39,0,0,184,0,131,220,41,1,184,86,220,1,231,35,220,0,0,220,0,220,0,27,220,220,220,0,1,0,36,220,0,0,6,0,0,39,41,0,0,0,0,920,220,35,1,184,220,0,95,39,1,231
0,45,220,0,926,34,0,47,119,220,0,90,0,231,0,47,0,0,1,220,0,0,152,0,231,119,41,1,220,86,119,1,173,220,47,0,0,47,0,47,0,231,34,119,34,0,1,0,37,119,0,0,5,0,0,220,34,0,0,0,0,920,34,220,1,220,34,0,96,220,1,64
0,0,12,0,5540,12,0,12,12,12,0,100,0,186,0,12,0,0,2,12,0,0,0,0,107,12,41,1,12,86,12,1,106,12,12,0,0,12,0,12,0,0,12,12,12,0,1,0,107,12,0,0,100,0,0,12,186,0,0,0,0,920,12,12,1,12,12,0,100,12,1,185
0,33,220,0,3245,220,0,220,220,220,0,92,0,41,0,220,0,0,0,220,0,0,33,0,63,220,41,1,220,100,220,1,60,220,220,0,0,220,0,220,0,33,220,220,220,0,1,0,63,220,0,0,92,0,0,220,41,0,0,0,0,922,220,220,1,220,220,0,99,220,1,40
0,33,220,0,3246,4,0,52,100,220,0,86,0,240,0,52,0,0,1,220,0,0,201,0,240,100,41,1,220,100,100,1,60,220,52,0,0,52,0,52,0,240,4,100,4,0,1,0,205,100,0,0,11,0,0,220,203,0,1,0,0,922,4,220,1,220,4,0,99,220,1,40
0,210,12,0,5541,12,0,12,12,12,0,98,0,241,0,12,0,0,2,12,0,0,210,0,182,12,41,1,12,100,12,6,182,12,12,0,0,12,0,12,0,210,12,12,12,0,1,0,182,12,0,0,98,0,0,12,241,0,1,0,0,922,12,12,1,12,12,0,100,12,1,241
0,11,220,0,1542,220,0,220,220,220,0,78,0,39,7,220,0,0,0,220,0,0,134,0,63,220,0,140,220,78,220,273,11,220,220,0,0,220,0,220,0,199,220,220,220,0,273,0,41,220,0,0,13,0,10,220,23,0,0,0,1,974,220,220,1,220,220,0,77,220,1,11
0,135,210,0,1543,210,0,244,176,176,0,61,0,140,0,244,0,0,1,244,0,0,200,0,188,176,0,140,210,78,176,273,174,176,244,0,0,244,0,244,0,161,210,176,210,0,273,0,217,176,0,0,34,0,10,244,181,0,0,0,1,974,210,176,1,210,210,0,98,244,1,124
0,0,220,0,1544,220,0,220,220,220,0,67,0,159,0,220,0,0,2,220,0,0,11,0,120,220,0,140,220,78,220,273,113,220,220,0,0,220,0,220,0,3,220,220,220,0,273,0,92,220,0,0,17,0,0,220,99,0,0,0,1,974,220,220,1,220,220,0,99,220,1,151
83,4,220,0,1837,220,0,147,117,117,0,71,0,140,7,220,0,0,0,147,0,0,152,0,129,117,0,134,220,86,220,261,129,220,147,0,0,220,0,220,0,6,220,220,0,0,261,0,34,220,0,0,25,0,0,220,3,0,0,0,0,980,220,220,1,0,0,0,100,220,1,140
83,231,146,0,1836,146,0,220,220,220,0,94,0,229,7,47,0,0,1,220,0,0,229,0,229,220,0,134,146,86,73,261,231,73,220,0,0,47,0,47,0,229,146,73,220,0,261,0,229,73,0,0,94,0,0,47,229,0,0,0,0,980,146,73,1,220,220,0,99,47,1,231
83,140,12,0,4570,12,0,220,62,62,0,71,0,197,7,12,0,0,2,198,0,0,5,0,63,220,0,134,12,86,12,261,63,12,198,0,0,12,0,12,0,139,12,12,139,0,261,0,131,12,0,0,25,0,0,12,142,0,0,0,0,980,12,12,1,139,220,0,99,12,1,199
83,30,12,0,1841,220,0,12,12,12,0,88,0,35,7,220,0,0,0,12,0,0,223,0,35,12,0,134,220,100,220,261,30,12,12,2,0,12,0,220,0,35,12,220,12,0,261,0,49,12,1,0,9,0,11,220,37,0,0,0,0,982,220,220,1,12,12,0,100,12,1,30
83,231,220,0,1840,12,0,12,220,220,0,75,0,231,0,12,0,0,1,220,0,0,32,0,231,12,0,134,12,100,12,261,231,220,220,0,0,220,0,12,0,231,220,12,220,0,261,0,43,220,1,0,21,0,11,12,38,0,0,0,0,982,12,12,1,220,12,0,95,220,1,231
83,254,220,0,4620,12,0,12,220,220,0,91,0,209,0,12,0,0,2,220,0,0,35,0,58,12,0,134,12,100,12,261,76,220,220,0,0,220,0,12,0,254,220,12,220,0,261,0,30,220,1,0,6,0,11,12,34,0,0,0,0,982,12,12,1,220,12,0,98,220,1,213
0,34,220,0,5931,220,0,220,220,220,0,54,0,23,7,220,0,0,0,220,0,0,33,0,23,220,353,1,220,76,220,5,113,220,220,0,0,220,0,220,0,153,220,220,220,0,5,0,109,220,1,0,44,0,8,220,58,0,0,0,0,1013,220,220,1,220,220,0,94,220,1,60
0,232,17,0,5932,17,0,31,108,108,0,87,0,221,7,31,0,0,1,31,0,0,36,0,221,108,353,1,17,76,108,5,232,108,31,0,0,31,0,31,0,221,17,108,17,0,5,0,120,108,1,0,6,0,8,31,63,0,0,0,0,1013,17,108,1,17,17,0,90,31,1,232
0,14,220,0,5933,220,0,220,220,220,0,65,0,55,7,220,0,0,2,220,0,0,2,0,68,220,353,1,220,76,220,5,66,220,220,0,0,220,0,220,0,14,220,220,220,0,5,0,94,220,1,0,34,0,8,220,122,0,0,0,0,1013,220,220,1,220,220,0,100,220,1,52
2168,32,221,0,927,221,0,161,1,1,0,78,0,30,0,161,0,0,0,161,0,0,231,0,30,1,0,46,221,87,1,98,32,1,161,0,0,161,0,161,0,30,221,1,221,0,98,0,231,1,1,0,18,0,5,161,231,0,0,0,0,1035,221,1,1,221,221,0,97,161,0,32
2168,233,12,0,928,12,0,12,12,12,0,92,0,235,26,12,0,0,1,12,0,0,30,0,235,12,0,46,12,87,12,98,233,12,12,0,0,12,0,12,0,235,12,12,12,0,98,0,30,12,1,0,6,0,5,12,30,0,0,0,0,1035,12,12,1,12,12,0,97,12,0,233
0,254,220,0,5542,148,0,144,220,220,0,85,0,211,0,144,0,0,2,220,0,0,210,0,0,144,0,1,148,76,144,98,0,220,220,0,0,220,0,144,0,254,220,144,220,0,98,0,10,220,0,0,14,0,0,144,10,0,0,0,0,1035,148,144,1,220,148,0,90,220,1,211
0,29,220,0,931,12,0,12,12,220,0,59,0,227,0,12,0,0,0,220,0,0,30,0,227,12,0,46,220,87,12,93,29,220,12,0,0,220,0,12,0,227,220,12,12,0,93,0,30,220,1,0,39,0,8,220,30,0,0,0,0,1041,12,220,1,220,12,0,99,220,1,29
0,29,12,0,932,220,0,220,220,220,0,53,0,34,0,220,0,0,1,220,0,0,228,0,35,220,0,46,220,87,220,93,29,12,220,0,0,12,0,220,0,32,12,220,220,0,93,0,228,12,1,0,45,0,8,220,228,0,0,0,0,1041,220,220,1,220,220,0,92,12,1,29
0,245,12,0,5543,12,0,12,12,12,0,100,0,202,0,12,0,0,2,12,0,0,246,0,6,12,0,1,12,76,12,99,6,12,12,0,0,12,0,12,0,246,12,12,12,0,99,0,6,12,0,0,100,0,0,12,202,0,0,0,0,1041,12,12,1,12,12,0,100,12,1,201
0,231,254,0,933,220,0,220,38,38,0,69,0,30,11,220,0,0,0,47,0,0,190,0,30,220,1003,7,254,100,220,138,231,38,47,0,0,47,0,220,0,30,254,220,254,0,122,0,35,38,1,1,27,0,0,47,30,0,0,0,0,1043,220,38,1,254,220,0,92,47,1,231
0,41,215,0,934,215,0,12,22,22,0,68,0,238,0,16,0,0,1,16,0,0,42,0,238,12,1003,68,215,0,22,233,43,22,16,2,0,16,0,16,0,238,215,22,215,0,233,0,42,22,1,1,22,0,0,16,40,0,0,0,0,1043,215,22,1,215,12,0,93,16,0,41
0,74,220,0,5544,220,0,12,12,220,0,78,0,197,0,12,0,0,2,220,0,0,149,0,231,12,1003,68,220,0,12,233,231,220,12,0,0,220,0,220,0,75,220,220,12,0,233,0,193,220,1,1,6,0,0,220,142,0,0,0,0,1043,12,220,1,220,12,0,96,220,0,197
0,231,253,0,935,220,0,220,220,50,0,92,0,21,7,220,0,0,0,73,0,0,229,0,33,220,0,33,253,0,220,90,231,50,220,0,0,220,0,220,0,211,220,220,220,0,90,0,229,220,1,0,6,0,0,73,229,0,0,0,0,1048,220,50,1,253,220,0,99,73,1,231
0,183,220,0,936,219,0,1,16,220,0,97,0,224,0,1,0,0,1,220,0,0,224,0,224,16,0,1,220,76,16,194,50,220,1,0,0,1,0,1,0,224,219,16,219,0,194,0,224,16,1,0,97,0,0,220,224,0,0,0,0,1048,219,220,1,220,219,0,89,220,1,38
0,238,237,0,5545,237,0,1,1,1,0,85,0,219,0,1,0,0,2,1,0,0,210,0,1,1,0,1,237,86,1,98,1,1,1,0,0,220,0,1,0,238,220,1,237,0,98,0,10,220,0,0,14,0,0,1,10,0,0,0,0,1048,237,1,1,237,237,0,90,1,1,219
0,231,12,0,937,12,0,12,12,12,0,95,0,229,7,12,0,0,0,12,0,0,229,0,229,12,0,1,12,76,12,1,231,12,12,0,0,12,0,12,0,229,12,12,12,0,1,0,229,12,1,0,95,0,0,12,229,0,1,0,0,1053,12,12,1,12,12,0,98,12,0,231
0,33,12,0,938,237,0,12,12,12,0,64,0,31,7,210,0,0,1,12,0,0,230,0,32,12,0,1,237,76,132,98,33,12,12,2,0,12,0,210,0,31,12,132,12,0,98,0,222,12,1,0,33,0,0,210,228,0,0,0,0,1053,237,132,1,12,12,0,98,12,0,33
0,226,220,0,5546,220,0,220,220,220,0,92,0,19,0,220,0,0,2,220,0,0,30,0,19,220,0,1,220,76,220,1,19,220,220,0,0,220,0,220,0,228,220,220,220,0,1,0,29,220,0,0,7,0,0,220,29,0,0,0,0,1053,220,220,1,220,220,0,93,220,0,19
0,227,12,0,1549,189,0,42,220,59,0,90,0,228,0,42,0,0,0,42,0,0,48,0,228,59,0,165,189,79,59,305,227,12,220,0,0,12,0,42,0,228,12,59,220,0,305,0,70,12,0,0,5,0,10,42,51,0,0,0,1,1318,189,59,1,189,189,0,96,12,1,227
0,43,12,0,1550,220,0,220,12,220,0,83,0,18,7,220,0,0,1,220,0,0,50,0,47,220,0,165,220,78,220,305,56,12,12,0,0,12,0,220,0,203,12,220,12,0,305,0,75,12,0,0,15,0,10,220,53,0,0,0,1,1318,220,220,1,220,220,0,96,12,1,44
0,58,0,0,1551,255,0,12,0,0,0,68,0,75,0,255,0,0,2,0,0,0,143,0,136,12,0,165,255,79,255,305,133,0,0,0,0,0,0,255,0,62,0,255,0,0,305,0,219,0,0,0,18,0,10,255,186,0,0,0,1,1318,255,255,1,0,12,0,68,0,1,72
0,41,220,0,1552,220,0,220,220,220,0,70,0,37,0,220,0,0,0,220,0,0,41,0,27,220,0,164,220,78,220,304,34,220,220,0,0,220,0,220,0,226,220,220,220,0,304,0,34,220,0,1,29,0,0,220,36,0,0,0,1,1322,220,220,1,220,220,0,91,220,1,36
0,39,220,0,1553,12,0,65,65,220,0,84,0,249,0,12,0,0,1,220,0,0,176,0,250,65,0,164,220,79,12,304,65,220,65,0,0,65,0,12,0,244,39,12,39,0,304,0,207,65,0,1,12,0,0,220,220,0,1,0,1,1322,12,220,1,220,39,0,77,220,1,65
0,96,34,0,1554,34,0,30,31,31,0,90,0,159,0,30,0,0,2,30,0,0,29,0,213,31,0,164,34,78,31,304,213,31,30,0,0,30,0,30,0,99,34,31,34,0,304,0,161,31,0,0,9,0,0,30,73,0,0,0,1,1322,34,31,1,34,34,0,77,30,1,158
0,29,128,0,1555,255,0,170,6,6,0,90,0,3,0,170,0,0,0,194,0,0,253,0,3,0,0,161,255,78,0,301,29,0,194,0,0,0,0,170,0,179,128,0,241,0,301,0,0,0,0,1,6,0,0,170,170,0,0,0,1,1325,255,0,1,241,255,0,87,0,1,29
0,229,12,0,1556,12,0,12,12,12,0,61,0,197,7,12,0,0,1,12,0,0,216,0,217,12,0,160,12,79,12,300,229,12,12,0,0,12,0,12,0,167,12,12,12,0,300,0,165,12,0,1,20,0,0,12,150,0,1,0,1,1325,12,12,1,12,12,0,93,12,1,229
0,61,220,0,5259,220,0,220,251,220,0,84,0,130,0,220,0,0,2,220,0,0,3,0,187,220,0,161,220,78,220,301,183,220,188,0,0,188,0,220,0,82,137,220,137,0,301,0,200,251,0,0,6,0,0,220,140,0,0,0,1,1325,220,220,1,220,220,0,74,220,1,125
0,231,54,0,1558,54,0,71,159,159,0,67,0,231,0,71,0,0,0,71,0,0,195,0,231,159,0,46,54,79,159,76,231,159,71,0,0,71,0,71,0,231,54,159,54,0,76,0,44,159,0,0,24,0,5,71,31,0,1,0,1,1328,54,159,1,54,54,0,96,71,1,231
0,12,220,0,1559,220,0,220,220,220,0,98,0,64,0,220,0,0,1,220,0,0,39,0,142,220,0,46,220,78,220,76,110,220,220,0,0,220,0,220,0,39,220,220,220,0,76,0,142,220,0,0,98,0,5,220,64,0,0,0,1,1328,220,220,1,220,220,0,99,220,1,51
0,236,220,0,1560,220,0,220,220,220,0,68,0,76,0,220,0,0,2,220,0,0,192,0,146,220,0,46,220,78,220,76,143,220,220,0,0,220,0,220,0,235,220,220,220,0,76,0,200,220,0,0,17,0,5,220,136,0,0,0,1,1328,220,220,1,220,220,0,99,220,1,72
0,35,175,0,5158,175,0,180,185,185,0,88,0,20,0,180,0,0,0,180,0,0,40,0,40,185,0,164,175,78,185,304,55,185,180,0,0,180,0,180,0,133,175,185,175,0,304,0,60,185,0,1,9,0,0,180,42,0,0,0,1,1330,175,185,1,175,175,0,100,180,1,37
0,231,87,0,5159,87,0,67,59,59,0,82,0,216,7,67,0,0,1,67,0,0,149,0,216,59,0,164,87,79,59,304,231,59,67,0,0,67,0,67,0,216,87,59,87,0,304,0,95,59,0,1,12,0,0,67,131,0,0,0,1,1330,87,59,1,87,87,0,91,67,1,231
0,226,12,0,5160,12,0,12,12,12,0,76,0,228,0,12,0,0,2,12,0,0,194,0,172,12,0,164,12,79,12,304,173,12,12,0,0,12,0,12,0,225,12,12,12,0,304,0,142,12,0,0,22,0,0,12,179,0,1,0,1,1330,12,12,1,12,12,0,77,12,1,231
0,224,172,0,1561,220,0,220,220,48,0,98,0,30,2,220,0,0,0,30,0,0,192,0,38,220,0,1,172,78,220,5,224,48,220,0,0,220,0,220,0,192,220,220,220,0,5,0,38,220,0,0,98,0,0,30,30,0,0,0,1,1331,220,48,1,172,220,0,99,30,1,224
0,183,220,0,1562,179,0,32,57,220,0,82,0,231,7,32,0,0,1,220,0,0,184,0,231,57,0,1,220,79,57,5,37,220,32,0,0,32,0,32,0,231,179,57,179,0,5,0,40,57,0,0,11,0,0,220,35,0,0,0,1,1331,179,220,1,220,179,0,99,220,1,31
0,226,89,0,1563,89,0,63,150,150,0,98,0,195,2,63,0,0,2,63,0,0,222,0,62,150,0,1,89,78,150,5,62,150,63,0,0,63,0,63,0,222,89,150,89,0,5,0,62,150,0,0,98,0,0,63,195,0,0,0,1,1331,89,150,1,89,89,0,99,63,1,199
0,228,13,0,1564,13,0,48,145,145,0,90,0,228,19,56,0,0,0,56,0,0,47,0,228,136,0,121,13,79,145,241,228,145,56,0,0,56,0,56,0,228,13,145,13,0,241,0,147,145,0,0,9,0,10,56,65,0,1,0,1,1334,13,145,1,13,0,0,99,56,1,228
0,12,220,0,1565,220,0,220,220,220,0,99,0,55,11,220,0,0,1,220,0,0,12,0,143,220,0,121,220,78,220,241,144,220,220,0,0,220,0,220,0,12,220,220,220,0,241,0,143,220,0,0,99,0,10,220,55,0,0,0,1,1334,220,220,1,220,220,0,100,220,1,55
0,240,12,0,1566,12,0,12,12,12,0,90,0,205,0,12,0,0,2,12,0,0,244,0,34,12,0,121,12,78,12,241,11,12,12,0,0,12,0,12,0,241,12,12,12,0,241,0,97,12,0,0,7,0,0,12,154,0,0,0,1,1334,12,12,1,12,12,0,98,12,1,202
0,223,155,0,1567,220,0,129,105,12,0,52,0,25,11,220,0,0,0,12,0,0,59,0,60,105,0,166,12,78,220,306,223,105,129,2,0,129,0,220,0,28,155,220,155,0,306,0,140,105,0,0,46,0,10,12,77,0,0,0,1,1335,220,12,1,12,155,0,98,129,1,223
0,203,155,0,1568,155,0,110,68,68,0,98,0,233,0,110,0,0,1,110,0,0,206,0,223,68,0,140,155,78,68,118,222,68,110,0,0,110,0,110,0,206,155,68,155,0,186,0,223,68,0,0,98,0,10,110,233,0,1,0,1,1335,155,68,1,155,155,0,97,110,1,232
0,252,193,0,1569,12,0,198,188,12,0,65,0,69,0,12,0,0,2,12,0,0,247,0,148,188,0,166,12,78,12,306,145,188,198,2,0,198,0,12,0,250,193,12,193,0,306,0,169,188,0,0,24,0,10,12,131,0,0,0,1,1335,12,12,1,12,193,0,63,198,1,68
0,30,220,0,1572,12,0,12,220,220,0,83,0,229,7,12,0,0,0,220,0,0,30,0,229,12,0,162,220,78,12,302,30,220,220,0,0,220,0,12,0,229,220,12,220,0,302,0,30,220,0,0,8,0,11,220,30,0,0,0,1,1337,12,220,1,220,12,0,91,220,1,30
0,164,48,0,1570,171,0,211,209,65,0,91,0,42,7,211,0,0,1,51,0,0,25,0,63,209,0,162,48,78,209,302,212,65,211,0,0,51,0,211,0,25,48,209,171,0,302,0,63,65,0,0,91,0,11,51,42,0,0,0,1,1337,171,65,1,48,171,0,93,51,1,214
0,25,220,0,1571,220,0,220,220,220,0,90,0,120,0,220,0,0,2,220,0,0,15,0,115,220,0,162,220,78,220,302,108,220,220,0,0,12,0,220,0,24,12,220,220,0,302,0,158,12,0,0,5,0,7,220,166,0,0,0,1,1337,220,220,1,220,220,0,71,220,1,104
0,22,220,0,8357,220,0,220,220,220,0,93,0,105,7,220,0,0,0,220,0,0,25,0,178,220,0,164,220,78,220,304,110,220,220,0,0,220,0,220,0,13,220,220,220,0,304,0,106,220,0,1,5,0,0,220,58,0,0,0,1,1341,220,220,1,220,220,0,99,220,1,59
0,162,95,0,8358,95,0,95,98,98,0,81,0,229,7,95,0,0,1,95,0,0,180,0,229,98,0,164,95,78,98,304,163,98,95,0,0,95,0,95,0,229,95,98,95,0,304,0,180,98,0,1,8,0,0,95,180,0,0,0,1,1341,95,98,1,95,95,0,90,95,1,162
0,33,12,0,8359,12,0,12,12,12,0,81,0,210,0,12,0,0,2,12,0,0,10,0,195,12,0,164,12,79,12,304,134,12,12,0,0,12,0,12,0,137,12,12,12,0,304,0,130,12,0,0,12,0,0,12,149,0,1,0,1,1341,12,12,1,12,12,0,55,12,1,154
0,231,220,0,1576,182,0,170,139,133,0,94,0,64,2,170,0,0,0,66,0,0,189,0,124,139,0,161,56,78,139,311,231,220,170,0,0,66,0,170,0,50,56,139,182,0,311,0,123,133,0,0,5,0,11,66,163,0,0,0,1,1343,182,133,1,56,182,0,79,220,1,231
0,61,193,0,1577,68,0,74,95,217,0,63,0,190,7,74,0,0,1,199,0,0,228,0,208,95,0,160,193,78,95,300,97,217,74,0,0,74,0,74,0,186,68,95,68,0,300,0,229,95,0,0,28,0,11,199,228,0,0,0,1,1343,68,217,1,193,68,0,91,199,1,73
0,94,90,0,1578,182,0,170,139,139,0,95,0,38,0,170,0,0,2,170,0,0,93,0,53,139,0,161,182,78,139,311,56,69,170,0,0,48,0,170,0,93,90,139,182,0,311,0,53,69,0,0,95,0,7,170,38,0,0,0,1,1343,182,139,1,182,182,0,89,48,1,40
0,223,12,0,1579,220,0,220,220,12,0,80,0,48,0,220,0,0,0,12,0,0,83,0,44,220,0,140,12,78,220,273,223,12,220,0,0,220,0,220,0,181,220,220,220,0,273,0,107,220,0,0,8,0,10,12,84,0,0,0,1,1352,220,12,1,12,220,0,99,12,1,223
0,31,220,0,1580,220,0,220,220,220,0,100,0,32,0,220,0,0,1,220,0,0,32,0,32,220,0,140,220,78,220,273,31,220,220,0,0,220,0,220,0,32,220,220,220,0,273,0,32,220,0,0,100,0,10,220,32,0,0,0,1,1352,220,220,1,220,220,0,100,220,1,31
0,240,12,0,1581,12,0,12,12,12,0,90,0,205,0,12,0,0,2,12,0,0,243,0,34,12,0,140,12,79,12,273,11,12,12,0,0,12,0,12,0,241,12,12,12,0,273,0,97,12,0,0,7,0,10,12,154,0,0,0,1,1352,12,12,1,12,12,0,98,12,1,202
0,223,208,0,1582,208,0,21,50,50,0,88,0,230,0,21,0,0,0,21,0,0,208,0,230,50,0,140,208,78,50,273,228,50,21,0,0,21,0,21,0,229,208,50,208,0,273,0,50,50,0,1,10,0,5,21,21,0,1,0,1,1353,208,50,1,208,208,0,97,21,1,226
0,130,220,0,1583,220,0,220,220,220,0,88,0,30,0,220,0,0,1,220,0,0,210,0,61,220,0,140,220,78,220,273,57,220,220,0,0,220,0,220,0,141,220,220,220,0,273,0,51,220,0,1,8,0,5,220,20,0,0,0,1,1353,220,220,1,220,220,0,97,220,1,0
0,240,12,0,1584,12,0,12,12,12,0,90,0,205,0,12,0,0,2,12,0,0,244,0,34,12,0,140,12,78,12,273,11,12,12,0,0,12,0,12,0,241,12,12,12,0,273,0,97,12,0,0,7,0,5,12,154,0,0,0,1,1353,12,12,1,12,12,0,98,12,1,202
0,151,200,0,1585,200,0,217,102,220,0,99,0,30,7,217,0,0,0,215,0,0,152,0,39,220,0,163,200,78,220,303,39,220,101,0,0,101,0,215,0,152,10,220,10,0,303,0,39,102,0,1,99,0,0,215,30,0,0,0,1,1354,199,220,1,200,199,0,100,215,1,29
0,8,200,0,1586,105,0,46,220,220,0,48,0,206,7,46,0,0,1,215,0,0,76,0,202,56,0,163,200,79,56,303,94,220,217,0,0,53,0,46,0,180,123,56,199,0,303,0,154,66,0,1,21,0,0,215,157,0,1,0,1,1354,105,220,1,200,105,0,100,215,1,94
0,239,12,0,1587,12,0,12,220,12,0,71,0,126,0,12,0,0,2,12,0,0,233,0,179,12,0,163,12,79,12,303,179,12,220,0,0,128,0,12,0,239,128,12,220,0,303,0,157,128,0,0,28,0,0,12,81,0,1,0,1,1354,12,12,1,12,12,0,54,12,1,126
0,0,220,0,1588,220,0,220,220,220,0,91,0,88,7,220,0,0,0,220,0,0,227,0,45,220,0,6,220,78,220,4,44,220,220,0,0,220,0,220,0,0,220,220,220,0,4,0,22,220,0,0,7,0,8,220,129,0,0,0,1,1355,220,220,1,220,220,2,95,220,0,87
0,34,220,0,1589,54,0,65,93,220,0,84,0,231,0,65,0,0,1,220,0,0,128,0,230,93,0,6,220,78,93,4,73,220,65,0,0,65,0,65,0,230,54,93,54,0,4,0,146,93,0,0,11,0,8,220,203,0,0,0,1,1355,54,220,1,220,54,0,95,220,0,48
0,82,12,0,1590,12,0,12,12,12,0,85,0,201,0,12,0,0,2,12,0,0,31,0,229,12,0,6,12,78,12,4,223,12,12,0,0,12,0,12,0,87,12,12,12,0,4,0,202,12,0,0,8,0,8,12,174,0,0,0,1,1355,12,12,1,12,12,0,91,12,0,196
0,251,14,0,3204,14,0,76,133,133,0,87,0,204,0,76,0,0,0,76,0,0,21,0,17,133,0,1,14,78,133,12,16,133,76,0,0,76,0,76,0,252,14,133,14,0,12,0,140,133,0,0,5,0,0,76,78,0,0,0,1,1356,14,133,1,14,14,0,93,76,1,203
0,213,251,0,3205,251,0,203,17,17,0,96,0,36,0,203,0,0,1,203,0,0,211,0,30,17,0,1,251,78,17,12,30,17,203,0,0,203,0,203,0,211,251,17,251,0,12,0,30,17,0,0,96,0,0,203,36,0,0,0,1,1356,251,17,1,251,251,0,93,203,1,12
0,107,34,0,942,34,0,79,145,145,0,97,0,179,0,79,0,0,2,79,0,0,108,0,57,145,0,1,34,78,145,12,56,145,79,0,0,79,0,79,0,108,34,145,34,0,12,0,57,145,0,0,97,0,0,79,179,0,0,0,1,1356,34,145,1,34,34,0,93,79,1,178
0,41,12,0,1591,220,0,12,12,12,0,94,0,40,7,220,0,0,0,12,0,0,230,0,65,12,0,161,220,78,220,301,78,12,12,0,0,12,0,220,0,35,12,220,12,0,301,0,230,12,0,0,5,0,3,220,230,0,0,0,1,1359,220,220,1,12,12,0,87,12,1,45
0,81,220,0,1592,220,0,12,12,12,0,90,0,79,7,220,0,0,1,12,0,0,228,0,78,12,0,160,220,79,220,300,110,220,12,0,0,220,0,220,0,164,220,220,12,0,300,0,228,220,0,0,5,0,3,220,228,0,1,0,1,1359,220,220,1,12,12,0,95,220,1,72
0,232,229,0,1593,12,0,12,125,125,0,96,0,219,0,12,0,0,2,224,0,0,231,0,123,12,0,161,12,78,12,301,133,125,224,0,0,224,0,12,0,231,229,12,229,0,301,0,123,125,0,0,96,0,0,12,219,0,0,0,1,1359,12,12,1,229,12,0,90,224,1,216
0,52,207,0,1594,222,0,177,43,43,0,68,0,21,0,177,0,0,0,19,0,0,52,0,49,71,0,169,222,78,71,309,92,10,19,0,0,138,0,177,0,205,207,71,205,0,309,0,91,10,0,0,29,0,11,177,50,0,0,0,1,1362,222,71,1,205,222,0,93,138,1,51
0,92,184,0,1595,94,0,35,22,63,0,91,0,242,7,35,0,0,1,47,0,0,93,0,229,47,0,160,184,79,47,300,50,22,156,0,0,47,0,35,0,243,123,47,184,0,300,0,51,63,0,0,5,0,11,156,38,0,1,0,1,1362,94,22,1,123,94,0,94,156,1,37
0,51,177,0,1596,188,0,207,172,172,0,87,0,124,0,207,0,0,2,131,0,0,123,0,160,45,0,169,188,78,45,309,156,31,131,0,0,188,0,207,0,44,177,45,0,0,309,0,141,31,0,0,5,0,7,207,170,0,0,0,1,1362,188,45,1,0,188,0,70,188,1,123
0,34,10,0,1597,10,0,52,130,11,0,86,0,209,19,52,0,0,0,215,0,0,35,0,28,130,0,161,253,78,130,301,125,130,52,0,0,213,0,52,0,231,209,130,10,0,301,0,126,79,0,0,10,0,0,215,61,0,0,0,1,1363,10,11,1,253,10,0,90,52,1,60
0,34,4,0,1598,239,0,222,112,112,0,78,0,56,7,222,0,0,1,37,0,0,5,0,114,156,0,160,239,78,156,300,126,112,37,0,0,37,0,222,0,33,4,156,4,0,300,0,168,112,0,0,17,0,8,222,96,0,0,0,1,1363,239,156,1,4,239,0,91,37,1,60
0,105,139,0,1599,12,0,12,12,12,0,79,0,227,0,12,0,0,2,12,0,0,81,0,119,12,0,161,12,78,12,301,105,140,12,0,0,237,0,12,0,126,139,12,12,0,301,0,93,140,0,0,15,0,0,12,169,0,0,0,1,1363,12,12,1,12,12,0,46,237,1,192
0,220,220,0,1600,220,0,220,220,220,0,89,0,40,0,220,0,0,0,220,0,0,254,0,44,220,0,164,220,78,220,304,44,220,220,0,0,220,0,220,0,222,220,220,220,0,304,0,254,220,0,1,9,0,0,220,254,0,0,0,1,1364,220,220,1,220,220,0,91,220,1,42
0,198,72,0,1601,72,0,89,110,110,0,90,0,215,0,89,0,0,1,89,0,0,71,0,194,110,0,164,72,79,110,304,220,110,89,0,0,89,0,89,0,176,72,110,72,0,304,0,109,110,0,1,9,0,0,89,88,0,0,0,1,1364,72,110,1,72,72,0,90,89,1,215
0,31,220,0,1602,220,0,220,220,220,0,79,0,27,0,220,0,0,2,220,0,0,95,0,28,220,0,164,220,78,220,304,28,220,220,0,0,220,0,220,0,31,220,220,220,0,304,0,97,220,0,0,20,0,0,220,94,0,0,0,1,1364,220,220,1,220,220,0,73,220,1,27
0,186,220,0,1603,220,0,220,220,220,0,99,0,15,0,220,0,0,0,220,0,0,173,0,38,220,0,140,220,78,220,273,38,220,220,0,0,220,0,220,0,173,220,220,220,0,273,0,38,220,0,0,99,0,10,220,15,0,0,0,1,1365,220,220,1,220,220,0,99,220,1,17
0,231,159,0,1604,159,0,44,49,49,0,83,0,231,0,44,0,0,1,44,0,0,178,0,231,49,0,140,159,79,49,273,231,49,44,0,0,44,0,44,0,231,159,49,159,0,273,0,39,49,0,0,16,0,10,44,16,0,0,0,1,1365,159,49,1,159,159,0,96,44,1,231
0,79,220,0,1605,220,0,220,220,220,0,91,0,119,0,220,0,0,2,220,0,0,122,0,186,220,0,140,220,78,220,273,184,220,220,0,0,220,0,220,0,91,220,220,220,0,273,0,222,220,0,0,7,0,10,220,159,0,0,0,1,1365,220,220,1,220,220,0,99,220,1,116
0,247,238,0,1606,47,0,116,48,48,0,74,0,230,19,116,0,0,0,223,0,0,229,0,61,181,0,161,47,78,181,301,63,48,223,0,0,223,0,116,0,246,238,181,238,0,301,0,42,48,0,0,18,0,3,116,192,0,0,0,1,1366,47,181,1,238,47,0,79,223,1,234
0,44,215,0,1607,215,0,73,139,139,0,93,0,84,0,180,0,0,1,73,0,0,45,0,160,139,0,160,215,78,41,300,160,41,73,0,0,180,0,180,0,45,215,41,39,0,300,0,160,41,0,0,93,0,3,180,84,0,0,0,1,1366,215,41,1,39,39,0,91,180,1,84
0,105,139,0,1608,12,0,12,12,12,0,79,0,227,0,12,0,0,2,12,0,0,81,0,119,12,0,161,12,78,12,301,105,140,12,0,0,237,0,12,0,126,139,12,12,0,301,0,93,140,0,0,15,0,0,12,169,0,0,0,1,1366,0,12,1,12,12,0,46,237,1,192
0,148,167,0,1609,220,0,12,12,12,0,95,0,26,7,220,0,0,0,12,0,0,149,0,44,12,0,161,220,78,220,301,43,66,12,1,0,43,0,220,0,149,167,220,12,0,301,0,44,66,0,0,95,0,3,220,26,0,0,0,1,1367,220,220,1,12,12,0,90,43,1,25
0,80,75,0,1610,75,0,220,220,220,0,96,0,229,8,125,0,0,1,220,0,0,229,0,227,220,0,160,220,79,101,300,109,101,220,1,0,125,0,125,0,229,75,101,220,0,300,0,227,101,0,0,96,0,3,220,229,0,1,0,1,1367,75,220,1,220,220,0,91,125,1,133
0,61,100,0,1611,220,0,220,220,220,0,85,0,130,0,220,0,0,2,220,0,0,3,0,187,220,0,161,220,78,220,301,183,240,220,0,0,160,0,220,0,82,100,220,220,0,301,0,200,240,0,0,6,0,0,220,140,0,0,0,1,1367,220,220,1,220,220,0,74,160,1,125
0,49,117,0,1612,53,0,220,74,62,0,55,0,229,19,55,0,0,0,105,0,0,147,0,229,220,0,161,117,79,63,310,62,62,74,2,0,220,0,55,0,229,220,63,74,0,310,0,200,220,0,0,23,0,11,105,178,0,1,0,1,1369,53,62,1,117,220,0,87,105,1,52
0,30,220,0,1613,220,0,220,220,220,0,89,0,32,7,220,0,0,1,220,0,0,32,0,43,220,0,160,220,78,220,300,30,220,220,0,0,220,0,220,0,32,220,220,220,0,300,0,43,220,0,0,89,0,11,220,32,0,0,0,1,1369,220,220,1,220,220,0,93,220,1,30
0,0,155,0,1614,220,0,220,220,159,0,94,0,133,0,220,0,0,2,227,0,0,51,0,120,220,0,160,220,78,220,300,122,159,220,0,0,220,0,220,0,0,220,220,220,0,300,0,134,220,0,0,5,0,0,220,51,0,0,0,1,1369,220,220,1,155,220,0,93,227,1,136
0,63,68,0,1615,24,0,199,175,220,0,92,0,224,0,63,0,0,0,220,0,0,242,0,115,175,0,170,220,78,74,312,183,175,199,2,0,199,0,63,0,242,68,74,68,0,312,0,115,175,0,1,92,0,10,220,224,0,0,0,1,1370,24,220,1,220,68,0,96,199,1,116
0,30,254,0,1616,220,0,241,150,220,0,95,0,36,0,220,0,0,1,220,0,0,31,0,53,150,0,170,220,78,220,312,43,150,241,2,0,241,0,220,0,31,254,220,254,0,312,0,53,150,0,1,95,0,10,220,36,0,0,0,1,1370,220,220,1,220,254,0,96,241,1,33
0,0,220,0,1617,220,0,220,220,220,0,52,0,109,0,220,0,0,2,220,0,0,16,0,55,220,0,170,220,78,220,312,54,220,220,0,0,220,0,220,0,0,220,220,220,0,312,0,106,220,0,0,29,0,0,220,168,0,0,0,1,1370,220,220,1,220,220,0,99,220,1,108
0,36,220,0,945,44,0,108,180,220,0,69,0,254,0,108,0,0,0,220,0,0,228,0,254,180,0,164,220,78,180,304,181,220,108,0,0,108,0,108,0,254,44,180,44,0,304,0,42,180,0,1,18,0,0,220,43,0,0,0,1,1375,44,220,1,220,44,0,91,220,1,109
0,29,220,0,946,220,0,220,220,220,0,86,0,34,0,220,0,0,1,220,0,0,55,0,52,220,0,164,220,78,220,304,48,220,220,0,0,220,0,220,0,30,220,220,220,0,304,0,107,220,0,1,9,0,0,220,93,0,0,0,1,1375,220,220,1,220,220,0,100,220,1,30
0,135,220,0,947,220,0,220,220,220,0,98,0,79,0,220,0,0,2,220,0,0,147,0,144,220,0,164,220,78,220,304,133,220,220,0,0,220,0,220,0,147,220,220,220,0,304,0,144,220,0,0,98,0,0,220,79,0,0,0,1,1375,220,220,1,220,220,0,100,220,1,68
0,44,220,0,948,12,0,12,12,220,0,97,0,196,11,12,0,0,0,220,0,0,170,0,234,12,0,121,220,78,12,241,57,220,12,0,0,12,0,12,0,170,12,12,12,0,241,0,234,12,0,0,97,0,10,220,196,0,0,0,1,1377,12,220,1,220,12,0,100,220,1,45
0,44,220,0,949,220,0,220,220,220,0,96,0,45,0,220,0,0,1,220,0,0,42,0,62,220,0,121,220,78,220,241,57,220,220,0,0,220,0,220,0,42,220,220,220,0,241,0,62,220,0,0,96,0,10,220,45,0,0,0,1,1377,220,220,1,220,220,0,100,220,1,45
0,251,220,0,950,220,0,220,220,220,0,63,0,95,0,220,0,0,2,220,0,0,250,0,66,220,0,121,220,78,220,241,62,220,220,0,0,220,0,220,0,250,220,220,220,0,241,0,106,220,0,0,27,0,0,220,161,0,0,0,1,1377,220,220,1,220,220,0,99,220,1,90
0,254,220,0,1618,220,0,220,220,103,0,90,0,102,7,220,0,0,0,124,0,0,230,0,84,220,0,161,65,78,220,301,254,220,220,0,0,124,0,220,0,66,65,220,220,0,301,0,230,103,0,0,6,0,0,124,230,0,0,0,1,1386,220,103,1,65,220,0,86,220,1,254
0,30,220,0,1619,34,0,56,52,220,0,91,0,223,7,56,0,0,1,220,0,0,222,0,223,52,0,160,220,78,52,300,48,220,56,0,0,56,0,56,0,222,34,52,34,0,300,0,223,52,0,0,91,0,0,220,223,0,0,0,1,1386,34,220,1,220,34,0,94,220,1,53
0,156,186,0,1620,220,0,220,220,220,0,90,0,49,0,220,0,0,2,220,0,0,166,0,112,220,0,161,220,78,220,301,118,148,220,0,0,65,0,220,0,166,186,220,220,0,301,0,112,148,0,0,90,0,7,220,49,0,0,0,1,1386,220,220,1,220,220,0,82,65,1,52
0,48,220,0,4719,55,0,58,220,220,0,58,0,223,0,58,0,0,0,220,0,0,177,0,207,76,0,168,220,79,76,308,76,220,220,0,0,58,0,58,0,226,55,76,220,0,308,0,40,76,0,0,26,0,10,220,12,0,0,0,1,1387,55,220,1,220,55,0,100,220,1,53
0,62,162,0,1622,162,0,162,62,162,0,98,0,65,0,162,0,0,1,162,0,0,64,0,75,162,0,168,162,78,162,308,73,162,31,0,0,31,0,162,0,64,0,162,0,0,308,0,75,62,0,0,98,0,10,162,65,0,0,0,1,1387,162,162,1,162,162,0,98,162,1,63
0,54,12,0,1623,12,0,12,220,12,0,52,0,142,0,12,0,0,2,12,0,0,107,0,110,12,0,168,12,79,12,308,104,12,220,0,0,12,0,12,0,54,12,12,220,0,308,0,122,12,0,0,30,0,10,12,210,0,0,0,1,1387,12,12,1,12,12,0,99,12,1,137
0,229,154,0,1624,154,0,5,16,16,0,89,0,225,0,5,0,0,0,5,0,0,166,0,225,16,0,1,154,79,16,1,229,16,5,0,0,5,0,5,0,226,154,16,154,0,1,0,161,16,0,0,7,0,0,5,162,0,1,0,1,1391,154,16,1,154,154,0,98,5,1,229
0,181,220,0,1625,220,0,220,220,220,0,81,0,11,0,220,0,0,1,220,0,0,74,0,21,220,0,1,220,78,220,1,18,220,220,0,0,220,0,220,0,178,220,220,220,0,1,0,12,220,0,0,8,0,0,220,1,0,0,0,1,1391,220,220,1,220,220,0,98,220,1,6
0,208,220,0,1626,220,0,220,220,220,0,98,0,142,0,220,0,0,2,220,0,0,214,0,62,220,0,1,220,78,220,1,63,220,220,0,0,220,0,220,0,214,220,220,220,0,1,0,62,220,0,0,98,0,0,220,142,0,0,0,1,1391,220,220,1,220,220,0,99,220,1,138
0,231,42,0,13583,220,0,220,220,90,1,85,0,43,0,220,0,0,0,43,0,0,221,1,91,220,0,1,42,78,220,1,231,90,220,0,0,220,0,220,0,42,220,220,220,0,1,0,222,220,0,0,14,0,1,43,221,0,0,0,1,1411,220,90,1,42,220,0,91,43,1,231
0,12,201,0,13584,12,0,12,12,190,0,85,0,206,0,12,0,0,1,200,0,0,12,2,193,12,0,1,201,79,12,1,12,190,12,0,0,12,0,12,0,207,12,12,12,0,1,0,12,12,0,0,14,0,5,200,12,0,1,0,1,1411,12,190,1,201,12,0,76,200,1,12
0,225,12,0,13585,12,0,12,12,12,1,85,0,55,0,12,0,0,2,12,0,0,12,1,69,12,0,1,12,78,12,1,70,12,12,0,0,12,0,12,0,223,12,12,12,0,1,0,12,12,0,0,14,0,1,12,12,0,0,0,1,1411,12,12,1,12,12,0,91,12,1,55
0,51,215,0,1630,50,0,84,78,95,0,86,0,173,19,84,0,0,0,172,0,0,55,0,80,78,0,121,215,78,78,242,79,95,84,0,0,84,0,84,0,235,50,78,50,0,241,0,97,78,0,1,11,0,10,172,104,0,0,0,1,1415,50,95,1,215,50,0,81,172,1,84
0,33,220,0,1631,220,0,220,220,220,0,71,0,100,0,220,0,0,1,220,0,0,170,0,115,220,0,121,220,78,220,242,116,220,220,0,0,220,0,220,0,39,220,220,220,0,241,0,109,220,0,1,19,0,10,220,107,0,0,0,1,1415,220,220,1,220,220,0,99,220,1,100
0,88,220,0,1632,220,0,220,220,220,0,95,0,72,0,220,0,0,2,220,0,0,106,0,128,220,0,121,220,78,220,242,121,220,220,0,0,220,0,220,0,106,220,220,220,0,241,0,128,220,0,0,95,0,10,220,72,0,0,0,1,1415,220,220,1,220,220,0,99,220,1,71
0,255,12,0,9429,220,0,12,12,12,0,96,0,31,0,220,0,0,0,12,0,0,233,0,37,12,308,44,227,76,220,84,255,12,12,2,0,12,0,220,0,233,12,220,12,0,84,0,37,12,1,0,96,0,0,6,31,0,0,0,0,1438,220,19,1,12,12,0,99,12,1,255
0,22,12,0,9430,220,0,12,12,12,0,89,0,51,0,220,0,0,1,12,0,0,22,0,82,12,308,44,220,76,220,84,81,12,12,2,0,12,0,220,0,22,12,220,12,0,84,0,82,12,1,0,89,0,0,220,51,0,0,0,0,1438,220,220,1,12,12,0,99,12,1,51
0,29,12,0,9431,220,0,12,12,12,0,92,0,30,0,220,0,0,2,12,0,0,198,0,30,12,308,44,220,76,220,84,29,12,12,2,0,12,0,220,0,30,12,220,12,0,84,0,50,12,0,0,7,0,0,220,55,0,0,0,0,1438,220,220,1,12,12,0,100,12,1,29
0,231,0,0,956,220,0,12,220,0,0,89,2,76,0,220,0,0,0,89,0,0,224,0,41,12,1,4,0,76,220,13,231,0,220,0,0,220,0,220,0,10,220,220,220,0,13,0,224,220,0,0,10,0,0,89,224,0,0,0,0,1443,220,0,1,0,12,0,97,89,1,231
0,10,220,0,957,0,0,220,0,220,0,77,2,220,0,89,0,0,1,220,0,0,191,0,219,220,1,4,220,76,0,13,42,220,89,0,0,89,0,89,0,215,0,0,0,0,13,0,200,0,0,0,21,0,0,220,195,0,1,0,0,1443,0,220,1,220,220,0,96,220,1,78
0,109,220,0,6053,220,0,12,220,220,0,92,2,190,0,220,0,0,2,220,0,0,230,0,78,12,1,4,220,76,220,13,79,220,220,0,0,220,0,220,0,108,220,220,220,0,13,0,230,220,0,0,5,0,0,220,231,0,0,0,0,1443,220,220,1,220,12,0,94,220,1,190
0,231,17,0,3724,17,0,10,131,131,0,81,0,163,0,10,0,0,0,10,0,0,232,0,194,131,1,1,17,76,131,6,231,131,10,0,0,10,0,10,0,136,17,131,17,0,6,0,232,131,0,0,15,0,0,10,232,0,0,0,0,1447,17,131,1,17,17,0,93,10,1,231
0,30,220,0,3723,220,0,220,220,220,0,96,0,30,0,220,0,0,1,220,0,0,30,0,30,220,1,1,220,76,220,6,30,220,220,0,0,220,0,220,0,30,220,220,220,0,6,0,30,220,0,0,96,0,0,220,30,0,0,0,0,1447,220,220,1,220,220,0,100,220,1,30
0,50,220,0,5553,220,0,220,220,220,0,100,0,215,0,220,0,0,2,220,0,0,51,1,36,220,1,1,220,76,220,6,35,220,220,0,0,220,0,220,0,51,220,220,220,0,6,0,36,220,0,0,100,0,0,220,215,0,1,0,0,1447,220,220,1,220,220,0,100,220,1,215
0,231,41,0,4164,41,0,60,120,120,0,94,0,230,7,60,0,0,0,60,0,0,230,0,230,120,41,7,41,100,120,12,231,120,60,0,0,60,0,60,0,230,41,120,41,0,12,0,230,120,0,0,94,0,0,60,230,0,0,0,0,1463,41,120,1,41,41,0,97,60,1,231
0,231,220,0,4163,220,0,220,220,220,0,94,0,88,7,220,0,0,1,220,0,0,3,0,156,220,41,7,220,100,220,12,231,220,220,0,0,220,0,220,0,3,220,220,220,0,12,0,156,220,0,0,94,0,0,220,88,0,0,0,0,1463,220,220,1,220,220,0,97,220,1,231
0,57,220,0,5555,220,0,220,220,220,0,94,0,99,0,220,0,0,2,220,0,0,26,0,93,220,41,7,220,100,220,12,91,220,220,0,0,220,0,220,0,58,220,220,220,0,12,0,28,220,0,0,5,0,0,220,28,0,0,0,0,1463,220,220,1,220,220,0,100,220,1,97
100083,18,249,0,1847,249,0,162,230,28,0,82,0,70,7,162,0,0,0,162,0,0,229,0,136,28,0,134,249,100,28,261,135,28,73,0,0,162,0,162,0,19,249,28,25,0,261,0,20,28,0,0,16,0,0,162,148,0,0,0,0,1473,249,28,1,249,249,0,89,162,1,69
100083,231,127,0,1846,127,0,181,220,220,0,81,0,231,7,181,0,0,1,181,0,0,128,0,231,220,0,134,127,100,220,261,231,220,220,0,0,181,0,181,0,231,127,220,220,0,261,0,219,220,0,0,18,0,0,181,179,0,0,0,0,1473,127,220,1,127,127,0,89,181,1,231
100083,237,121,0,4623,121,0,17,21,19,0,67,0,206,7,17,0,0,2,17,0,0,110,0,15,19,0,134,121,100,19,261,14,19,237,0,0,17,0,17,0,237,121,19,241,0,261,0,16,19,0,0,16,0,0,17,16,0,0,0,0,1473,121,19,1,121,121,0,89,17,1,207
83,30,12,0,1849,220,0,220,12,12,0,68,0,28,0,220,0,0,0,12,0,0,179,0,29,220,0,134,220,100,220,261,30,12,12,0,0,12,0,220,0,41,12,220,12,0,261,0,31,12,0,0,29,0,0,220,19,0,0,0,0,1474,220,220,1,12,220,0,100,12,1,30
83,230,220,0,1848,107,0,107,220,220,0,96,0,231,8,107,0,0,1,220,0,0,231,0,231,107,0,134,107,100,107,261,230,220,220,0,0,220,0,107,0,231,220,107,220,0,261,0,231,220,0,0,96,0,0,107,231,0,0,0,0,1474,107,107,1,220,107,0,99,220,1,230
83,224,220,0,4611,12,0,220,220,220,0,58,0,213,0,12,0,0,2,220,0,0,196,0,87,220,0,134,12,100,12,261,87,220,220,2,0,220,0,12,0,222,220,12,220,0,261,0,86,220,0,0,35,0,0,12,154,0,0,0,0,1474,12,12,1,220,220,0,96,220,1,217
83,29,220,0,1855,220,0,220,58,220,0,50,0,137,7,220,0,0,0,220,0,0,18,0,111,220,0,134,220,100,220,261,30,220,62,0,0,220,0,220,0,16,220,220,15,0,261,0,80,220,0,0,27,0,0,220,95,0,0,0,0,1477,220,220,1,220,220,0,90,220,1,30
83,229,41,0,1854,41,0,58,220,50,0,89,0,230,7,58,0,0,1,58,0,0,42,0,230,50,0,134,41,100,50,261,229,50,220,0,0,58,0,58,0,230,41,50,220,0,261,0,56,50,0,0,9,0,0,58,65,0,0,0,0,1477,41,50,1,41,41,0,99,58,1,229
83,106,220,0,4610,220,0,220,204,220,0,95,0,171,7,220,0,0,2,220,0,0,103,0,211,220,0,134,220,100,220,261,214,220,162,0,0,220,0,220,0,103,220,220,96,0,261,0,211,220,0,0,95,0,0,220,171,0,0,0,0,1477,220,220,1,220,220,0,100,220,1,174
83,245,12,0,1857,12,0,12,48,12,0,92,0,125,0,12,0,0,0,12,0,0,31,0,48,12,0,134,12,76,12,261,48,12,121,0,0,12,0,12,0,245,12,12,238,0,261,0,30,12,0,0,5,0,0,12,30,0,0,0,0,1478,12,12,1,12,12,0,99,12,1,125
83,231,12,0,1856,12,0,12,220,12,0,92,0,231,0,12,0,0,1,12,0,0,32,0,231,12,0,134,12,76,12,261,231,12,220,0,0,12,0,12,0,231,12,12,220,0,261,0,51,12,0,0,6,0,0,12,29,0,0,0,0,1478,12,12,1,12,12,0,99,12,1,231
83,37,220,0,4609,220,0,220,64,220,0,94,0,75,0,220,0,0,2,220,0,0,38,0,66,220,0,134,220,76,220,261,64,220,74,0,0,220,0,220,0,38,220,220,36,0,261,0,66,220,0,0,94,0,0,220,75,0,0,0,0,1478,220,220,1,220,220,0,99,220,1,74
0,29,220,0,974,220,0,165,220,220,0,63,0,30,8,165,0,0,0,220,0,0,207,0,30,104,1,6,220,100,104,4,29,220,220,0,0,165,0,220,1,30,199,220,220,0,4,0,27,104,0,0,35,0,0,220,35,0,0,0,0,1516,199,220,1,220,199,0,90,220,1,29
0,110,244,0,975,244,0,240,224,224,0,95,0,34,8,240,0,0,1,240,0,0,117,0,48,224,1,6,244,100,224,4,49,224,240,0,0,165,0,240,1,117,199,224,244,0,4,0,48,104,0,0,95,0,0,240,34,0,0,0,0,1516,244,224,1,244,244,0,99,240,1,35
0,199,12,0,5558,12,0,12,12,12,0,81,0,109,0,12,0,0,2,12,0,0,192,1,171,12,1,1,12,76,12,51,225,12,12,0,0,12,0,12,1,150,12,12,12,0,51,0,218,12,0,0,18,0,9,12,142,0,0,0,0,1516,12,12,1,12,12,0,91,12,1,147
0,207,220,0,17093,220,0,220,220,220,0,70,0,27,2,220,0,0,0,220,0,0,230,0,38,220,41,1,220,84,220,8,38,220,220,0,0,220,0,220,0,208,220,220,220,0,8,0,230,220,0,0,28,0,0,220,230,0,0,0,0,1523,220,220,1,220,220,0,85,220,1,26
0,30,220,0,17094,12,0,12,12,220,0,92,0,231,2,12,0,0,1,220,0,0,231,0,231,12,41,1,220,84,12,8,29,220,12,0,0,12,0,12,0,231,12,12,12,0,8,0,231,12,0,0,92,0,0,220,231,0,1,0,0,1523,12,220,1,220,12,0,86,220,1,29
0,30,220,0,17095,220,0,220,220,220,1,85,0,150,0,220,0,0,2,220,0,0,158,1,117,220,41,1,220,84,220,8,116,220,220,0,0,220,0,220,0,31,220,220,220,0,8,0,146,220,0,0,14,0,1,220,247,0,0,0,0,1523,220,220,1,220,220,0,91,220,1,149
0,30,220,0,3363,220,0,220,12,220,0,74,0,30,0,220,0,0,0,220,0,0,231,0,30,220,16,19,220,100,220,200,30,220,12,0,0,12,0,220,0,30,12,220,12,0,200,0,231,12,0,0,21,0,8,220,231,0,0,0,0,1530,220,220,1,220,220,0,98,220,1,30
0,231,12,0,3362,12,0,12,220,12,0,98,0,230,0,12,0,0,1,12,0,0,230,0,230,12,16,19,12,100,12,200,231,12,220,0,0,220,0,12,0,230,220,12,220,0,200,0,230,220,0,0,98,0,8,12,230,0,0,0,0,1530,12,12,1,12,12,0,100,12,1,231
0,29,220,0,5559,220,0,220,12,220,0,98,0,75,0,220,0,0,2,220,0,0,28,0,148,220,16,19,220,100,220,200,149,220,12,0,0,12,0,220,0,28,12,220,12,0,200,0,148,12,0,0,98,0,8,220,75,0,0,0,0,1530,220,220,1,220,220,0,98,220,1,77
0,46,220,0,980,220,0,220,102,220,0,84,0,68,0,220,0,0,0,220,0,0,250,0,122,220,66,52,220,76,220,102,126,220,59,0,0,220,0,220,0,56,220,220,53,0,102,0,250,220,0,0,13,0,0,220,250,0,0,0,0,1569,220,220,1,220,220,0,97,220,1,60
0,47,171,0,981,171,0,163,79,118,0,97,0,61,7,163,0,0,1,163,0,0,64,0,66,118,66,52,171,76,118,102,54,118,75,0,0,163,0,163,0,64,171,118,73,0,102,0,66,118,0,0,97,0,8,163,61,0,0,0,0,1569,171,118,1,171,171,0,94,163,1,49
0,219,220,0,7848,220,0,220,96,220,1,75,0,86,0,220,0,0,2,220,0,0,224,1,97,220,66,52,220,76,220,102,96,220,85,0,0,220,0,220,0,219,220,220,218,0,102,0,150,220,0,0,24,0,2,220,153,0,0,0,0,1569,220,220,1,220,220,0,91,220,1,85
65,132,220,0,3206,220,0,0,100,220,0,90,0,6,0,134,0,0,0,220,0,0,223,0,57,0,65,1,220,65,100,2,55,220,134,0,0,134,0,220,0,146,169,220,169,0,2,0,223,100,0,0,8,0,0,220,223,0,1,0,0,1571,169,220,1,220,0,0,95,220,1,10
65,20,12,0,3207,220,0,12,220,220,0,72,0,35,0,220,0,0,1,220,0,0,101,0,67,12,65,1,220,65,220,2,64,12,220,2,0,12,0,220,0,24,12,220,220,0,2,0,203,12,0,0,15,0,0,220,138,0,1,0,0,1571,220,220,1,220,12,0,92,12,1,30
65,253,12,0,6949,12,0,12,12,12,0,95,0,235,0,12,0,0,2,12,0,0,254,0,107,12,65,6,12,65,12,1,107,12,12,0,0,12,0,12,0,254,12,12,12,0,1,0,107,12,0,0,95,0,0,12,235,0,1,0,0,1571,12,12,1,12,12,0,90,12,1,234
65,140,220,0,3208,220,0,12,220,220,0,53,0,33,0,220,0,0,0,220,0,0,130,0,74,12,65,1,220,65,220,137,74,220,220,0,0,220,0,220,0,140,220,220,220,0,137,0,223,220,1,0,41,0,0,220,190,0,1,0,0,1572,220,220,1,220,12,0,99,220,0,33
65,16,128,0,3209,18,0,220,75,236,0,80,0,231,0,45,0,0,1,188,0,0,124,0,231,220,65,1,128,65,75,137,54,236,45,0,0,45,0,45,0,231,18,75,18,0,137,0,217,75,1,0,10,0,0,188,180,0,1,0,0,1572,18,236,1,128,220,0,99,188,0,34
65,32,220,0,5561,220,0,220,220,220,0,92,0,121,0,220,0,0,2,220,0,0,223,0,58,220,65,1,220,65,220,137,59,220,220,0,0,220,0,220,0,31,220,220,220,0,137,0,223,220,0,0,7,0,0,220,223,0,1,0,0,1572,220,220,1,220,220,0,93,220,0,121
0,3,220,0,984,187,0,40,48,220,0,89,0,230,7,40,0,0,0,220,0,0,3,0,230,48,0,8,220,76,48,190,126,220,40,0,0,40,0,40,0,230,187,48,187,0,190,0,125,48,1,0,9,0,0,220,59,0,0,0,0,1598,187,220,1,220,187,0,97,220,1,59
0,5,220,0,985,220,0,220,220,220,0,54,0,27,7,220,0,0,1,220,0,0,226,0,80,220,0,8,220,76,220,190,80,220,220,0,0,220,0,220,0,6,220,220,220,0,190,0,33,220,1,0,37,0,0,220,12,0,0,0,0,1598,220,220,1,220,220,0,97,220,1,26
0,239,12,0,5563,12,0,12,12,12,0,88,0,204,0,12,0,0,2,12,0,0,30,0,73,12,0,1,12,76,12,62,71,12,12,0,0,12,0,12,0,240,12,12,12,0,62,0,30,12,1,0,10,0,0,12,30,0,0,0,0,1598,12,12,1,12,12,0,97,12,1,202
0,29,177,0,986,177,0,94,0,0,0,61,0,36,7,94,0,0,0,94,0,0,36,0,39,0,0,1,177,76,0,1,29,0,94,0,0,94,0,94,0,31,177,0,177,0,1,0,146,0,0,0,23,0,0,94,102,0,0,0,0,1629,177,0,1,177,177,0,99,94,0,29
0,231,33,0,987,33,0,148,202,202,0,98,0,224,7,148,0,0,1,148,0,0,211,0,231,202,0,1,33,76,202,1,231,202,148,0,0,148,0,148,0,211,33,202,33,0,1,0,231,202,0,0,98,0,0,148,224,0,0,0,0,1629,33,202,1,33,33,0,100,148,0,231
0,179,12,0,5564,12,0,12,12,12,1,91,0,151,0,12,0,0,2,12,0,0,12,1,133,12,0,1,12,76,12,5,133,12,12,0,0,12,0,12,0,179,12,12,12,0,5,0,12,12,0,0,8,0,0,12,12,0,1,0,0,1629,12,12,1,12,12,0,77,12,0,151
0,231,0,0,13586,0,0,101,86,86,0,73,0,231,0,101,0,0,0,101,0,0,199,0,227,86,0,164,0,79,86,304,231,86,101,0,0,101,0,101,0,231,0,86,0,0,304,0,176,86,0,1,14,0,0,101,183,0,1,0,1,1667,0,86,1,0,0,0,91,101,1,231
0,14,255,0,13587,255,0,208,46,46,0,87,0,100,0,208,0,0,1,208,0,0,225,0,86,46,0,164,255,79,46,304,87,46,208,0,0,208,0,208,0,15,255,46,255,0,304,0,38,46,0,1,9,0,0,208,39,0,0,0,1,1667,255,46,1,255,255,0,75,208,1,102
0,234,12,0,13588,12,0,12,12,12,0,76,0,115,0,12,0,0,2,12,0,0,249,0,51,12,0,164,12,78,12,304,48,12,12,0,0,12,0,12,0,240,12,12,12,0,304,0,88,12,0,0,23,0,0,12,153,0,0,0,1,1667,12,12,1,12,12,0,67,12,1,112
189,223,12,0,13184,12,0,12,12,12,0,76,0,22,0,12,0,0,0,12,0,0,248,0,54,12,189,1,12,76,12,1,54,12,12,0,0,12,0,12,0,223,12,12,12,0,1,0,244,12,1,0,14,0,5,12,244,0,0,0,0,1713,12,12,1,12,12,0,100,12,0,22
189,231,12,0,13185,12,0,12,12,12,0,78,0,233,0,12,0,0,1,12,0,0,223,0,234,12,189,1,12,76,12,1,231,12,12,0,0,12,0,12,0,234,12,12,12,0,1,0,51,12,1,0,12,0,5,12,20,0,0,0,0,1713,12,12,1,12,12,0,100,12,0,231
189,254,12,0,13186,12,0,12,12,12,1,100,0,242,0,12,0,0,2,12,0,0,254,1,3,12,0,1,12,76,12,1,3,12,12,0,0,12,0,12,0,254,12,12,12,0,1,0,3,12,0,0,100,0,0,12,242,0,0,0,0,1713,12,12,1,12,12,0,100,12,0,242
189,195,220,0,988,220,0,220,220,220,0,89,0,21,0,220,0,0,0,220,0,0,229,0,41,220,189,1,220,76,220,137,41,220,220,0,0,220,0,220,0,195,220,220,220,0,137,0,229,220,0,0,8,0,0,220,229,0,0,0,0,1715,220,220,1,220,220,0,96,220,1,21
189,23,220,0,989,220,0,220,220,220,0,95,0,35,7,220,0,0,1,220,0,0,23,0,56,220,189,1,220,87,220,137,55,220,220,0,0,220,0,220,0,23,220,220,220,0,137,0,56,220,0,0,95,0,0,220,35,0,0,0,0,1715,220,220,1,220,220,0,96,220,1,35
189,148,12,0,5565,12,0,12,12,12,0,94,0,201,0,12,0,0,2,12,0,0,148,0,188,12,0,1,12,86,12,137,188,12,12,0,0,12,0,12,0,148,12,12,12,0,137,0,188,12,0,0,94,0,0,12,201,0,1,0,0,1715,12,12,1,12,12,0,88,12,1,201
0,30,220,0,3598,220,0,220,220,220,0,55,0,24,9,220,0,0,0,220,0,0,30,0,23,220,0,1,220,76,220,6,30,220,220,0,0,220,0,220,0,240,220,220,220,0,6,0,30,220,1,0,40,0,0,220,30,0,0,0,0,1719,220,220,1,220,220,0,94,220,1,30
0,231,12,0,3599,202,0,12,12,12,0,80,0,230,22,46,0,0,1,12,0,0,30,0,230,12,0,1,12,76,10,1,231,12,12,2,0,12,0,46,0,230,12,10,12,0,7,0,30,12,1,0,12,0,0,12,30,0,0,0,0,1719,202,12,1,12,12,0,95,12,1,231
0,226,12,0,5729,220,0,12,12,12,0,76,0,99,0,220,0,0,2,12,0,0,29,0,76,12,0,1,220,76,220,7,75,12,12,2,0,12,0,220,0,226,12,220,12,0,7,0,29,12,0,0,23,0,0,220,29,0,0,0,0,1719,220,220,1,12,12,0,90,12,0,99
0,30,220,0,990,220,0,12,12,220,0,62,0,32,9,220,0,0,0,220,0,0,133,0,65,12,16,19,220,87,220,200,65,220,12,1,0,12,0,220,0,30,12,220,12,0,204,0,230,12,1,0,31,0,0,220,190,0,0,0,0,1738,220,220,1,220,12,0,98,220,1,32
0,246,30,0,991,30,0,162,121,65,0,95,0,162,2,32,0,0,1,32,0,0,246,0,123,121,16,19,30,87,65,200,123,65,162,0,0,162,0,32,0,246,244,65,244,0,204,0,123,121,1,0,95,0,0,32,162,0,0,0,0,1738,30,65,1,30,244,0,79,32,1,163
0,231,12,0,4705,12,0,220,220,12,0,61,0,231,7,12,0,0,2,12,0,0,48,0,228,220,16,19,12,87,12,200,231,12,220,1,0,220,0,12,0,231,220,12,220,0,204,0,166,220,1,0,19,0,0,12,66,0,0,0,0,1738,12,12,1,12,220,0,98,12,1,231
0,196,255,0,1633,255,0,203,43,36,0,80,0,32,0,203,0,0,0,203,0,0,254,0,40,36,17,19,255,76,36,201,39,36,47,0,0,47,0,203,0,196,153,36,153,0,201,0,23,43,0,0,15,0,0,203,204,0,0,0,0,1739,255,36,1,255,255,0,93,203,1,31
0,254,196,0,1634,196,0,34,36,42,0,95,0,205,0,34,0,0,1,34,0,0,254,0,42,42,17,19,196,84,42,201,36,42,203,0,0,203,0,34,0,254,255,42,255,0,201,0,42,36,0,0,95,0,0,34,205,0,0,0,0,1739,196,42,1,196,196,0,87,34,1,201
0,11,220,0,1635,220,0,220,150,220,0,96,0,92,0,220,0,0,2,220,0,0,15,0,153,220,17,19,220,76,220,201,150,220,89,0,0,89,0,220,0,15,12,220,12,0,201,0,153,150,0,0,96,0,0,220,92,0,0,0,0,1739,220,220,1,220,220,0,93,220,1,88
0,38,188,0,994,43,0,49,83,16,0,95,0,196,7,49,-1,0,0,155,0,0,231,0,24,83,32,1,188,0,83,7,75,16,49,0,0,49,0,49,0,231,43,83,43,0,7,0,24,83,0,0,95,0,0,155,196,0,0,0,0,1744,43,16,1,188,43,0,99,155,1,45
0,231,45,0,995,229,0,194,27,79,0,96,0,51,7,194,-1,0,1,32,0,0,43,0,81,27,32,1,45,0,27,7,25,79,194,0,0,194,0,194,0,43,229,27,229,0,7,0,81,27,0,0,96,0,0,32,51,0,0,0,0,1744,229,79,1,45,229,0,99,32,1,196
0,227,202,0,5567,202,0,170,23,23,0,96,0,40,7,170,-1,0,2,170,0,0,226,0,99,23,32,1,202,0,23,7,100,23,170,0,0,170,0,170,0,226,202,23,202,0,7,0,99,23,0,0,96,0,0,170,40,0,0,0,0,1744,202,23,1,202,202,0,99,170,1,41
0,231,59,0,7300,220,0,220,118,118,0,87,0,47,0,220,0,0,0,69,0,0,75,0,123,220,31,22,59,31,220,213,231,118,69,0,0,220,0,220,0,4,220,220,59,0,207,0,142,220,0,0,5,0,0,69,99,0,0,0,0,1745,220,118,1,59,220,0,98,69,1,231
0,1,220,0,7301,1,0,46,220,220,0,72,0,231,0,46,0,0,1,220,0,0,2,0,231,124,31,22,220,31,124,213,125,220,220,0,0,46,0,46,0,231,1,124,220,0,207,0,119,124,0,0,19,0,0,220,45,0,0,0,0,1745,1,220,1,220,1,0,97,220,1,46
0,241,220,0,7302,220,0,220,123,220,0,90,0,85,0,220,0,0,2,220,0,0,186,0,84,220,31,22,220,31,220,213,100,220,124,0,0,220,0,220,0,232,220,220,244,0,207,0,181,220,0,0,5,0,0,220,177,0,0,0,0,1745,220,220,1,220,220,0,97,220,1,106
0,31,220,0,16086,220,0,93,59,220,0,92,0,31,11,220,0,0,3,220,0,0,165,0,31,59,31,22,220,31,220,213,31,220,93,2,0,93,0,220,0,31,197,220,197,0,207,0,42,59,0,0,6,0,0,220,75,0,0,0,0,1745,220,220,1,220,197,0,97,220,1,31
0,15,12,0,1636,220,0,12,220,220,0,92,0,88,0,220,0,0,0,220,0,0,17,0,170,12,32,22,220,76,220,207,166,12,220,2,0,12,0,220,0,17,12,220,220,0,207,0,170,12,0,0,92,0,0,220,88,0,0,0,0,1746,220,220,1,220,12,0,91,12,1,84
0,225,39,0,1637,39,0,220,220,220,0,91,0,225,11,36,0,0,1,220,0,0,26,0,225,220,32,22,39,76,70,207,225,70,220,2,0,36,0,36,0,225,39,70,220,0,207,0,68,70,0,0,6,0,0,36,40,0,0,0,0,1746,39,70,1,220,220,0,95,36,1,225
0,215,12,0,1858,12,0,12,12,12,0,97,0,216,0,12,0,0,2,12,0,0,216,0,14,12,32,22,12,76,12,207,14,12,12,0,0,12,0,12,0,216,12,12,12,0,207,0,14,12,0,0,97,0,0,12,216,0,0,0,0,1746,12,12,1,12,12,0,97,12,1,216
4,30,220,0,998,220,0,220,220,220,0,85,0,30,0,220,0,0,0,220,0,0,66,0,30,220,4,1,220,100,220,21,30,220,220,0,0,220,0,220,0,30,220,220,220,0,21,0,23,220,1,0,11,0,0,220,181,0,0,0,0,1750,220,220,1,220,220,0,91,220,1,30
4,231,12,0,999,12,0,12,12,12,0,94,0,229,0,12,0,0,1,12,0,0,229,0,229,12,4,1,12,100,12,21,231,12,12,0,0,12,0,12,0,229,12,12,12,0,21,0,229,12,1,0,94,0,0,12,229,0,0,0,0,1750,12,12,1,12,12,0,97,12,1,231
4,158,220,0,5569,220,0,220,220,220,0,100,0,109,0,220,0,0,2,220,0,0,158,0,175,220,0,1,220,100,220,21,174,220,220,0,0,220,0,220,0,158,220,220,220,0,21,0,175,220,0,0,100,0,0,220,109,0,0,0,0,1750,220,220,1,220,220,0,100,220,1,109
0,14,220,0,1000,0,0,12,92,220,0,88,0,231,0,12,0,0,0,220,0,0,14,0,231,12,41,1,220,100,12,1,100,220,148,0,0,148,0,148,0,231,0,92,0,0,1,0,106,92,1,0,10,0,11,220,128,0,1,0,0,1756,12,220,1,220,12,0,97,220,1,127
0,7,220,0,1001,220,0,220,220,220,0,83,0,152,0,220,0,0,1,220,0,0,13,0,121,220,41,1,220,100,220,1,121,220,220,0,0,220,0,220,0,7,220,220,220,0,1,0,83,220,1,0,13,0,0,220,115,0,0,0,0,1756,220,220,1,220,220,0,97,220,1,152
0,254,220,0,12677,220,0,220,220,220,1,76,0,71,0,220,0,0,2,220,0,0,209,0,77,220,41,1,220,100,220,1,77,220,220,0,0,220,0,220,0,254,220,220,220,0,1,0,54,220,0,0,23,0,2,220,34,0,0,0,0,1756,220,220,1,220,220,0,90,220,1,71
0,0,220,0,1002,220,0,220,220,220,0,91,0,72,7,220,0,0,0,220,0,0,229,0,165,220,41,1,220,76,220,137,169,220,220,0,0,220,0,220,0,0,220,220,220,0,137,0,231,220,0,0,5,0,0,220,230,0,0,0,0,1757,220,220,1,220,220,0,99,220,1,74
0,231,12,0,1003,12,0,12,12,12,0,91,0,226,7,12,0,0,1,12,0,0,226,0,226,12,41,1,12,76,12,137,231,12,12,0,0,116,0,12,0,226,114,12,12,0,137,0,226,132,0,0,91,0,0,12,226,0,0,0,0,1757,12,12,1,12,12,0,99,12,1,231
0,20,12,0,6948,12,0,12,12,12,0,92,0,187,0,12,0,0,2,12,0,0,182,0,147,12,41,1,12,86,12,137,148,12,12,0,0,12,0,12,0,16,12,12,12,0,137,0,224,12,0,0,5,0,0,12,237,0,1,0,0,1757,12,12,1,12,12,0,93,12,1,187
0,105,12,0,1006,12,0,12,193,12,0,82,0,183,0,12,0,0,0,12,0,0,49,0,229,12,1,1,12,76,12,12,229,12,168,0,0,12,0,12,0,105,12,12,84,0,94,0,198,12,0,0,10,0,0,12,138,0,0,0,0,1786,12,12,1,12,12,0,100,12,1,183
0,39,220,0,1007,220,0,220,92,220,0,92,0,44,0,220,0,0,1,220,0,0,181,0,59,220,1,1,220,76,220,12,58,220,64,0,0,220,0,220,0,40,220,220,54,0,94,0,223,220,0,0,6,0,0,220,215,0,0,0,0,1786,220,220,1,220,220,0,100,220,1,43
0,150,12,0,5572,12,0,12,81,12,0,98,0,207,0,12,0,0,2,12,0,0,151,0,82,12,1,1,12,76,12,12,82,12,207,0,0,12,0,12,0,151,12,12,151,0,94,0,82,12,0,0,98,0,0,12,207,0,0,0,0,1786,12,12,1,12,12,0,94,12,1,207
0,216,220,0,1010,220,0,220,220,220,0,95,0,22,0,220,0,0,0,220,0,0,216,0,52,220,1,8,220,100,220,98,51,220,220,0,0,220,0,220,0,216,220,220,220,0,98,0,52,220,0,0,95,0,8,220,22,0,0,0,0,1788,220,220,1,220,220,0,99,220,1,21
0,28,220,0,1011,220,0,220,220,220,0,98,0,41,0,220,0,0,1,220,0,0,28,0,68,220,1,8,220,76,220,98,68,220,220,0,0,220,0,220,0,28,220,220,220,0,98,0,68,220,0,0,98,0,8,220,41,0,0,0,0,1788,220,220,1,220,220,0,99,220,1,40
0,0,220,0,5573,220,0,220,220,220,0,95,0,130,0,220,0,0,2,220,0,0,0,0,70,220,1,8,220,100,220,98,69,220,220,0,0,220,0,220,0,0,220,220,220,0,98,0,70,220,0,0,95,0,0,220,130,0,0,0,0,1788,220,220,1,220,220,0,90,220,1,130
0,231,220,0,1638,220,0,220,12,220,0,92,0,81,4,220,0,0,0,220,0,0,29,0,134,220,14,49,12,14,220,89,231,220,12,0,0,12,0,220,0,29,12,220,12,0,23,0,134,12,0,0,92,0,5,12,81,0,0,0,0,1790,220,12,1,220,220,0,99,220,1,231
0,0,12,0,1639,12,0,12,220,12,0,85,0,231,4,12,0,0,1,12,0,0,183,0,231,12,14,49,220,14,12,89,165,12,220,0,0,220,0,12,0,231,220,12,220,0,23,0,200,220,0,0,8,0,5,220,194,0,0,0,0,1790,12,220,1,12,12,0,99,12,1,88
0,251,220,0,5574,12,0,12,220,220,0,63,0,215,0,12,0,0,2,220,0,0,246,0,66,12,14,49,12,14,12,89,66,220,220,0,0,220,0,12,0,251,220,12,220,0,23,0,47,220,0,0,35,0,6,12,174,0,0,0,0,1790,12,12,1,220,12,0,99,220,1,218
0,33,12,0,1014,12,0,12,220,12,0,94,0,209,9,12,0,0,0,12,0,0,213,0,29,12,14,49,220,14,12,89,57,12,220,0,0,220,0,12,1,213,220,12,220,0,23,0,29,220,0,0,94,0,0,220,209,0,0,0,0,1792,12,220,1,12,12,0,88,12,1,119
0,230,220,0,1015,220,0,220,12,220,0,93,0,82,7,220,0,0,1,220,0,0,232,0,77,220,14,49,12,14,220,89,230,220,12,0,0,12,0,220,1,57,12,220,12,0,23,0,233,12,0,0,5,0,0,12,232,0,0,0,0,1792,220,12,1,220,220,0,99,220,1,230
0,115,12,0,4678,220,0,220,12,12,0,86,0,105,0,220,0,0,2,12,0,0,171,0,150,220,14,49,220,14,220,89,151,12,12,0,0,12,0,220,1,114,12,220,12,0,23,0,176,12,0,0,9,0,0,220,163,0,0,0,0,1792,220,220,1,12,220,0,94,12,1,106
0,23,194,0,1640,197,0,12,220,12,0,76,0,230,7,0,0,0,0,12,0,0,25,0,231,12,60,49,220,14,46,89,136,15,220,0,0,220,0,0,0,230,220,46,220,0,23,0,126,220,0,0,9,0,0,220,59,0,0,0,0,1793,197,220,1,12,12,0,81,8,1,65
0,254,220,0,1641,220,0,12,12,220,0,73,0,61,7,220,0,0,1,220,0,0,220,0,32,12,60,49,12,14,220,89,227,220,12,2,0,12,0,220,0,143,12,220,12,0,23,0,45,12,0,0,19,0,0,12,115,0,0,0,0,1793,220,12,1,220,12,0,95,220,1,251
0,132,220,0,1860,12,0,220,220,220,0,94,0,193,0,12,0,0,2,220,0,0,132,0,112,220,60,49,12,14,12,89,112,220,220,2,0,220,0,12,0,132,220,12,220,0,238,0,112,220,0,0,94,0,0,12,193,0,1,0,0,1793,12,12,1,220,220,0,88,220,1,192
0,47,12,0,1642,220,0,220,12,12,0,57,0,40,4,220,0,0,0,12,0,0,246,0,33,220,14,49,220,14,220,89,47,12,12,0,0,12,0,220,1,207,12,220,12,0,23,0,246,12,1,0,37,0,5,220,246,0,0,0,0,1794,220,220,1,12,220,0,94,12,1,47
0,231,220,0,1643,12,0,12,220,220,0,83,0,236,13,12,0,0,1,220,0,0,156,0,236,12,14,49,12,14,12,89,231,220,220,0,0,220,0,12,1,236,220,12,220,0,23,0,105,220,1,0,11,0,5,12,145,0,0,0,0,1794,12,12,1,220,12,0,94,220,1,231
0,237,220,0,1861,12,0,220,220,220,0,95,0,231,0,12,0,0,2,220,0,0,235,0,16,220,14,49,12,14,12,89,16,220,220,0,0,220,0,12,1,235,220,12,220,0,23,0,16,220,1,0,95,0,8,12,231,0,0,0,0,1794,12,12,1,220,220,0,99,220,1,233
0,230,12,0,1644,12,0,12,220,12,0,75,0,217,7,12,0,0,0,12,0,0,237,0,32,12,14,49,220,14,12,89,38,12,220,0,0,220,0,12,1,231,220,12,220,0,23,0,38,220,1,0,13,0,0,220,33,0,0,0,0,1795,12,220,1,12,12,3,90,12,1,31
0,30,12,0,1645,220,0,220,12,12,0,85,0,68,0,220,0,0,1,12,0,0,29,0,58,220,14,49,220,14,220,89,30,12,12,0,0,12,0,220,1,17,12,220,12,0,23,0,29,12,1,0,10,0,0,220,29,0,0,0,0,1795,220,220,1,12,220,3,96,12,1,30
0,230,220,0,5575,12,0,12,220,220,0,88,0,121,0,12,0,0,2,220,0,0,30,0,176,12,14,49,12,14,12,89,179,220,220,0,0,220,0,12,1,231,220,12,220,0,23,0,30,220,1,0,7,0,0,12,29,0,0,0,0,1795,12,12,1,220,12,3,94,220,1,131
0,232,220,0,1016,220,0,12,220,25,0,91,0,44,0,220,0,0,0,25,0,0,118,0,76,12,13,135,12,13,220,265,232,220,220,2,0,12,0,220,1,118,12,220,220,0,262,0,76,12,1,1,91,0,0,12,44,0,0,0,0,1796,220,12,1,25,12,0,94,220,1,232
0,112,12,0,1017,220,0,12,220,220,0,86,0,200,7,220,0,0,1,220,0,0,104,0,226,12,13,135,220,13,220,262,223,12,220,2,0,12,0,220,1,124,12,220,220,0,262,0,67,12,1,1,7,0,0,220,39,0,0,0,0,1796,220,220,1,220,12,0,96,12,1,195
0,111,12,0,5576,220,0,12,220,220,0,97,0,191,0,220,0,0,2,220,0,0,95,0,128,12,13,135,220,13,220,262,135,12,220,2,0,12,0,220,1,95,12,220,220,0,262,0,128,12,1,1,97,0,0,220,191,0,0,0,0,1796,220,220,1,220,12,0,99,12,1,197
0,35,12,0,8403,220,0,12,220,220,0,91,0,37,0,220,0,0,3,220,0,0,136,0,36,12,13,135,220,13,220,262,35,12,220,2,0,12,0,220,1,37,12,220,220,0,262,0,75,12,1,1,5,0,0,220,118,0,0,0,0,1796,220,220,1,220,12,0,100,12,1,35
0,252,220,0,1018,220,0,220,12,220,0,80,0,4,8,220,0,0,0,220,0,0,251,0,33,220,60,49,12,14,220,89,252,220,12,0,0,12,0,220,0,231,12,220,12,0,23,0,251,12,0,0,16,0,0,12,251,0,0,0,0,1797,220,12,1,220,220,0,88,220,1,252
0,176,220,0,1019,12,0,12,220,220,0,66,0,155,0,12,0,0,1,220,0,0,4,0,121,12,60,49,12,14,12,89,119,220,220,0,0,220,0,12,0,177,220,12,220,0,23,0,3,220,0,0,30,0,0,12,4,0,0,0,0,1797,12,12,1,220,12,0,88,220,1,153
0,227,220,0,5577,12,0,12,220,220,1,100,0,227,0,12,0,0,2,220,0,0,227,0,49,12,60,49,12,14,12,89,48,220,220,0,0,220,0,12,0,227,220,12,220,0,23,0,49,220,0,0,100,0,2,12,227,0,0,0,0,1797,12,12,1,220,12,0,100,220,1,227
0,231,220,0,1020,12,0,12,220,220,0,91,0,231,0,12,0,0,0,220,0,0,200,0,231,12,61,49,12,14,12,89,231,220,220,0,0,220,0,12,0,231,220,12,220,0,23,0,154,220,0,0,7,0,0,12,183,0,0,0,0,1798,12,12,1,220,12,0,91,220,1,231
0,77,12,0,1021,220,0,220,12,12,0,95,0,77,7,220,0,0,1,12,0,0,76,0,82,220,61,49,220,14,220,89,83,12,12,0,0,12,0,220,0,76,12,220,12,0,23,0,82,12,0,0,95,0,0,220,77,0,0,0,0,1798,220,220,1,12,220,0,91,12,1,77
0,104,220,0,5578,12,0,12,220,220,0,91,0,203,0,12,0,0,2,220,0,0,29,1,147,12,61,49,12,14,12,89,146,220,220,0,0,220,0,12,0,105,220,12,220,0,23,0,29,220,0,0,7,0,0,12,29,0,0,0,0,1798,12,12,1,220,12,0,91,220,1,203
0,0,12,0,1022,220,0,12,220,220,0,52,0,33,7,220,0,0,0,220,0,0,17,0,23,12,13,135,220,13,220,262,138,12,220,2,0,12,0,220,0,216,12,220,220,0,262,0,133,12,1,0,34,0,0,220,69,0,0,0,0,1799,220,220,1,220,12,0,95,12,1,66
0,229,220,0,1023,28,0,12,99,99,0,78,0,223,0,30,0,0,1,41,0,0,216,0,223,12,13,135,28,13,77,265,229,220,41,2,0,220,0,30,1,223,220,77,33,0,265,0,28,220,1,0,11,0,0,30,36,0,0,0,0,1799,28,77,1,33,12,0,79,220,1,229
0,128,220,0,4744,12,0,220,25,25,0,76,0,192,7,25,0,0,2,25,0,0,69,0,109,220,13,135,12,13,25,265,108,220,25,2,0,220,0,12,1,129,220,12,25,0,265,0,52,220,1,0,20,0,0,12,172,0,0,0,0,1799,25,12,1,25,220,0,66,220,1,191
0,194,220,0,6057,12,0,220,25,25,0,93,0,145,7,12,0,0,3,25,0,0,190,0,78,220,13,135,12,13,12,265,80,220,25,2,0,220,0,12,0,190,220,12,25,0,265,0,78,220,1,0,93,0,0,12,145,0,0,0,0,1799,12,12,1,25,220,0,91,220,1,149
0,140,12,0,1024,220,0,12,12,12,0,94,0,197,0,220,-1,0,0,12,0,0,229,0,225,12,14,49,220,14,220,89,226,12,12,0,0,12,0,220,1,144,12,220,12,0,23,0,229,12,0,0,5,0,0,220,229,0,0,0,0,1800,220,220,1,12,12,0,93,12,1,196
0,230,12,0,1025,220,0,12,12,12,0,95,0,76,0,220,-1,0,1,12,0,0,228,0,65,12,14,49,220,14,220,89,66,12,12,0,0,12,0,220,1,228,12,220,12,0,23,0,65,12,0,0,95,0,0,220,76,0,0,0,0,1800,220,220,1,12,12,0,93,12,1,77
0,37,12,0,5579,220,0,12,12,12,0,90,0,36,0,220,-1,0,2,12,0,0,44,0,97,12,14,49,220,14,220,89,92,12,12,0,0,12,0,220,1,44,12,220,12,0,23,0,97,12,0,0,90,0,0,220,36,0,0,0,0,1800,220,220,1,12,12,0,93,12,1,34
0,35,12,0,1026,12,0,12,220,12,0,97,0,227,7,12,0,0,0,12,0,0,226,0,228,12,14,49,0,14,12,89,80,12,220,0,0,220,0,12,1,226,220,12,220,0,23,0,228,220,0,0,97,0,0,28,227,0,0,0,0,1801,12,136,1,12,12,0,95,12,1,42
0,55,12,0,1027,238,0,220,12,12,0,96,0,47,0,252,0,0,1,12,0,0,38,0,94,220,14,49,238,14,69,89,138,12,12,0,0,12,0,252,1,38,12,69,12,0,23,0,94,12,0,0,96,0,0,252,47,0,0,0,0,1801,238,69,1,12,220,0,98,12,1,66
0,111,12,0,5580,220,0,220,12,12,0,93,0,191,0,220,0,0,2,12,0,0,33,0,131,220,14,49,220,14,220,89,135,12,12,0,0,12,0,220,1,104,12,220,12,0,23,0,105,12,0,0,5,0,0,220,173,0,0,0,0,1801,220,220,1,12,220,0,100,12,1,196
0,17,12,0,1028,220,0,12,12,12,0,78,0,76,7,220,0,0,0,12,0,0,221,0,147,12,61,49,220,14,220,89,151,12,12,2,0,12,0,220,1,19,12,220,12,0,238,0,226,12,0,0,9,0,0,220,223,0,0,0,0,1802,220,220,1,12,12,0,86,12,1,80
0,35,220,0,1029,144,0,12,220,220,0,98,0,40,8,114,0,0,1,220,0,0,43,0,41,12,61,49,144,14,75,89,32,220,220,2,0,220,0,114,1,43,220,75,220,0,238,0,41,220,0,0,98,0,0,114,40,0,0,0,0,1802,144,75,1,220,12,2,94,220,1,31
0,241,220,0,5581,12,0,220,220,220,0,93,0,90,0,12,0,0,2,220,0,0,17,0,55,220,61,49,12,14,12,89,55,220,220,2,0,220,0,12,1,241,220,12,220,0,238,0,16,220,0,0,5,0,0,12,16,0,0,0,0,1802,12,12,1,220,220,0,89,220,1,90
0,254,220,0,1030,220,0,220,12,220,0,47,0,29,0,220,0,0,0,220,0,0,220,0,27,220,61,49,12,14,220,89,254,220,12,0,0,12,0,220,0,29,12,220,12,0,23,0,51,12,1,0,44,0,0,12,10,0,0,0,0,1803,220,12,1,220,220,0,95,220,1,254
0,29,12,0,1031,12,0,12,220,12,0,87,0,246,11,12,0,0,1,12,0,0,29,0,246,12,61,49,220,14,12,89,27,12,220,0,0,220,0,12,0,246,220,12,220,0,23,0,27,220,1,0,11,0,0,220,29,0,0,0,0,1803,12,220,1,12,12,0,98,12,1,29
0,139,12,0,5582,220,0,12,12,12,0,91,0,222,0,220,0,0,2,12,0,0,11,1,90,12,61,49,220,14,220,89,90,12,12,2,0,12,0,220,0,139,12,220,12,0,23,0,11,12,0,0,8,0,0,220,11,0,0,0,0,1803,220,220,1,12,12,0,77,12,1,223
0,30,194,0,1032,220,0,12,12,12,0,82,0,42,0,220,0,0,0,12,0,0,235,0,64,12,60,49,220,14,220,89,30,15,12,2,0,12,0,220,0,118,12,220,12,0,238,0,36,12,0,0,12,0,0,220,152,0,0,0,0,1804,220,220,1,12,12,3,90,8,1,30
0,186,220,0,1033,25,0,220,220,220,0,93,0,220,2,36,0,0,1,220,0,0,111,0,245,220,60,49,25,14,33,89,243,220,220,2,0,220,0,36,0,194,220,33,220,0,238,0,58,220,0,0,6,0,0,36,34,0,0,0,0,1804,25,33,1,220,220,0,79,220,1,216
0,130,220,0,5583,12,0,12,220,220,0,91,0,192,0,12,0,0,2,220,0,0,31,0,112,12,60,49,12,14,12,89,111,220,220,0,0,220,0,12,0,132,220,12,220,0,238,0,31,220,0,0,7,0,0,12,31,0,0,0,0,1804,12,12,1,220,12,0,92,220,1,191
0,0,220,0,1034,0,0,220,220,220,0,84,0,69,0,220,0,0,0,220,0,0,0,0,148,220,17,19,220,100,220,201,75,220,220,0,0,220,0,19,0,0,220,44,220,0,203,0,75,220,0,0,15,0,8,220,29,0,0,0,0,1805,220,220,1,220,220,0,97,220,1,30
0,254,13,0,1035,13,0,59,220,118,0,98,0,252,0,59,0,0,1,59,0,0,252,0,252,118,17,19,13,100,118,201,254,118,220,0,0,220,0,59,0,252,220,118,220,0,201,0,252,220,0,0,98,0,8,59,252,0,0,0,0,1805,13,118,1,13,13,0,100,59,1,254
0,231,220,0,9476,220,0,220,59,220,0,64,0,36,0,220,0,0,2,220,0,0,163,0,38,220,17,19,220,76,220,201,39,220,60,0,0,60,0,220,0,225,248,220,248,0,201,0,16,59,0,0,34,0,6,220,20,0,0,0,0,1805,220,220,1,220,220,0,100,220,1,35
0,231,220,0,1036,12,0,220,220,220,0,54,0,231,10,12,0,0,0,220,0,0,165,0,231,220,14,49,12,14,12,89,231,220,220,2,0,220,0,12,0,231,220,12,220,0,238,0,38,220,1,0,40,0,0,12,36,0,0,0,0,1806,12,12,1,220,220,0,87,220,1,231
0,80,12,0,1037,220,0,12,12,12,0,62,0,60,0,220,0,0,1,12,0,0,55,0,115,12,14,49,220,14,220,89,115,12,12,2,0,12,0,220,0,80,12,220,12,0,238,0,82,12,1,0,32,0,0,220,32,0,0,0,0,1806,220,220,1,12,12,0,65,12,1,60
0,50,220,0,4062,12,0,220,220,220,0,97,0,139,7,12,0,0,2,220,0,0,57,0,171,220,14,49,12,14,12,89,169,220,220,2,0,220,0,12,0,57,220,12,220,0,238,0,171,220,1,0,97,0,0,12,139,0,0,0,0,1806,12,12,1,220,220,0,97,220,1,136
0,21,12,0,1038,220,0,12,12,12,0,41,0,230,7,220,0,0,0,12,0,0,23,0,230,12,14,49,220,14,220,89,141,12,12,2,0,12,0,220,1,230,12,220,12,0,238,0,145,12,1,0,40,0,0,220,76,0,0,0,0,1807,220,220,1,12,12,0,99,12,1,70
0,231,220,0,1039,12,0,220,220,220,0,52,0,164,2,12,0,0,1,220,0,0,143,0,208,220,14,49,12,14,12,89,231,220,220,0,0,220,0,12,1,183,220,12,220,0,238,0,183,220,1,0,35,0,0,12,123,0,0,0,0,1807,12,12,1,220,220,0,95,220,1,231
0,100,220,0,5584,12,0,220,220,220,0,97,0,194,7,12,0,0,2,220,0,0,108,0,111,220,14,49,12,14,12,89,105,220,220,2,0,220,0,12,1,108,220,12,220,0,238,0,111,220,1,0,97,0,0,12,194,0,0,0,0,1807,12,12,1,220,220,0,98,220,1,192
0,50,12,0,1040,28,0,220,99,220,0,49,0,84,7,30,0,0,0,220,0,0,230,0,159,220,13,135,220,13,77,265,159,12,41,2,0,220,0,30,0,50,220,77,33,0,265,0,230,220,0,0,46,0,5,220,230,0,0,0,0,1808,28,220,1,220,220,0,98,12,1,84
0,137,12,0,1041,220,0,12,220,220,0,70,0,167,0,220,0,0,1,220,0,0,136,0,203,12,13,135,220,13,220,262,179,12,220,2,0,12,0,220,0,177,12,220,220,0,262,0,178,12,0,0,28,0,5,220,124,0,0,0,0,1808,220,220,1,220,12,0,99,12,1,125
0,22,12,0,4390,220,0,12,220,220,0,80,0,22,0,220,0,0,2,220,0,0,103,0,22,12,13,135,220,13,220,262,22,12,220,2,0,12,0,220,0,22,12,220,220,0,262,0,108,12,0,0,15,0,5,220,106,0,0,0,0,1808,220,220,1,220,12,0,97,12,1,22
0,231,220,0,3786,28,0,220,99,99,0,79,0,164,0,30,0,0,3,41,0,0,230,0,48,220,13,135,28,13,77,265,48,220,41,2,0,220,0,30,0,231,220,77,33,0,265,0,225,220,0,0,12,0,5,30,229,0,0,0,0,1808,28,77,1,33,220,0,100,220,1,163
0,65,220,0,1646,57,0,50,220,220,0,50,0,56,19,50,0,0,0,220,0,0,239,0,114,91,16,19,220,76,91,200,112,220,220,1,0,220,0,50,0,66,220,91,220,0,200,0,254,220,0,1,48,0,5,220,244,0,0,0,0,1809,57,220,1,220,57,0,93,220,1,55
0,254,179,0,1647,220,0,220,116,116,0,84,0,60,19,220,0,0,1,68,0,0,251,0,118,220,16,19,179,76,220,200,254,116,68,0,0,68,0,220,0,190,179,220,179,0,200,0,251,116,0,1,8,0,5,68,251,0,0,0,0,1809,220,116,1,179,220,0,97,68,1,254
0,251,12,0,1648,12,0,12,12,12,0,57,0,180,0,12,0,0,2,12,0,0,251,0,50,12,16,19,12,76,12,200,69,12,187,0,0,187,0,12,0,246,231,12,231,0,200,0,69,12,0,0,40,0,6,12,219,0,0,0,0,1809,12,12,1,12,12,0,99,12,1,219
0,241,12,0,3947,12,0,12,77,12,0,76,0,81,7,12,0,0,0,12,0,0,30,0,34,12,17,19,12,0,12,201,33,12,124,0,0,124,0,12,0,239,226,12,226,0,201,0,39,77,1,0,15,0,0,12,32,0,0,0,0,1814,12,12,1,12,12,0,95,12,1,77
0,231,12,0,3948,12,0,12,220,12,0,89,0,227,7,12,0,0,1,12,0,0,240,0,227,12,17,19,12,0,12,201,231,12,220,0,0,220,0,12,0,227,220,12,220,0,201,0,36,220,1,0,5,0,0,12,78,0,0,0,0,1814,12,12,1,12,12,0,96,12,1,231
0,121,12,0,5586,12,0,12,237,12,0,85,0,174,7,12,0,0,2,12,0,0,225,0,212,12,17,19,12,0,12,201,215,12,209,0,0,209,0,12,0,122,171,12,171,0,201,0,231,237,1,0,10,0,0,12,230,0,0,0,0,1814,12,12,1,12,12,0,95,12,1,175
0,143,220,0,3361,220,0,220,88,220,0,59,0,28,7,220,0,0,0,220,0,0,33,0,46,220,17,19,220,76,220,201,47,220,46,0,0,46,0,220,0,140,33,220,33,0,201,0,94,88,0,0,38,0,0,220,47,0,0,0,0,1815,220,220,1,220,220,0,87,220,1,28
0,224,113,0,3360,113,0,21,232,37,0,92,0,220,11,21,0,0,1,21,0,0,116,0,211,37,17,19,113,76,37,201,209,37,241,0,0,241,0,21,0,226,248,37,248,0,201,0,42,232,0,0,5,0,0,21,33,0,0,0,0,1815,113,37,1,113,113,0,95,21,1,218
0,3,220,0,5587,220,0,12,218,220,0,97,0,150,0,220,0,0,2,220,0,0,3,0,184,12,17,19,220,76,220,201,187,220,166,0,0,166,0,220,0,3,104,220,104,0,201,0,184,218,0,0,97,0,0,220,150,0,0,0,0,1815,220,220,1,220,12,0,95,220,1,153
0,244,12,0,1046,12,0,12,220,12,0,71,0,243,8,12,0,0,0,12,0,0,12,0,243,12,17,19,12,100,12,201,244,12,220,0,0,220,0,12,0,243,220,12,220,0,201,0,12,220,0,0,27,0,0,12,12,0,0,0,0,1816,12,12,1,12,12,0,99,12,1,244
0,30,220,0,1047,220,0,220,12,220,0,93,0,30,0,220,0,0,1,220,0,0,30,0,30,220,17,19,220,100,220,201,30,220,12,0,0,12,0,220,0,30,12,220,12,0,201,0,30,12,0,0,93,0,0,220,30,0,0,0,0,1816,220,220,1,220,220,0,99,220,1,30
0,239,12,0,7840,12,0,12,43,12,0,97,0,212,0,12,0,0,2,12,0,0,239,0,87,12,17,19,12,100,12,201,90,12,209,0,0,12,0,12,0,239,12,12,246,0,201,0,87,12,0,0,97,0,0,12,212,0,0,0,0,1816,12,12,1,12,12,0,99,12,1,214
0,230,220,0,1649,220,0,53,37,220,0,65,0,89,7,220,0,0,0,220,0,0,231,0,64,37,17,19,2,87,220,201,230,220,53,2,0,53,0,220,0,1,18,220,18,0,201,0,231,37,0,0,33,0,0,108,231,0,0,0,0,1819,220,74,1,220,18,0,98,220,1,230
0,2,2,0,1650,20,0,90,220,74,0,87,0,227,7,90,0,0,1,108,0,0,2,0,227,66,17,19,220,100,66,205,70,74,220,0,0,220,0,90,0,227,220,66,220,0,205,0,70,220,0,0,12,0,0,220,93,0,0,0,0,1819,20,220,1,2,20,0,98,108,1,94
0,200,255,0,1651,9,0,12,19,0,0,98,0,177,0,54,0,0,2,255,0,0,201,0,20,12,17,19,9,100,111,205,27,0,228,0,0,228,0,54,0,201,251,111,251,0,205,0,20,19,0,0,98,0,0,54,177,0,0,0,0,1819,9,111,1,255,12,0,98,255,1,176
0,231,187,0,1652,187,0,63,220,67,0,82,0,224,0,63,0,0,0,63,0,0,216,0,224,67,17,19,187,76,67,201,231,67,220,0,0,220,0,63,0,224,220,67,220,0,201,0,59,220,0,0,15,0,0,63,42,0,0,0,0,1823,187,67,1,187,187,0,86,63,1,231
0,31,220,0,1653,220,0,220,12,220,0,77,0,32,0,220,0,0,1,220,0,0,208,0,32,220,17,19,220,76,220,201,31,220,12,0,0,12,0,220,0,35,12,220,12,0,201,0,59,12,0,0,16,0,0,220,42,0,0,0,0,1823,220,220,1,220,220,0,86,220,1,31
0,242,12,0,1654,12,0,12,66,12,0,92,0,254,0,12,0,0,2,12,0,0,34,0,122,12,17,19,12,86,12,201,170,12,227,0,0,227,0,12,0,223,180,12,180,0,201,0,56,66,0,0,6,0,0,12,51,0,0,0,0,1823,12,12,1,12,12,0,86,12,1,254
0,30,220,0,1655,220,0,220,12,220,0,59,0,30,3,220,0,0,0,220,0,0,183,0,30,220,19,1,220,100,220,176,29,220,12,0,0,220,0,220,0,30,220,220,12,0,176,0,60,220,0,1,35,0,0,220,46,0,0,0,0,1824,220,220,1,220,220,0,97,220,1,29
0,231,12,0,1656,12,0,220,220,12,0,92,0,231,7,12,0,0,1,12,0,0,150,0,231,220,19,1,12,100,12,176,231,12,220,0,0,12,0,12,0,231,12,12,220,0,176,0,62,12,0,1,5,0,0,12,54,0,0,0,0,1824,12,12,1,12,220,0,98,12,1,231
0,170,12,0,5161,12,0,12,12,12,0,56,0,214,0,12,0,0,2,12,0,0,117,0,159,12,19,1,12,100,12,176,161,12,12,0,0,220,0,12,0,168,220,12,12,0,176,0,121,220,0,0,38,0,0,12,188,0,0,0,0,1824,12,12,1,12,12,0,97,12,1,216
0,29,220,0,5162,220,0,220,12,220,0,65,0,89,0,220,0,0,3,220,0,0,30,0,99,220,19,1,220,100,220,176,29,220,12,0,0,220,0,220,0,87,220,220,12,0,176,0,30,220,0,1,28,0,0,220,30,0,0,0,0,1824,220,220,1,220,220,0,98,220,1,29
0,30,220,0,14162,220,0,220,12,220,0,94,0,30,7,220,0,0,4,220,0,0,30,0,30,220,19,1,220,0,220,176,30,220,12,0,0,220,0,220,0,30,220,220,12,0,176,0,30,220,0,1,94,0,0,220,30,0,0,0,0,1824,220,220,1,220,220,0,97,220,1,30
0,230,42,0,1052,42,0,52,107,107,0,74,1,230,0,52,0,0,0,52,0,0,46,0,231,107,2076,1,42,76,107,1,230,107,52,0,0,52,0,52,0,231,42,107,42,0,1,0,124,107,0,0,24,0,0,52,63,0,0,0,0,1825,42,107,1,42,42,0,97,52,1,230
0,30,143,0,1053,143,0,142,140,140,0,88,1,31,0,142,0,0,1,142,0,0,57,0,33,140,2076,1,143,76,140,1,30,140,142,0,0,142,0,142,0,30,143,140,143,0,1,0,122,140,0,0,10,0,0,142,69,0,0,0,0,1825,143,140,1,143,143,0,93,142,1,30
0,229,220,0,5272,12,0,12,12,12,1,100,0,167,0,12,0,0,2,12,0,0,224,1,41,12,2076,1,12,84,12,1,44,220,12,1,0,220,0,12,0,224,220,12,12,0,1,0,41,220,0,0,100,0,9,12,167,0,0,0,0,1825,12,12,1,12,12,0,91,220,1,187
0,251,12,0,1657,12,0,12,12,12,0,87,1,226,8,12,0,0,0,12,0,0,44,0,34,12,2076,1,12,86,12,6,34,12,12,0,0,12,0,12,0,252,12,12,12,0,6,0,45,12,0,0,10,0,0,12,42,0,0,0,0,1826,12,12,1,12,12,0,82,12,0,226
0,48,251,0,1658,251,0,225,34,34,0,94,1,45,0,225,0,0,1,225,0,0,47,0,48,34,2076,1,251,76,34,6,49,34,225,0,0,225,0,225,0,47,251,34,251,0,6,0,48,34,0,0,94,0,0,225,45,0,0,0,0,1826,251,34,1,251,251,0,85,225,0,46
0,204,12,0,1864,12,0,12,12,12,1,93,0,231,0,12,0,0,2,12,0,0,23,0,219,12,2076,1,12,76,12,6,219,12,12,0,0,12,0,12,0,204,12,12,12,0,6,0,23,12,0,0,5,0,0,12,23,0,0,0,0,1826,12,12,1,12,12,0,90,12,0,231
0,197,220,0,3951,220,0,12,220,220,0,74,0,31,0,220,-1,0,0,220,0,0,232,0,46,12,19,8,220,100,220,49,45,220,220,0,0,220,0,220,0,197,220,220,220,0,49,0,232,220,0,1,24,0,0,220,232,0,0,0,0,1831,220,220,1,220,12,0,97,220,1,31
0,65,194,0,3952,194,0,12,135,135,0,89,0,64,0,188,-1,0,1,188,0,0,25,0,60,12,19,8,194,100,135,49,61,135,188,0,0,188,0,188,0,63,194,135,194,0,49,0,27,135,0,1,7,0,0,188,26,0,0,0,0,1831,194,135,1,194,12,0,97,188,1,65
0,170,12,0,5277,12,0,12,12,12,0,56,0,215,0,12,0,0,2,12,0,0,117,0,160,12,19,8,12,100,12,49,161,12,12,0,0,12,0,12,0,168,12,12,12,0,49,0,121,12,0,0,37,0,0,12,189,0,0,0,0,1831,12,12,1,12,12,0,97,12,1,216
0,120,220,0,10295,220,0,220,220,220,0,93,0,184,7,220,0,0,3,220,0,0,229,0,216,220,19,8,220,100,220,49,216,220,220,0,0,220,0,220,0,120,220,220,220,0,49,0,230,220,0,0,6,0,0,220,230,0,0,0,0,1831,220,220,1,220,220,0,98,220,1,184
0,15,220,0,1054,220,0,220,137,220,0,93,0,79,0,220,0,0,0,220,0,0,9,0,148,220,20,8,220,76,220,98,138,220,67,0,0,220,0,220,0,9,220,220,19,0,98,0,148,220,0,0,93,0,0,220,79,0,0,0,0,1832,220,220,1,220,220,0,96,220,1,68
0,231,19,0,1055,19,0,67,220,137,0,90,0,231,7,67,0,0,1,67,0,0,17,0,231,137,20,8,19,76,137,98,231,137,220,0,0,67,0,67,0,231,19,137,220,0,98,0,130,137,0,0,8,0,0,67,64,0,0,0,0,1832,19,137,1,19,19,0,88,67,1,231
0,122,220,0,6069,220,0,220,222,220,0,86,0,182,0,220,0,0,2,220,0,0,230,0,218,220,20,8,220,76,220,98,217,220,199,0,0,220,0,220,0,122,220,220,72,0,98,0,231,220,0,0,13,0,0,220,230,0,0,0,0,1832,220,220,1,220,220,0,99,220,1,182
0,231,0,0,1659,220,0,220,220,150,0,88,0,81,8,220,0,0,0,73,0,0,235,0,153,220,32,7,0,32,220,9,231,150,220,0,0,220,0,220,0,20,220,220,220,0,9,0,236,220,0,0,5,0,0,73,236,0,0,0,0,1837,220,150,1,0,220,0,97,73,1,231
0,21,220,0,1660,0,0,73,150,220,0,87,0,225,19,73,0,0,1,220,0,0,21,0,225,150,32,7,220,76,150,9,151,220,73,0,0,73,0,73,0,225,0,150,0,0,9,0,146,150,0,0,7,0,0,220,77,0,0,0,0,1837,0,220,1,220,0,0,96,220,1,79
0,242,12,0,5068,12,0,12,12,12,0,76,0,89,7,12,0,0,2,12,0,0,235,0,55,12,32,7,12,76,12,9,55,12,12,0,0,12,0,12,0,242,12,12,12,0,9,0,43,12,0,0,20,0,0,12,50,0,0,0,0,1837,12,12,1,12,12,0,66,12,1,88
0,20,201,0,1663,220,0,157,102,220,0,48,0,30,19,220,0,0,0,220,0,0,21,0,53,102,31,22,220,31,220,213,58,102,157,2,0,157,0,220,0,191,201,220,201,0,207,0,59,102,1,0,48,0,0,220,32,0,0,0,0,1842,220,220,1,220,201,0,96,157,1,31
0,232,170,0,1664,17,0,24,217,37,0,79,0,231,6,19,0,0,1,19,0,0,21,0,231,44,31,22,17,31,37,213,232,44,217,2,0,24,0,19,0,231,170,37,217,0,207,0,46,44,1,0,11,0,0,19,26,0,0,0,0,1842,17,37,1,17,170,0,96,24,1,232
0,247,220,0,1867,12,0,220,220,12,0,90,0,173,7,12,0,0,2,12,0,0,243,0,2,220,31,22,12,31,12,213,0,220,220,2,0,220,0,12,0,243,220,12,220,0,207,0,2,220,1,0,90,0,0,12,173,0,0,0,0,1842,12,12,1,12,220,0,100,220,1,178
0,47,201,0,4395,220,0,157,102,220,0,90,0,156,0,220,0,0,3,220,0,0,45,0,205,102,31,22,220,31,220,213,216,102,157,2,0,157,0,220,0,45,201,220,201,0,207,0,205,102,1,0,90,0,0,220,156,0,0,0,0,1842,220,220,1,220,201,0,99,157,1,164
0,253,12,0,1665,12,0,12,12,12,0,99,0,190,0,12,0,0,0,12,0,0,254,0,207,12,32,13,12,76,12,1,206,12,12,0,0,12,0,12,0,254,12,12,12,0,1,0,207,12,0,0,99,0,0,12,190,0,0,0,0,1843,12,12,1,12,12,0,100,12,1,190
0,18,221,0,1666,221,0,159,171,171,0,77,0,26,8,159,0,0,1,159,0,0,253,0,52,171,32,13,221,76,171,1,51,171,159,0,0,159,0,159,0,19,221,171,221,0,1,0,207,171,0,0,21,0,0,159,190,0,0,0,0,1843,221,171,1,221,221,0,85,159,1,25
0,236,12,0,1868,12,0,12,12,12,0,98,0,209,0,12,0,0,2,12,0,0,234,0,42,12,32,13,12,76,12,1,49,12,12,0,0,12,0,12,0,234,12,12,12,0,1,0,42,12,0,0,98,0,0,12,209,0,1,0,0,1843,12,12,1,12,12,0,100,12,1,214
0,254,233,0,1060,233,0,220,34,34,0,76,0,254,15,28,0,0,0,28,0,0,206,0,254,220,32,22,233,100,34,207,254,34,28,0,0,28,0,28,0,254,233,34,233,0,207,0,31,34,1,0,19,0,0,28,13,0,1,0,0,1848,233,34,1,233,220,0,93,28,1,254
0,212,220,0,1061,220,0,220,220,220,0,90,0,11,8,220,0,0,1,220,0,0,250,0,26,220,32,22,220,100,220,207,30,220,220,0,0,220,0,220,0,196,220,220,220,0,207,0,250,220,1,0,8,0,0,220,250,0,0,0,0,1848,220,220,1,220,220,0,82,220,1,9
0,248,12,0,5591,12,0,12,12,12,0,88,0,223,0,12,0,0,2,12,0,0,22,0,0,12,32,22,12,100,12,207,0,12,12,0,0,12,0,12,0,248,12,12,12,0,207,0,21,12,1,0,9,0,0,12,22,0,1,0,0,1848,12,12,1,12,12,0,89,12,1,224
0,15,214,0,1673,214,0,42,67,136,0,58,0,47,11,182,0,0,0,182,0,0,160,0,75,67,800054,138,214,76,136,267,68,136,42,2,0,42,0,182,1,21,13,136,13,0,267,0,52,67,0,0,38,0,0,182,39,0,0,0,0,1853,214,136,1,214,13,3,94,182,1,42
0,228,0,0,1674,0,0,48,220,109,0,50,0,221,9,48,0,0,1,48,0,0,21,0,221,109,800054,138,0,76,109,267,228,109,220,0,0,220,0,48,1,220,220,109,220,0,267,0,103,220,0,0,46,0,0,48,57,0,0,0,0,1853,0,109,1,0,0,0,94,48,1,228
0,244,12,0,4692,12,0,12,80,12,0,97,0,230,7,12,0,0,2,12,0,0,246,0,63,12,800054,138,12,76,12,267,61,12,238,1,0,238,0,12,1,246,244,12,244,0,267,0,63,80,0,0,97,0,0,12,230,0,0,0,0,1853,12,12,1,12,12,0,98,12,1,228
0,121,12,0,1872,13,0,12,220,67,0,91,0,210,7,42,0,0,3,42,0,0,19,0,179,12,800054,138,13,76,67,267,161,12,220,2,0,12,0,42,1,146,12,67,220,0,267,0,67,12,0,0,6,0,0,42,43,0,0,0,0,1853,13,67,1,13,12,3,94,12,1,201
0,230,12,0,6685,12,0,12,220,12,0,89,0,230,0,12,0,0,0,12,0,0,37,0,230,12,54,138,12,76,12,267,230,12,220,0,0,220,0,12,1,230,220,12,220,0,267,0,37,220,0,0,9,0,0,12,37,0,0,0,0,1854,12,12,1,12,12,0,97,12,1,230
0,91,220,0,6686,220,0,220,61,220,0,81,0,12,0,220,0,0,1,220,0,0,91,0,47,220,54,138,220,100,220,267,113,220,56,0,0,56,0,220,1,186,152,220,152,0,267,0,112,61,0,0,13,0,0,220,101,0,0,0,0,1854,220,220,1,220,220,0,93,220,1,103
0,141,12,0,6687,220,0,12,12,220,0,66,0,82,0,220,0,0,2,220,0,0,96,0,136,12,54,138,220,76,220,267,138,12,12,2,0,12,0,220,1,138,12,220,12,0,267,0,103,12,0,0,27,0,0,220,40,0,0,0,0,1854,220,220,1,220,12,0,92,12,1,85
0,28,12,0,1675,220,0,12,12,220,0,87,0,69,7,220,0,0,0,220,0,0,254,0,140,12,53,138,220,100,220,267,134,12,12,2,0,12,0,220,1,31,12,220,12,0,267,0,41,12,0,0,7,0,0,220,228,0,0,0,0,1860,220,220,1,220,12,0,88,12,1,64
0,209,12,0,1676,220,0,12,12,220,0,88,0,37,7,220,0,0,1,220,0,0,231,0,26,12,53,138,220,100,220,267,23,12,12,2,0,12,0,220,1,211,12,220,12,0,267,0,42,12,0,0,8,0,0,220,205,0,0,0,0,1860,220,220,1,220,12,0,88,12,1,34
0,30,12,0,5293,220,0,12,12,220,0,94,0,30,0,220,0,0,2,220,0,0,230,0,30,12,53,138,220,100,220,267,30,12,12,0,0,12,0,220,1,30,12,220,12,0,267,0,230,12,0,0,5,0,0,220,230,0,0,0,0,1860,220,220,1,220,12,0,94,12,1,30
0,254,220,0,3780,12,0,220,220,12,0,88,0,230,7,12,0,0,3,12,0,0,209,0,53,220,53,138,12,100,12,267,42,220,220,2,0,220,0,12,1,254,220,12,220,0,267,0,23,220,0,0,7,0,0,12,34,0,0,0,0,1860,12,12,1,12,220,0,88,220,1,228
0,218,12,0,1070,220,0,12,17,220,0,72,0,9,7,220,0,0,0,220,0,0,231,0,27,12,54,138,220,76,220,267,22,12,17,2,0,12,0,220,1,217,12,220,201,0,267,0,231,12,0,0,27,0,0,220,231,0,1,0,0,1861,220,220,1,220,12,0,98,12,1,0
0,194,220,0,1071,9,0,209,238,63,0,43,0,209,2,31,0,0,1,31,0,0,19,0,237,22,54,138,9,76,63,267,238,220,214,2,0,209,0,31,1,182,231,63,193,0,267,0,70,22,0,0,32,0,0,31,39,0,0,0,0,1861,9,63,1,9,231,0,86,220,1,214
0,100,12,0,5593,12,0,12,121,12,0,98,0,194,7,12,0,0,2,12,0,0,108,0,111,12,54,138,12,76,12,267,105,12,196,0,0,12,0,12,1,108,12,12,119,0,267,0,111,12,0,0,98,0,0,12,194,0,0,0,0,1861,12,12,1,12,12,0,98,12,1,192
189,231,0,0,1072,0,0,47,115,115,2,89,0,223,11,47,0,0,0,47,0,0,29,0,224,115,0,1,0,100,115,232,231,115,47,0,0,47,0,47,0,222,0,115,0,0,232,0,109,115,0,0,8,0,0,47,55,0,1,0,0,1862,0,115,1,0,0,2,95,47,0,231
189,34,220,0,1073,220,0,220,220,220,2,91,0,66,7,220,0,0,1,220,0,0,220,0,138,220,0,1,220,100,220,232,139,220,220,0,0,220,0,220,0,31,220,220,220,0,232,0,221,220,0,0,8,0,0,220,221,0,0,0,0,1862,220,220,1,220,220,2,93,220,0,64
189,223,12,0,5594,12,0,12,12,12,0,96,0,246,0,12,0,0,2,12,0,0,223,0,5,12,0,1,12,76,12,232,5,12,12,0,0,12,0,12,0,223,12,12,12,0,232,0,5,12,0,0,96,0,0,12,246,0,1,0,0,1862,12,12,1,12,12,0,88,12,0,246
0,231,12,0,3456,12,0,12,220,12,0,61,0,231,2,12,0,0,0,12,0,0,24,0,231,12,54,138,12,100,12,267,231,12,220,0,0,220,0,12,1,231,220,12,220,0,267,0,54,220,0,0,28,0,0,12,114,0,0,0,0,1867,12,12,1,12,12,0,86,12,1,231
0,42,156,0,3457,156,0,188,73,216,0,58,0,51,11,188,0,0,1,188,0,0,157,0,73,216,54,138,156,100,216,267,73,216,51,0,0,51,0,188,1,43,43,216,43,0,267,0,216,73,0,0,36,0,0,188,189,0,0,0,0,1867,156,216,1,156,156,0,87,188,1,50
0,28,220,0,5595,12,0,220,220,220,0,81,0,189,0,12,0,0,2,220,0,0,192,0,56,220,54,138,220,100,12,267,36,220,220,2,0,220,0,12,1,218,220,12,220,0,267,0,50,220,0,0,15,0,0,220,147,0,0,0,0,1867,12,220,1,220,220,0,99,220,1,27
0,2,220,0,1074,220,0,220,220,220,0,93,0,2,0,220,0,0,0,220,0,0,164,0,24,220,56,1,220,86,220,9,76,220,220,0,0,220,0,220,0,164,220,220,220,0,9,0,24,220,0,0,93,0,4,220,2,0,0,0,0,1870,220,220,1,220,220,0,89,220,0,26
0,230,30,0,1075,30,0,40,70,70,0,93,0,231,0,40,0,0,1,40,0,0,8,0,231,70,56,1,30,86,70,9,230,70,40,0,0,40,0,40,0,231,30,70,30,0,9,0,63,70,0,0,5,0,4,40,31,0,0,0,0,1870,30,70,1,30,30,0,88,40,0,230
0,36,220,0,5738,220,0,220,220,220,0,100,0,124,0,220,0,0,2,220,0,0,36,0,97,220,56,1,220,86,220,9,97,220,220,0,0,220,0,220,0,36,220,220,220,0,9,0,97,220,0,0,100,0,0,220,124,0,0,0,0,1870,220,220,1,220,220,0,100,220,0,124
0,30,220,0,1076,12,0,12,220,220,0,86,0,231,7,12,0,0,0,220,0,0,231,0,231,12,66,52,220,76,12,102,30,220,220,0,0,12,0,12,0,231,12,12,220,0,102,0,231,12,1,0,86,0,0,220,231,0,0,0,0,1871,12,220,1,220,12,0,99,220,1,30
0,14,220,0,1077,220,0,220,91,220,0,82,0,87,7,220,0,0,1,220,0,0,232,0,92,220,66,52,220,76,220,102,91,220,86,0,0,220,0,220,0,14,220,220,14,0,102,0,232,220,1,0,14,0,0,220,232,0,0,0,0,1871,220,220,1,220,220,0,98,220,1,86
0,241,220,0,5596,220,0,220,0,220,0,86,0,108,0,220,0,0,2,220,0,0,243,0,30,220,66,52,220,87,220,102,0,220,136,0,0,220,0,220,0,222,220,220,241,0,102,0,0,220,0,0,13,0,9,220,136,0,0,0,0,1871,220,220,1,220,220,0,100,220,1,136
0,230,220,0,12340,12,0,12,12,12,0,69,0,231,2,12,0,0,0,12,0,0,2,0,231,12,0,1,12,76,12,94,230,220,12,0,0,220,0,12,0,231,220,12,12,0,94,0,72,220,1,0,24,0,0,12,146,0,0,0,0,1874,12,12,1,12,12,0,94,220,1,230
0,35,12,0,12341,220,0,220,12,12,0,76,0,32,0,220,0,0,1,12,0,0,4,0,32,220,0,1,220,76,220,94,32,12,12,0,0,12,0,220,0,34,12,220,12,0,94,0,59,12,1,0,17,0,0,220,124,0,0,0,0,1874,220,220,1,12,220,2,98,12,1,31
0,245,244,0,12342,12,0,12,80,80,0,91,0,235,7,12,0,0,2,238,0,0,31,0,79,12,0,1,12,76,12,94,80,80,238,0,0,238,0,12,0,241,244,12,244,0,94,0,30,80,1,0,5,0,0,12,31,0,0,0,0,1874,12,12,1,244,12,0,98,238,1,239
353,30,220,0,740,12,0,12,12,220,0,78,0,230,0,12,0,0,0,220,0,0,131,0,230,12,353,1,220,100,12,7,30,220,12,0,0,12,0,12,0,230,12,12,12,0,7,0,46,12,1,0,16,0,0,220,34,0,0,0,0,1876,12,220,1,220,12,0,99,220,1,30
353,155,220,0,741,220,0,220,220,220,0,78,0,43,7,220,0,0,1,220,0,0,151,0,44,220,353,1,220,100,220,1,40,220,220,0,0,220,0,220,0,42,220,220,220,0,1,0,40,220,1,0,13,0,0,220,21,0,0,0,0,1876,220,220,1,220,220,0,98,220,1,20
353,108,220,0,5598,220,0,220,220,220,0,66,0,148,0,220,0,0,2,220,0,0,76,0,213,220,353,1,220,100,220,1,214,220,220,0,0,220,0,220,0,107,220,220,220,0,1,0,168,220,1,0,26,0,0,220,110,0,0,0,0,1876,220,220,1,220,220,0,92,220,1,149
353,217,220,0,6105,12,0,220,12,220,0,56,0,0,0,12,0,0,3,220,0,0,234,0,22,220,353,68,220,100,12,283,22,220,12,2,0,220,0,12,0,218,220,12,12,0,12,0,234,220,1,0,37,0,0,220,234,0,0,0,0,1876,12,220,1,220,220,0,89,220,1,0
0,43,220,0,1082,220,0,220,66,220,0,84,0,47,7,220,0,0,0,220,0,0,247,0,64,220,353,33,220,100,220,98,66,220,48,0,0,48,0,220,0,42,43,220,43,0,98,0,61,66,1,1,15,0,0,220,183,0,1,0,0,1877,220,220,1,220,220,0,98,220,1,48
0,54,194,0,1083,66,0,67,89,89,0,82,0,168,0,67,0,0,1,168,0,0,51,0,86,81,353,33,194,100,81,98,78,89,168,0,0,168,0,67,0,194,194,81,194,0,98,0,74,89,1,1,16,0,0,168,59,0,0,0,0,1877,66,89,1,194,66,0,98,168,1,62
0,85,202,0,3782,202,0,221,12,135,0,65,0,84,0,221,0,0,2,221,0,0,45,0,88,135,353,33,202,100,135,98,89,135,12,0,0,12,0,221,0,84,12,135,12,0,98,0,47,12,1,0,28,0,0,221,45,0,0,0,0,1877,202,135,1,202,202,0,92,221,1,85
0,230,23,0,2796,23,0,35,180,180,0,77,0,230,0,35,0,0,3,35,0,0,39,0,229,180,353,33,23,100,180,6,230,180,35,0,0,255,0,35,0,230,229,180,23,0,6,0,139,0,1,0,13,0,0,35,63,0,0,0,0,1877,23,180,1,23,23,0,97,35,1,230
0,33,220,0,1084,220,0,220,220,220,0,79,0,83,0,220,0,0,0,220,0,0,208,0,72,220,0,6,220,100,220,9,71,220,220,0,0,220,0,220,0,34,220,220,220,0,9,0,219,220,0,0,20,0,0,220,219,0,0,0,0,1884,220,220,1,220,220,0,98,220,1,82
0,231,44,0,1085,44,0,64,58,58,0,84,0,231,11,64,0,0,1,64,0,0,34,0,231,58,0,6,44,100,58,9,231,58,64,0,0,64,0,64,0,231,44,58,44,0,9,0,72,58,0,0,14,0,0,64,83,0,0,0,0,1884,44,58,1,44,44,0,98,64,1,231
0,83,180,0,5599,180,0,215,53,53,0,53,0,82,0,215,0,0,2,215,0,0,30,0,86,53,0,6,180,100,53,9,88,53,215,0,0,215,0,215,0,82,180,53,180,0,9,0,30,53,0,0,41,0,0,215,30,0,0,0,0,1884,180,53,1,180,180,0,97,215,1,83
0,231,220,0,1689,220,0,220,220,56,0,94,0,43,0,220,0,0,0,63,0,0,159,0,60,220,0,161,41,78,220,301,231,220,220,0,0,51,0,220,0,159,170,220,220,0,301,0,60,72,0,0,94,0,0,63,43,0,0,0,1,1886,220,56,1,41,220,0,90,220,1,231
0,231,220,0,1690,47,0,72,220,220,0,91,0,229,7,72,0,0,1,220,0,0,162,0,229,65,0,160,47,78,65,300,231,220,220,0,0,220,0,72,0,229,220,65,220,0,300,0,62,220,0,0,5,0,8,72,45,0,0,0,1,1886,47,65,1,220,47,0,93,220,1,231
0,35,94,0,1691,220,0,220,220,220,0,80,0,126,0,220,0,0,2,220,0,0,4,0,179,220,0,161,220,78,220,301,181,239,220,0,0,156,0,220,0,78,94,220,220,0,301,0,195,239,0,0,11,0,0,220,135,0,0,0,1,1886,220,220,1,220,220,0,48,156,1,122
0,231,220,0,3389,12,0,220,220,220,0,75,0,226,5,12,0,0,0,220,0,0,195,0,226,220,308,44,12,76,12,84,231,220,220,2,0,220,0,12,0,226,220,12,220,0,84,0,195,220,1,0,12,0,0,12,195,0,0,0,0,1887,12,12,1,220,220,0,78,220,1,231
0,36,12,0,3388,220,0,12,12,12,0,93,0,44,7,220,0,0,1,12,0,0,47,0,46,12,308,44,220,76,220,84,33,12,12,2,0,12,0,220,0,47,12,220,12,0,84,0,46,12,1,0,93,0,0,220,44,0,0,0,0,1887,220,220,1,12,12,0,93,12,1,32
0,68,12,0,5600,220,0,12,12,12,0,100,0,48,0,220,0,0,2,12,0,0,69,0,104,12,308,44,220,76,220,84,103,12,12,2,0,12,0,220,0,69,12,220,12,0,84,0,104,12,0,0,100,0,0,220,48,0,0,0,0,1887,220,220,1,12,12,0,100,12,1,47
0,195,12,0,4653,220,0,12,12,12,0,91,0,33,2,220,0,0,0,12,0,0,195,0,39,12,308,44,220,76,220,84,39,12,12,2,0,12,0,220,0,195,12,220,12,0,84,0,39,12,1,0,91,0,0,220,33,0,0,0,0,1888,220,220,1,12,12,0,97,12,1,33
0,212,220,0,4654,12,0,220,220,220,0,90,0,212,2,12,0,0,1,220,0,0,196,0,212,220,308,44,12,76,12,84,212,220,220,2,0,220,0,12,0,212,220,12,220,0,84,0,38,220,1,0,5,0,0,12,32,0,0,0,0,1888,12,12,1,220,220,0,100,220,1,212
0,240,220,0,5601,12,0,220,220,220,0,91,0,211,0,12,0,0,2,220,0,0,11,0,74,220,308,44,12,86,12,84,75,220,220,2,0,220,0,12,0,241,220,12,220,0,84,0,11,220,0,0,8,0,0,12,11,0,0,0,0,1888,12,12,1,220,220,0,100,220,1,211
0,34,12,0,1086,220,0,12,12,12,4,54,0,26,8,220,0,0,0,12,0,0,231,0,26,12,308,44,220,76,220,84,31,12,12,2,0,12,0,220,0,26,12,220,12,0,84,0,231,12,1,0,43,0,0,220,231,0,0,0,0,1891,220,220,1,12,12,0,85,12,1,30
0,34,12,0,1087,12,0,220,220,12,4,92,0,202,8,12,0,0,1,12,0,0,254,0,0,220,308,44,238,87,12,84,31,12,220,2,0,220,0,12,0,254,220,12,220,0,84,0,0,220,1,0,92,0,0,173,202,0,0,0,0,1891,12,23,1,12,220,0,85,12,1,30
0,138,12,0,5282,220,0,12,12,12,0,100,0,173,0,220,0,0,2,12,0,0,138,1,209,12,308,44,220,76,220,84,210,12,12,2,0,12,0,220,0,138,12,220,12,0,84,0,209,12,0,0,100,0,1,220,173,0,0,0,0,1891,220,220,1,12,12,0,100,12,1,173
0,231,12,0,17376,12,0,220,220,12,0,76,0,231,0,12,0,0,0,12,0,0,26,0,231,220,54,138,12,76,12,267,231,12,220,2,0,220,0,12,1,231,220,12,220,0,267,0,25,220,0,0,20,0,0,12,26,0,0,0,0,1894,12,12,1,12,220,0,93,12,1,231
0,29,220,0,17377,220,0,12,12,220,0,97,0,51,11,220,0,0,1,220,0,0,38,0,75,12,54,138,220,76,220,267,29,220,12,0,0,12,0,220,1,38,12,220,12,0,267,0,75,12,0,0,97,0,0,220,51,0,0,0,0,1894,220,220,1,220,12,0,98,220,1,29
0,84,85,0,17378,220,0,12,123,220,0,95,0,33,0,220,0,0,2,220,0,0,81,0,116,12,54,138,220,76,220,267,122,123,34,2,0,12,0,220,1,81,12,220,85,0,267,0,116,12,0,0,95,0,0,220,33,0,0,0,0,1894,220,220,1,220,12,0,98,34,1,33
0,231,12,0,1094,220,0,12,12,12,0,62,0,2,9,220,0,0,0,12,0,0,230,0,8,12,308,44,227,76,220,84,231,12,12,2,0,12,0,220,0,232,12,220,12,0,84,0,230,12,1,0,36,0,0,6,230,0,0,0,0,1896,220,19,1,12,12,0,85,12,1,231
0,74,12,0,1095,185,0,12,12,12,0,96,0,72,0,214,0,0,1,12,0,0,75,0,121,12,308,44,220,76,180,84,120,12,12,2,0,12,0,214,0,75,12,180,12,0,84,0,121,12,1,0,96,0,0,220,72,0,0,0,0,1896,185,220,1,12,12,0,98,12,1,71
0,11,12,0,4377,220,0,12,12,12,0,72,0,95,0,220,0,0,2,12,0,0,11,0,105,12,308,44,220,76,220,84,11,12,12,2,0,12,0,220,0,87,12,220,12,0,84,0,12,12,0,0,27,0,2,220,12,0,0,0,0,1896,220,220,1,12,12,0,100,12,1,11
0,254,220,0,5113,12,0,220,220,220,0,78,0,253,7,12,0,0,0,220,0,0,2,0,251,220,308,44,12,76,12,84,254,220,220,2,0,220,0,12,0,253,220,12,220,0,84,0,40,220,1,0,12,0,0,12,115,0,0,0,0,1900,12,12,1,220,220,0,100,220,1,254
0,0,12,0,5114,220,0,12,12,12,0,79,0,81,7,220,0,0,1,12,0,0,3,0,2,12,308,44,220,76,220,84,64,12,12,2,0,12,0,220,0,238,12,220,12,0,84,0,63,12,1,0,14,0,0,220,85,0,0,0,0,1900,220,220,1,12,12,0,100,12,1,84
0,11,12,0,5605,220,0,12,12,12,0,65,0,127,0,220,0,0,2,12,0,0,18,0,125,12,308,44,220,76,220,84,11,12,12,2,0,12,0,220,0,92,12,220,12,0,84,0,21,12,0,0,25,0,9,220,21,0,0,0,0,1900,220,220,1,12,12,0,100,12,1,11
0,178,220,0,1104,12,0,12,12,220,0,68,0,231,0,12,0,0,0,220,0,0,177,0,231,12,10,13,220,100,12,2,51,220,12,0,0,12,0,12,0,231,12,12,12,0,98,0,51,12,0,0,29,0,0,220,26,0,0,0,0,1903,12,220,1,220,12,0,95,220,1,26
0,44,199,0,1105,199,0,143,99,99,0,97,0,54,0,143,0,0,1,143,0,0,44,0,39,99,10,13,199,100,99,2,39,99,143,0,0,143,0,143,0,44,199,99,199,0,98,0,39,99,0,0,97,0,0,143,54,0,0,0,0,1903,199,99,1,199,199,0,84,143,1,54
0,231,12,0,1106,12,0,12,12,12,0,99,0,187,0,12,0,0,2,12,0,0,228,0,18,12,10,13,12,86,12,2,18,12,12,0,0,12,0,12,0,228,12,12,12,0,98,0,18,12,0,0,99,0,0,12,187,0,0,0,0,1903,12,12,1,12,12,0,99,12,1,189
0,30,220,0,1108,12,0,12,12,220,0,91,0,223,0,12,0,0,0,220,0,0,34,0,30,12,10,1,220,100,12,2,30,220,12,0,0,12,0,12,0,254,12,12,12,0,137,0,33,12,0,0,5,0,8,220,34,0,0,0,0,1904,12,220,0,220,12,0,99,220,0,30
0,87,230,0,1109,230,0,209,79,79,0,97,0,39,0,209,0,0,1,209,0,0,83,0,134,79,10,1,230,100,79,137,141,79,209,0,0,209,0,209,0,83,230,79,230,0,137,0,134,79,0,0,97,0,8,209,39,0,0,0,0,1904,230,79,0,230,230,0,99,209,0,41
0,18,220,0,4357,220,0,220,220,220,0,55,0,25,0,220,0,0,2,220,0,0,66,0,29,220,10,1,220,100,220,2,25,220,220,0,0,220,0,220,0,22,220,220,220,0,137,0,72,220,0,0,42,0,6,220,66,0,0,0,0,1904,220,220,0,220,220,0,99,220,0,21
0,239,12,0,1112,220,0,220,220,12,0,82,0,24,5,220,0,0,0,12,0,0,246,0,30,220,10,1,12,100,220,76,239,12,220,0,0,220,0,220,0,196,220,220,220,0,76,0,246,220,0,0,10,0,5,12,246,0,0,0,0,1906,220,12,1,12,220,0,99,12,1,239
0,25,220,0,1113,220,0,220,220,220,0,89,0,97,0,220,0,0,1,220,0,0,19,0,159,220,10,1,220,0,220,76,160,220,220,0,0,220,0,220,0,25,220,220,220,0,76,0,105,220,0,0,8,0,5,220,53,0,0,0,0,1906,220,220,1,220,220,0,99,220,1,98
0,10,220,0,1114,220,0,220,220,220,0,54,0,101,0,220,0,0,2,220,0,0,0,0,67,220,10,1,220,100,220,76,82,220,220,0,0,220,0,220,0,1,220,220,220,0,76,0,84,220,0,0,43,0,6,220,179,0,0,0,0,1906,220,220,1,220,220,0,100,220,1,141
0,192,220,0,1118,220,0,220,220,220,0,98,1,35,7,220,0,0,0,220,0,0,205,0,55,220,10,10,220,100,220,12,54,220,220,0,0,220,0,220,0,205,220,220,220,0,12,0,55,220,0,1,98,0,0,220,35,0,0,0,0,1908,220,220,1,220,220,0,99,220,0,35
0,49,220,0,1119,220,0,220,220,220,0,89,1,79,7,220,0,0,1,220,0,0,108,0,152,220,10,10,220,100,220,12,157,220,220,0,0,220,0,220,0,48,220,220,220,0,12,0,192,220,0,1,5,0,0,220,135,0,0,0,0,1908,220,220,1,220,220,0,99,220,0,82
0,232,12,0,5292,12,0,12,12,12,0,99,1,207,0,12,0,0,2,12,0,0,231,0,57,12,10,10,12,100,12,12,59,12,12,0,0,12,0,12,0,231,12,12,12,0,12,0,57,12,0,0,99,0,8,12,207,0,0,0,0,1908,12,12,1,12,12,0,100,12,0,209
0,29,220,0,1122,12,0,220,12,220,0,84,0,37,11,12,0,0,0,220,0,0,31,0,33,220,10,1,220,76,12,1,29,220,12,3,0,220,0,12,0,205,220,12,12,0,98,0,30,220,0,0,9,0,3,220,30,0,0,0,0,1910,12,220,1,220,220,0,99,220,0,29
0,225,220,0,1123,175,0,0,6,220,0,86,0,231,9,0,0,0,1,220,0,0,229,0,231,6,10,1,220,76,6,1,34,220,0,0,0,0,0,0,0,231,175,6,175,0,1,0,38,6,0,0,11,0,3,220,45,0,0,0,0,1910,175,220,1,220,175,0,99,220,0,43
0,70,220,0,4043,220,0,220,220,220,0,86,0,149,7,220,0,0,2,220,0,0,30,0,47,220,10,1,220,76,220,1,46,220,220,0,0,220,0,220,0,69,220,220,220,0,1,0,29,220,0,0,5,0,3,220,29,0,0,0,0,1910,220,220,1,220,220,3,99,220,0,149
0,231,231,0,1124,231,0,56,67,67,0,59,0,231,7,56,0,0,0,56,0,0,0,0,231,67,10,3,231,100,67,4,231,67,56,0,0,56,0,56,0,231,231,67,231,0,4,0,168,67,0,0,34,0,0,56,96,0,0,0,0,1913,231,67,1,231,231,2,93,56,1,231
0,22,0,0,1125,25,0,36,63,169,0,90,0,156,0,36,0,0,1,149,0,0,31,0,173,63,10,3,0,100,63,4,60,169,36,0,0,36,0,36,0,31,25,63,25,0,4,0,173,63,0,0,90,0,0,149,156,0,0,0,0,1913,25,169,1,0,25,2,98,149,1,33
0,235,220,0,4368,220,0,220,220,220,0,93,0,79,7,220,0,0,2,220,0,0,234,0,42,220,10,3,220,100,220,4,44,220,220,0,0,220,0,220,0,234,220,220,220,0,4,0,42,220,0,0,93,0,0,220,79,0,0,0,0,1913,220,220,1,220,220,0,99,220,1,84
0,20,220,0,5031,220,0,220,220,220,0,68,0,45,0,220,0,0,0,220,0,0,231,0,118,220,10,8,220,100,220,94,118,220,220,0,0,220,0,220,0,21,220,220,220,0,94,0,231,220,0,0,28,0,0,220,231,0,0,0,0,1914,220,220,1,220,220,0,94,220,0,45
0,26,245,0,5032,245,0,241,200,200,0,98,0,64,0,241,0,0,1,241,0,0,26,0,61,200,10,4,245,100,200,94,61,200,241,0,0,241,0,241,0,26,245,200,245,0,13,0,61,200,0,1,98,0,0,241,64,0,0,0,0,1914,245,200,1,245,245,0,99,241,0,64
0,141,220,0,5296,220,0,220,220,220,0,65,0,82,0,220,0,0,2,220,0,0,96,0,136,220,10,8,220,100,220,94,138,220,220,0,0,220,0,220,0,138,220,220,220,0,94,0,103,220,0,0,27,0,0,220,40,0,0,0,0,1914,220,220,1,220,220,0,92,220,0,85
0,231,220,0,1879,12,0,12,12,12,0,86,0,231,3,12,0,0,0,12,0,0,1,0,231,12,10,1,12,100,12,10,231,220,12,0,0,220,0,12,0,231,220,12,12,0,10,0,62,220,0,0,13,0,0,12,107,0,1,0,0,1915,12,12,1,12,12,0,99,220,1,231
0,15,220,0,1126,220,0,220,220,220,0,94,0,95,3,220,0,0,1,220,0,0,230,0,60,220,10,1,220,100,220,10,60,220,220,0,0,220,0,220,0,15,220,220,220,0,10,0,231,220,0,0,5,0,0,220,231,0,0,0,0,1915,220,220,1,220,220,0,99,220,1,95
0,16,220,0,5297,220,0,220,220,220,0,98,0,39,7,220,0,0,2,220,0,0,21,0,68,220,10,1,220,100,220,10,58,220,220,0,0,220,0,220,0,21,220,220,220,0,10,0,68,220,0,0,98,0,0,220,39,0,0,0,0,1915,220,220,1,220,220,0,99,220,1,32
0,14,194,0,1692,220,0,220,12,12,0,57,0,66,0,220,0,0,0,12,0,0,231,0,132,220,60,49,220,14,220,89,132,15,12,0,0,12,0,220,0,14,12,220,12,0,23,0,231,12,0,0,41,0,0,220,231,0,0,0,0,1917,220,220,1,12,220,0,91,8,1,66
0,50,194,0,1693,220,0,220,12,12,0,99,0,47,8,220,0,0,1,12,0,0,51,0,69,220,60,49,220,14,220,89,68,15,12,0,0,12,0,220,0,51,12,220,12,0,23,0,69,12,0,0,99,0,0,220,47,0,0,0,0,1917,220,220,1,12,220,0,100,8,1,46
0,7,194,0,1880,220,0,220,12,12,0,100,0,116,0,220,0,0,2,12,0,0,7,0,61,220,60,49,220,14,220,89,62,15,12,0,0,12,0,220,0,7,12,220,12,0,23,0,61,12,0,0,100,0,0,220,116,0,0,0,0,1917,220,220,1,12,220,0,100,8,1,117
0,231,220,0,1127,220,0,220,12,220,0,81,0,31,11,220,0,0,0,220,0,0,233,0,43,220,14,49,197,14,220,89,231,220,12,0,0,12,0,220,0,168,12,220,12,0,23,0,233,12,0,0,18,0,0,0,233,0,0,0,0,1919,220,46,1,220,220,0,92,220,1,231
0,30,12,0,1128,12,0,12,220,12,0,91,0,231,8,12,0,0,1,12,0,0,30,0,231,12,14,49,220,14,12,89,30,12,220,0,0,220,0,12,0,231,220,12,220,0,23,0,30,220,0,0,8,0,0,220,30,0,0,0,0,1919,12,220,1,12,12,0,99,12,1,30
0,30,12,0,5260,220,0,220,12,12,0,67,0,30,0,220,0,0,2,12,0,0,112,0,30,220,14,49,220,14,220,89,30,12,12,0,0,12,0,220,0,30,12,220,12,0,23,0,220,12,0,0,7,0,0,220,181,0,0,0,0,1919,220,220,1,12,220,0,96,12,1,30
0,33,12,0,1129,220,0,12,12,12,0,68,0,56,0,220,0,0,0,12,0,0,232,0,141,12,61,49,220,14,220,89,140,12,12,2,0,12,0,220,0,34,12,220,12,0,23,0,232,12,0,0,30,0,0,220,232,0,0,0,0,1920,220,220,1,12,12,0,89,12,1,55
0,216,12,0,1130,220,0,12,12,12,0,75,0,22,7,220,0,0,1,12,0,0,34,0,22,12,61,49,220,14,220,89,22,12,12,2,0,12,0,220,0,215,12,220,12,0,23,0,141,12,0,0,23,0,0,220,55,0,0,0,0,1920,220,220,1,12,12,0,89,12,1,20
0,13,12,0,5607,220,0,12,12,12,0,85,0,115,0,220,0,0,2,12,0,0,241,1,71,12,61,49,220,14,220,89,71,12,12,2,0,12,0,220,0,13,12,220,12,0,23,0,64,12,0,0,14,0,1,220,139,0,0,0,0,1920,220,220,1,12,12,0,91,12,1,115
0,16,194,0,1131,220,0,220,12,12,0,65,0,49,2,220,0,0,0,12,0,0,16,0,38,220,60,49,220,14,220,89,43,15,12,0,0,12,0,220,0,202,12,220,12,0,23,0,43,12,0,0,33,0,0,220,27,0,0,0,0,1923,220,220,1,12,220,0,92,8,1,26
0,231,220,0,1132,220,0,220,12,220,0,51,0,29,2,220,0,0,1,220,0,0,0,0,47,220,60,49,12,14,220,89,231,220,12,0,0,12,0,220,0,16,12,220,12,0,23,0,144,12,0,0,25,0,0,12,87,0,0,0,0,1923,220,12,1,220,220,0,92,220,1,231
0,57,194,0,6560,220,0,220,12,12,0,100,0,61,0,220,0,0,2,12,0,0,53,0,57,220,60,49,220,14,220,89,61,15,12,0,0,12,0,220,0,53,12,220,12,0,23,0,57,12,0,0,100,0,3,220,61,0,0,0,0,1923,220,220,1,12,220,0,100,8,1,65
0,231,220,0,1133,220,0,12,12,220,0,88,0,67,0,220,0,0,0,220,0,0,71,0,128,12,61,49,0,14,220,89,231,220,12,2,0,12,0,220,1,32,12,220,12,0,238,0,159,12,0,0,7,0,0,28,106,0,0,0,0,1924,220,136,1,220,12,0,89,220,1,231
0,254,220,0,1134,12,0,12,220,220,0,63,0,221,7,12,0,0,1,220,0,0,253,0,222,12,61,49,12,14,12,89,101,220,220,2,0,220,0,12,1,249,220,12,220,0,238,0,107,220,0,0,21,0,0,12,92,0,0,0,0,1924,12,12,1,220,12,0,89,220,1,88
0,0,12,0,5608,220,0,12,12,12,0,85,0,118,0,220,0,0,2,12,0,0,245,1,72,12,61,49,220,14,220,89,71,12,12,2,0,12,0,220,1,0,12,220,12,0,23,0,149,12,0,0,14,0,1,220,111,0,0,0,0,1924,220,220,1,12,12,0,91,12,1,117
0,30,12,0,1135,220,0,12,220,220,4,53,0,227,20,220,0,0,0,220,0,0,203,0,227,12,13,135,220,13,220,262,30,12,220,2,0,12,0,220,1,227,12,220,220,0,262,0,48,12,1,0,42,0,10,220,24,0,0,0,0,1925,220,220,1,220,12,0,97,12,1,30
0,66,12,0,1136,220,0,12,220,220,4,98,0,43,9,220,0,0,1,220,0,0,61,0,43,12,13,135,220,13,220,262,49,12,220,2,0,12,0,220,1,61,12,220,220,0,262,0,43,12,1,0,98,0,8,220,43,0,0,0,0,1925,220,220,1,220,12,0,96,12,1,49
0,214,220,0,5609,12,0,220,25,25,4,89,0,98,0,12,0,0,2,25,0,0,46,0,123,220,13,135,12,13,12,265,123,220,25,2,0,220,0,12,1,213,220,12,25,0,265,0,65,220,1,0,8,0,10,12,48,0,0,0,0,1925,12,12,1,25,220,0,94,220,1,98
0,134,12,0,12261,220,0,12,220,220,4,82,0,175,0,220,0,0,3,220,0,0,95,0,213,12,13,135,220,13,220,262,211,12,220,2,0,12,0,220,1,133,12,220,220,0,262,0,64,12,1,0,11,0,10,220,31,0,0,0,0,1925,220,220,1,220,12,0,90,12,1,174
0,229,220,0,1137,220,0,220,12,220,0,85,0,101,0,220,0,0,0,220,0,0,231,0,29,220,60,49,12,14,220,89,229,220,12,0,0,12,0,220,0,254,12,220,12,0,23,0,231,12,0,0,13,0,0,12,231,0,0,0,0,1926,220,12,1,220,220,0,85,220,1,229
0,252,194,0,1138,12,0,12,220,12,0,84,0,231,7,12,0,0,1,12,0,0,237,0,230,12,60,49,220,14,12,89,28,15,220,0,0,220,0,12,0,233,220,12,220,0,23,0,31,220,0,0,7,0,0,220,101,0,0,0,0,1926,12,220,1,12,12,0,100,8,1,102
0,34,194,0,5610,220,0,12,12,12,0,85,0,104,0,220,0,0,2,12,0,0,233,1,75,12,60,49,220,14,220,89,74,15,12,2,0,12,0,220,0,35,12,220,12,0,23,0,146,12,0,0,14,0,1,220,118,0,0,0,0,1926,220,220,1,12,12,0,91,8,1,103
0,29,194,0,1139,12,0,12,220,12,0,94,0,231,8,12,0,0,0,12,0,0,241,0,219,12,60,49,220,14,12,89,29,15,220,0,0,220,0,12,0,241,220,12,220,0,23,0,219,220,0,0,94,0,0,220,231,0,0,0,0,1928,12,220,1,12,12,0,99,8,1,29
0,243,220,0,1140,12,0,12,220,220,0,66,0,168,7,12,0,0,1,220,0,0,30,0,5,12,60,49,12,14,12,89,5,220,220,0,0,220,0,12,0,245,220,12,220,0,23,0,30,220,0,0,32,0,0,12,30,0,0,0,0,1928,12,12,1,220,12,0,82,220,1,166
0,12,194,0,5611,220,0,220,12,12,0,93,0,118,0,220,0,0,2,12,0,0,237,2,69,220,60,49,220,14,220,89,69,15,12,0,0,12,0,220,0,13,12,220,12,0,23,0,147,12,0,0,6,0,1,220,109,0,0,0,0,1928,220,220,1,12,220,0,80,8,1,117
0,231,220,0,1141,220,0,220,12,220,0,94,0,68,8,220,0,0,0,220,0,0,42,0,62,220,60,49,12,14,220,89,231,220,12,0,0,12,0,220,0,42,12,220,12,0,23,0,62,12,0,0,94,0,0,12,68,0,0,0,0,1929,220,12,1,220,220,0,88,220,1,231
0,30,194,0,1142,220,0,220,12,12,0,96,0,39,7,220,0,0,1,12,0,0,39,0,39,220,60,49,220,14,220,89,30,15,12,0,0,12,0,220,0,39,12,220,12,0,23,0,39,12,0,0,96,0,0,220,39,0,0,0,0,1929,220,220,1,12,220,0,100,8,1,30
0,238,220,0,5612,12,0,12,220,220,0,100,0,137,0,12,0,0,2,220,0,0,238,0,63,12,60,49,12,14,12,89,64,220,220,0,0,220,0,12,0,238,220,12,220,0,23,0,63,220,0,0,100,0,0,12,137,0,0,0,0,1929,12,12,1,220,12,0,100,220,1,138
0,230,220,0,1143,220,0,220,12,220,0,71,0,32,7,220,0,0,0,220,0,0,230,0,44,220,60,49,12,14,220,89,230,220,12,0,0,12,0,220,1,117,12,220,12,0,23,0,230,12,0,1,26,0,0,12,230,0,0,0,0,1930,220,12,1,220,220,0,90,220,1,230
0,29,194,0,1144,12,0,12,220,12,0,86,0,104,0,12,0,0,1,12,0,0,33,0,175,12,60,49,220,14,12,89,29,15,220,0,0,220,0,12,1,225,220,12,220,0,23,0,31,220,0,1,11,0,0,220,31,0,0,0,0,1930,12,220,1,12,12,0,90,8,1,29
0,0,194,0,5613,220,0,220,12,12,0,100,0,113,0,220,0,0,2,12,0,0,0,0,75,220,60,49,220,14,220,89,74,15,12,0,0,12,0,220,1,0,12,220,12,0,23,0,75,12,0,0,100,0,0,220,113,0,0,0,0,1930,220,220,1,12,220,0,100,8,1,112
0,229,220,0,1145,220,0,220,12,220,0,60,0,77,0,220,0,0,0,220,0,0,227,0,169,220,60,49,12,14,220,89,229,220,12,0,0,12,0,220,0,0,12,220,12,0,23,0,230,12,0,0,30,0,0,12,228,0,0,0,0,1931,220,12,1,220,220,0,82,220,1,229
0,46,194,0,1146,220,0,220,12,12,0,60,0,46,0,220,0,0,1,12,0,0,231,0,65,220,60,49,220,14,220,89,65,15,12,0,0,12,0,220,0,45,12,220,12,0,23,0,231,12,0,0,31,0,0,220,231,0,1,0,0,1931,220,220,1,12,220,0,89,8,1,46
0,200,220,0,13226,12,0,12,220,220,0,95,0,115,0,12,0,0,2,220,0,0,200,0,53,12,60,49,12,14,12,89,54,220,220,0,0,220,0,12,0,200,220,12,220,0,23,0,53,220,0,0,95,0,0,12,115,0,0,0,0,1931,12,12,1,220,12,0,94,220,1,116
0,231,220,0,1147,220,0,220,12,220,0,92,0,9,8,220,0,0,0,220,0,0,185,0,41,220,60,49,12,14,220,89,231,220,12,0,0,12,0,220,0,231,12,220,12,0,23,0,43,12,0,1,5,0,0,12,40,0,0,0,0,1932,220,12,1,220,220,0,97,220,1,231
0,231,220,0,1148,12,0,12,220,220,0,87,0,230,8,12,0,0,1,220,0,0,157,0,230,12,60,49,12,14,12,89,231,220,220,0,0,220,0,12,0,230,220,12,220,0,23,0,162,220,0,1,8,0,0,12,160,0,0,0,0,1932,12,12,1,220,12,0,97,220,1,231
0,99,220,0,5614,12,0,12,220,220,0,98,0,181,0,12,0,0,2,220,0,0,96,0,221,12,60,49,12,14,12,89,213,220,220,0,0,220,0,12,0,96,220,12,220,0,23,0,221,220,0,0,98,0,0,12,181,0,0,0,0,1932,12,12,1,220,12,0,100,220,1,159
0,10,194,0,1149,220,0,12,12,12,0,62,0,33,0,220,-1,0,0,12,0,0,87,0,63,12,60,49,220,14,220,89,63,15,12,0,0,12,0,220,0,10,12,220,12,0,238,0,229,12,0,0,31,0,0,220,180,0,0,0,0,1933,220,220,1,12,12,0,99,8,1,33
0,230,220,0,1150,12,0,220,220,220,0,89,0,202,0,12,-1,0,1,220,0,0,36,0,17,220,60,49,12,14,12,89,17,220,220,0,0,220,0,12,0,232,220,12,220,0,23,0,103,220,0,0,9,0,0,12,46,0,0,0,0,1933,12,12,1,220,220,0,99,220,1,201
0,230,220,0,5615,12,0,220,220,220,0,85,0,18,0,12,-1,0,2,220,0,0,29,0,149,220,60,49,12,14,12,89,147,220,220,0,0,220,0,12,0,232,220,12,220,0,23,0,29,220,0,0,14,0,0,12,29,0,0,0,0,1933,12,12,1,220,220,0,93,220,1,18
0,231,220,0,1151,220,0,220,12,220,0,82,0,0,0,220,0,0,0,220,0,0,231,0,7,220,61,49,167,14,220,89,231,220,12,0,0,12,0,220,0,167,12,220,12,0,23,0,231,12,0,0,14,0,0,0,231,0,0,0,0,1934,220,7,1,220,220,0,93,220,1,231
0,47,12,0,1152,12,0,12,220,12,0,84,0,231,0,12,0,0,1,12,0,0,47,0,231,12,61,49,220,14,12,89,106,12,220,0,0,220,0,12,0,231,220,12,220,0,23,0,106,220,0,0,14,0,0,220,57,0,0,0,0,1934,12,220,1,12,12,0,93,12,1,57
0,239,220,0,5616,12,0,12,220,220,0,100,0,249,0,12,0,0,2,220,0,0,239,0,135,12,61,49,12,14,12,89,135,220,220,0,0,220,0,12,0,239,220,12,220,0,23,0,135,220,0,0,100,0,0,12,249,0,0,0,0,1934,12,12,1,220,12,0,100,220,1,249
0,0,12,0,1153,220,0,220,12,12,0,68,0,110,7,220,0,0,0,12,0,0,228,0,181,220,61,49,220,14,220,89,177,12,12,0,0,12,0,220,0,0,12,220,12,0,23,0,214,12,0,0,26,0,0,220,225,0,0,0,0,1935,220,220,1,12,220,0,95,12,1,108
0,17,12,0,1154,0,0,55,220,12,0,83,0,212,7,28,0,0,1,12,0,0,23,0,95,133,61,49,220,14,136,89,175,12,220,0,0,220,0,28,0,252,220,136,220,0,23,0,178,220,0,0,12,0,0,220,110,0,0,0,0,1935,0,220,1,12,4,0,95,12,1,103
0,235,220,0,5617,12,0,220,220,220,0,85,0,85,0,12,0,0,2,220,0,0,29,1,55,220,61,49,12,14,12,89,54,220,220,2,0,220,0,12,0,235,220,12,220,0,23,0,29,220,0,0,14,0,1,12,29,0,0,0,0,1935,12,12,1,220,220,0,91,220,1,84
0,35,220,0,1155,12,0,12,220,220,0,48,0,254,7,12,0,0,0,220,0,0,181,0,254,12,61,49,197,14,12,89,32,220,220,0,0,220,0,12,0,254,220,12,220,0,23,0,31,220,0,0,41,0,0,0,14,0,0,0,0,1936,12,46,1,220,12,0,94,220,1,31
0,254,220,0,1156,12,0,12,220,220,0,91,0,254,7,12,0,0,1,220,0,0,4,0,254,12,61,49,12,14,12,89,254,220,220,0,0,220,0,12,0,254,220,12,220,0,23,0,50,220,0,0,6,0,0,12,24,0,0,0,0,1936,12,12,1,220,12,0,94,220,1,254
0,29,12,0,5618,220,0,220,12,12,0,100,0,31,0,220,0,0,2,12,0,0,29,0,34,220,61,49,220,14,220,89,34,12,12,0,0,12,0,220,0,29,12,220,12,0,23,0,34,12,0,0,100,0,0,220,31,0,0,0,0,1936,220,220,1,12,220,0,100,12,1,31
0,30,12,0,1157,220,0,220,12,12,0,74,0,29,0,220,0,0,0,12,0,0,241,0,29,220,61,49,220,14,220,89,30,12,12,0,0,12,0,220,0,29,12,220,12,0,23,0,241,12,1,0,23,0,0,220,241,0,0,0,0,1937,220,220,1,12,220,0,90,12,1,30
0,0,12,0,1158,220,0,220,12,12,0,85,0,98,0,220,0,0,1,12,0,0,230,0,54,220,61,49,220,14,220,89,54,12,12,0,0,12,0,220,0,0,12,220,12,0,23,0,230,12,1,0,12,0,0,220,230,0,0,0,0,1937,220,220,1,12,220,0,90,12,1,96
0,226,220,0,5619,12,0,12,220,220,1,97,0,228,0,12,0,0,2,220,0,0,227,0,51,12,61,49,12,14,12,89,50,220,220,0,0,220,0,12,0,227,220,12,220,0,23,0,51,220,0,0,97,0,0,12,228,0,0,0,0,1937,12,12,1,220,12,0,100,220,1,227
0,1,194,0,1159,220,0,12,12,12,0,97,0,79,8,220,0,0,0,12,0,0,3,0,170,12,60,49,220,14,220,89,172,15,12,2,0,12,0,220,0,3,12,220,12,0,23,0,170,12,0,0,97,0,0,220,79,0,0,0,0,1938,220,220,1,12,12,0,100,8,1,78
0,101,12,0,1160,220,0,12,12,12,0,94,0,109,0,220,0,0,1,12,0,0,101,0,87,12,60,49,220,14,220,89,87,12,12,0,0,12,0,220,0,101,12,220,12,0,23,0,87,12,0,0,94,0,0,220,109,0,0,0,0,1938,220,220,1,12,12,0,100,12,1,109
0,190,220,0,5281,12,0,12,220,220,1,100,0,196,0,12,0,0,2,220,0,0,191,0,45,12,60,49,12,14,12,89,45,220,220,0,0,220,0,12,0,191,220,12,220,0,23,0,45,220,0,0,100,0,0,12,196,0,0,0,0,1938,12,12,1,220,12,0,100,220,1,194
0,231,220,0,1161,144,0,12,220,220,0,54,0,113,7,114,0,0,0,220,0,0,231,0,181,12,60,49,144,14,75,89,231,220,220,0,0,220,0,114,0,14,220,75,220,0,23,0,231,220,0,0,41,0,5,114,231,0,0,0,0,1939,144,75,1,220,12,0,98,220,1,231
0,16,194,0,1162,12,0,12,220,12,0,90,0,242,0,12,0,0,1,12,0,0,20,0,228,12,60,49,220,14,12,89,84,15,220,0,0,220,0,12,0,254,220,12,220,0,23,0,84,220,0,0,7,0,5,220,58,0,0,0,0,1939,12,220,1,12,12,0,97,8,1,56
0,241,12,0,5258,220,0,12,12,12,0,100,0,88,0,220,0,0,2,12,0,0,242,0,40,12,60,49,220,14,220,89,40,12,12,2,0,12,0,220,0,242,12,220,12,0,23,0,40,12,0,0,100,0,0,220,88,0,0,0,0,1939,220,220,1,12,12,0,100,12,1,88
0,11,194,0,1163,0,0,220,220,12,0,77,0,197,0,28,0,0,0,12,0,0,11,0,38,220,60,49,220,14,136,89,128,15,220,0,0,220,0,28,1,247,220,136,220,0,23,0,128,220,0,0,21,0,0,220,72,0,0,0,0,1940,0,220,1,12,220,0,88,8,1,72
0,2,194,0,1164,220,0,12,12,12,0,90,0,26,0,220,0,0,1,12,0,0,0,0,55,12,60,49,220,14,220,89,50,15,12,0,0,12,0,220,1,1,12,220,12,0,23,0,131,12,0,0,8,0,0,220,65,0,0,0,0,1940,220,220,1,12,12,0,99,8,1,24
0,13,220,0,6063,12,0,220,220,220,0,92,0,130,0,12,0,0,2,220,0,0,29,0,74,220,60,49,12,14,12,89,74,220,220,0,0,220,0,12,1,13,220,12,220,0,23,0,29,220,0,0,7,0,0,12,29,0,0,0,0,1940,12,12,1,220,220,0,93,220,1,129
0,36,12,0,1167,220,0,12,220,220,0,51,0,31,0,220,0,0,0,220,0,0,186,0,32,12,13,135,220,13,220,262,32,12,220,2,0,12,0,220,1,36,12,220,220,0,262,0,47,12,1,0,41,0,0,220,30,0,0,0,0,1943,220,220,1,220,12,0,99,12,1,31
0,14,12,0,1168,220,0,12,220,220,0,80,0,76,0,220,0,0,1,220,0,0,32,0,140,12,13,135,220,13,220,262,140,12,220,2,0,12,0,220,1,14,12,220,220,0,262,0,32,12,1,0,18,0,0,220,32,0,0,0,0,1943,220,220,1,220,12,0,100,12,1,76
0,183,220,0,5621,28,0,220,99,99,0,90,0,214,0,30,0,0,2,41,0,0,45,0,71,220,13,135,28,13,77,265,61,220,41,2,0,220,0,30,0,186,220,77,33,0,265,0,100,220,1,0,8,0,0,30,77,0,0,0,0,1943,28,77,1,33,220,0,93,220,1,212
0,225,220,0,6106,12,0,12,25,220,0,92,0,164,0,12,0,0,3,220,0,0,87,0,179,12,13,135,12,13,2,262,170,220,25,2,0,220,0,12,1,221,220,12,25,0,265,0,108,220,1,0,7,0,0,12,70,0,0,0,0,1943,12,12,1,220,12,0,100,220,1,151
0,26,12,0,6561,12,0,12,220,12,0,71,0,163,7,12,0,0,0,12,0,0,29,0,11,12,61,49,220,14,12,89,26,12,220,0,0,220,0,12,0,254,220,12,220,0,23,0,29,220,0,0,26,0,0,220,29,0,0,0,0,1944,12,220,1,12,12,0,99,12,1,26
0,210,220,0,6562,12,0,12,220,220,0,69,0,241,0,12,0,0,1,220,0,0,0,0,228,12,61,49,12,14,12,89,196,220,220,0,0,220,0,12,0,244,220,12,220,0,23,0,66,220,0,0,30,0,0,12,110,0,0,0,0,1944,12,12,1,220,12,0,99,220,1,208
0,29,12,0,6563,220,0,220,12,12,0,92,0,87,0,220,0,0,2,12,0,0,221,0,60,220,61,49,220,14,220,89,59,12,12,0,0,12,0,220,0,30,12,220,12,0,23,0,221,12,0,0,5,0,0,220,221,0,0,0,0,1944,220,220,1,12,220,0,100,12,1,86
0,231,220,0,1173,220,0,12,12,220,0,84,0,19,8,220,0,0,0,220,0,0,230,0,45,12,14,49,197,14,220,89,231,220,12,0,0,12,0,220,0,206,12,220,12,0,23,0,229,12,0,0,13,0,0,0,229,0,0,0,0,1947,220,46,1,220,12,0,99,220,1,231
0,0,12,0,1174,12,0,220,220,12,0,82,0,207,8,12,0,0,1,12,0,0,2,0,2,220,14,49,220,14,12,89,63,12,220,0,0,220,0,12,0,253,220,12,220,0,23,0,67,220,0,0,14,0,0,220,87,0,0,0,0,1947,12,220,1,12,220,0,99,12,1,87
0,145,220,0,12333,12,0,220,220,220,0,90,0,226,0,12,0,0,2,220,0,0,29,0,198,220,14,49,12,14,12,89,201,220,220,0,0,220,0,12,0,140,220,12,220,0,23,0,27,220,0,0,7,0,0,12,29,0,0,0,0,1947,12,12,1,220,220,2,99,220,1,228
0,26,12,0,4312,0,0,220,220,12,0,67,0,184,11,15,0,0,0,12,0,0,29,0,0,220,14,49,220,14,72,89,64,12,220,2,0,220,0,15,1,231,220,72,220,0,238,0,71,220,0,0,32,0,0,220,40,0,0,0,0,1951,0,220,1,12,220,2,99,12,1,37
0,29,12,0,4311,220,0,12,220,12,0,97,0,36,0,220,0,0,1,12,0,0,36,0,36,12,14,49,220,14,220,89,29,12,220,0,0,12,0,220,1,36,12,220,220,0,23,0,36,12,0,0,97,0,0,220,36,0,0,0,0,1951,220,220,1,12,12,0,99,12,1,29
0,0,12,0,5626,220,0,220,12,12,0,89,0,148,19,220,0,0,2,12,0,0,228,0,90,220,14,49,220,14,220,89,91,12,12,0,0,12,0,220,1,0,12,220,12,0,23,0,230,12,0,0,10,0,0,220,231,0,0,0,0,1951,220,220,1,12,220,0,99,12,1,150
0,29,12,0,1179,12,0,12,220,12,0,76,0,137,8,12,0,0,0,12,0,0,32,0,35,12,14,49,220,14,12,89,29,12,220,0,0,220,0,12,1,231,220,12,220,0,23,0,29,220,0,0,21,0,0,220,31,0,0,0,0,1952,12,220,1,12,12,0,95,12,1,29
0,231,12,0,1180,220,0,220,12,12,0,89,0,26,8,220,0,0,1,12,0,0,224,0,25,220,14,49,220,14,220,89,31,12,12,0,0,12,0,220,1,26,12,220,12,0,23,0,36,12,0,0,6,0,0,220,133,0,0,0,0,1952,220,220,1,12,220,0,95,12,1,134
0,104,12,0,4007,220,0,220,12,12,0,98,0,33,0,220,0,0,2,12,0,0,102,0,103,220,14,49,220,14,220,89,106,12,12,0,0,12,0,220,1,102,12,220,12,0,23,0,103,12,0,0,98,0,0,220,33,0,0,0,0,1952,220,220,1,12,220,0,94,12,1,34
0,224,194,0,1187,220,0,12,12,12,0,91,0,4,0,220,0,0,0,12,0,0,33,0,33,12,60,49,220,14,220,89,31,15,12,2,0,12,0,220,0,225,12,220,12,0,23,0,25,12,0,1,6,0,0,220,24,0,0,0,0,1958,220,220,1,12,12,0,97,8,1,6
0,149,194,0,1188,220,0,12,12,12,0,84,0,156,7,220,0,0,1,12,0,0,202,0,110,12,60,49,220,14,220,89,106,15,12,2,0,12,0,220,0,154,12,220,12,0,23,0,163,12,0,1,13,0,0,220,204,0,1,0,0,1958,220,220,1,12,12,0,95,8,1,151
0,228,220,0,5629,12,0,220,220,220,0,100,0,228,0,12,0,0,2,220,0,0,228,0,51,220,60,49,12,14,12,89,51,220,220,2,0,220,0,12,0,228,220,12,220,0,23,0,51,220,0,0,100,0,0,12,228,0,0,0,0,1958,12,12,1,220,220,0,100,220,1,228
0,232,220,0,1191,12,0,12,220,220,0,98,0,227,0,12,0,0,0,220,0,0,227,0,227,12,14,49,12,14,12,89,232,220,220,0,0,220,0,12,1,227,220,12,220,0,23,0,227,220,0,0,98,0,5,12,227,0,0,0,0,1960,12,12,1,220,12,0,96,220,1,232
0,27,12,0,1192,220,0,220,12,12,0,97,0,60,0,220,0,0,1,12,0,0,69,0,65,220,14,49,220,14,220,89,53,12,12,0,0,12,0,220,1,69,12,220,12,0,23,0,65,12,0,0,97,0,5,220,60,0,0,0,0,1960,220,220,1,12,220,0,99,12,1,60
0,242,220,0,4000,12,0,12,220,220,0,98,0,230,0,12,0,0,2,220,0,0,241,0,28,12,14,49,12,14,12,89,28,220,220,0,0,220,0,12,1,241,220,12,220,0,23,0,28,220,0,0,98,0,8,12,230,0,0,0,0,1960,12,12,1,220,12,0,99,220,1,235
0,231,220,0,1193,220,0,220,12,220,0,93,0,77,7,220,0,0,0,220,0,0,230,0,134,220,60,49,0,60,220,89,231,220,12,0,0,12,0,220,1,30,12,220,12,0,23,0,230,12,1,0,5,0,0,28,230,0,0,0,0,1961,220,136,1,220,220,0,96,220,1,231
0,15,12,0,1194,12,0,220,220,12,0,84,0,216,0,12,0,0,1,12,0,0,15,0,176,220,60,49,220,60,12,89,75,12,220,0,0,220,0,12,1,204,220,12,220,0,23,0,75,220,1,0,13,0,0,220,60,0,0,0,0,1961,12,220,1,12,220,0,90,12,1,60
0,29,12,0,5630,220,0,220,12,12,0,92,0,30,0,220,0,0,2,12,0,0,94,0,30,220,60,49,220,60,220,89,29,12,12,0,0,12,0,220,1,30,12,220,12,0,23,0,94,12,0,0,7,0,0,220,99,0,0,0,0,1961,220,220,1,12,220,0,91,12,1,29
0,0,12,0,1195,220,0,12,12,12,0,74,0,56,0,220,0,0,0,12,0,0,227,0,158,12,61,49,220,14,220,89,160,12,12,2,0,12,0,220,0,4,12,220,12,0,23,0,227,12,0,0,24,0,0,220,227,0,0,0,0,1962,220,220,1,12,12,0,95,12,1,54
0,37,12,0,1196,220,0,220,12,12,0,93,0,39,2,220,0,0,1,12,0,0,236,0,42,220,61,49,220,14,220,89,37,12,12,0,0,12,0,220,0,37,12,220,12,0,23,0,236,12,0,0,6,0,0,220,236,0,0,0,0,1962,220,220,1,12,220,0,99,12,1,37
0,252,220,0,4391,12,0,12,220,220,0,96,0,214,0,12,0,0,2,220,0,0,252,0,103,12,61,49,12,14,12,89,103,220,220,0,0,220,0,12,0,252,220,12,220,0,23,0,103,220,0,0,96,0,0,12,214,0,0,0,0,1962,12,12,1,220,12,0,100,220,1,215
0,8,254,0,1199,0,0,90,16,16,0,93,0,216,0,90,0,0,0,233,0,0,13,0,26,167,54,138,254,76,167,267,166,16,233,0,0,233,0,90,1,244,254,167,254,0,267,0,164,16,0,0,6,0,0,233,94,0,0,0,0,1968,0,16,1,254,0,0,94,233,1,92
0,29,202,0,1200,202,0,186,38,159,0,96,0,20,0,186,0,0,1,186,0,0,134,0,39,159,54,138,202,76,159,267,29,159,20,0,0,20,0,186,1,134,120,159,120,0,267,0,39,38,0,0,96,0,0,186,20,0,0,0,0,1968,202,159,1,202,202,0,95,186,1,29
0,79,220,0,7920,220,0,220,123,220,0,97,0,34,7,220,0,0,2,220,0,0,80,0,116,220,54,138,220,76,220,267,114,220,34,0,0,34,0,220,1,80,85,220,85,0,267,0,116,123,0,0,97,0,0,220,34,0,0,0,0,1968,220,220,1,220,220,0,97,220,1,34
0,149,220,0,1201,220,0,220,220,220,0,96,0,12,0,220,0,0,0,220,0,0,12,0,12,220,10,1,220,76,220,1,18,220,220,0,0,220,0,220,1,12,220,220,220,0,1,0,12,220,0,0,96,0,0,220,12,0,0,0,0,1971,220,220,0,220,220,0,99,220,0,18
0,6,222,0,1202,7,0,58,48,210,0,93,0,213,14,58,0,0,1,216,0,0,6,0,206,48,10,1,222,76,48,1,48,210,58,0,0,58,0,58,1,218,7,48,7,0,1,0,49,48,0,0,6,0,0,216,59,0,0,0,0,1971,7,210,0,222,7,0,99,216,0,58
0,159,12,0,4702,12,0,12,12,12,0,96,0,201,7,12,0,0,2,12,0,0,153,0,151,12,10,1,12,76,12,1,158,12,12,0,0,12,0,12,1,153,12,12,12,0,1,0,151,12,0,0,96,0,0,12,201,0,0,0,0,1971,12,12,0,12,12,0,98,12,0,207
100004,18,232,0,12291,35,0,48,75,76,0,58,0,224,0,48,0,0,0,227,0,0,18,0,74,75,0,1,232,100,75,1,69,76,48,0,0,48,0,48,0,229,35,75,35,0,1,0,68,75,1,0,40,0,0,227,39,0,0,0,0,2014,35,76,1,232,35,0,100,227,1,39
100004,231,77,0,12292,77,0,107,135,135,0,95,0,231,0,107,0,0,1,107,0,0,229,0,232,135,0,1,77,100,135,1,231,135,107,0,0,107,0,107,0,229,77,135,77,0,1,0,232,135,1,0,95,0,8,107,231,0,1,0,0,2014,77,135,1,77,77,0,100,107,1,231
100004,34,220,0,12293,220,0,220,220,220,0,94,0,127,0,220,0,0,2,220,0,0,34,0,95,220,0,1,220,100,220,1,95,220,220,0,0,220,0,220,0,34,220,220,220,0,1,0,103,220,0,0,5,0,0,220,170,0,0,0,0,2014,220,220,1,220,220,0,95,220,1,127
0,0,220,0,9492,220,0,220,220,220,0,92,0,84,0,220,0,0,0,220,0,0,0,0,182,220,80,1,220,76,220,12,182,220,220,0,0,220,0,220,0,0,220,220,220,80,12,0,182,220,1,0,92,0,9,220,84,0,0,0,0,2017,220,220,1,220,220,0,81,220,0,84
0,246,12,0,9493,12,0,12,12,12,0,92,0,246,0,12,0,0,1,12,0,0,246,0,246,12,80,1,12,76,12,12,246,12,12,0,0,12,0,12,0,246,12,12,12,80,12,0,246,12,1,0,92,0,9,12,246,0,0,0,0,2017,12,12,1,12,12,0,84,12,0,246
0,230,12,0,9494,220,0,220,220,12,1,100,0,172,0,220,0,0,2,12,0,0,231,1,43,220,0,1,12,84,220,10,45,12,220,0,0,220,0,220,0,231,220,220,220,80,10,0,43,220,0,0,100,0,9,12,172,0,0,0,0,2017,220,12,1,12,220,0,91,12,0,188
0,18,220,0,3464,220,0,220,0,220,0,90,0,117,19,220,0,0,0,220,0,0,233,0,7,220,32,1,220,76,220,94,7,220,95,0,0,220,0,220,0,18,220,220,0,0,94,0,233,220,0,0,7,0,0,220,234,0,0,0,0,2038,220,220,1,220,220,0,91,220,1,118
0,254,0,0,3465,0,0,95,220,0,0,90,0,254,19,95,0,0,1,95,0,0,18,0,254,0,32,1,0,76,0,94,254,0,220,0,0,95,0,95,0,254,0,0,220,0,94,0,40,0,0,0,6,0,0,95,107,0,0,0,0,2038,0,0,1,0,0,0,91,95,1,254
0,240,220,0,6122,220,0,220,98,220,0,90,0,0,19,220,0,0,2,220,0,0,234,0,90,220,32,1,220,76,220,94,91,220,0,0,0,220,0,220,0,240,220,220,245,0,94,0,234,220,0,0,7,0,0,220,233,0,0,0,0,2038,220,220,1,220,220,0,91,220,1,0
0,219,220,0,1213,250,0,2,2,220,0,92,0,252,7,2,0,0,0,220,0,0,219,0,252,2,41,1,220,76,2,4,0,220,2,0,0,2,0,2,0,252,250,2,250,0,4,0,1,2,0,0,6,0,0,220,1,0,0,0,0,2041,250,220,1,220,250,0,98,220,1,0
0,222,220,0,1214,220,0,220,220,220,0,96,0,0,0,220,0,0,1,220,0,0,213,0,0,220,41,1,220,76,220,3,0,220,220,0,0,220,0,220,0,213,220,220,220,0,3,0,0,220,0,0,96,0,0,220,0,0,0,0,0,2041,220,220,1,220,220,0,98,220,1,0
0,96,12,0,5634,12,0,12,12,12,0,96,0,135,0,12,0,0,2,12,0,0,95,0,44,12,41,1,12,86,12,4,45,12,12,0,0,12,0,12,0,95,12,12,12,0,4,0,44,12,0,0,96,0,0,12,135,0,1,0,0,2041,12,12,1,12,12,0,94,12,1,135
83,20,220,0,1885,220,0,220,53,220,0,84,0,21,8,220,0,0,0,220,0,0,14,0,23,220,0,134,220,76,220,261,45,220,53,0,0,220,0,220,0,167,220,220,213,0,261,0,37,220,0,0,13,0,0,220,18,0,0,0,0,2055,220,220,1,220,220,0,99,220,1,25
83,230,21,0,1884,21,0,26,220,46,0,90,0,224,8,26,0,0,1,26,0,0,21,0,224,46,0,134,21,76,46,261,230,46,220,0,0,26,0,26,0,224,21,46,220,0,261,0,45,46,0,0,8,0,0,26,26,0,0,0,0,2055,21,46,1,21,21,0,93,26,1,230
83,180,21,0,4622,21,0,26,29,46,0,90,0,208,8,26,0,0,2,26,0,0,223,0,7,46,0,134,21,76,46,261,28,46,204,0,0,26,0,26,0,189,21,46,179,0,261,0,223,46,0,0,7,0,0,26,223,0,0,0,0,2055,21,46,1,21,21,0,93,26,1,206
83,158,24,0,1887,24,0,45,199,90,0,94,0,202,7,45,0,0,0,45,0,0,159,0,222,90,0,134,24,76,90,261,222,90,180,0,0,45,0,45,0,159,24,90,141,0,261,0,222,90,0,0,94,0,0,45,202,0,0,0,0,2056,24,90,1,24,24,0,97,45,1,201
83,231,24,0,1886,24,0,45,220,90,0,95,0,232,7,45,0,0,1,45,0,0,231,0,232,90,0,134,24,76,90,261,231,90,220,0,0,45,0,45,0,231,24,90,220,0,261,0,232,90,0,0,95,0,0,45,232,0,0,0,0,2056,24,90,1,24,24,0,97,45,1,231
83,218,220,0,4569,220,0,220,29,220,0,94,0,32,7,220,0,0,2,220,0,0,219,0,28,220,0,134,220,76,220,261,27,220,41,0,0,220,0,220,0,219,220,220,217,0,261,0,28,220,0,0,94,0,0,220,32,0,0,0,0,2056,220,220,1,220,220,0,97,220,1,31
0,30,12,0,1698,12,0,0,12,12,0,91,0,204,0,12,-1,0,2,12,0,0,32,0,38,0,0,1,12,76,12,1,30,12,12,0,0,12,0,12,0,225,12,12,12,0,10,0,30,12,0,0,7,0,0,12,30,0,0,0,0,5000,12,12,1,12,0,0,97,12,0,30
0,30,12,0,1699,12,0,0,12,12,0,91,0,65,0,12,-1,0,2,12,0,0,31,0,191,0,0,1,12,76,12,1,30,12,12,0,0,12,0,12,0,191,12,12,12,0,10,0,31,12,0,0,7,0,0,12,30,0,0,0,0,5001,12,12,1,12,0,0,97,12,0,30
0,30,12,0,1700,12,0,0,12,12,0,91,0,186,0,12,-1,0,2,12,0,0,30,0,92,0,0,1,12,76,12,1,30,12,12,0,0,12,0,12,0,65,12,12,12,0,10,0,30,12,0,0,7,0,0,12,31,0,0,0,0,5002,12,12,1,12,0,0,97,12,0,30
0,39,12,0,1701,12,0,0,12,12,0,85,0,150,0,12,-1,0,2,12,0,0,144,0,195,0,0,1,12,76,12,1,196,12,12,0,0,12,0,12,0,38,12,12,12,0,10,0,223,12,0,0,14,0,0,12,189,0,0,0,0,5003,12,12,1,12,0,0,100,12,0,151
0,8,220,0,1702,220,0,0,220,220,0,85,0,17,0,220,-1,0,2,220,0,0,66,0,42,0,0,1,220,76,220,1,43,220,220,0,0,220,0,220,0,7,220,220,220,0,10,0,205,220,0,0,14,0,0,220,111,0,0,0,0,5004,220,220,1,220,0,0,100,220,0,18
0,59,220,0,1703,220,0,0,220,220,0,85,0,18,0,220,-1,0,2,220,0,0,197,0,95,0,0,1,220,76,220,1,95,220,220,0,0,220,0,220,0,59,220,220,220,0,10,0,231,220,0,0,14,0,0,220,74,0,0,0,0,5005,220,220,1,220,0,0,100,220,0,18
0,30,220,0,3312,220,0,0,220,220,0,90,0,86,0,220,-1,0,2,220,0,0,25,0,88,0,0,1,220,76,220,1,30,220,220,0,0,220,0,220,0,11,220,220,220,0,10,0,26,220,0,0,9,0,0,220,26,0,0,0,0,5006,220,220,1,220,0,0,100,220,0,30
0,30,12,0,3313,12,0,0,12,12,0,90,0,85,0,12,-1,0,2,12,0,0,27,0,34,0,0,1,12,76,12,1,30,12,12,0,0,12,0,12,0,222,12,12,12,0,10,0,26,12,0,0,9,0,0,12,26,0,0,0,0,5007,12,12,1,12,0,0,100,12,0,30
0,30,12,0,3314,12,0,0,12,12,0,90,0,28,0,12,-1,0,2,12,0,0,27,0,140,0,0,1,12,76,12,1,30,12,12,0,0,12,0,12,0,206,12,12,12,0,10,0,27,12,0,0,9,0,0,12,26,0,0,0,0,5008,12,12,1,12,0,0,100,12,0,30
0,30,12,0,3315,12,0,0,12,12,0,96,0,170,0,12,-1,0,2,12,0,0,225,0,34,0,0,1,12,76,12,1,29,12,12,0,0,12,0,12,0,225,12,12,12,0,10,0,34,12,0,0,96,0,0,12,170,0,0,0,0,5009,12,12,1,12,0,0,90,12,0,30
0,30,12,0,3316,12,0,0,12,12,0,96,0,216,0,12,-1,0,2,12,0,0,121,0,121,0,0,1,12,76,12,1,30,12,12,0,0,12,0,12,0,121,12,12,12,0,10,0,121,12,0,0,96,0,0,12,216,0,0,0,0,5010,12,12,1,12,0,0,90,12,0,30
0,29,12,0,3317,12,0,0,12,12,0,96,0,216,0,12,-1,0,2,12,0,0,97,0,200,0,0,1,12,76,12,1,30,12,12,0,0,12,0,12,0,97,12,12,12,0,10,0,200,12,0,0,96,0,0,12,216,0,0,0,0,5011,12,12,1,12,0,0,90,12,0,30
0,30,12,0,3318,12,0,0,12,12,0,100,0,174,0,12,-1,0,2,12,0,0,225,0,69,0,0,1,12,76,12,1,29,12,12,0,0,12,0,12,0,225,12,12,12,0,10,0,69,12,0,0,100,0,0,12,174,0,0,0,0,5012,12,12,1,12,0,0,90,12,0,30
0,30,12,0,3319,12,0,0,12,12,0,64,0,26,0,12,-1,0,2,12,0,0,66,0,26,0,0,1,12,76,12,1,29,12,12,0,0,12,0,12,0,155,12,12,12,0,10,0,11,12,0,0,35,0,0,12,11,0,0,0,0,5013,12,12,1,12,0,0,90,12,0,29
0,30,220,0,3320,220,0,0,220,220,0,64,0,33,0,220,-1,0,2,220,0,0,66,0,171,0,0,1,220,76,220,1,30,220,220,0,0,220,0,220,0,171,220,220,220,0,10,0,66,220,0,0,35,0,0,220,8,0,0,0,0,5014,220,220,1,220,0,0,90,220,0,29
0,29,12,0,3321,12,0,0,12,12,0,59,0,126,0,12,-1,0,2,12,0,0,30,0,246,0,0,1,12,76,12,1,29,12,12,0,0,12,0,12,0,52,12,12,12,0,10,0,30,12,0,0,33,0,0,12,30,0,0,0,0,5015,12,12,1,12,0,0,100,12,0,29
0,29,12,0,3322,12,0,0,12,12,0,60,0,232,0,12,-1,0,2,12,0,0,30,0,81,0,0,1,12,76,12,1,29,12,12,0,0,12,0,12,0,170,12,12,12,0,10,0,30,12,0,0,33,0,0,12,30,0,0,0,0,5016,12,12,1,12,0,0,100,12,0,29
0,168,220,0,3323,220,0,0,220,220,0,60,0,66,0,220,-1,0,2,220,0,0,169,0,66,0,0,1,220,76,220,1,81,220,220,0,0,220,0,220,0,66,220,220,220,0,10,0,81,220,0,0,25,0,0,220,232,0,0,0,0,5017,220,220,1,220,0,0,98,220,0,231
0,26,220,0,3324,12,0,0,12,220,0,95,0,148,0,12,-1,0,2,220,0,0,76,0,237,0,0,1,220,76,12,1,26,220,12,0,0,12,0,12,0,76,12,12,12,0,10,0,237,12,0,0,95,0,0,220,148,0,0,0,0,5018,12,220,1,220,0,0,100,220,0,26
0,26,220,0,5168,12,0,0,12,220,0,94,0,100,0,12,-1,0,2,220,0,0,221,0,43,0,0,1,220,76,12,1,26,220,12,0,0,12,0,12,0,212,12,12,12,0,10,0,221,12,0,0,5,0,0,220,221,0,0,0,0,5019,12,220,1,220,0,0,100,220,0,26
0,142,12,0,5169,12,0,0,12,12,0,92,0,202,0,12,-1,0,2,12,0,0,221,0,234,0,0,1,12,76,12,1,235,12,12,0,0,12,0,12,0,145,12,12,12,0,10,0,221,12,0,0,7,0,0,12,221,0,0,0,0,5020,12,12,1,12,0,0,99,12,0,201
0,29,220,0,5170,220,0,0,220,220,0,88,0,32,0,220,-1,0,2,220,0,0,219,0,63,0,0,1,220,76,220,1,64,220,220,0,0,220,0,220,0,28,220,220,220,0,10,0,219,220,0,0,10,0,0,220,219,0,0,0,0,5021,220,220,1,220,0,0,67,220,0,33
0,30,220,0,5171,220,0,0,220,220,0,88,0,52,0,220,-1,0,2,220,0,0,219,0,97,0,0,1,220,76,220,1,30,220,220,0,0,220,0,220,0,69,220,220,220,0,10,0,219,220,0,0,10,0,0,220,219,0,0,0,0,5022,220,220,1,220,0,0,67,220,0,30
0,30,12,0,5172,12,0,0,12,12,0,99,0,205,0,12,-1,0,2,12,0,0,216,0,77,0,0,1,12,76,12,1,30,12,12,0,0,12,0,12,0,216,12,12,12,0,10,0,77,12,0,0,99,0,0,12,205,0,0,0,0,5023,12,12,1,12,0,0,67,12,0,30
0,30,220,0,5173,220,0,0,220,220,0,79,0,81,0,220,-1,0,2,220,0,0,30,0,96,0,0,1,220,76,220,1,30,220,220,0,0,220,0,220,0,71,220,220,220,0,10,0,30,220,0,0,16,0,0,220,30,0,0,0,0,5024,220,220,1,220,0,0,93,220,0,30
0,30,220,0,5174,220,0,0,220,220,0,79,0,125,0,220,-1,0,2,220,0,0,30,0,137,0,0,1,220,76,220,1,30,220,220,0,0,220,0,220,0,119,220,220,220,0,10,0,30,220,0,0,16,0,0,220,30,0,0,0,0,5025,220,220,1,220,0,0,93,220,0,30
0,30,12,0,5175,12,0,0,12,12,0,79,0,205,0,12,-1,0,2,12,0,0,30,0,197,0,0,1,12,76,12,1,30,12,12,0,0,12,0,12,0,143,12,12,12,0,10,0,30,12,0,0,16,0,0,12,30,0,0,0,0,5026,12,12,1,12,0,0,93,12,0,30
0,29,12,0,5176,12,0,0,12,12,0,94,0,30,0,12,-1,0,2,12,0,0,154,0,30,0,0,1,12,76,12,1,29,12,12,0,0,12,0,12,0,154,12,12,12,0,10,0,30,12,0,0,94,0,0,12,30,0,0,0,0,5027,12,12,1,12,0,0,100,12,0,29
0,40,12,0,5177,12,0,0,12,12,0,94,0,40,0,12,-1,0,2,12,0,0,204,0,174,0,0,1,12,76,12,1,40,12,12,0,0,12,0,12,0,204,12,12,12,0,10,0,174,12,0,0,94,0,0,12,40,0,0,0,0,5028,12,12,1,12,0,0,100,12,0,40
0,44,220,0,5178,220,0,0,220,220,0,95,0,32,0,220,-1,0,2,220,0,0,43,0,197,0,0,1,220,76,220,1,197,220,220,0,0,220,0,220,0,43,220,220,220,0,10,0,197,220,0,0,95,0,0,220,32,0,0,0,0,5029,220,220,1,220,0,0,100,220,0,33
0,154,12,0,5179,12,0,0,12,12,0,98,0,30,0,12,-1,0,2,12,0,0,153,0,30,0,0,1,12,76,12,1,31,12,12,0,0,12,0,12,0,153,12,12,12,0,10,0,30,12,0,0,98,0,0,12,30,0,0,0,0,5030,12,12,1,12,0,0,81,12,0,31
0,233,12,0,5180,12,0,0,12,12,0,96,0,92,0,12,-1,0,2,12,0,0,230,0,22,0,0,1,12,76,12,1,23,12,12,0,0,12,0,12,0,230,12,12,12,0,10,0,22,12,0,0,96,0,0,12,92,0,0,0,0,5031,12,12,1,12,0,0,81,12,0,94
0,53,220,0,5181,12,0,0,12,220,0,96,0,188,0,12,-1,0,2,220,0,0,47,0,28,0,0,1,220,76,12,1,53,220,12,0,0,12,0,12,0,47,12,12,12,0,10,0,28,12,0,0,96,0,0,220,188,0,0,0,0,5032,12,220,1,220,0,0,81,220,0,53
0,29,12,0,15497,12,0,0,12,12,0,96,0,216,0,12,-1,0,2,12,0,0,97,0,200,0,0,0,12,0,12,1,30,12,12,0,0,12,0,12,0,97,12,12,12,0,1,0,200,12,0,0,96,0,0,12,216,0,0,0,0,5033,12,12,1,12,0,0,90,12,0,30
0,155,222,0,15498,222,0,0,222,222,0,98,0,30,0,222,-1,0,2,222,0,0,153,0,30,0,0,0,222,0,222,1,31,222,222,0,0,222,0,222,0,153,222,222,222,0,1,0,30,222,0,0,98,0,0,222,30,0,0,0,0,5034,222,222,1,222,0,0,81,222,0,31
0,30,12,0,15499,12,0,0,12,12,0,99,0,205,0,12,-1,0,2,12,0,0,216,0,78,0,0,0,12,0,12,1,30,12,12,0,0,12,0,12,0,216,12,12,12,0,1,0,78,12,0,0,99,0,0,12,205,0,0,0,0,5035,12,12,1,12,0,0,67,12,0,30
0,29,222,0,15500,222,0,0,222,222,0,88,0,32,0,222,-1,0,2,222,0,0,219,0,63,0,0,0,222,0,222,1,64,222,222,0,0,222,0,222,0,28,222,222,222,0,1,0,219,222,0,0,11,0,0,222,219,0,0,0,0,5036,222,222,1,222,0,0,67,222,0,33
0,30,12,0,15501,12,0,0,12,12,0,95,0,189,0,12,-1,0,2,12,0,0,47,0,28,0,0,0,12,0,12,1,30,12,12,0,0,12,0,12,0,47,12,12,12,0,1,0,28,12,0,0,95,0,0,12,189,0,0,0,0,5037,12,12,1,12,0,0,81,12,0,30
0,29,220,0,4301,220,0,220,12,12,0,99,0,29,0,220,0,0,5,12,0,0,29,0,29,220,0,1,220,0,220,1,29,220,12,0,0,220,0,220,0,29,220,220,12,0,1,0,29,220,0,0,99,0,0,220,29,0,0,0,0,6004,220,220,0,12,220,0,100,220,0,29
0,29,220,0,4302,220,0,220,220,220,0,99,0,232,0,220,0,0,5,220,0,0,201,0,101,220,0,1,220,0,220,1,29,220,220,0,0,220,0,220,0,201,220,220,220,0,1,0,101,220,0,0,99,0,0,220,232,0,0,0,0,6005,220,220,0,220,220,0,100,220,0,29
0,29,220,0,4303,220,0,220,220,220,0,99,0,173,0,220,0,0,5,220,0,0,81,0,206,220,0,1,220,0,220,1,29,220,220,0,0,220,0,220,0,81,220,220,220,0,1,0,206,220,0,0,99,0,0,220,173,0,0,0,0,6006,220,220,0,220,220,0,100,220,0,29
0,29,220,0,4304,220,0,220,220,220,0,99,0,108,0,220,0,0,5,220,0,0,243,0,48,220,0,1,220,0,220,1,29,220,220,0,0,220,0,220,0,243,220,220,220,0,1,0,48,220,0,0,99,0,0,220,108,0,0,0,0,6007,220,220,0,220,220,0,100,220,0,29
0,29,220,0,3327,220,0,220,220,220,0,99,0,182,0,220,0,0,5,220,0,0,57,0,89,220,0,1,220,0,220,1,29,220,220,0,0,220,0,220,0,57,220,220,220,0,1,0,89,220,0,0,99,0,0,220,182,0,0,0,0,6009,220,220,0,220,220,0,100,220,0,29
0,30,220,0,9358,220,0,220,220,220,0,95,0,30,7,220,0,0,5,220,0,0,30,0,30,220,0,1,220,76,220,1,30,220,220,0,0,220,0,220,0,30,220,220,220,0,1,0,30,220,0,0,95,0,0,220,30,0,0,0,0,6019,220,220,0,220,220,0,99,220,0,30
0,30,220,0,9359,220,0,220,220,220,0,94,0,235,7,220,0,0,5,220,0,0,249,0,74,220,0,1,220,76,220,1,30,220,220,0,0,220,0,220,0,249,220,220,220,0,1,0,74,220,0,0,94,0,0,220,235,0,0,0,0,6020,220,220,0,220,220,0,99,220,0,30
0,30,220,0,9360,220,0,220,220,220,0,98,0,181,7,220,0,0,5,220,0,0,62,0,232,220,0,1,220,76,220,1,30,220,220,0,0,220,0,220,0,62,220,220,220,0,1,0,232,220,0,0,98,0,0,220,181,0,0,0,0,6021,220,220,0,220,220,0,99,220,0,30
0,30,220,0,9361,220,0,220,220,220,0,98,0,30,7,220,0,0,5,220,0,0,228,0,36,220,0,1,220,76,220,1,30,220,220,0,0,220,0,220,0,228,220,220,220,0,1,0,36,220,0,0,98,0,0,220,30,0,0,0,0,6022,220,220,0,220,220,0,99,220,0,30
0,29,220,0,10224,220,0,220,220,220,0,99,0,29,0,220,0,0,5,220,0,0,29,0,29,220,0,1,220,0,220,1,29,220,220,0,0,220,0,220,0,29,220,220,220,0,1,0,29,220,0,0,99,0,0,220,29,0,0,0,0,6030,220,220,0,220,220,0,100,220,0,29
0,29,220,0,10228,220,0,220,220,220,0,99,0,232,0,220,0,0,5,220,0,0,201,0,101,220,0,1,220,0,220,1,29,220,220,0,0,220,0,220,0,201,220,220,220,0,1,0,101,220,0,0,99,0,0,220,232,0,0,0,0,6031,220,220,0,220,220,0,100,220,0,29
0,29,220,0,10225,220,0,220,220,220,0,99,0,173,0,220,0,0,5,220,0,0,81,0,206,220,0,1,220,0,220,1,29,220,220,0,0,220,0,220,0,81,220,220,220,0,1,0,206,220,0,0,99,0,0,220,173,0,0,0,0,6032,220,220,0,220,220,0,100,220,0,29
0,29,220,0,10227,220,0,220,220,220,0,99,0,108,0,220,0,0,5,220,0,0,243,0,48,220,0,1,220,0,220,1,29,220,220,0,0,220,0,220,0,243,220,220,220,0,1,0,48,220,0,0,99,0,0,220,108,0,0,0,0,6033,220,220,0,220,220,0,100,220,0,29
0,29,220,0,10226,220,0,220,220,220,0,99,0,182,0,220,0,0,5,220,0,0,57,0,89,220,0,1,220,0,220,1,29,220,220,0,0,220,0,220,0,57,220,220,220,0,1,0,89,220,0,0,99,0,0,220,182,0,0,0,0,6034,220,220,0,220,220,0,100,220,0,29
0,30,220,0,11092,220,0,220,220,220,0,98,0,29,0,220,0,0,5,220,0,0,29,0,29,220,0,1,220,100,220,1,30,220,220,0,0,220,0,220,0,29,220,220,220,0,1,0,29,220,0,0,98,0,0,220,29,0,0,0,0,6040,220,220,0,220,220,0,99,220,0,30
0,30,220,0,11093,220,0,220,220,220,0,98,0,208,0,220,0,0,5,220,0,0,34,0,230,220,0,1,220,100,220,1,30,220,220,0,0,220,0,220,0,34,220,220,220,0,1,0,230,220,0,0,98,0,0,220,208,0,0,0,0,6041,220,220,0,220,220,0,99,220,0,30
0,30,220,0,11094,220,0,220,220,220,0,98,0,107,0,220,0,0,5,220,0,0,168,0,184,220,0,1,220,100,220,1,30,220,220,0,0,220,0,220,0,168,220,220,220,0,1,0,184,220,0,0,98,0,0,220,107,0,0,0,0,6042,220,220,0,220,220,0,99,220,0,30
0,30,220,0,11095,220,0,220,220,220,0,98,0,245,0,220,0,0,5,220,0,0,243,0,107,220,0,1,220,100,220,1,30,220,220,0,0,220,0,220,0,243,220,220,220,0,1,0,107,220,0,0,98,0,0,220,245,0,0,0,0,6043,220,220,0,220,220,0,99,220,0,30
0,30,220,0,11096,220,0,220,220,220,0,98,0,29,0,220,0,0,5,220,0,0,29,0,29,220,0,1,220,100,220,1,30,220,220,0,0,220,0,220,0,29,220,220,220,0,1,0,29,220,0,0,98,0,0,220,29,0,0,0,0,6045,220,220,0,220,220,0,99,220,0,30
0,30,220,0,11097,220,0,220,220,220,0,97,0,208,0,220,0,0,5,220,0,0,34,0,230,220,0,1,220,100,220,1,30,220,220,0,0,220,0,220,0,34,220,220,220,0,1,0,230,220,0,0,97,0,0,220,208,0,0,0,0,6046,220,220,0,220,220,0,99,220,0,30
0,30,220,0,11098,220,0,220,220,220,0,97,0,107,0,220,0,0,5,220,0,0,168,0,184,220,0,1,220,100,220,1,30,220,220,0,0,220,0,220,0,168,220,220,220,0,1,0,184,220,0,0,97,0,0,220,107,0,0,0,0,6047,220,220,0,220,220,0,99,220,0,30
0,30,220,0,11099,220,0,220,220,220,0,97,0,245,0,220,0,0,5,220,0,0,243,0,108,220,0,1,220,100,220,1,30,220,220,0,0,220,0,220,0,243,220,220,220,0,1,0,108,220,0,0,97,0,0,220,245,0,0,0,0,6048,220,220,0,220,220,0,99,220,0,30
0,29,220,0,11077,220,0,220,220,220,0,98,0,29,0,220,0,0,5,220,0,0,29,0,29,220,0,1,220,84,220,1,29,220,220,0,0,220,0,220,0,29,220,220,220,0,1,0,29,220,0,0,98,0,0,220,29,0,0,0,0,6050,220,220,0,220,220,0,100,220,0,29
0,29,220,0,11079,220,0,220,220,220,0,98,0,184,0,220,0,0,5,220,0,0,78,0,239,220,0,1,220,84,220,1,29,220,220,0,0,220,0,220,0,78,220,220,220,0,1,0,239,220,0,0,98,0,0,220,184,0,0,0,0,6052,220,220,0,220,220,0,100,220,0,29
0,29,220,0,11080,220,0,220,220,220,0,98,0,236,0,220,0,0,5,220,0,0,193,0,88,220,0,1,220,84,220,1,29,220,220,0,0,220,0,220,0,193,220,220,220,0,1,0,88,220,0,0,98,0,0,220,236,0,0,0,0,6053,220,220,0,220,220,0,100,220,0,29
0,29,220,0,11081,220,0,220,220,220,0,98,0,182,0,220,0,0,5,220,0,0,57,0,89,220,0,1,220,84,220,1,29,220,220,0,0,220,0,220,0,57,220,220,220,0,1,0,89,220,0,0,98,0,0,220,182,0,0,0,0,6054,220,220,0,220,220,0,100,220,0,29
0,29,220,0,11082,220,0,220,220,220,0,84,0,176,0,220,0,0,5,220,0,0,29,0,199,220,0,2,220,0,220,1,29,220,220,0,0,220,0,220,0,117,220,220,220,0,1,0,30,220,0,0,13,0,0,220,30,0,0,0,0,6055,220,220,0,220,220,0,100,220,0,29
0,29,220,0,11083,220,0,220,220,220,0,84,0,153,0,220,0,0,5,220,0,0,30,0,99,220,0,2,220,0,220,1,29,220,220,0,0,220,0,220,0,238,220,220,220,0,1,0,29,220,0,0,13,0,0,220,29,0,0,0,0,6056,220,220,0,220,220,0,100,220,0,29
0,29,220,0,11084,220,0,220,220,220,0,84,0,236,0,220,0,0,5,220,0,0,30,0,150,220,0,2,220,0,220,1,29,220,220,0,0,220,0,220,0,253,220,220,220,0,1,0,29,220,0,0,13,0,0,220,30,0,0,0,0,6057,220,220,0,220,220,0,100,220,0,29
0,29,12,0,11085,12,0,12,12,12,0,98,0,29,0,12,0,0,5,12,0,0,29,0,29,12,0,2,12,0,12,1,29,12,12,0,0,12,0,12,0,29,12,12,12,0,1,0,29,12,0,0,98,0,0,12,29,0,0,0,0,6058,12,12,0,12,12,0,100,12,0,29
0,30,220,0,11087,220,0,220,220,220,0,94,0,197,0,220,0,0,5,220,0,0,123,0,174,220,0,1,220,76,220,1,30,220,220,0,0,220,0,220,1,123,220,220,220,0,1,0,174,220,0,0,94,0,0,220,197,0,0,0,0,6060,220,220,0,220,220,3,99,220,0,30
0,30,220,0,11089,220,0,220,220,220,0,93,0,221,0,220,0,0,5,220,0,0,222,0,1,220,0,1,220,76,220,1,30,220,220,0,0,220,0,220,1,222,220,220,220,0,1,0,1,220,0,0,93,0,0,220,221,0,0,0,0,6062,220,220,0,220,220,3,99,220,0,30
0,30,220,0,11090,220,0,220,220,220,0,95,0,31,0,220,0,0,5,220,0,0,31,0,31,220,0,1,220,76,220,1,30,220,220,0,0,220,0,220,1,31,220,220,220,0,1,0,31,220,0,0,95,0,0,220,31,0,0,0,0,6063,220,220,0,220,220,3,99,220,0,30
0,30,12,0,11091,12,0,12,12,12,0,94,0,3,0,12,0,0,5,12,0,0,226,0,43,12,0,1,12,76,12,1,30,12,12,0,0,12,0,12,1,226,12,12,12,0,1,0,43,12,0,0,94,0,0,12,3,0,0,0,0,6064,12,12,0,12,12,3,99,12,0,30
0,29,220,0,11116,220,0,220,220,220,0,98,0,29,0,220,0,0,5,220,0,0,29,0,29,220,0,2,220,0,220,1,29,220,220,0,0,220,0,220,0,29,220,220,220,0,1,0,29,220,0,0,98,0,0,220,29,0,0,0,0,6065,220,220,0,220,220,0,100,220,0,29
0,29,220,0,11117,220,0,220,220,220,0,97,0,182,0,220,0,0,5,220,0,0,57,0,89,220,0,2,220,0,220,1,29,220,220,0,0,220,0,220,0,57,220,220,220,0,1,0,89,220,0,0,97,0,0,220,182,0,0,0,0,6066,220,220,0,220,220,0,100,220,0,29
0,29,220,0,11118,220,0,220,12,12,0,97,0,180,0,220,0,0,5,12,0,0,30,0,208,220,0,2,220,0,220,1,29,220,12,0,0,220,0,220,0,30,220,220,12,0,1,0,208,220,0,0,97,0,0,220,180,0,0,0,0,6067,220,220,0,12,220,0,100,220,0,29
0,29,220,0,11120,220,0,220,220,220,0,97,0,199,0,220,0,0,5,220,0,0,147,0,61,220,0,2,220,0,220,1,29,220,220,0,0,220,0,220,0,147,220,220,220,0,1,0,61,220,0,0,97,0,0,220,199,0,0,0,0,6069,220,220,0,220,220,0,100,220,0,29
0,29,12,0,12303,12,0,12,12,12,0,96,0,32,0,12,0,0,5,12,0,0,32,0,32,12,0,1,12,0,12,1,29,12,12,0,0,12,0,12,0,32,12,12,12,0,1,0,32,12,0,0,96,0,0,12,32,0,0,0,0,6101,12,12,0,12,12,0,98,12,0,29
0,29,220,0,12302,220,0,220,220,220,0,83,0,218,0,220,0,0,5,220,0,0,181,0,89,220,0,1,220,0,220,1,29,220,220,0,0,220,0,220,0,215,220,220,220,0,1,0,59,220,0,0,12,0,0,220,184,0,0,0,0,6102,220,220,0,220,220,0,98,220,0,29
0,29,12,0,12304,12,0,12,12,12,0,90,0,149,0,12,0,0,5,12,0,0,220,0,204,12,0,1,12,0,12,1,29,12,12,0,0,12,0,12,0,30,12,12,12,0,1,0,119,12,0,0,5,0,0,12,222,0,0,0,0,6103,12,12,0,12,12,0,98,12,0,29
0,29,12,0,12305,12,0,12,12,12,0,96,0,21,11,12,0,0,5,12,0,0,121,0,31,12,0,1,12,0,12,1,29,12,12,0,0,12,0,12,0,121,12,12,12,0,1,0,31,12,0,0,96,0,0,12,21,0,0,0,0,6104,12,12,0,12,12,0,98,12,0,29
0,30,12,0,4681,12,0,12,12,12,0,93,0,230,0,12,0,0,5,12,0,0,126,0,95,12,0,1,12,0,12,1,30,12,12,0,0,12,0,12,0,224,12,12,12,0,1,0,143,12,0,0,5,0,0,12,137,0,0,0,0,6105,12,12,0,12,12,0,99,12,0,30
0,30,12,0,4682,12,0,12,12,12,0,93,0,30,0,12,0,0,5,12,0,0,127,0,30,12,0,1,12,0,12,1,30,12,12,0,0,12,0,12,0,30,12,12,12,0,1,0,144,12,0,0,5,0,0,12,137,0,0,0,0,6106,12,12,0,12,12,0,99,12,0,30
0,30,12,0,1706,12,0,12,12,12,0,93,0,172,0,12,0,0,5,12,0,0,126,0,214,12,0,1,12,0,12,1,30,12,12,0,0,12,0,12,0,20,12,12,12,0,1,0,144,12,0,0,5,0,0,12,137,0,0,0,0,6108,12,12,0,12,12,0,99,12,0,30
0,30,12,0,1705,12,0,12,12,12,0,94,0,80,0,12,0,0,5,12,0,0,128,0,151,12,0,1,12,0,12,1,30,12,12,0,0,12,0,12,0,132,12,12,12,0,1,0,146,12,0,0,5,0,0,12,139,0,0,0,0,6109,12,12,0,12,12,0,99,12,0,30
0,30,12,0,7482,12,0,12,12,12,0,93,0,230,0,12,0,0,5,12,0,0,126,0,95,12,0,1,12,0,12,1,30,12,12,0,0,12,0,12,0,224,12,12,12,0,1,0,143,12,0,0,5,0,0,12,137,0,0,0,0,6110,12,12,0,12,12,0,99,12,0,30
0,30,12,0,7483,12,0,12,12,12,0,93,0,30,0,12,0,0,5,12,0,0,127,0,30,12,0,1,12,0,12,1,30,12,12,0,0,12,0,12,0,30,12,12,12,0,1,0,144,12,0,0,5,0,0,12,137,0,0,0,0,6111,12,12,0,12,12,0,99,12,0,30
0,30,220,0,7484,220,0,220,220,220,0,93,0,172,0,220,0,0,5,220,0,0,126,0,214,220,0,1,220,0,220,1,30,220,220,0,0,220,0,220,0,20,220,220,220,0,1,0,144,220,0,0,5,0,0,220,137,0,0,0,0,6112,220,220,0,220,220,0,99,220,0,30
0,30,12,0,7485,12,0,12,12,12,0,94,0,80,0,12,0,0,5,12,0,0,128,0,151,12,0,1,12,0,12,1,30,12,12,0,0,12,0,12,0,132,12,12,12,0,1,0,146,12,0,0,5,0,0,12,139,0,0,0,0,6113,12,12,0,12,12,0,99,12,0,30
0,30,12,0,7486,12,0,12,220,220,0,93,0,230,0,220,0,0,5,220,0,0,126,0,95,12,0,1,12,0,220,1,30,12,220,0,0,12,0,12,0,224,12,12,220,0,1,0,143,12,0,0,5,0,0,12,137,0,0,0,0,6114,220,12,0,220,12,0,99,12,0,30
0,30,220,0,7487,220,0,220,220,220,0,93,0,30,0,220,0,0,5,220,0,0,127,0,30,220,0,1,220,0,220,1,30,220,220,0,0,220,0,220,0,30,220,220,220,0,1,0,144,220,0,0,5,0,0,220,137,0,0,0,0,6115,220,220,0,220,220,0,99,220,0,30
0,30,220,0,7488,220,0,220,220,220,0,93,0,172,0,220,0,0,5,220,0,0,126,0,214,220,0,1,220,0,220,1,30,220,220,0,0,220,0,220,0,20,220,220,220,0,1,0,144,220,0,0,5,0,0,220,137,0,0,0,0,6116,220,220,0,220,220,0,99,220,0,30
0,30,220,0,7489,220,0,220,220,220,0,94,0,80,0,220,0,0,5,220,0,0,128,0,151,220,0,1,220,0,220,1,30,220,220,0,0,220,0,220,0,132,220,220,220,0,1,0,146,220,0,0,5,0,0,220,139,0,0,0,0,6117,220,220,0,220,220,0,99,220,0,30
0,29,12,0,7288,12,0,12,12,12,0,98,0,29,0,12,0,0,5,12,0,0,29,0,29,12,0,1,12,0,12,1,29,12,12,0,0,12,0,12,0,29,12,12,12,0,1,0,29,12,0,0,98,0,0,12,29,0,0,0,0,6300,12,12,0,12,12,0,100,12,0,29
0,29,220,0,7289,220,0,220,12,12,0,98,0,232,0,220,0,0,5,12,0,0,201,0,101,220,0,1,220,0,220,1,29,220,12,0,0,220,0,220,0,201,220,220,12,0,1,0,101,220,0,0,98,0,0,220,232,0,0,0,0,6301,220,220,0,12,220,0,100,220,0,29
0,29,12,0,7290,12,0,12,12,12,0,98,0,173,0,12,0,0,5,12,0,0,81,0,206,12,0,1,12,0,12,1,29,12,12,0,0,12,0,12,0,81,12,12,12,0,1,0,206,12,0,0,98,0,0,12,173,0,0,0,0,6302,12,12,0,12,12,0,100,12,0,29
0,29,12,0,7291,12,0,12,12,12,0,98,0,108,0,12,0,0,5,12,0,0,242,0,48,12,0,1,12,0,12,1,29,12,12,0,0,12,0,12,0,242,12,12,12,0,1,0,48,12,0,0,98,0,0,12,108,0,0,0,0,6303,12,12,0,12,12,0,100,12,0,29
0,29,12,0,7292,12,0,12,12,12,0,98,0,181,0,12,0,0,5,12,0,0,56,0,88,12,0,1,12,0,12,1,29,12,12,0,0,12,0,12,0,56,12,12,12,0,1,0,88,12,0,0,98,0,0,12,181,0,0,0,0,6304,12,12,0,12,12,0,100,12,0,29
0,30,12,0,13322,12,0,12,12,12,0,93,0,30,0,12,0,0,5,12,0,0,127,0,30,12,0,1,12,0,12,1,30,12,12,0,0,12,0,12,0,30,12,12,12,0,1,0,144,12,0,0,5,0,0,12,137,0,0,0,0,6305,12,12,0,12,12,0,99,12,0,30
0,30,220,0,13323,220,0,220,220,220,0,93,0,172,0,220,0,0,5,220,0,0,126,0,214,220,0,1,220,0,220,1,30,220,220,0,0,220,0,220,0,20,220,220,220,0,1,0,144,220,0,0,5,0,0,220,137,0,0,0,0,6306,220,220,0,220,220,0,99,220,0,30
0,30,220,0,13324,220,0,220,220,220,0,94,0,80,0,220,0,0,5,220,0,0,128,0,151,220,0,1,220,0,220,1,30,220,220,0,0,220,0,220,0,132,220,220,220,0,1,0,146,220,0,0,5,0,0,220,139,0,0,0,0,6307,220,220,0,220,220,0,99,220,0,30
0,30,220,0,13325,220,0,220,220,220,0,93,0,230,0,220,0,0,5,220,0,0,126,0,95,220,0,1,220,0,220,1,30,220,220,0,0,220,0,220,0,224,220,220,220,0,1,0,143,220,0,0,5,0,0,220,137,0,0,0,0,6308,220,220,0,220,220,0,99,220,0,30
0,29,220,0,10439,220,0,220,220,220,0,98,0,29,0,220,0,0,5,220,0,0,29,0,29,220,0,1,220,0,220,1,29,220,220,0,0,220,0,220,0,29,220,220,220,0,1,0,29,220,0,0,98,0,0,220,29,0,0,0,0,6330,220,220,0,220,220,0,100,220,0,29
0,29,220,0,10440,220,0,220,220,220,0,98,0,232,0,220,0,0,5,220,0,0,201,0,101,220,0,1,220,0,220,1,29,220,220,0,0,220,0,220,0,201,220,220,220,0,1,0,101,220,0,0,98,0,0,220,232,0,0,0,0,6331,220,220,0,220,220,0,100,220,0,29
0,29,220,0,10441,12,0,220,220,220,0,98,0,173,0,220,0,0,5,220,0,0,81,0,206,220,0,1,12,0,220,1,29,220,220,0,0,220,0,12,0,81,220,12,220,0,1,0,206,220,0,0,98,0,0,12,173,0,0,0,0,6332,220,12,0,220,220,0,100,220,0,29
0,29,220,0,10442,220,0,220,220,220,0,98,0,108,0,220,0,0,5,220,0,0,242,0,48,220,0,1,220,0,220,1,29,220,220,0,0,220,0,220,0,242,220,220,220,0,1,0,48,220,0,0,98,0,0,220,108,0,0,0,0,6333,220,220,0,220,220,0,100,220,0,29
0,29,12,0,10443,12,0,12,12,12,0,98,0,181,0,12,0,0,5,12,0,0,56,0,88,12,0,1,12,0,12,1,29,12,12,0,0,12,0,12,0,56,12,12,12,0,1,0,88,12,0,0,98,0,0,12,181,0,0,0,0,6334,12,12,0,12,12,0,100,12,0,29
0,110,60,0,17407,12,0,28,51,51,0,71,0,125,9,28,0,0,0,28,0,0,189,0,196,51,0,1,12,0,51,98,247,177,28,0,0,119,0,28,0,54,60,51,12,0,98,0,204,177,0,0,16,0,0,28,197,0,0,0,0,6400,12,51,0,12,12,0,90,119,0,182
0,173,12,0,17408,12,0,12,12,12,0,59,0,175,0,12,0,0,2,12,0,0,113,0,178,12,0,133,12,0,12,260,178,12,12,0,0,12,0,12,0,173,12,12,12,0,260,0,118,12,0,0,33,0,0,12,115,0,1,0,0,6400,12,12,0,12,12,0,100,12,1,175
0,231,12,0,17409,12,0,12,12,12,0,98,0,230,11,12,0,0,0,12,0,0,230,0,230,12,0,4,12,0,12,10,231,12,12,0,0,12,0,12,0,230,12,12,12,0,10,0,230,12,0,0,98,0,0,12,230,0,1,0,0,6401,12,12,0,12,12,0,97,12,1,231
0,128,12,0,17410,12,0,12,12,12,0,94,0,23,0,12,0,0,2,12,0,0,25,0,231,12,0,133,12,0,12,260,230,12,12,0,0,12,0,12,0,114,12,12,12,0,260,0,219,12,0,0,5,0,0,12,0,0,1,0,0,6401,12,12,0,12,12,0,100,12,0,31
0,31,230,0,17412,220,0,74,220,220,0,95,0,46,7,220,0,0,0,220,0,0,30,0,76,73,0,4,220,0,220,137,79,73,220,2,0,74,0,220,0,30,230,220,220,0,137,0,76,73,0,0,95,0,0,220,46,0,0,0,0,6402,220,220,1,220,230,0,100,74,1,48
0,173,12,0,17411,12,0,12,12,12,0,59,0,175,0,12,0,0,2,12,0,0,113,0,178,12,0,133,12,0,12,260,178,12,12,0,0,12,0,12,1,173,12,12,12,0,260,0,118,12,0,0,33,0,0,12,115,0,1,0,0,6402,12,12,1,12,12,0,100,12,1,175
0,226,255,0,17413,0,0,0,60,60,0,77,0,229,19,18,0,0,0,18,0,0,27,0,229,2,0,73,0,0,60,75,226,2,18,2,0,0,0,18,0,229,255,60,0,0,75,0,69,2,0,0,10,0,0,18,28,0,0,0,1,6403,0,60,1,0,255,0,98,0,1,226
0,0,12,0,17414,12,0,12,12,12,0,59,0,253,0,12,0,0,2,12,0,0,0,0,253,12,0,133,12,0,12,260,253,12,12,0,0,12,0,12,0,0,12,12,12,0,260,0,172,12,0,0,31,0,0,12,172,0,0,0,0,6403,12,12,1,12,12,0,100,12,1,253
0,201,220,0,17416,220,0,220,220,220,0,92,0,6,7,220,0,0,0,220,0,0,211,0,12,220,0,133,220,0,220,10,14,220,220,0,0,220,0,220,0,173,220,220,220,0,10,0,210,220,0,0,7,0,0,220,210,0,0,0,0,6404,220,220,0,220,220,0,99,220,0,6
0,173,12,0,17415,12,0,12,12,12,0,59,0,175,0,12,0,0,2,12,0,0,113,0,178,12,0,133,12,0,12,260,178,12,12,0,0,12,0,12,1,173,12,12,12,0,260,0,118,12,0,0,33,0,0,12,115,0,1,0,0,6404,12,12,0,12,12,0,100,12,1,175
0,231,12,0,17417,220,0,65,220,95,0,76,0,159,9,220,0,0,0,65,0,0,231,0,204,95,0,1,49,0,220,2,231,12,220,2,0,65,0,220,1,0,49,220,220,0,2,0,231,95,0,0,16,0,0,65,231,0,1,0,0,6405,220,95,0,49,49,0,85,12,0,231
0,173,12,0,17418,12,0,12,12,12,0,59,0,175,0,12,0,0,2,12,0,0,113,0,178,12,0,133,12,0,12,260,178,12,12,0,0,12,0,12,1,173,12,12,12,0,260,0,118,12,0,0,33,0,0,12,115,0,1,0,0,6405,12,12,0,12,12,0,100,12,0,175
0,29,220,0,17420,12,0,12,12,220,0,86,0,231,7,12,0,0,0,220,0,0,30,0,231,12,0,6,220,0,12,232,29,220,12,0,0,12,0,12,0,231,12,12,12,0,232,0,29,12,0,0,5,0,0,220,29,0,1,0,0,6406,12,220,1,220,12,0,100,220,1,29
0,247,12,0,17419,12,0,12,12,12,0,59,0,253,0,12,0,0,2,12,0,0,188,0,86,12,0,133,12,0,12,260,86,12,12,0,0,12,0,12,0,248,12,12,12,0,260,0,27,12,0,0,33,0,0,12,194,0,1,0,0,6406,12,12,1,12,12,0,100,12,1,253
0,231,21,0,17421,220,0,220,220,88,0,56,0,88,11,220,0,0,0,51,0,0,231,0,153,220,0,133,21,0,220,232,231,88,220,0,0,220,0,220,0,28,220,220,220,0,232,0,231,220,0,0,41,0,0,51,231,0,1,0,0,6407,220,88,0,21,220,0,100,51,1,231
0,247,12,0,17422,12,0,12,12,12,0,59,0,253,0,12,0,0,2,12,0,0,188,0,86,12,0,133,12,0,12,260,86,12,12,0,0,12,0,12,0,248,12,12,12,0,260,0,27,12,0,0,33,0,0,12,194,0,1,0,0,6407,12,12,0,12,12,0,100,12,1,253
0,23,12,0,17424,12,0,12,12,12,0,56,0,231,8,12,0,0,0,12,0,0,183,0,231,12,0,1,12,0,12,196,170,12,12,0,0,12,0,12,0,231,12,12,12,0,196,0,42,12,0,0,42,0,0,12,19,0,1,0,1,6408,12,12,0,12,12,0,100,12,0,77
0,0,12,0,17423,12,0,12,12,12,0,59,0,253,0,12,0,0,2,12,0,0,0,0,253,12,0,133,12,0,12,260,253,12,12,0,0,12,0,12,0,0,12,12,12,0,260,0,172,12,0,0,31,0,0,12,172,0,1,0,0,6408,12,12,0,12,12,0,100,12,0,253
0,21,220,0,17425,220,0,220,220,220,0,87,0,77,7,220,0,0,0,220,0,0,230,0,170,220,0,133,220,0,220,232,169,220,220,0,0,220,0,220,0,22,220,220,220,0,232,0,231,220,0,0,10,0,0,220,230,0,0,0,0,6409,220,220,0,220,220,0,100,220,0,76
0,247,12,0,17426,12,0,12,12,12,0,59,0,253,0,12,0,0,2,12,0,0,188,0,86,12,0,133,12,0,12,232,86,12,12,0,0,12,0,12,0,248,12,12,12,0,232,0,27,12,0,0,33,0,0,12,194,0,1,0,0,6409,12,12,0,12,12,0,100,12,1,253
0,30,220,0,17428,12,0,12,12,220,0,88,0,232,0,12,0,0,0,220,0,0,31,0,232,12,0,5,220,0,12,14,31,220,12,0,0,12,0,12,1,232,12,12,12,0,14,0,31,12,0,0,5,0,0,220,31,0,1,0,1,6410,12,220,1,220,12,0,93,220,1,31
0,128,12,0,17427,12,0,12,12,12,0,94,0,23,0,12,0,0,2,12,0,0,25,0,231,12,0,133,12,0,12,260,230,12,12,0,0,12,0,12,0,114,12,12,12,0,260,0,219,12,0,0,5,0,0,12,0,0,0,0,0,6410,12,12,1,12,12,0,100,12,1,31
0,231,12,0,17429,220,0,220,220,12,0,52,0,231,9,220,0,0,0,12,0,0,30,0,231,220,0,1,12,0,220,5,231,12,220,0,0,220,0,220,0,231,220,220,220,0,5,0,30,220,0,0,46,0,0,12,30,0,0,0,1,6411,220,12,0,12,220,0,99,12,0,231
0,128,12,0,17430,12,0,12,12,12,0,94,0,23,0,12,0,0,2,12,0,0,25,0,231,12,0,133,12,0,12,260,230,12,12,0,0,12,0,12,0,114,12,12,12,0,260,0,219,12,0,0,5,0,0,12,0,0,0,0,0,6411,12,12,0,12,12,0,100,12,0,31
0,231,220,0,17432,220,0,220,220,12,0,90,0,126,1,220,0,0,0,12,0,0,228,0,194,220,0,1,12,0,220,94,231,220,220,0,0,99,0,220,0,66,30,220,220,0,94,0,228,164,0,0,7,0,0,12,228,0,0,0,1,6412,220,12,0,12,220,0,99,220,0,231
0,247,12,0,17431,12,0,12,12,12,0,59,0,253,0,12,0,0,2,12,0,0,188,0,86,12,0,133,12,0,12,260,86,12,12,0,0,12,0,12,0,248,12,12,12,0,260,0,27,12,0,0,33,0,0,12,194,0,1,0,0,6412,12,12,0,12,12,0,100,12,1,253
0,31,12,0,17433,12,0,12,12,12,0,99,0,231,7,12,0,0,0,12,0,0,231,0,231,12,0,5,12,0,12,7,71,12,12,0,0,12,0,12,0,231,12,12,12,0,7,0,231,12,0,0,99,0,0,12,231,0,1,0,0,6413,12,12,0,12,12,0,100,12,0,44
0,0,12,0,17434,12,0,12,12,12,0,59,0,253,0,12,0,0,2,12,0,0,0,0,253,12,0,133,12,0,12,260,253,12,12,0,0,12,0,12,0,0,12,12,12,0,260,0,172,12,0,0,31,0,0,12,172,0,1,0,0,6413,12,12,0,12,12,0,100,12,0,253
0,231,220,0,17447,30,0,29,46,46,0,86,0,233,7,29,0,0,0,29,0,0,50,0,233,46,0,138,30,0,46,267,231,220,29,0,0,220,0,29,1,233,220,46,30,0,267,0,61,220,0,0,7,0,0,29,52,0,1,0,0,6414,30,46,1,30,30,0,95,220,1,231
0,0,12,0,17499,208,0,12,77,77,0,0,0,0,7,163,0,0,1,163,0,0,0,0,0,12,0,138,208,0,77,267,0,12,163,2,0,12,0,163,1,0,12,77,208,0,267,0,0,12,0,0,0,0,0,163,0,0,0,0,0,6414,208,77,1,208,12,0,0,12,1,0
0,247,12,0,17448,12,0,12,12,12,0,59,0,253,0,12,0,0,2,12,0,0,188,0,86,12,0,133,12,0,12,260,86,12,12,0,0,12,0,12,0,248,12,12,12,0,260,0,27,12,0,0,33,0,0,12,194,0,1,0,0,6414,12,12,1,12,12,0,100,12,1,253
0,30,12,0,17807,12,0,12,12,220,0,83,0,231,7,12,0,0,0,220,0,0,30,0,231,12,0,1,220,0,12,49,30,12,12,0,0,220,0,12,0,231,220,12,12,0,49,0,30,220,0,0,10,0,0,220,30,0,0,0,0,6415,12,220,1,220,12,0,85,12,1,30
0,247,12,0,17808,12,0,12,12,12,0,59,0,253,0,12,0,0,2,12,0,0,188,0,86,12,0,1,12,0,12,49,86,12,12,0,0,12,0,12,0,248,12,12,12,0,49,0,27,12,0,0,33,0,0,12,194,0,0,0,0,6415,12,12,1,12,12,0,100,12,1,253
0,9,220,0,17825,220,0,220,220,220,0,82,0,18,11,220,0,0,0,220,0,0,243,0,54,220,0,6,220,0,220,98,61,220,220,0,0,220,0,220,0,8,220,220,220,0,98,0,50,220,0,0,17,0,0,220,187,0,0,0,0,6416,220,220,0,220,220,0,89,220,1,21
0,247,12,0,17826,12,0,12,12,12,0,59,0,253,0,12,0,0,2,12,0,0,188,0,86,12,0,6,12,0,12,98,86,12,12,0,0,12,0,12,0,248,12,12,12,0,98,0,27,12,0,0,33,0,0,12,194,0,1,0,0,6416,12,12,1,12,12,0,100,12,1,253
0,231,126,0,17827,229,0,96,6,36,0,84,0,18,8,96,0,0,0,29,0,0,219,0,61,6,0,51,126,0,6,7,231,36,96,0,0,96,0,96,1,108,229,6,229,0,7,0,4,6,0,0,7,0,0,29,108,0,0,0,0,6417,229,36,1,126,229,2,92,29,1,231
0,247,12,0,17828,12,0,12,12,12,0,59,0,252,0,12,0,0,2,12,0,0,188,0,86,12,0,133,12,0,12,7,86,12,12,0,0,12,0,12,1,247,12,12,12,0,7,0,27,12,0,0,33,0,0,12,194,0,0,0,0,6417,12,12,1,12,12,0,100,12,1,253
0,36,220,0,17829,9,0,220,103,115,0,71,0,188,8,22,0,0,0,236,0,0,36,0,65,220,0,1,238,0,103,2,122,220,22,2,0,220,0,22,0,231,220,103,9,0,2,0,123,220,0,0,27,0,0,236,51,0,0,0,1,6418,9,115,1,238,220,0,87,220,1,51
0,128,220,0,17830,220,0,220,220,220,0,94,0,23,7,220,0,0,2,220,0,0,25,0,231,220,0,133,220,0,220,260,230,220,220,0,0,220,0,220,0,114,220,220,220,0,260,0,219,220,0,0,5,0,0,220,0,0,0,0,0,6418,220,220,1,220,220,0,100,220,1,31
0,30,12,0,17880,220,0,220,237,237,0,97,0,30,0,220,0,0,0,236,0,0,30,0,30,220,0,22,220,0,220,266,30,12,236,0,0,12,0,220,0,30,12,220,236,0,28,0,30,12,0,0,97,0,0,220,30,0,0,0,0,6419,220,220,1,236,220,0,99,12,1,30
0,247,12,0,17881,12,0,12,12,12,0,59,0,253,0,12,0,0,2,12,0,0,188,0,86,12,0,133,12,0,12,260,86,12,12,0,0,12,0,12,0,248,12,12,12,0,260,0,27,12,0,0,33,0,0,12,194,0,0,0,0,6419,12,12,1,12,12,0,100,12,1,253
0,211,0,0,17079,233,0,238,234,0,0,96,0,33,0,238,-1,0,0,0,0,0,207,0,97,234,0,1,0,0,234,36,99,0,238,0,0,238,0,238,1,207,233,234,233,0,37,0,97,234,0,0,96,0,0,0,33,0,1,0,0,6797,233,0,1,0,233,0,95,0,1,34
0,229,12,0,17080,12,0,12,12,12,0,87,0,230,11,12,-1,0,0,12,0,0,177,0,230,12,0,118,12,0,12,260,229,12,12,0,0,12,0,12,0,230,12,12,12,0,260,0,179,12,0,0,11,0,0,12,178,0,1,0,1,6798,12,12,1,12,12,0,87,12,1,230
0,33,8,0,17081,8,0,244,104,104,0,79,0,30,11,244,-1,0,1,244,0,0,85,0,30,104,0,118,8,0,104,260,33,104,244,0,0,244,0,244,0,31,8,104,8,0,260,0,86,104,0,0,20,0,0,244,86,0,0,0,1,6798,8,104,1,8,8,0,85,244,1,33
0,24,20,0,3845,230,0,0,230,230,0,0,0,152,0,230,-1,0,6,230,0,0,232,0,152,0,0,6,230,0,230,6,24,20,230,0,0,20,0,230,1,152,20,230,230,0,1,0,88,20,0,0,0,0,0,230,216,0,0,0,0,7000,230,230,0,230,0,0,0,20,0,24
0,24,20,0,3846,230,0,0,230,230,0,0,0,224,0,230,-1,0,7,230,0,0,40,0,224,0,0,6,230,0,230,6,24,20,230,0,0,20,0,230,1,224,20,230,230,0,1,0,232,20,0,0,0,0,0,230,96,0,0,0,0,7000,230,230,0,230,0,0,0,20,0,24
0,24,20,0,8388,230,0,0,230,230,0,0,0,152,0,230,-1,0,8,230,0,0,232,0,152,0,0,6,230,0,230,6,24,20,230,0,0,20,0,230,1,152,20,230,230,0,1,0,88,20,0,0,0,0,0,230,216,0,0,0,0,7000,230,230,0,230,0,0,0,20,0,24
0,24,20,0,8387,230,0,0,230,230,0,0,0,224,0,230,-1,0,9,230,0,0,40,0,224,0,0,6,230,0,230,6,24,20,230,0,0,20,0,230,1,224,20,230,230,0,1,0,232,20,0,0,0,0,0,230,96,0,0,0,0,7000,230,230,0,230,0,0,0,20,0,24
0,254,12,0,4599,12,0,0,12,12,0,67,0,0,0,12,-1,0,0,12,0,0,0,0,0,0,0,0,12,0,12,12,0,12,12,0,0,12,0,12,0,254,12,12,12,0,12,0,0,12,0,0,31,0,0,12,254,0,0,0,0,7509,12,12,1,12,0,0,85,12,1,0
0,254,12,0,4600,12,0,0,12,12,0,68,0,0,7,12,-1,0,0,12,0,0,0,0,0,0,0,0,12,0,12,12,0,12,12,0,0,12,0,12,0,254,12,12,12,0,12,0,0,12,0,0,30,0,0,12,254,0,0,0,0,7510,12,12,1,12,0,0,77,12,1,0
0,254,12,0,4601,12,0,0,12,12,0,61,0,0,0,12,-1,0,0,12,0,0,0,0,0,0,0,0,12,0,12,12,0,12,12,0,0,12,0,12,0,254,12,12,12,0,12,0,0,12,0,0,38,0,0,12,254,0,0,0,0,7511,12,12,1,12,0,0,85,12,1,0
0,254,12,0,6699,12,0,0,12,12,0,79,0,0,0,12,-1,0,0,12,0,0,0,0,0,0,0,0,12,76,12,12,0,12,12,0,0,12,0,12,0,254,12,12,12,0,12,0,0,12,0,0,15,0,0,12,251,0,0,0,0,7512,12,12,1,12,0,0,78,12,1,0
0,0,12,0,6700,12,0,0,12,12,0,66,0,0,7,12,-1,0,0,12,0,0,0,0,0,0,0,0,12,76,12,12,0,12,12,0,0,12,0,12,0,254,12,12,12,0,12,0,0,12,0,0,30,0,0,12,253,0,0,0,0,7513,12,12,1,12,0,0,95,12,1,253
0,254,12,0,8010,12,0,0,12,12,0,81,0,0,7,12,-1,0,0,12,0,0,0,0,0,0,0,0,12,88,12,12,0,12,12,0,0,12,0,12,0,254,12,12,12,0,12,0,0,12,0,0,16,0,0,12,254,0,0,0,0,7514,12,12,1,12,0,0,93,12,1,0
0,254,12,0,8011,12,0,0,12,12,0,53,0,0,0,12,-1,0,0,12,0,0,0,0,0,0,0,0,12,88,12,12,0,12,12,0,0,12,0,12,0,254,12,12,12,0,12,0,0,12,0,0,39,0,0,12,254,0,0,0,0,7515,12,12,1,12,0,0,93,12,1,0
0,0,12,0,8012,12,0,0,12,12,0,91,0,0,0,12,-1,0,0,12,0,0,0,0,0,0,0,0,12,0,12,12,0,12,12,0,0,12,0,12,0,254,12,12,12,0,12,0,0,12,0,0,7,0,0,12,255,0,0,0,0,7516,12,12,1,12,0,0,93,12,1,254
0,252,12,0,8013,12,0,0,12,12,0,82,0,0,7,12,-1,0,0,12,0,0,0,0,0,0,0,0,12,88,12,12,0,12,12,0,0,12,0,12,0,254,12,12,12,0,12,0,241,12,0,0,7,0,0,12,0,0,0,0,0,7517,12,12,1,12,0,0,93,12,1,0
0,253,12,0,8014,12,0,0,12,12,0,91,0,0,15,12,-1,0,0,12,0,0,0,0,0,0,0,0,12,88,12,12,0,12,12,0,0,12,0,12,0,254,12,12,12,0,12,0,0,12,0,0,6,0,0,12,254,0,0,0,0,7518,12,12,1,12,0,0,91,12,1,0
0,253,12,0,8015,12,0,0,12,12,0,69,0,0,0,12,-1,0,0,12,0,0,0,0,0,0,0,0,12,88,12,12,0,12,12,0,0,12,0,12,0,254,12,12,12,0,12,0,0,12,0,0,25,0,0,12,254,0,0,0,0,7519,12,12,1,12,0,0,93,12,1,0
0,254,12,0,9091,12,0,0,12,12,0,42,0,3,7,12,-1,0,0,12,0,0,7,0,0,0,0,0,12,0,12,12,0,12,12,0,0,12,0,12,0,251,12,12,12,0,12,0,0,12,0,0,32,0,0,12,248,0,0,0,0,7520,12,12,1,12,0,0,83,12,1,0
0,254,12,0,9092,12,0,0,12,12,0,96,0,2,0,12,-1,0,0,12,0,0,242,0,2,0,0,0,12,0,12,12,0,12,12,0,0,12,0,12,0,242,12,12,12,0,12,0,2,12,0,0,96,0,0,12,2,0,0,0,0,7521,12,12,1,12,0,0,83,12,1,0
0,254,12,0,9093,12,0,0,12,12,0,99,0,0,0,12,-1,0,0,12,0,0,232,0,0,0,0,0,12,0,12,12,0,12,12,0,0,12,0,12,0,232,12,12,12,0,12,0,0,12,0,0,99,0,0,12,0,0,0,0,0,7522,12,12,1,12,0,0,83,12,1,0
0,254,12,0,9094,12,0,0,12,12,0,94,0,0,7,12,-1,0,0,12,0,0,253,0,0,0,0,0,12,0,12,12,0,12,12,0,0,12,0,12,0,253,12,12,12,0,12,0,0,12,0,0,94,0,0,12,0,0,0,0,0,7523,12,12,1,12,0,0,82,12,1,0
0,254,12,0,9095,12,0,0,12,12,0,99,0,0,0,12,-1,0,0,12,0,0,252,0,0,0,0,0,12,0,12,12,0,12,12,0,0,12,0,12,0,252,12,12,12,0,12,0,0,12,0,0,99,0,0,12,0,0,0,0,0,7524,12,12,1,12,0,0,82,12,1,0
0,254,12,0,9096,12,0,0,12,12,0,97,0,0,7,12,-1,0,0,12,0,0,252,0,0,0,0,0,12,0,12,12,0,12,12,0,0,12,0,12,0,252,12,12,12,0,12,0,0,12,0,0,97,0,0,12,0,0,0,0,0,7525,12,12,1,12,0,0,82,12,1,0
0,254,12,0,10116,12,0,0,12,12,0,48,0,1,0,12,-1,0,0,12,0,0,9,0,0,0,0,0,12,0,12,12,0,12,12,0,0,12,0,12,0,252,12,12,12,0,12,0,0,12,0,0,26,0,0,12,246,0,0,0,0,7526,12,12,1,12,0,0,97,12,1,0
0,254,12,0,10117,12,0,0,12,12,0,85,0,0,7,12,-1,0,0,12,0,0,9,0,0,0,0,0,12,0,12,12,0,12,12,0,0,12,0,12,0,254,12,12,12,0,12,0,0,12,0,0,9,0,0,12,248,0,0,0,0,7527,12,12,1,12,0,0,93,12,1,0
0,254,12,0,10118,12,0,0,12,12,0,95,0,0,7,12,-1,0,0,12,0,0,254,0,0,0,0,0,12,0,12,12,0,12,12,0,0,12,0,12,0,254,12,12,12,0,12,0,0,12,0,0,95,0,0,12,0,0,0,0,0,7528,12,12,1,12,0,0,97,12,1,0
0,254,12,0,10233,12,0,0,12,12,0,61,0,0,0,12,-1,0,0,12,0,0,0,0,0,0,0,2,12,0,12,21,0,12,12,0,0,12,0,12,0,254,12,12,12,0,21,0,0,12,0,0,29,0,0,12,254,0,0,0,0,7529,12,12,1,12,0,0,97,12,1,0
0,253,0,0,11770,0,0,0,0,0,0,67,0,254,25,0,-1,0,0,0,0,0,254,0,0,0,0,102,0,0,0,194,0,0,0,0,0,0,0,0,0,0,0,0,0,0,194,0,0,0,0,0,25,0,0,0,0,0,0,0,0,7530,0,0,1,0,0,3,93,0,1,0
0,0,0,0,11771,0,0,0,0,0,0,49,0,0,0,0,-1,0,0,0,0,0,0,0,0,0,0,102,0,0,0,194,0,0,0,0,0,0,0,0,0,254,0,0,0,0,194,0,251,0,0,0,27,0,0,0,0,0,0,0,0,7531,0,0,1,0,0,3,93,0,1,254
0,254,0,0,11772,0,0,0,0,0,0,91,0,0,25,0,-1,0,0,0,0,0,254,0,0,0,0,102,0,0,0,194,0,0,0,0,0,0,0,0,0,254,0,0,0,0,194,0,0,0,0,0,91,0,0,0,0,0,0,0,0,7532,0,0,1,0,0,3,95,0,1,0
0,0,0,0,11773,0,0,0,0,0,0,68,0,0,7,0,-1,0,0,0,0,0,5,0,1,0,0,102,0,0,0,194,0,0,0,0,0,0,0,0,0,251,0,0,0,0,194,0,247,0,0,0,15,0,0,0,3,0,0,0,0,7533,0,0,1,0,0,3,95,0,1,254
0,254,0,0,11774,0,0,0,0,0,0,92,0,0,7,0,-1,0,0,0,0,0,253,0,1,0,0,102,0,0,0,194,0,0,0,0,0,0,0,0,0,253,0,0,0,0,194,0,1,0,0,0,92,0,0,0,0,0,0,0,0,7534,0,0,1,0,0,0,96,0,1,0
0,229,0,0,11775,0,0,0,0,0,0,52,0,1,7,0,-1,0,0,0,0,0,9,0,0,0,0,102,0,0,0,194,0,0,0,0,0,0,0,0,0,228,0,0,0,0,194,0,0,0,0,0,31,0,0,0,246,0,0,0,0,7535,0,0,1,0,0,0,92,0,1,0
0,0,0,0,11776,0,0,0,0,0,0,53,0,2,22,0,-1,0,0,0,0,0,5,0,0,0,0,102,0,0,0,194,254,0,0,0,0,0,0,0,0,252,0,0,0,0,194,0,0,0,0,0,24,0,0,0,249,0,0,0,1,7536,0,0,1,0,0,6,98,0,1,0
0,0,0,0,11777,0,0,0,0,0,0,43,0,0,7,0,-1,0,0,0,0,0,1,0,0,0,0,102,0,0,0,194,0,0,0,0,0,0,0,0,0,239,0,0,0,0,194,0,0,0,0,0,22,0,0,0,253,0,0,0,0,7537,0,0,1,0,0,0,90,0,1,254
0,0,0,0,11778,0,0,0,0,0,0,67,0,0,0,0,-1,0,0,0,0,0,144,0,0,0,0,102,0,0,0,194,254,0,0,0,0,0,0,0,0,253,0,0,0,0,194,0,1,0,0,0,8,0,0,0,3,0,0,0,0,7538,0,0,1,0,0,0,96,0,1,0
0,254,0,0,12812,0,0,0,0,0,0,45,0,252,0,0,-1,0,0,0,0,0,250,0,0,0,0,102,0,0,0,194,0,0,0,0,0,0,0,0,0,2,0,0,0,0,194,0,0,0,0,0,36,0,0,0,4,0,0,0,0,7539,0,0,1,0,0,0,95,0,1,0
0,254,0,0,12813,0,0,0,0,0,0,81,0,0,0,0,-1,0,0,0,0,0,0,0,0,0,0,102,0,0,0,194,0,0,0,0,0,0,0,0,0,254,0,0,0,0,194,0,0,0,0,0,15,0,0,0,254,0,0,0,0,7540,0,0,1,0,0,0,93,0,1,0
0,254,0,0,12814,0,0,0,0,0,0,77,0,0,0,0,-1,0,0,0,0,0,3,0,0,0,0,102,0,0,0,194,0,0,0,0,0,0,0,0,0,254,0,0,0,0,194,0,0,0,0,0,12,0,0,0,251,0,0,0,0,7541,0,0,1,0,0,0,93,0,1,0
0,0,0,0,12815,0,0,0,0,0,0,59,0,0,0,0,-1,0,0,0,0,0,37,0,16,0,0,102,0,0,0,194,254,0,0,0,0,0,0,0,0,239,0,0,0,0,194,0,218,0,0,0,20,0,0,0,0,0,0,0,0,7542,0,0,1,0,0,0,93,0,1,0
0,0,12,0,14596,12,0,0,12,12,0,49,0,254,7,12,-1,0,0,12,0,0,99,0,0,0,0,102,12,0,12,194,0,12,12,0,0,12,0,12,0,0,12,12,12,0,194,0,0,12,0,0,34,0,0,12,0,0,0,0,0,7543,12,12,1,12,0,0,95,12,1,254
0,253,12,0,16012,12,0,12,12,12,0,77,0,0,7,12,-1,0,0,12,0,0,1,0,0,12,0,0,12,0,12,1,0,12,12,0,0,12,0,12,0,254,12,12,12,0,1,0,253,12,0,0,14,0,0,12,0,0,0,0,0,7544,12,12,1,12,12,0,87,12,1,0
0,253,12,0,16096,12,0,12,12,12,0,76,0,0,0,12,-1,0,0,12,0,0,16,0,2,12,0,0,12,0,12,1,0,12,12,0,0,12,0,12,0,252,12,12,12,0,1,0,239,12,0,0,16,0,0,12,0,0,0,0,0,7545,12,12,1,12,12,0,92,12,1,0
0,231,12,0,4212,12,0,0,12,12,0,66,0,0,0,12,-1,0,0,12,0,0,0,0,0,0,0,0,12,0,12,12,0,12,12,0,0,12,0,12,0,231,12,12,12,0,12,0,0,12,0,0,31,0,0,12,229,0,0,0,0,7551,12,12,1,12,0,0,100,12,1,0
0,254,12,0,6040,12,0,0,12,12,0,82,0,0,11,12,-1,0,0,12,0,0,0,0,0,0,0,0,12,76,12,12,0,12,12,0,0,12,0,12,0,254,12,12,12,0,12,0,0,12,0,0,17,0,0,12,254,0,0,0,0,7565,12,12,1,12,0,0,88,12,1,0
0,254,12,0,8021,12,0,0,12,12,0,75,0,0,0,12,-1,0,0,12,0,0,0,0,0,0,0,0,12,88,12,12,0,12,12,0,0,12,0,12,0,253,12,12,12,0,12,0,0,12,0,0,22,0,0,12,254,0,0,0,0,7570,12,12,1,12,0,0,88,12,1,0
0,254,12,0,8022,12,0,0,12,12,0,83,0,0,7,12,-1,0,0,12,0,0,0,0,0,0,0,0,12,88,12,12,0,12,12,0,0,12,0,12,0,254,12,12,12,0,12,0,0,12,0,0,16,0,0,12,255,0,0,0,0,7571,12,12,1,12,0,0,96,12,1,0
0,54,217,0,14597,217,0,0,217,217,0,96,0,68,4,217,-1,0,0,217,0,0,219,0,158,0,0,0,217,0,217,12,64,217,217,0,0,217,0,217,0,41,217,217,217,0,12,0,18,217,0,0,96,0,0,217,24,0,0,0,0,7572,217,217,1,217,0,0,85,217,1,59
0,254,12,0,14598,12,0,0,12,12,0,50,0,5,4,12,-1,0,0,12,0,0,142,0,0,0,0,0,12,0,12,12,0,12,12,0,0,12,0,12,0,250,12,12,12,0,12,0,0,12,0,0,21,0,0,12,114,0,0,0,0,7573,12,12,1,12,0,0,97,12,1,0
0,253,12,0,14599,12,0,0,12,12,0,57,0,0,0,12,-1,0,0,12,0,0,1,0,1,0,0,0,12,0,12,12,0,12,12,0,0,12,0,12,0,253,12,12,12,0,12,0,0,12,0,0,20,0,0,12,253,0,0,0,0,7574,12,12,1,12,0,0,96,12,1,0
0,254,0,0,4229,0,0,0,0,0,0,46,0,3,7,0,-1,0,0,0,0,0,13,0,0,0,0,64,0,0,0,128,0,0,0,0,0,0,0,0,1,250,0,0,0,0,128,0,1,0,0,0,10,0,0,0,241,0,0,0,0,7600,0,0,1,0,0,7,99,0,1,0
0,246,12,0,4230,12,0,0,12,12,0,69,0,0,0,12,-1,0,0,12,0,0,4,0,0,0,0,0,12,0,12,12,1,12,12,0,0,12,0,12,0,254,12,12,12,0,12,0,3,12,0,0,14,0,0,12,225,0,0,0,0,7601,12,12,1,12,0,0,99,12,1,1
0,0,12,0,4232,12,0,0,12,12,0,43,0,0,0,12,-1,0,0,12,0,0,0,0,0,0,0,0,12,0,12,12,249,12,12,0,0,12,0,12,0,254,12,12,12,0,12,0,253,12,0,0,39,0,0,12,0,0,0,0,0,7603,12,12,1,12,0,0,53,12,1,0
0,252,12,0,4228,12,0,12,12,12,0,91,0,0,19,12,-1,0,0,12,0,0,254,0,0,12,0,0,12,0,12,1,0,12,12,0,0,12,0,12,0,254,12,12,12,0,1,0,0,12,0,0,91,0,0,12,0,0,0,0,0,7604,12,12,1,12,12,0,98,12,1,0
0,247,12,0,4227,12,0,12,12,12,0,97,0,0,0,12,-1,0,0,12,0,0,249,0,0,12,0,0,12,0,12,1,0,12,12,0,0,12,0,12,0,249,12,12,12,0,1,0,0,12,0,0,97,0,0,12,0,0,0,0,0,7605,12,12,1,12,12,0,86,12,1,0
0,0,12,0,4225,12,0,12,12,12,0,81,0,0,7,12,-1,0,0,12,0,0,0,0,0,12,0,0,12,0,12,1,36,12,12,0,0,12,0,12,0,253,12,12,12,0,1,0,2,12,0,0,11,0,0,12,252,0,0,0,0,7606,12,12,1,12,12,0,92,12,1,254
0,250,12,0,4224,12,0,12,12,12,0,83,0,1,7,12,-1,0,0,12,0,0,1,0,1,12,0,0,12,0,12,1,1,12,12,0,0,12,0,12,0,249,12,12,12,0,1,0,23,12,0,0,5,0,0,12,253,0,0,0,0,7607,12,12,1,12,12,0,95,12,1,0
0,254,12,0,6043,12,0,0,12,12,0,77,0,254,0,12,-1,0,0,12,0,0,252,0,1,0,0,0,12,76,12,12,0,12,12,0,0,12,0,12,0,1,12,12,12,0,12,0,1,12,0,0,12,0,0,12,3,0,0,0,0,7616,12,12,1,12,0,0,96,12,1,0
0,254,12,0,8016,12,0,0,12,12,0,81,0,0,0,12,-1,0,0,12,0,0,2,0,0,0,0,0,12,88,12,12,0,12,12,0,0,12,0,12,0,250,12,12,12,0,12,0,0,12,0,0,14,0,0,12,252,0,0,0,0,7621,12,12,1,12,0,0,95,12,1,0
0,218,12,0,8017,12,0,0,12,12,0,96,0,0,0,12,-1,0,0,12,0,0,211,0,0,0,0,0,12,88,12,12,0,12,12,0,0,12,0,12,0,211,12,12,12,0,12,0,0,12,0,0,96,0,0,12,0,0,0,0,0,7622,12,12,1,12,0,0,95,12,1,0
0,0,12,0,8018,12,0,0,12,12,0,58,0,0,7,12,-1,0,0,12,0,0,1,0,0,0,0,0,12,88,12,12,0,12,12,0,0,12,0,12,0,254,12,12,12,0,12,0,0,12,0,0,32,0,0,12,254,0,0,0,0,7623,12,12,1,12,0,0,94,12,1,254
0,247,12,0,8974,12,0,0,12,12,0,52,0,0,2,12,-1,0,0,12,0,0,0,0,0,0,0,46,12,0,12,92,0,12,12,0,0,12,0,12,0,237,12,12,12,0,93,0,0,12,0,0,44,0,0,12,243,0,0,0,1,7624,12,12,1,12,0,3,95,12,1,0
0,247,12,0,8975,12,0,0,12,12,0,91,0,1,2,12,-1,0,0,12,0,0,243,0,1,0,0,46,12,0,12,92,0,12,12,0,0,12,0,12,0,243,12,12,12,0,93,0,1,12,0,0,91,0,0,12,1,0,0,0,0,7625,12,12,1,12,0,3,95,12,1,0
0,246,220,0,8976,220,0,0,220,220,0,40,0,0,2,220,-1,0,0,220,0,0,1,0,2,0,0,13,220,0,220,10,0,220,220,0,0,220,0,220,0,253,220,220,220,0,94,0,252,220,0,0,40,0,0,220,0,0,0,0,1,7626,220,220,1,220,0,3,95,220,1,0
0,249,12,0,9933,12,0,0,12,12,0,95,0,1,2,12,-1,0,0,12,0,0,244,0,1,0,0,46,12,0,12,49,0,12,12,0,0,12,0,12,0,244,12,12,12,0,49,0,1,12,0,0,95,0,0,12,1,0,0,0,0,7627,12,12,1,12,0,0,99,12,1,0
0,0,12,0,9934,12,0,0,12,12,0,70,0,254,2,12,-1,0,0,12,0,0,254,0,0,0,0,46,12,0,12,128,0,12,12,0,0,12,0,12,0,0,12,12,12,0,117,0,0,12,0,0,26,0,0,12,0,0,0,0,0,7628,12,12,1,12,0,0,98,12,1,254
0,246,12,0,9935,220,0,0,220,12,0,94,0,0,2,220,-1,0,0,12,0,0,0,0,250,0,0,46,12,0,220,49,0,12,220,0,0,220,0,220,0,0,220,220,220,0,49,0,250,220,0,0,94,0,0,12,0,0,0,0,0,7629,220,12,1,12,0,0,97,12,1,0
0,254,12,0,9936,12,0,0,12,12,0,89,0,0,7,12,-1,0,0,12,0,0,0,0,0,0,0,46,12,0,12,49,0,12,12,0,0,12,0,12,0,254,12,12,12,0,49,0,0,12,0,0,7,0,0,12,254,0,0,0,0,7630,12,12,1,12,0,0,100,12,1,0
0,0,12,0,9937,12,0,0,12,12,0,94,0,0,7,12,-1,0,0,12,0,0,254,0,0,0,0,73,12,0,12,138,0,12,12,0,0,12,0,12,0,254,12,12,12,0,138,0,0,12,0,0,94,0,0,12,0,0,0,0,0,7631,12,12,1,12,0,0,98,12,1,249
0,0,12,0,10554,12,0,0,12,12,0,65,0,0,7,12,-1,0,0,12,0,0,25,0,4,0,0,73,12,0,12,138,0,12,12,0,0,12,0,12,0,250,12,12,12,0,138,0,230,12,0,0,12,0,0,12,0,0,0,0,0,7632,12,12,1,12,0,0,100,12,1,254
0,254,12,0,10555,12,0,0,12,12,0,58,0,0,7,12,-1,0,0,12,0,0,0,0,0,0,0,73,12,0,12,138,0,12,12,0,0,12,0,12,0,254,12,12,12,0,138,0,0,12,0,0,38,0,0,12,254,0,0,0,1,7633,12,12,1,12,0,0,95,12,1,0
0,0,12,0,10556,12,0,0,12,12,0,51,0,251,0,12,-1,0,0,12,0,0,251,0,0,0,0,73,12,0,12,138,0,12,12,0,0,12,0,12,0,0,12,12,12,0,138,0,0,12,0,0,47,0,0,12,0,0,0,0,0,7634,12,12,1,12,0,0,100,12,1,254
0,0,12,0,10963,12,0,0,12,12,0,54,0,254,22,12,-1,0,0,12,0,0,254,0,0,0,0,0,12,0,12,12,0,12,12,0,0,12,0,12,0,0,12,12,12,0,12,0,0,12,0,0,44,0,0,12,0,0,0,0,0,7635,12,12,1,12,0,3,92,12,1,254
0,254,12,0,10964,12,0,0,12,12,0,41,0,3,22,12,-1,0,0,12,0,0,14,0,0,0,0,0,12,0,12,12,0,12,12,0,0,12,0,12,0,251,12,12,12,0,12,0,0,12,0,0,38,0,0,12,241,0,0,0,0,7636,12,12,1,12,0,3,96,12,1,0
0,0,220,0,10965,12,0,0,12,220,0,87,0,0,7,12,-1,0,0,220,0,0,0,0,0,0,0,0,220,0,12,12,254,220,12,0,0,12,0,12,0,254,12,12,12,0,12,0,252,12,0,0,8,0,0,220,0,0,0,0,0,7637,12,220,1,220,0,3,96,220,1,0
0,254,12,0,10966,12,0,0,12,12,0,48,0,254,0,12,-1,0,0,12,0,0,254,0,0,0,0,0,12,0,12,12,0,12,12,0,0,12,0,12,0,0,12,12,12,0,12,0,0,12,0,0,47,0,0,12,0,0,0,0,0,7638,12,12,1,12,0,3,99,12,1,0
0,0,12,0,10967,12,0,0,12,12,0,85,0,0,7,12,-1,0,0,12,0,0,0,0,0,0,0,0,12,0,12,12,0,12,12,0,0,12,0,12,0,254,12,12,12,0,12,0,0,12,0,0,9,0,0,12,254,0,0,0,0,7639,12,12,1,12,0,0,82,12,1,254
0,0,12,0,10968,12,0,0,12,12,0,68,0,0,0,12,-1,0,0,12,0,0,0,0,0,0,0,0,12,0,12,12,0,12,12,0,0,12,0,12,0,255,12,12,12,0,12,0,0,12,0,0,30,0,0,12,255,0,0,0,0,7640,12,12,1,12,0,0,100,12,1,254
0,247,0,0,11748,0,0,0,0,0,0,95,0,0,23,0,-1,0,0,0,0,0,254,0,0,0,0,64,0,0,0,128,0,0,0,0,0,0,0,0,0,254,0,0,0,0,128,0,0,0,0,0,95,0,0,0,0,0,0,0,0,7641,0,0,1,0,0,0,92,0,1,0
0,247,0,0,11749,0,0,0,0,0,0,60,0,0,0,0,-1,0,0,0,0,0,0,0,0,0,0,64,0,0,0,128,0,0,0,0,0,0,0,0,0,254,0,0,0,0,128,0,0,0,0,0,38,0,0,0,253,0,0,0,1,7642,0,0,1,0,0,0,94,0,1,0
0,248,0,0,11750,0,0,0,0,0,0,45,0,0,23,0,-1,0,0,0,0,0,0,0,0,0,0,64,0,0,0,128,0,0,0,0,0,0,0,0,1,253,0,0,0,0,128,0,0,0,0,0,39,0,0,0,254,0,0,0,0,7643,0,0,1,0,0,0,100,0,1,0
0,0,0,0,11751,0,0,0,0,0,0,63,0,1,23,0,-1,0,0,0,0,0,4,0,0,0,0,64,0,0,0,128,0,0,0,0,0,0,0,0,0,253,0,0,0,0,128,0,0,0,0,0,14,0,0,0,250,0,0,0,0,7644,0,0,1,0,0,0,100,0,1,254
0,248,0,0,11752,0,0,0,0,0,0,83,0,254,23,0,-1,0,0,0,0,0,247,0,0,0,0,64,0,0,0,128,0,0,0,0,0,0,0,0,0,0,0,0,0,0,128,0,0,0,0,0,11,0,0,0,1,0,0,0,0,7645,0,0,1,0,0,0,100,0,1,0
0,247,0,0,11753,0,0,0,0,0,0,85,0,0,23,0,-1,0,0,0,0,0,1,0,0,0,0,64,0,0,0,128,0,0,0,0,0,0,0,0,0,230,0,0,0,0,128,0,0,0,0,0,11,0,0,0,247,0,0,0,0,7646,0,0,1,0,0,0,94,0,1,0
0,247,0,0,11754,0,0,0,0,0,0,92,0,0,11,0,-1,0,0,0,0,0,253,0,0,0,0,64,0,0,0,128,0,0,0,0,0,0,0,0,0,253,0,0,0,0,128,0,0,0,0,0,92,0,0,0,0,0,0,0,0,7647,0,0,1,0,0,0,100,0,1,0
0,254,0,0,12817,0,0,0,0,0,0,75,0,0,0,0,-1,0,0,0,0,0,179,0,0,0,0,64,0,0,0,128,0,0,0,0,0,0,0,0,0,246,0,0,0,0,128,0,0,0,0,0,21,0,0,0,0,0,0,0,0,7648,0,0,1,0,0,0,92,0,1,0
0,254,0,0,12816,0,0,0,0,0,0,92,0,0,0,0,-1,0,0,0,0,0,254,0,0,0,0,64,0,0,0,128,0,0,0,0,0,0,0,0,0,254,0,0,0,0,128,0,0,0,0,0,92,0,0,0,0,0,0,0,0,7649,0,0,1,0,0,7,99,0,1,0
0,254,12,0,5185,12,0,0,12,12,0,91,0,0,7,12,-1,0,0,12,0,0,0,0,0,0,0,0,12,0,12,12,0,12,12,0,0,12,0,12,0,219,12,12,12,0,12,0,0,12,0,0,8,0,0,12,236,0,0,0,0,7658,12,12,1,12,0,0,94,12,1,0
0,254,12,0,6701,12,0,0,12,12,0,89,0,0,7,12,-1,0,0,12,0,0,0,0,0,0,0,0,12,76,12,12,0,12,12,0,0,12,0,12,0,239,12,12,12,0,12,0,0,12,0,0,10,0,0,12,255,0,0,0,0,7663,12,12,1,12,0,3,96,12,1,0
0,0,12,0,6702,12,0,0,12,12,0,61,0,254,0,12,-1,0,0,12,0,0,254,0,0,0,0,0,12,76,12,12,0,12,12,0,0,12,0,12,0,0,12,12,12,0,12,0,0,12,0,0,38,0,0,12,0,0,0,0,0,7664,12,12,1,12,0,0,93,12,1,254
0,0,12,0,8019,12,0,0,12,12,0,82,0,0,7,12,-1,0,0,12,0,0,254,0,0,0,0,0,12,88,12,12,0,12,12,0,0,12,0,12,0,254,12,12,12,0,12,0,0,12,0,0,82,0,0,12,0,0,0,0,0,7665,12,12,1,12,0,0,87,12,1,254
0,254,12,0,8020,12,0,0,12,12,0,71,0,0,13,12,-1,0,0,12,0,0,0,0,0,0,0,0,12,88,12,12,0,12,12,0,0,12,0,12,0,254,12,12,12,0,12,0,0,12,0,0,27,0,0,12,254,0,0,0,0,7666,12,12,1,12,0,0,93,12,1,0
0,253,12,0,9098,12,0,0,12,12,0,78,0,0,0,12,-1,0,0,12,0,0,0,0,0,0,0,0,12,0,12,12,0,12,12,0,0,12,0,12,0,254,12,12,12,0,12,0,0,12,0,0,19,0,0,12,250,0,0,0,0,7667,12,12,1,12,0,0,94,12,1,0
0,254,12,0,9097,12,0,0,12,12,0,38,0,6,0,12,-1,0,0,12,0,0,8,0,0,0,0,0,12,0,12,12,0,12,12,0,0,12,0,12,0,244,12,12,12,0,12,0,0,12,0,0,26,0,0,12,245,0,0,0,0,7668,12,12,1,12,0,0,95,12,1,0
0,254,12,0,9938,12,0,0,12,12,0,71,0,0,0,12,-1,0,0,12,0,0,0,0,0,0,0,47,12,0,12,87,0,12,12,0,0,12,0,12,0,254,12,12,12,0,87,0,0,12,0,0,26,0,0,12,254,0,0,0,0,7669,12,12,1,12,0,0,96,12,1,0
0,254,12,0,10153,12,0,0,12,12,0,94,0,0,0,12,-1,0,0,12,0,0,253,0,0,0,0,63,12,0,12,115,0,12,12,0,0,12,0,12,0,253,12,12,12,0,115,0,0,12,0,0,94,0,0,12,0,0,0,0,0,7670,12,12,1,12,0,0,88,12,1,0
0,254,12,0,11144,12,0,0,12,12,0,86,0,0,0,12,-1,0,0,12,0,0,253,0,0,0,0,95,12,0,12,190,0,12,12,0,0,12,0,12,0,253,12,12,12,0,190,0,0,12,0,0,86,0,0,12,0,0,0,0,0,7671,12,12,1,12,0,0,94,12,1,0
0,254,12,0,11143,12,0,0,12,12,0,86,0,0,7,0,-1,0,0,12,0,0,0,0,9,0,0,95,12,0,0,190,10,12,12,0,0,12,0,12,0,238,12,12,12,0,190,0,254,12,0,0,10,0,0,12,0,0,0,0,0,7672,0,12,1,12,0,0,95,12,1,0
0,255,12,0,12142,12,0,0,12,12,0,76,0,0,7,12,-1,0,0,12,0,0,3,0,0,0,0,95,12,0,12,190,0,12,12,0,0,12,0,12,0,254,12,12,12,0,190,0,0,12,0,0,11,0,0,12,251,0,0,0,0,7673,12,12,1,12,0,3,95,12,1,0
0,253,12,0,14739,12,0,0,12,12,0,93,0,0,0,12,-1,0,0,12,0,0,0,0,14,0,0,95,12,0,12,190,0,12,12,0,0,12,0,12,0,240,12,12,12,0,190,0,0,12,0,0,5,0,0,12,248,0,0,0,0,7674,12,12,1,12,0,0,100,12,1,0
0,255,12,0,14740,12,0,0,12,12,0,72,0,0,0,12,-1,0,0,12,0,0,6,0,0,0,0,95,12,0,12,190,0,12,12,0,0,12,0,12,0,254,12,12,12,0,190,0,0,12,0,0,13,0,0,12,244,0,0,0,0,7675,12,12,1,12,0,0,100,12,1,0
0,255,12,0,14741,12,0,0,12,12,0,81,0,0,0,12,-1,0,0,12,0,0,2,0,0,0,0,95,12,0,12,190,0,12,12,0,0,12,0,12,0,254,12,12,12,0,190,0,0,12,0,0,8,0,0,12,253,0,0,0,0,7676,12,12,1,12,0,0,100,12,1,0
0,255,12,0,14742,12,0,0,12,12,0,62,0,254,0,12,-1,0,0,12,0,0,254,0,0,0,0,95,12,0,12,190,0,12,12,0,0,12,0,12,0,0,12,12,12,0,190,0,0,12,0,0,34,0,0,12,0,0,0,0,0,7677,12,12,1,12,0,0,100,12,1,0
0,254,220,0,4208,220,0,0,220,220,0,42,0,254,7,220,-1,0,0,220,0,0,0,0,0,0,0,1,220,0,220,1,0,220,220,0,0,220,0,220,0,0,220,220,220,0,1,0,254,220,0,0,36,0,0,220,0,0,0,0,0,7700,220,220,1,220,0,0,100,220,1,0
0,254,220,0,4206,220,0,0,220,220,0,87,0,0,7,220,-1,0,0,220,0,0,0,0,0,0,0,1,220,0,220,1,0,220,220,0,0,220,0,220,0,254,220,220,220,0,1,0,254,220,0,0,7,0,0,220,0,0,0,0,0,7702,220,220,1,220,0,0,100,220,1,0
0,254,220,0,4205,220,0,0,220,220,0,70,0,2,7,220,-1,0,0,220,0,0,7,0,0,0,0,1,220,0,220,1,0,220,220,0,0,220,0,220,0,251,220,220,220,0,1,0,0,220,0,0,8,0,0,220,248,0,0,0,0,7703,220,220,1,220,0,0,100,220,1,0
0,253,220,0,4204,220,0,0,220,220,0,88,0,0,7,220,-1,0,0,220,0,0,254,0,0,0,0,1,220,0,220,1,0,220,220,0,0,220,0,220,0,254,220,220,220,0,1,0,0,220,0,0,88,0,0,220,0,0,0,0,0,7704,220,220,1,220,0,0,100,220,1,0
0,254,12,0,4203,12,0,0,12,12,0,92,0,0,0,12,-1,0,0,12,0,0,254,0,0,0,0,0,12,0,12,12,0,12,12,0,0,12,0,12,0,254,12,12,12,0,12,0,0,12,0,0,92,0,0,12,0,0,0,0,0,7705,12,12,1,12,0,0,100,12,1,0
0,254,12,0,4202,12,0,0,12,12,0,89,0,0,0,12,-1,0,0,12,0,0,2,0,0,0,0,0,12,0,12,12,0,12,12,0,0,12,0,12,0,254,12,12,12,0,12,0,0,12,0,0,10,0,0,12,253,0,0,0,0,7706,12,12,1,12,0,0,93,12,1,0
0,254,0,0,4201,12,0,0,0,0,0,82,0,0,7,12,-1,0,0,0,0,0,1,0,0,0,0,0,0,0,12,12,0,0,0,0,0,0,0,12,0,254,0,12,0,0,12,0,0,0,0,0,7,0,0,0,253,0,0,0,0,7707,12,0,1,0,0,0,100,0,1,0
0,254,12,0,15467,12,0,0,12,12,0,70,0,2,7,12,-1,0,0,12,0,0,7,0,0,0,0,51,12,0,12,260,0,12,12,0,0,12,0,12,0,251,12,12,12,0,260,0,0,12,0,0,8,0,0,12,248,0,0,0,0,7709,12,12,1,12,0,0,100,12,1,0
0,253,12,0,15468,12,0,0,12,12,0,86,0,0,7,12,-1,0,0,12,0,0,3,0,0,0,0,133,12,0,12,260,0,12,12,0,0,12,0,12,0,254,12,12,12,0,260,0,0,12,0,0,5,0,0,12,251,0,0,0,0,7710,12,12,1,12,0,0,100,12,1,0
0,254,12,0,15469,12,0,0,12,12,0,41,0,254,7,12,-1,0,0,12,0,0,0,0,0,0,0,133,12,0,12,260,0,12,12,0,0,12,0,12,0,0,12,12,12,0,260,0,254,12,0,0,36,0,0,12,0,0,0,0,0,7711,12,12,1,12,0,0,100,12,1,0
0,254,12,0,15470,12,0,0,12,12,0,87,0,0,7,12,-1,0,0,12,0,0,0,0,0,0,0,133,12,0,12,260,0,12,12,0,0,12,0,12,0,254,12,12,12,0,260,0,254,12,0,0,6,0,0,12,0,0,0,0,0,7712,12,12,1,12,0,0,100,12,1,0
0,254,12,0,15385,12,0,0,12,12,0,85,0,0,7,12,-1,0,0,12,0,0,5,0,0,0,0,133,12,0,12,260,0,12,12,0,0,12,0,12,0,254,12,12,12,0,260,0,0,12,0,0,5,0,0,12,250,0,0,0,0,7714,12,12,1,12,0,0,100,12,1,0
0,254,12,0,15472,12,0,0,12,12,0,42,0,254,7,12,-1,0,0,12,0,0,0,0,0,0,0,133,12,0,12,260,0,12,12,0,0,12,0,12,0,0,12,12,12,0,260,0,254,12,0,0,35,0,0,12,0,0,0,0,0,7715,12,12,1,12,0,0,100,12,1,0
0,254,12,0,15473,12,0,0,12,12,0,82,0,0,7,12,-1,0,0,12,0,0,1,0,0,0,0,133,12,0,12,260,0,12,12,0,0,12,0,12,0,254,12,12,12,0,260,0,0,12,0,0,7,0,0,12,253,0,0,0,0,7716,12,12,1,12,0,0,100,12,1,0
0,254,12,0,16114,12,0,12,12,12,0,87,0,0,7,12,-1,0,0,12,0,0,0,0,0,12,0,51,12,0,12,196,0,12,12,0,0,12,0,12,0,254,12,12,12,0,196,0,0,12,0,0,10,0,0,12,254,0,0,0,0,7717,12,12,1,12,12,0,100,12,1,0
0,254,12,0,16115,12,0,12,12,12,0,79,0,0,7,12,-1,0,0,12,0,0,0,0,0,12,0,51,12,0,12,196,0,12,12,0,0,12,0,12,0,254,12,12,12,0,196,0,253,12,0,0,11,0,0,12,0,0,0,0,0,7718,12,12,1,12,12,0,100,12,1,0
0,254,12,0,16116,12,0,12,12,12,0,85,0,0,7,12,-1,0,0,12,0,0,0,0,0,12,0,51,12,0,12,196,0,12,12,0,0,12,0,12,0,254,12,12,12,0,196,0,0,12,0,0,7,0,0,12,251,0,0,0,0,7719,12,12,1,12,12,0,100,12,1,0
0,254,12,0,16117,12,0,12,12,12,0,82,0,0,7,12,-1,0,0,12,0,0,0,0,0,12,0,51,12,0,12,196,0,12,12,0,0,12,0,12,0,254,12,12,12,0,196,0,0,12,0,0,9,0,0,12,254,0,0,0,0,7720,12,12,1,12,12,0,100,12,1,0
0,254,12,0,16118,12,0,12,12,12,0,90,0,0,7,12,-1,0,0,12,0,0,0,0,0,12,0,51,12,0,12,196,0,12,12,0,0,12,0,12,0,254,12,12,12,0,196,0,254,12,0,0,7,0,0,12,0,0,0,0,0,7721,12,12,1,12,12,0,100,12,1,0
0,153,194,0,16119,194,0,12,172,172,0,86,0,34,7,187,-1,0,0,187,0,0,242,0,48,12,0,51,194,0,172,196,153,172,187,0,0,187,0,187,0,29,194,172,194,0,196,0,242,172,0,0,8,0,0,187,242,0,0,0,0,7722,194,172,1,194,12,0,100,187,1,153
0,254,12,0,16120,12,0,12,12,12,0,78,0,0,7,12,-1,0,0,12,0,0,0,0,0,12,0,51,12,0,12,196,0,12,12,0,0,12,0,12,0,254,12,12,12,0,196,0,0,12,0,0,14,0,0,12,254,0,0,0,0,7723,12,12,1,12,12,0,100,12,1,0
0,0,12,0,16121,12,0,12,12,12,0,68,0,0,7,12,-1,0,0,12,0,0,0,0,0,12,0,51,12,0,12,196,12,12,12,0,0,12,0,12,0,253,12,12,12,0,196,0,0,12,0,0,21,0,0,12,252,0,0,0,0,7724,12,12,1,12,12,0,95,12,1,254
0,0,12,0,16122,12,0,12,12,12,0,85,0,0,7,12,-1,0,0,12,0,0,1,0,0,12,0,51,12,0,12,196,221,12,12,0,0,12,0,12,0,254,12,12,12,0,196,0,0,12,0,0,9,0,0,12,253,0,0,0,0,7725,12,12,1,12,12,0,100,12,1,0
0,0,12,0,16123,12,0,12,12,12,0,54,0,0,7,12,-1,0,0,12,0,0,0,0,0,12,0,51,12,0,12,196,254,12,12,0,0,12,0,12,0,254,12,12,12,0,196,0,0,12,0,0,42,0,0,12,254,0,0,0,0,7726,12,12,1,12,12,0,100,12,1,0
0,0,12,0,16124,12,0,12,12,12,0,80,0,0,7,12,-1,0,0,12,0,0,0,0,0,12,0,51,12,0,12,196,253,12,12,0,0,12,0,12,0,254,12,12,12,0,196,0,0,12,0,0,17,0,0,12,254,0,0,0,0,7727,12,12,1,12,12,0,100,12,1,0
0,0,12,0,16125,12,0,12,12,12,0,79,0,0,7,12,-1,0,0,12,0,0,0,0,0,12,0,51,12,0,12,196,254,12,12,0,0,12,0,12,0,254,12,12,12,0,196,0,254,12,0,0,11,0,0,12,0,0,0,0,0,7728,12,12,1,12,12,0,100,12,1,0
0,0,12,0,17225,12,0,12,12,12,0,65,0,0,19,12,-1,0,0,12,0,0,8,0,4,12,0,0,12,0,12,12,0,12,12,0,0,12,0,12,0,250,12,12,12,0,12,0,247,12,0,0,21,0,0,12,0,0,1,0,0,7729,12,12,1,12,12,0,99,12,1,254
0,0,12,0,17226,12,0,12,12,12,0,90,0,0,8,12,-1,0,0,12,0,0,254,0,0,12,0,0,12,0,12,12,0,12,12,0,0,12,0,12,0,254,12,12,12,0,12,0,0,12,0,0,90,0,0,12,0,0,1,0,0,7730,12,12,1,12,12,0,99,12,1,254
0,254,12,0,10159,12,0,0,12,12,0,88,0,0,19,12,-1,0,0,12,0,0,6,0,0,0,0,0,12,0,12,12,0,12,12,0,0,12,0,12,0,254,12,12,12,0,12,0,0,12,0,0,5,0,0,12,250,0,0,0,0,7800,12,12,1,12,0,0,100,12,1,0
0,253,220,0,12141,220,0,0,220,220,0,75,0,0,0,220,-1,0,0,220,0,0,3,0,0,0,0,0,220,0,220,12,0,220,220,0,0,220,0,220,0,253,220,220,220,0,12,0,0,220,0,0,16,0,0,220,252,0,0,0,0,7801,220,220,1,220,0,0,100,220,1,0
0,254,12,0,12143,12,0,0,12,12,0,54,0,30,4,12,-1,0,0,12,0,0,0,0,0,0,0,1,12,0,12,1,0,12,12,0,0,12,0,12,0,226,12,12,12,0,1,0,0,12,0,0,37,0,0,12,254,0,0,0,0,7850,12,12,1,12,0,0,97,12,1,0
0,0,12,0,12177,12,0,0,12,12,0,75,0,0,0,12,-1,0,0,12,0,0,2,0,0,0,0,1,12,0,12,1,0,12,12,0,0,12,0,12,0,254,12,12,12,0,1,0,1,12,0,0,16,0,0,12,252,0,0,0,0,7851,12,12,1,12,0,0,98,12,1,254
0,222,12,0,12966,12,0,0,12,12,0,74,0,0,0,12,-1,0,0,12,0,0,176,0,0,0,0,0,12,0,12,1,0,12,12,0,0,12,0,12,0,254,12,12,12,0,1,0,0,12,0,0,10,0,0,12,1,0,0,0,0,7852,12,12,1,12,0,0,99,12,1,0
0,222,12,0,14674,12,0,0,12,12,0,88,0,0,7,12,-1,0,0,12,0,0,0,0,0,0,0,0,12,0,12,1,0,12,12,0,0,12,0,12,0,253,12,12,12,0,1,0,0,12,0,0,9,0,0,12,253,0,0,0,0,7853,12,12,1,12,0,0,98,12,1,0
0,221,12,0,14675,12,0,0,12,12,0,97,0,0,7,12,-1,0,0,12,0,0,227,0,0,0,0,0,12,0,12,1,0,12,12,0,0,12,0,12,0,227,12,12,12,0,1,0,0,12,0,0,97,0,0,12,0,0,0,0,0,7854,12,12,1,12,0,0,96,12,1,0
0,222,12,0,14677,12,0,0,12,12,0,81,0,0,0,12,-1,0,0,12,0,0,0,0,0,0,0,0,12,0,12,1,0,12,12,0,0,12,0,12,0,254,12,12,12,0,1,0,0,12,0,0,16,0,0,12,254,0,0,0,0,7856,12,12,1,12,0,0,99,12,1,0
0,253,12,0,15827,12,0,12,12,12,0,74,0,0,0,12,-1,0,0,12,0,0,0,0,0,12,0,0,12,0,12,1,0,12,12,0,0,12,0,12,0,254,12,12,12,0,1,0,253,12,0,0,16,0,0,12,1,0,0,0,0,7857,12,12,1,12,12,0,98,12,1,0
0,253,12,0,15826,12,0,12,12,12,0,40,0,252,7,12,-1,0,0,12,0,0,251,0,0,12,0,0,12,0,12,1,0,12,12,0,0,12,0,12,0,2,12,12,12,0,1,0,0,12,0,0,29,0,0,12,3,0,0,0,0,7858,12,12,1,12,12,0,99,12,1,0
0,254,12,0,15971,12,0,12,12,12,0,52,0,0,7,12,-1,0,0,12,0,0,0,0,0,12,0,0,12,0,12,1,0,12,12,0,0,12,0,12,0,240,12,12,12,0,1,0,0,12,0,0,33,0,0,12,254,0,0,0,0,7859,12,12,1,12,12,0,92,12,1,0
0,9,9,0,17820,9,0,0,13,13,0,84,0,242,11,10,-1,0,0,10,0,0,41,0,242,0,0,0,9,0,13,1,13,13,10,0,0,10,0,10,1,242,9,13,9,0,1,0,158,13,0,0,13,0,0,10,68,0,0,0,0,7870,9,13,1,9,0,2,90,10,0,10
0,0,12,0,5111,10,0,220,220,12,4,92,0,188,9,69,0,0,0,12,0,0,4,0,25,220,308,44,255,100,138,84,125,12,220,2,0,220,0,69,0,248,220,138,220,0,84,0,126,220,1,0,7,0,0,237,81,0,0,0,0,10020,10,0,1,12,220,0,97,12,1,78
0,231,220,0,5112,29,0,12,220,220,4,92,0,249,9,41,0,0,1,220,0,0,11,0,254,12,308,44,29,76,75,84,231,220,220,2,0,220,0,41,0,238,220,75,220,0,84,0,79,220,1,0,6,0,0,41,31,0,0,0,0,10020,29,75,1,220,12,0,89,220,1,231
0,214,12,0,5636,220,0,12,12,12,1,91,0,6,0,220,0,0,2,12,0,0,227,1,27,12,308,44,220,76,220,84,26,12,12,2,0,12,0,220,0,214,12,220,12,0,84,0,226,12,0,0,7,0,0,220,226,0,0,0,0,10020,220,220,1,12,12,0,91,12,1,6
0,43,220,0,3373,220,0,220,220,220,4,93,0,52,0,220,0,0,0,220,0,0,231,0,73,220,19,1,220,87,220,13,67,220,220,0,0,220,0,220,0,43,220,220,220,0,13,0,231,220,0,0,6,0,9,220,231,0,0,0,0,10029,220,220,1,220,220,0,99,220,1,49
0,28,220,0,3372,220,0,220,220,220,4,91,0,173,0,220,0,0,1,220,0,0,232,0,206,220,19,1,220,87,220,13,210,220,220,0,0,220,0,220,0,28,220,220,220,0,13,0,233,220,0,0,7,0,9,220,233,0,0,0,0,10029,220,220,1,220,220,0,96,220,1,177
0,178,49,0,4687,49,0,52,65,65,4,91,0,147,0,52,0,0,2,52,0,0,35,0,105,65,19,1,49,87,65,13,107,65,52,0,0,52,0,52,0,175,49,65,49,0,13,0,60,65,0,0,7,0,9,52,43,0,0,0,0,10029,49,65,1,49,49,0,96,52,1,149
0,231,49,0,3939,49,0,52,65,65,4,85,0,227,0,52,0,0,3,52,0,0,37,0,227,65,19,1,49,86,65,13,231,65,52,0,0,52,0,52,0,227,49,65,49,0,13,0,62,65,0,0,7,0,9,52,44,0,0,0,0,10029,49,65,1,49,49,0,97,52,1,231
0,231,12,0,17612,12,0,12,12,12,4,96,0,230,0,12,0,0,4,12,0,0,230,0,230,12,0,1,12,86,12,13,231,12,12,0,0,12,0,12,0,230,12,12,12,0,13,0,230,12,0,0,96,0,11,12,230,1,0,0,0,10029,12,12,1,12,12,0,100,12,1,231
0,49,220,0,1223,220,0,12,220,220,0,78,0,47,7,220,0,0,0,220,0,0,3,0,50,12,20,13,220,100,220,98,48,220,220,0,0,220,0,220,0,50,220,220,220,0,98,0,159,220,0,0,19,0,0,220,86,0,0,0,0,10030,220,220,1,220,12,0,98,220,1,46
0,224,12,0,5273,23,0,12,12,12,0,89,0,222,7,77,0,0,1,12,0,0,222,0,222,12,20,13,23,100,140,98,224,12,12,0,0,12,0,77,0,222,12,140,12,0,98,0,222,12,0,0,89,0,0,77,222,0,0,0,0,10030,23,140,1,12,12,0,98,12,1,224
0,231,78,0,1224,78,0,79,149,149,0,95,0,55,7,79,0,0,2,79,0,0,228,0,88,149,20,13,78,100,149,98,98,149,79,0,0,79,0,79,0,228,78,149,78,0,98,0,88,149,0,0,95,0,0,79,55,0,0,0,0,10030,78,149,1,78,78,0,98,79,1,61
189,231,12,0,1225,220,0,220,220,12,0,63,0,30,11,220,0,0,0,12,0,0,231,0,30,220,189,1,12,84,220,2,231,12,220,0,0,220,0,220,0,30,220,220,220,0,2,0,231,220,1,0,33,0,0,12,231,0,0,0,0,10032,220,12,1,12,220,0,88,12,1,231
189,30,220,0,1226,12,0,12,12,220,0,66,0,230,11,12,0,0,1,220,0,0,30,0,230,12,189,1,220,76,12,2,30,220,12,0,0,12,0,12,0,230,12,12,12,0,2,0,30,12,1,0,33,0,0,220,30,0,0,0,0,10032,12,220,1,220,12,0,88,220,1,30
189,207,12,0,7309,12,0,12,12,12,0,100,0,215,0,12,0,0,2,12,0,0,208,0,50,12,0,1,12,86,12,2,50,12,12,0,0,12,0,12,0,208,12,12,12,0,2,0,50,12,0,0,100,0,0,12,215,0,1,0,0,10032,12,12,1,12,12,0,100,12,1,214
0,20,12,0,12258,12,0,12,220,220,0,91,0,244,9,12,0,0,0,220,0,0,19,0,244,12,54,138,220,76,12,267,20,12,220,0,0,220,0,12,1,244,220,12,220,0,267,0,19,220,0,0,7,0,0,220,19,0,0,0,0,10846,12,220,1,220,12,0,98,12,1,20
0,246,12,0,12259,220,0,220,12,12,0,91,0,16,7,220,0,0,1,12,0,0,239,0,16,220,54,138,12,76,220,267,246,12,12,0,0,12,0,220,1,16,12,220,12,0,267,0,239,12,0,0,7,0,0,12,239,0,0,0,0,10846,220,12,1,12,220,0,98,12,1,246
0,251,12,0,12260,12,0,12,69,12,0,79,0,236,7,12,0,0,2,12,0,0,211,0,68,12,54,138,12,86,12,267,66,12,236,0,0,236,0,12,1,252,252,12,252,0,267,0,47,69,0,0,17,0,0,12,194,0,0,0,0,10846,12,12,1,12,12,0,75,12,1,234
4,166,220,0,1227,220,0,220,220,220,0,53,0,22,7,220,0,0,0,220,0,0,232,0,15,220,0,1,220,76,220,1,14,220,220,0,0,220,0,220,0,166,220,220,220,0,1,0,232,220,1,0,46,0,8,220,232,0,0,0,0,15005,220,220,0,220,220,0,99,220,0,22
4,232,166,0,1228,166,0,23,15,15,0,54,0,233,7,23,0,0,1,23,0,0,15,0,233,15,0,1,166,76,15,1,232,15,23,0,0,23,0,23,0,233,166,15,166,0,1,0,4,15,1,0,38,0,8,23,56,0,1,0,0,15005,166,15,0,166,166,0,87,23,0,232
4,31,220,0,5637,220,0,220,220,220,0,85,0,30,0,220,0,0,2,220,0,0,174,0,30,220,0,1,220,76,220,1,29,220,220,0,0,220,0,220,0,30,220,220,220,0,1,0,6,220,0,0,14,0,1,220,6,0,0,0,0,15005,220,220,0,220,220,0,94,220,0,29
0,178,220,0,17390,220,0,220,220,220,0,68,0,29,0,220,0,0,0,220,0,0,30,0,36,220,1,1,220,76,220,1,35,220,220,0,0,220,0,220,0,176,220,220,220,0,1,0,30,220,1,0,29,0,0,220,30,0,0,0,0,15006,220,220,1,220,220,0,100,220,1,28
0,29,220,0,17391,220,0,220,220,220,0,66,0,30,0,220,0,0,1,220,0,0,231,0,30,220,1,1,220,76,220,1,29,220,220,0,0,220,0,220,0,30,220,220,220,0,1,0,231,220,1,0,30,0,0,220,231,0,0,0,0,15006,220,220,1,220,220,0,100,220,1,29
0,38,39,0,17392,220,0,220,220,220,0,100,0,131,0,220,0,0,2,220,0,0,38,0,82,220,1,1,220,76,220,1,82,82,220,0,0,131,0,220,0,38,39,220,220,0,1,0,82,82,0,0,100,0,0,220,131,0,0,0,0,15006,220,220,1,220,220,0,100,131,1,131
0,232,12,0,1229,12,0,12,12,12,0,94,0,231,7,12,0,0,0,12,0,0,231,0,231,12,80,1,12,76,12,4,232,12,12,0,0,12,0,12,0,231,12,12,12,80,4,0,231,12,0,0,94,0,0,12,231,0,0,0,0,15009,12,12,1,12,12,0,98,12,0,232
0,30,220,0,1230,220,0,220,220,220,0,94,0,30,7,220,0,0,1,220,0,0,30,0,30,220,80,1,220,76,220,4,30,220,220,0,0,220,0,220,0,30,220,220,220,80,4,0,30,220,0,0,94,0,0,220,30,0,0,0,0,15009,220,220,1,220,220,0,98,220,0,30
0,230,12,0,6555,12,0,12,12,12,0,100,0,120,0,12,0,0,2,12,0,0,231,0,0,12,0,1,12,76,12,1,0,12,12,0,0,12,0,12,0,231,12,12,12,80,137,0,0,12,0,0,100,0,0,12,120,0,0,0,0,15009,12,12,1,12,12,0,100,12,0,119
0,231,12,0,8430,161,0,12,220,40,0,88,0,228,12,25,0,0,0,25,0,0,161,0,228,12,54,138,161,76,40,267,231,12,220,2,0,12,0,25,1,228,12,40,220,0,267,0,40,12,0,0,10,0,0,25,24,0,0,0,0,15012,161,40,1,161,12,0,99,12,1,231
0,29,12,0,8431,220,0,12,12,220,0,90,0,32,0,220,0,0,1,220,0,0,228,0,32,12,54,138,220,76,220,267,29,12,12,2,0,12,0,220,1,32,12,220,12,0,267,0,228,12,0,0,5,0,0,220,228,0,0,0,0,15012,220,220,1,220,12,0,93,12,1,29
0,227,12,0,8432,12,0,12,104,12,0,89,0,249,0,12,0,0,2,12,0,0,29,0,0,12,54,138,12,87,12,267,0,12,236,0,0,12,0,12,1,225,12,12,215,0,267,0,27,12,0,0,8,0,0,12,30,0,0,0,0,15012,12,12,1,12,12,0,100,12,1,252
0,41,194,0,3946,220,0,220,12,12,0,44,0,154,11,220,0,0,0,12,0,0,43,0,2,220,60,49,220,14,220,89,41,15,12,0,0,12,0,220,0,191,12,220,12,0,23,0,41,12,0,0,44,0,0,220,42,0,0,0,0,15015,220,220,1,12,220,0,86,8,1,41
0,0,194,0,3945,220,0,220,12,12,0,98,0,86,11,220,0,0,1,12,0,0,0,0,98,220,60,49,220,14,220,89,100,15,12,0,0,12,0,220,0,0,12,220,12,0,23,0,98,12,0,0,98,0,0,220,86,0,0,0,0,15015,220,220,1,12,220,0,83,8,1,87
0,238,194,0,5638,220,0,220,12,12,0,85,0,86,0,220,0,0,2,12,0,0,220,1,132,220,60,49,220,14,220,89,131,15,12,0,0,12,0,220,0,238,12,220,12,0,23,0,219,12,0,0,14,0,1,220,219,0,0,0,0,15015,220,220,1,12,220,0,91,8,1,85
2168,46,207,0,5877,207,0,205,214,214,0,95,0,107,0,205,0,0,0,205,0,0,47,0,204,214,0,45,207,100,214,60,204,214,205,0,0,205,0,205,0,47,207,214,207,0,60,0,204,214,1,0,95,0,0,205,107,0,0,0,0,15029,207,214,1,207,207,0,96,205,1,106
2168,230,40,0,5878,40,0,41,53,53,0,80,0,73,0,41,0,0,1,41,0,0,239,0,45,53,2168,45,40,100,53,60,44,53,41,0,0,41,0,41,0,230,40,53,40,0,60,0,112,53,1,0,11,0,0,41,132,0,0,0,0,15029,40,53,1,40,40,0,92,41,1,72
0,139,220,0,5879,12,0,12,12,12,0,85,0,221,0,12,0,0,2,12,0,0,29,0,193,12,0,1,12,76,12,3,192,220,12,0,0,12,0,12,0,140,12,12,12,0,3,0,29,12,0,0,14,0,0,12,29,0,0,0,0,15029,12,12,1,12,12,0,91,220,1,221
0,0,220,0,10354,220,0,220,220,220,0,97,0,137,7,220,0,0,0,220,0,0,58,0,63,220,80,63,220,100,220,190,131,220,220,0,0,220,0,220,0,58,220,220,220,80,190,0,63,220,0,0,97,0,0,220,137,0,0,0,0,15040,220,220,1,220,220,0,99,220,0,152
0,242,12,0,10355,12,0,12,12,12,0,97,0,245,0,12,0,0,1,12,0,0,245,0,245,12,80,63,12,100,12,190,242,12,12,0,0,12,0,12,0,245,12,12,12,80,190,0,245,12,0,0,97,0,0,12,245,0,0,0,0,15040,12,12,1,12,12,0,92,12,0,242
0,254,12,0,10356,12,0,12,12,12,0,100,0,94,0,12,0,0,2,12,0,0,255,0,60,12,0,63,12,100,12,190,60,12,12,0,0,12,0,12,0,255,12,12,12,80,190,0,60,12,0,0,100,0,0,12,94,0,0,0,0,15040,12,12,1,12,12,0,100,12,0,93
0,229,220,0,1231,12,0,12,220,220,0,76,0,219,7,12,0,0,0,220,0,0,41,0,219,12,61,49,12,14,12,89,229,220,220,0,0,220,0,12,0,219,220,12,220,0,23,0,148,220,0,0,11,0,9,12,66,0,0,0,0,15048,12,12,1,220,12,0,99,220,1,229
0,188,220,0,1232,12,0,12,220,220,0,92,0,211,7,12,0,0,1,220,0,0,134,0,217,12,61,49,12,14,12,89,216,220,220,0,0,220,0,12,0,206,220,12,220,0,23,0,217,220,0,0,6,0,9,12,199,0,0,0,0,15048,12,12,1,220,12,0,99,220,1,209
0,249,220,0,5640,12,0,12,220,220,4,94,0,223,0,12,0,0,2,220,0,0,249,0,81,12,61,49,12,14,12,89,81,220,220,0,0,220,0,12,0,249,220,12,220,0,23,0,81,220,0,0,94,0,0,12,223,0,0,0,0,15048,12,12,1,220,12,0,88,220,1,223
0,4,220,0,16355,220,0,0,220,220,0,43,0,20,7,220,-1,0,0,220,0,0,214,0,144,0,0,133,220,0,220,260,184,220,220,0,0,220,0,220,0,14,220,220,220,0,260,0,254,220,0,0,6,0,0,220,8,0,0,0,0,16000,220,220,1,220,0,0,100,220,1,4
0,231,12,0,16356,12,0,0,12,12,0,63,0,154,7,12,-1,0,1,12,0,0,254,0,7,0,0,133,12,0,12,260,22,12,12,0,0,12,0,12,0,245,12,12,12,0,260,0,12,12,0,0,24,0,0,12,205,0,0,0,0,16000,12,12,1,12,0,0,100,12,1,112
0,173,220,0,16357,220,0,0,220,220,0,59,0,176,0,220,-1,0,2,220,0,0,112,0,179,0,0,133,220,0,220,260,178,220,220,0,0,220,0,220,0,174,220,220,220,0,260,0,117,220,0,0,33,0,0,220,114,0,0,0,0,16000,220,220,1,220,0,0,100,220,1,175
0,33,220,0,16306,232,0,0,252,220,0,37,0,41,7,214,-1,0,0,220,0,0,69,0,46,0,0,8,220,0,252,1,47,220,214,0,0,214,0,214,0,229,232,252,232,0,1,0,116,252,0,0,33,0,0,220,17,0,0,0,0,16001,232,220,1,220,0,0,89,220,1,28
0,247,12,0,16307,12,0,0,12,12,0,59,0,253,0,12,-1,0,2,12,0,0,188,0,86,0,0,133,12,0,12,260,86,12,12,0,0,12,0,12,0,248,12,12,12,0,260,0,27,12,0,0,33,0,0,12,194,0,0,0,0,16001,12,12,1,12,0,0,100,12,1,253
0,229,220,0,16343,12,0,0,25,25,0,58,0,227,0,12,-1,0,0,25,0,0,170,0,224,0,0,135,12,13,12,265,224,220,25,0,0,220,0,12,1,229,220,12,25,0,265,0,180,220,0,0,41,0,0,12,173,0,0,0,0,16002,12,12,1,25,0,0,67,220,1,227
0,103,12,0,16344,220,0,0,220,220,0,81,0,82,7,220,-1,0,2,220,0,0,230,0,106,0,0,135,220,13,220,262,102,12,220,0,0,12,0,220,1,108,12,220,220,0,262,0,134,12,0,0,16,0,0,220,34,0,0,0,0,16002,220,220,1,220,0,0,89,12,1,78
0,30,220,0,16384,220,0,0,220,220,0,52,0,9,7,220,-1,0,0,220,0,0,200,0,62,0,0,133,220,0,220,260,76,220,220,0,0,220,0,220,0,18,220,220,220,0,260,0,197,220,0,0,5,0,0,220,127,0,0,0,0,16003,220,220,1,220,0,0,90,220,1,10
0,11,220,0,16385,220,0,0,220,220,0,88,0,86,7,220,-1,0,1,220,0,0,222,0,146,0,0,133,220,0,220,260,152,220,220,0,0,220,0,220,0,17,220,220,220,0,260,0,223,220,0,0,7,0,0,220,223,0,0,0,0,16003,220,220,1,220,0,0,89,220,1,91
0,254,220,0,16386,220,0,0,220,220,0,59,0,163,7,220,-1,0,2,220,0,0,243,0,59,0,0,133,220,0,220,260,86,220,220,0,0,220,0,220,0,254,220,220,220,0,260,0,8,220,0,0,23,0,0,220,107,0,1,0,0,16003,220,220,1,220,0,0,48,220,1,190
0,9,0,0,16332,220,0,0,220,220,0,95,0,19,7,220,-1,0,0,220,0,0,10,0,49,0,0,1,220,0,220,94,49,36,220,0,0,0,0,220,0,10,0,220,220,0,94,0,49,36,0,0,95,0,0,220,19,0,0,0,0,16004,220,220,1,220,0,0,97,0,1,19
0,30,12,0,16333,220,0,0,220,220,0,95,0,43,7,220,-1,0,2,220,0,0,103,0,69,0,0,6,220,0,220,94,30,12,220,0,0,1,0,220,0,103,44,220,220,0,94,0,69,16,0,0,95,0,0,220,43,0,0,0,0,16004,220,220,1,220,0,0,97,12,1,30
0,0,220,0,16354,220,0,0,220,220,0,66,0,102,7,220,-1,0,0,220,0,0,254,0,175,0,0,6,220,0,220,1,175,220,220,0,0,220,0,220,0,0,220,220,220,0,1,0,0,220,0,0,30,0,0,220,141,0,0,0,0,16005,220,220,1,220,0,0,100,220,1,103
0,173,220,0,16360,220,0,0,220,220,0,59,0,176,7,220,-1,0,2,220,0,0,112,0,179,0,0,133,220,0,220,260,178,220,220,0,0,220,0,220,0,174,220,220,220,0,260,0,117,220,0,0,33,0,0,220,114,0,0,0,0,16005,220,220,1,220,0,0,100,220,1,175
0,184,12,0,16334,12,0,0,12,12,0,76,0,241,7,12,-1,0,0,12,0,0,203,0,218,0,0,133,12,0,12,260,137,12,12,0,0,12,0,12,0,241,12,12,12,0,260,0,118,12,0,0,12,0,0,12,189,0,0,0,0,16006,12,12,1,12,0,0,53,12,1,198
0,215,12,0,16380,12,0,0,12,12,0,51,0,202,7,12,-1,0,1,12,0,0,221,0,197,0,0,133,12,0,12,260,241,12,12,0,0,12,0,12,0,242,12,12,12,0,260,0,240,12,0,0,30,0,0,12,243,0,0,0,0,16006,12,12,1,12,0,0,73,12,1,241
0,201,12,0,16335,220,0,0,220,12,0,46,0,212,7,220,-1,0,2,12,0,0,55,0,208,0,0,133,12,0,220,260,200,12,220,0,0,220,0,220,0,206,220,220,220,0,260,0,56,220,0,0,30,0,0,12,57,0,0,0,0,16006,220,12,1,12,0,0,81,12,1,205
0,32,46,0,16345,12,0,0,12,142,0,31,0,30,7,12,-1,0,0,158,0,0,98,0,31,0,0,133,46,0,12,260,32,142,12,0,0,12,0,12,0,31,12,12,12,0,260,0,146,12,0,0,28,0,0,158,190,0,0,0,0,16007,12,142,1,46,0,0,85,158,1,32
0,247,12,0,16346,12,0,0,12,12,0,59,0,253,0,12,-1,0,2,12,0,0,188,0,86,0,0,133,12,0,12,260,86,12,12,0,0,12,0,12,0,248,12,12,12,0,260,0,27,12,0,0,33,0,0,12,194,0,0,0,0,16007,12,12,1,12,0,0,100,12,1,253
0,23,7,0,16337,7,0,0,104,104,0,56,0,16,0,244,-1,0,0,244,0,0,56,0,16,0,0,133,7,0,104,260,28,104,244,0,0,244,0,244,0,16,7,104,7,0,260,0,62,104,0,0,42,0,0,244,56,0,0,0,0,16008,7,104,1,7,0,0,100,244,1,23
0,243,7,0,16361,7,0,0,104,104,0,99,0,226,0,244,-1,0,1,244,0,0,226,0,226,0,0,133,7,0,104,260,243,104,244,0,0,244,0,244,0,226,7,104,7,0,260,0,226,104,0,0,99,0,0,244,226,0,1,0,0,16008,7,104,1,7,0,0,100,244,1,243
0,6,220,0,16336,220,0,0,220,220,0,96,0,226,0,220,-1,0,2,220,0,0,13,0,101,0,0,133,220,0,220,260,104,220,220,0,0,220,0,220,0,13,220,220,220,0,260,0,101,220,0,0,96,0,0,220,226,0,0,0,0,16008,220,220,1,220,0,0,100,220,1,245
0,253,12,0,16363,12,0,0,12,12,0,81,0,254,7,12,-1,0,0,12,0,0,48,0,249,0,0,133,12,0,12,260,249,12,12,0,0,12,0,12,0,252,12,12,12,0,260,0,119,12,0,0,13,0,0,12,237,0,1,0,0,16009,12,12,1,12,0,0,96,12,1,254
0,0,220,0,16362,220,0,0,220,220,0,97,0,111,7,220,-1,0,2,220,0,0,0,0,65,0,0,133,220,0,220,260,65,220,220,0,0,220,0,220,0,0,220,220,220,0,260,0,65,220,0,0,97,0,0,220,111,0,0,0,0,16009,220,220,1,220,0,0,100,220,1,111
0,3,156,0,16381,156,0,0,77,77,0,88,0,4,11,128,-1,0,0,128,0,0,43,0,179,0,0,133,156,0,77,260,67,77,128,0,0,128,0,128,0,1,156,77,156,0,260,0,204,77,0,0,8,0,0,128,44,0,0,0,0,16010,156,77,1,156,0,0,96,128,1,8
0,230,130,0,16382,130,0,0,39,39,0,72,0,229,7,105,-1,0,1,105,0,0,136,0,236,0,0,133,130,0,39,260,230,39,105,0,0,105,0,105,0,227,130,39,130,0,260,0,248,39,0,0,20,0,0,105,156,0,1,0,0,16010,130,39,1,130,0,0,96,105,1,230
0,238,12,0,16383,12,0,0,12,12,0,57,0,136,11,12,-1,0,2,12,0,0,192,0,101,0,0,133,12,0,12,260,104,12,12,0,0,12,0,12,0,251,12,12,12,0,260,0,109,12,0,0,23,0,0,12,34,0,0,0,0,16010,12,12,1,12,0,0,96,12,1,139
0,19,189,0,16299,189,0,0,97,97,0,79,0,17,7,159,-1,0,0,159,0,0,45,0,52,0,0,51,189,0,97,196,53,97,159,0,0,159,0,159,0,12,189,97,189,0,196,0,150,97,0,0,6,0,0,159,59,0,0,0,0,16011,189,97,1,189,0,0,94,159,1,23
0,42,189,0,16302,189,0,0,97,97,0,83,0,0,7,159,-1,0,1,159,0,0,155,0,90,0,0,51,189,0,97,196,80,97,159,0,0,159,0,159,0,49,189,97,189,0,196,0,238,97,0,0,7,0,0,159,21,0,0,0,0,16011,189,97,1,189,0,0,94,159,1,0
0,232,163,0,16298,163,0,0,78,78,0,66,0,230,7,129,-1,0,2,129,0,0,127,0,229,0,0,51,163,0,78,196,230,78,129,0,0,129,0,129,0,227,163,78,163,0,196,0,202,78,0,0,5,0,0,129,162,0,1,0,0,16011,163,78,1,163,0,0,95,129,1,231
0,8,195,0,16288,195,0,0,89,89,0,88,0,27,7,153,-1,0,0,153,0,0,9,0,64,0,0,133,195,0,89,260,54,89,153,0,0,153,0,153,0,9,195,89,195,0,260,0,64,89,0,0,88,0,0,153,27,0,0,0,0,16012,195,89,1,195,0,0,100,153,1,25
0,231,8,0,16391,8,0,0,42,42,0,83,0,229,7,21,-1,0,1,21,0,0,202,0,228,0,0,133,8,0,42,260,231,42,21,0,0,21,0,21,0,230,8,42,8,0,260,0,169,42,0,0,11,0,0,21,188,0,1,0,0,16012,8,42,1,8,0,0,100,21,1,231
0,104,31,0,16289,31,0,0,81,81,0,83,0,199,7,38,-1,0,2,38,0,0,70,0,194,0,0,133,31,0,81,260,195,81,38,0,0,38,0,38,0,104,31,81,31,0,260,0,152,81,0,0,6,0,0,38,144,0,0,0,0,16012,31,81,1,31,0,0,99,38,1,200
0,156,223,0,16347,223,0,0,155,155,0,76,0,18,7,214,-1,0,0,214,0,0,162,0,16,0,0,133,223,0,155,260,16,155,214,0,0,214,0,214,0,75,223,155,223,0,260,0,19,155,0,0,16,0,0,214,30,0,0,0,0,16013,223,155,1,223,0,0,61,214,1,34
0,229,104,0,16348,104,0,0,18,18,0,99,0,227,7,18,-1,0,1,18,0,0,227,0,227,0,0,133,104,0,18,260,229,18,18,0,0,18,0,18,0,227,104,18,104,0,260,0,227,18,0,0,99,0,0,18,227,0,1,0,0,16013,104,18,1,104,0,0,95,18,1,229
0,29,197,0,16349,197,0,0,73,73,0,94,0,25,7,121,-1,0,2,121,0,0,29,0,25,0,0,133,197,0,73,260,26,73,121,0,0,121,0,121,0,29,197,73,197,0,260,0,25,73,0,0,94,0,0,121,25,0,0,0,0,16013,197,73,1,197,0,0,86,121,1,26
0,15,220,0,16392,220,0,0,220,220,0,84,0,15,24,220,-1,0,0,220,0,0,231,0,15,0,0,133,220,0,220,260,15,220,220,0,0,220,0,220,0,15,220,220,220,0,260,0,231,220,0,0,10,0,0,220,231,0,0,0,0,16014,220,220,1,220,0,0,86,220,0,15
0,247,12,0,16393,12,0,0,12,12,0,59,0,253,0,12,-1,0,2,12,0,0,188,0,86,0,0,133,12,0,12,260,86,12,12,0,0,12,0,12,0,248,12,12,12,0,260,0,27,12,0,0,33,0,0,12,194,0,1,0,0,16014,12,12,1,12,0,0,100,12,1,253
0,36,220,0,16398,220,0,0,220,220,0,78,0,47,7,220,-1,0,0,220,0,0,65,0,96,0,0,133,220,0,220,260,90,220,220,0,0,220,0,220,0,39,220,220,220,0,260,0,142,220,0,0,5,0,0,220,94,0,0,0,0,16015,220,220,1,220,0,0,50,220,1,41
0,116,22,0,16399,22,0,0,71,71,0,80,0,217,7,26,-1,0,1,26,0,0,80,0,245,0,0,133,22,0,71,260,246,71,26,0,0,26,0,26,0,115,22,71,22,0,260,0,201,71,0,0,5,0,0,26,160,0,0,0,0,16015,22,71,1,22,0,0,98,26,1,218
0,223,22,0,16400,22,0,0,71,71,0,93,0,196,7,26,-1,0,2,26,0,0,223,0,122,0,0,133,22,0,71,260,122,71,26,0,0,26,0,26,0,223,22,71,22,0,260,0,122,71,0,0,93,0,0,26,196,0,0,0,0,16015,22,71,1,22,0,0,100,26,1,197
0,25,220,0,16300,220,0,0,220,220,0,91,0,25,7,220,-1,0,0,220,0,0,226,0,25,0,0,51,220,0,220,196,25,220,220,0,0,220,0,220,0,25,220,220,220,0,196,0,226,220,0,0,5,0,0,220,226,0,0,0,0,16016,220,220,1,220,0,0,100,220,1,25
0,243,12,0,16301,12,0,0,12,12,0,88,0,158,7,12,-1,0,2,12,0,0,229,0,47,0,0,51,12,0,12,196,48,12,12,0,0,12,0,12,0,243,12,12,12,0,196,0,218,12,0,0,7,0,0,12,227,0,1,0,0,16016,12,12,1,12,0,0,100,12,1,159
0,212,220,0,13426,220,0,0,220,220,0,75,0,56,7,220,-1,0,0,220,0,0,231,0,56,0,0,133,220,0,220,260,57,220,220,0,0,220,0,220,0,212,220,220,220,0,260,0,231,220,0,0,15,0,0,220,231,0,0,0,0,16017,220,220,1,220,0,0,92,220,1,57
0,39,220,0,13427,220,0,0,220,220,0,75,0,152,7,220,-1,0,2,220,0,0,231,0,86,0,0,133,220,0,220,260,86,220,220,0,0,220,0,220,0,39,220,220,220,0,260,0,231,220,0,0,15,0,0,220,231,0,0,0,0,16017,220,220,1,220,0,0,92,220,1,152
0,205,220,0,16303,220,0,0,220,220,0,86,0,28,7,220,-1,0,0,220,0,0,199,0,28,0,0,133,220,0,220,260,29,220,220,0,0,220,0,220,0,199,220,220,220,0,260,0,28,220,0,0,86,0,0,220,28,0,0,0,0,16018,220,220,1,220,0,0,96,220,1,29
0,232,176,0,16304,176,0,0,41,41,0,92,0,231,7,42,-1,0,1,42,0,0,231,0,231,0,0,133,176,0,41,260,232,41,42,0,0,42,0,42,0,231,176,41,176,0,260,0,231,41,0,0,92,0,0,42,231,0,1,0,0,16018,176,41,1,176,0,0,100,42,1,232
0,57,220,0,16305,220,0,0,220,220,0,77,0,145,7,220,-1,0,2,220,0,0,204,0,16,0,0,133,220,0,220,260,17,220,220,0,0,220,0,220,0,56,220,220,220,0,260,0,30,220,0,0,6,0,0,220,29,0,0,0,0,16018,220,220,1,220,0,0,98,220,1,146
0,31,152,0,16338,152,0,0,18,18,0,53,0,31,7,18,-1,0,0,18,0,0,68,0,30,0,0,133,152,0,18,260,31,18,18,0,0,18,0,18,0,30,152,18,152,0,260,0,71,18,0,0,13,0,0,18,80,0,0,0,0,16019,152,18,1,152,0,0,80,18,1,31
0,213,12,0,16339,12,0,0,12,12,0,24,0,60,7,12,-1,0,1,12,0,0,151,0,41,0,0,133,12,0,12,260,13,12,12,0,0,12,0,12,0,224,12,12,12,0,260,0,13,12,0,0,18,0,0,12,20,0,0,0,0,16019,12,12,1,12,0,0,79,12,1,11
0,138,255,0,16340,255,0,0,0,0,0,35,0,196,7,191,-1,0,2,191,0,0,92,0,240,0,0,133,255,0,0,260,243,0,191,0,0,191,0,191,0,146,255,0,255,0,260,0,195,0,0,0,24,0,0,191,144,0,0,0,0,16019,255,0,1,255,0,0,62,191,1,193
0,2,235,0,16358,99,0,0,97,49,0,68,0,16,20,128,-1,0,0,128,0,0,0,0,33,0,0,133,235,0,49,260,33,49,246,0,0,246,0,246,0,2,99,97,99,0,260,0,93,97,0,0,10,0,0,128,250,0,0,0,0,16020,235,49,1,235,0,0,98,128,1,16
0,38,235,0,16359,235,0,0,49,49,0,80,0,87,20,128,-1,0,2,128,0,0,58,0,93,0,0,133,235,0,49,260,93,49,128,0,0,128,0,128,0,37,235,49,235,0,260,0,177,49,0,0,18,0,0,128,162,0,0,0,0,16020,235,49,1,235,0,0,97,128,1,87
0,26,220,0,16290,220,0,0,55,55,0,78,0,22,0,220,-1,0,0,15,0,0,233,0,91,0,0,22,220,31,220,213,89,220,15,0,0,53,0,220,0,27,239,220,9,0,207,0,97,146,0,0,7,0,0,220,67,0,0,0,0,16023,220,220,1,9,0,0,100,220,1,21
0,247,12,0,16291,12,0,0,12,12,0,59,0,252,0,12,-1,0,2,12,0,0,188,0,86,0,0,133,12,0,12,260,86,12,12,0,0,12,0,12,0,247,12,12,12,0,260,0,27,12,0,0,33,0,0,12,194,0,0,0,0,16023,12,12,1,12,0,0,100,12,1,253
0,29,220,0,16341,220,0,0,220,220,0,92,0,31,7,220,-1,0,0,220,0,0,33,0,31,0,0,133,220,0,220,260,29,220,220,0,0,220,0,220,0,33,220,220,220,0,260,0,31,220,0,0,92,0,0,220,31,0,0,0,0,16025,220,220,1,220,0,0,100,220,0,29
0,247,12,0,16342,12,0,0,12,12,0,57,0,253,0,12,-1,0,2,12,0,0,189,0,86,0,0,133,12,0,12,260,86,12,12,0,0,12,0,12,0,247,12,12,12,0,260,0,30,12,0,0,34,0,0,12,195,0,0,0,0,16025,12,12,1,12,0,0,100,12,0,253
0,0,220,0,16293,220,0,0,220,220,0,97,0,0,7,220,-1,0,0,220,0,0,254,0,0,0,0,1,220,0,220,49,205,220,220,0,0,220,0,220,0,254,220,220,220,0,49,0,0,220,0,0,97,0,0,220,0,0,0,0,0,16026,220,220,1,220,0,0,100,220,1,0
0,247,12,0,16292,12,0,0,12,12,0,59,0,253,0,12,-1,0,2,12,0,0,188,0,86,0,0,1,12,0,12,49,86,12,12,0,0,12,0,12,0,248,12,12,12,0,49,0,28,12,0,0,33,0,0,12,194,0,0,0,0,16026,12,12,1,12,0,0,100,12,1,253
0,231,220,0,16294,220,0,0,220,220,0,85,0,18,11,220,-1,0,0,220,0,0,230,0,23,0,0,133,220,0,220,2,231,220,220,0,0,220,0,220,0,170,220,220,220,0,2,0,230,220,0,0,14,0,0,220,230,0,0,0,0,16027,220,220,0,220,0,0,100,220,0,231
0,247,12,0,16295,12,0,0,12,12,0,59,0,253,0,12,-1,0,2,12,0,0,188,0,86,0,0,1,12,0,12,2,86,12,12,0,0,12,0,12,0,248,12,12,12,0,2,0,27,12,0,0,33,0,0,12,194,0,0,0,0,16027,12,12,0,12,0,0,100,12,0,253
0,29,220,0,16297,12,0,0,12,220,0,92,0,198,0,12,-1,0,0,220,0,0,41,0,12,0,0,1,220,0,12,260,29,220,12,0,0,12,0,12,0,234,12,12,12,0,98,0,40,12,0,0,7,0,0,220,41,0,1,0,0,16028,12,220,1,220,0,0,100,220,1,29
0,29,12,0,16296,12,0,0,12,12,0,94,0,166,11,12,-1,0,2,12,0,0,38,0,218,0,0,1,12,0,12,98,29,12,12,0,0,12,0,12,0,103,12,12,12,0,98,0,38,12,0,0,5,0,0,12,38,0,1,0,0,16028,12,12,1,12,0,0,100,12,0,29
0,39,220,0,16308,220,0,0,220,220,0,94,0,207,7,220,-1,0,0,220,0,0,223,0,207,0,0,133,220,0,220,94,205,220,220,0,0,220,0,220,0,39,220,220,220,0,94,0,230,220,0,0,5,0,0,220,218,0,0,0,0,16029,220,220,0,220,0,0,93,220,0,205
0,247,12,0,16309,12,0,0,12,12,0,59,0,253,0,12,-1,0,2,12,0,0,188,0,86,0,0,1,12,0,12,94,86,12,12,0,0,12,0,12,0,248,12,12,12,0,94,0,27,12,0,0,33,0,0,12,194,0,0,0,0,16029,12,12,0,12,0,0,100,12,0,253
0,11,220,0,16310,176,0,0,47,220,0,92,0,231,11,12,-1,0,0,220,0,0,231,0,231,0,0,133,220,0,12,12,170,220,50,0,0,50,0,50,0,231,176,47,176,0,12,0,231,47,0,0,92,0,0,220,231,0,1,0,0,16030,12,220,0,220,0,0,95,220,0,86
0,173,220,0,16311,220,0,0,220,220,0,59,0,176,0,220,-1,0,2,220,0,0,112,0,179,0,0,133,220,0,220,260,178,220,220,0,0,220,0,220,0,174,220,220,220,0,260,0,117,220,0,0,33,0,0,220,114,0,1,0,0,16030,220,220,1,220,0,0,100,220,1,175
0,39,220,0,16316,26,0,0,96,220,0,93,0,207,9,12,-1,0,0,220,0,0,40,0,47,0,0,1,220,0,12,4,138,220,45,0,0,45,0,45,0,253,26,96,26,0,4,0,138,96,0,0,6,0,0,220,67,0,0,0,0,16033,12,220,0,220,0,0,100,220,0,66
0,173,220,0,16317,220,0,0,220,220,0,59,0,176,0,220,-1,0,2,220,0,0,112,0,179,0,0,133,220,0,220,260,178,220,220,0,0,220,0,220,0,174,220,220,220,0,260,0,117,220,0,0,33,0,0,220,114,0,1,0,0,16033,220,220,1,220,0,0,100,220,1,175
0,231,0,0,16318,220,0,0,220,64,0,76,0,159,9,220,-1,0,0,32,0,0,231,0,204,0,0,133,0,0,220,260,231,64,220,0,0,220,0,220,0,0,220,220,220,0,260,0,231,220,0,0,16,0,0,32,231,0,1,0,0,16035,220,64,1,0,0,0,85,32,1,231
0,247,12,0,16319,12,0,0,12,12,0,59,0,253,0,12,-1,0,2,12,0,0,188,0,86,0,0,133,12,0,12,260,86,12,12,0,0,12,0,12,0,248,12,12,12,0,260,0,27,12,0,0,33,0,0,12,194,0,1,0,0,16035,12,12,1,12,0,0,100,12,1,253
0,9,220,0,16320,220,0,0,220,220,0,50,0,32,0,220,-1,0,0,220,0,0,236,0,65,0,0,133,220,0,220,260,65,220,220,0,0,220,0,220,0,9,220,220,220,0,260,0,34,220,0,0,44,0,0,220,200,0,0,0,0,16036,220,220,1,220,0,0,98,220,1,32
0,173,220,0,16321,220,0,0,220,220,0,59,0,176,0,220,-1,0,2,220,0,0,112,0,179,0,0,133,220,0,220,260,178,220,220,0,0,220,0,220,0,174,220,220,220,0,260,0,117,220,0,0,33,0,0,220,114,0,1,0,0,16036,220,220,1,220,0,0,100,220,1,175
0,29,109,0,16322,109,0,0,199,199,0,87,0,29,21,156,-1,0,0,156,0,0,135,0,29,0,0,1,109,0,199,2,30,199,156,0,0,156,0,156,0,29,109,199,109,0,2,0,218,199,0,0,9,0,0,156,172,0,0,0,0,16037,109,199,1,109,0,0,93,156,1,29
0,247,12,0,16323,12,0,0,12,12,0,59,0,253,0,12,-1,0,2,12,0,0,188,0,86,0,0,133,12,0,12,260,86,12,12,0,0,12,0,12,0,248,12,12,12,0,260,0,27,12,0,0,33,0,0,12,194,0,1,0,0,16037,12,12,1,12,0,0,100,12,1,253
0,230,139,0,16324,220,0,0,220,36,0,70,0,231,11,220,-1,0,0,14,0,0,202,0,231,0,0,133,139,0,220,8,230,36,220,0,0,36,0,220,0,231,17,220,220,0,8,0,71,117,0,0,17,0,0,14,44,0,1,0,0,16038,220,36,1,139,0,0,95,14,1,230
0,247,12,0,16325,12,0,0,12,12,0,59,0,253,0,12,-1,0,2,12,0,0,188,0,86,0,0,133,12,0,12,260,86,12,12,0,0,12,0,12,0,248,12,12,12,0,260,0,27,12,0,0,33,0,0,12,194,0,1,0,0,16038,12,12,1,12,0,0,100,12,1,253
0,229,12,0,16326,12,0,0,12,12,0,94,0,231,0,12,-1,0,0,12,0,0,231,0,231,0,0,1,12,0,12,11,229,12,12,0,0,12,0,12,0,231,12,12,12,0,11,0,231,12,0,0,94,0,0,12,231,0,1,0,0,16039,12,12,1,12,0,0,93,12,1,229
0,247,12,0,16327,12,0,0,12,12,0,59,0,253,0,12,-1,0,2,12,0,0,188,0,86,0,0,133,12,0,12,260,86,12,12,0,0,12,0,12,0,248,12,12,12,0,260,0,27,12,0,0,33,0,0,12,194,0,1,0,0,16039,12,12,1,12,0,0,100,12,1,253
0,24,220,0,16328,12,0,0,12,220,0,54,0,52,11,12,-1,0,0,220,0,0,231,0,47,0,0,133,220,0,12,260,24,220,12,0,0,12,0,12,0,40,12,12,12,0,260,0,231,12,0,0,45,0,0,220,231,0,0,0,0,16040,12,220,1,220,0,0,100,220,1,24
0,247,12,0,16329,12,0,0,12,12,0,59,0,253,0,12,-1,0,2,12,0,0,188,0,86,0,0,133,12,0,12,260,86,12,12,0,0,12,0,12,0,248,12,12,12,0,260,0,27,12,0,0,33,0,0,12,194,0,1,0,0,16040,12,12,1,12,0,0,100,12,1,253
0,82,220,0,16330,220,0,0,220,220,0,99,0,44,11,220,-1,0,0,220,0,0,57,0,120,0,0,133,220,0,220,260,135,220,220,0,0,220,0,220,0,57,220,220,220,0,260,0,120,220,0,0,99,0,0,220,44,0,0,0,0,16041,220,220,1,220,0,0,100,220,1,44
0,247,12,0,16331,12,0,0,12,12,0,59,0,253,0,12,-1,0,2,12,0,0,188,0,86,0,0,133,12,0,12,260,86,12,12,0,0,12,0,12,0,248,12,12,12,0,260,0,27,12,0,0,33,0,0,12,194,0,0,0,0,16041,12,12,1,12,0,0,100,12,1,253
0,30,220,0,16352,220,0,0,220,220,0,89,0,29,7,220,-1,0,0,220,0,0,186,0,29,0,0,7,220,0,220,52,30,220,220,0,0,220,0,220,0,31,220,220,220,0,52,0,20,220,0,0,7,0,0,220,8,0,0,0,0,16050,220,220,1,220,0,0,100,220,1,30
0,30,220,0,16353,220,0,0,220,220,0,88,0,7,7,220,-1,0,2,220,0,0,53,0,22,0,0,7,220,0,220,52,30,220,220,0,0,220,0,220,0,210,220,220,220,0,52,0,28,220,0,0,8,0,0,220,27,0,0,0,0,16050,220,220,1,220,0,0,100,220,1,30
0,29,213,0,16367,213,0,0,73,73,0,81,0,28,7,120,-1,0,0,120,0,0,236,0,29,0,0,133,213,0,73,260,30,73,120,0,0,120,0,120,0,29,213,73,213,0,260,0,88,73,0,0,11,0,0,120,130,0,0,0,0,16052,213,73,1,213,0,0,90,120,1,29
0,173,220,0,16366,220,0,0,220,220,0,59,0,175,0,220,-1,0,2,220,0,0,113,0,178,0,0,133,220,0,220,260,178,220,220,0,0,220,0,220,0,173,220,220,220,0,260,0,118,220,0,0,33,0,0,220,115,0,0,0,0,16052,220,220,1,220,0,0,100,220,1,175
0,33,137,0,16368,137,0,0,136,136,0,78,0,29,7,137,-1,0,0,137,0,0,116,0,36,0,0,133,137,0,136,260,36,136,137,0,0,137,0,137,0,33,137,136,137,0,260,0,175,136,0,0,10,0,0,137,10,0,0,0,0,16053,137,136,1,137,0,0,95,137,1,29
0,173,220,0,16369,220,0,0,220,220,0,59,0,176,0,220,-1,0,2,220,0,0,112,0,179,0,0,133,220,0,220,260,178,220,220,0,0,220,0,220,0,174,220,220,220,0,260,0,117,220,0,0,33,0,0,220,114,0,0,0,0,16053,220,220,1,220,0,0,100,220,1,175
0,33,137,0,16371,137,0,0,136,136,0,77,0,31,7,137,-1,0,0,137,0,0,120,0,51,0,0,133,137,0,136,260,51,136,137,0,0,137,0,137,0,32,137,136,137,0,260,0,183,136,0,0,7,0,0,137,10,0,0,0,0,16054,137,136,1,137,0,0,75,137,1,32
0,173,220,0,16370,220,0,0,220,220,0,59,0,176,0,220,-1,0,2,220,0,0,112,0,179,0,0,133,220,0,220,260,178,220,220,0,0,220,0,220,0,174,220,220,220,0,260,0,117,220,0,0,33,0,0,220,114,0,0,0,0,16054,220,220,1,220,0,0,100,220,1,175
0,251,255,0,16615,255,0,0,0,0,0,94,0,213,7,234,-1,0,0,234,0,0,250,0,210,0,0,51,255,0,0,196,198,0,234,0,0,234,0,234,0,250,255,0,255,0,196,0,210,0,0,0,94,0,0,234,213,0,0,0,0,16059,255,0,1,255,0,0,100,234,1,202
0,231,11,0,16616,11,0,0,42,42,0,78,0,231,7,80,-1,0,2,80,0,0,98,0,231,0,0,51,11,0,42,196,231,42,80,0,0,80,0,80,0,232,11,42,11,0,196,0,85,42,0,0,14,0,0,80,90,0,1,0,0,16059,11,42,1,11,0,0,100,80,1,231
0,14,220,0,17240,220,0,220,220,220,0,90,0,17,7,220,-1,0,0,220,0,0,20,0,79,220,0,133,220,0,220,260,57,220,220,0,0,220,0,220,0,20,220,220,220,0,260,0,79,220,0,0,90,0,0,220,17,0,0,0,0,16060,220,220,1,220,220,0,100,220,1,13
0,247,12,0,17285,12,0,12,12,12,0,59,0,252,0,12,-1,0,2,12,0,0,188,0,86,12,0,133,12,0,12,260,86,12,12,0,0,12,0,12,0,247,12,12,12,0,260,0,27,12,0,0,33,0,0,12,194,0,1,0,0,16060,12,12,1,12,12,0,100,12,1,253
0,29,220,0,17286,220,0,220,220,220,0,82,0,30,7,220,-1,0,0,220,0,0,0,0,33,220,0,133,220,0,220,260,32,220,220,0,0,220,0,220,0,29,220,220,220,0,260,0,253,220,0,0,16,0,0,220,36,0,0,0,0,16061,220,220,1,220,220,0,85,220,1,30
0,253,12,0,17287,220,0,220,220,12,0,80,0,82,7,220,-1,0,2,12,0,0,32,0,192,220,0,133,12,0,220,260,191,12,220,0,0,220,0,220,0,253,220,220,220,0,260,0,31,220,0,0,14,0,0,12,30,0,0,0,0,16061,220,12,1,12,220,0,83,12,1,82
0,29,220,0,17241,220,0,220,220,220,0,80,0,30,7,220,-1,0,0,220,0,0,2,0,33,220,0,133,220,0,220,260,33,220,220,0,0,220,0,220,0,29,220,220,220,0,260,0,249,220,0,0,17,0,0,220,37,0,0,0,0,16062,220,220,1,220,220,0,89,220,1,30
0,30,220,0,17288,220,0,220,220,220,0,78,0,30,7,220,-1,0,2,220,0,0,0,0,30,220,0,133,220,0,220,260,30,220,220,0,0,220,0,220,0,30,220,220,220,0,260,0,148,220,0,0,16,0,0,220,198,0,0,0,0,16062,220,220,1,220,220,0,86,220,1,30
0,0,220,0,17289,220,0,220,220,220,0,0,0,187,3,220,-1,0,0,220,0,0,0,0,241,220,0,133,220,0,220,260,241,220,220,0,0,220,0,220,0,0,220,220,220,0,260,0,241,220,0,0,0,0,0,220,187,0,0,0,0,16063,220,220,1,220,220,0,0,220,1,187
0,247,12,0,17290,12,0,12,12,12,0,59,0,252,0,12,-1,0,2,12,0,0,188,0,86,12,0,7,12,0,12,137,86,12,12,0,0,12,0,12,0,247,12,12,12,0,137,0,27,12,0,0,33,0,0,12,194,0,1,0,0,16063,12,12,1,12,12,0,100,12,1,253
0,231,112,0,17242,112,0,116,173,173,0,79,0,229,7,116,-1,0,0,116,0,0,100,0,232,173,0,133,112,31,173,260,231,173,116,0,0,116,0,116,0,229,112,173,112,0,260,0,184,173,0,0,8,0,0,116,103,0,1,0,0,16064,112,173,1,112,112,0,86,116,1,231
0,247,12,0,17291,12,0,12,12,12,0,59,0,252,0,12,-1,0,2,12,0,0,188,0,86,12,0,133,12,0,12,260,86,12,12,0,0,12,0,12,0,247,12,12,12,0,260,0,27,12,0,0,33,0,0,12,194,0,1,0,0,16064,12,12,1,12,12,0,100,12,1,253
0,30,12,0,17292,220,0,12,12,12,0,75,0,30,7,220,-1,0,0,12,0,0,231,0,30,12,0,138,220,0,220,267,30,12,12,2,0,12,0,220,1,30,12,220,12,0,267,0,231,12,0,0,7,0,0,220,231,0,0,0,0,16065,220,220,1,12,12,0,100,12,1,30
0,173,220,0,17293,220,0,220,220,220,0,59,0,176,0,220,-1,0,2,220,0,0,112,0,179,220,0,133,220,0,220,260,178,220,220,0,0,220,0,220,0,174,220,220,220,0,260,0,117,220,0,0,33,0,0,220,114,0,1,0,0,16065,220,220,1,220,220,0,100,220,1,175
0,30,220,0,17267,220,0,220,220,220,0,58,0,35,0,220,-1,0,0,220,0,0,14,0,37,220,0,133,220,0,220,260,30,220,220,0,0,220,0,220,0,31,220,220,220,0,260,0,102,220,0,0,18,0,0,220,223,0,0,0,0,16066,220,220,1,220,220,0,92,220,1,30
0,221,12,0,17294,12,0,12,12,12,0,77,0,221,0,12,-1,0,1,12,0,0,12,0,221,12,0,133,12,0,12,260,221,12,12,0,0,12,0,12,0,221,12,12,12,0,260,0,215,12,0,0,8,0,0,12,103,0,1,0,0,16066,12,12,1,12,12,0,92,12,1,221
0,0,220,0,17295,220,0,220,220,220,0,28,0,156,0,220,-1,0,2,220,0,0,27,0,184,220,0,133,220,0,220,260,254,220,220,0,0,220,0,220,0,10,220,220,220,0,260,0,249,220,0,0,24,0,0,220,72,0,0,0,0,16066,220,220,1,220,220,0,92,220,1,79
0,11,199,0,17296,199,0,164,77,77,0,44,0,160,19,164,-1,0,0,164,0,0,13,0,77,77,0,133,199,0,77,260,16,77,164,0,0,164,0,164,0,24,199,77,199,0,260,0,20,77,0,0,35,0,0,164,28,0,0,0,0,16067,199,77,1,199,199,0,54,164,1,21
0,242,12,0,17297,12,0,12,12,12,0,89,0,235,19,12,-1,0,1,12,0,0,245,0,78,12,0,133,12,0,12,260,235,12,12,0,0,12,0,12,0,73,12,12,12,0,260,0,237,12,0,0,41,0,0,12,237,0,1,0,0,16067,12,12,1,12,12,0,55,12,1,235
0,29,220,0,17298,220,0,220,220,220,0,85,0,100,19,220,-1,0,2,220,0,0,28,0,38,220,0,133,220,0,220,260,29,220,220,0,0,220,0,220,0,232,220,220,220,0,260,0,26,220,0,0,11,0,0,220,27,0,0,0,0,16067,220,220,1,220,220,0,100,220,1,29
0,220,12,0,17243,12,0,12,12,12,0,79,0,220,0,12,-1,0,0,12,0,0,220,0,220,12,0,133,12,31,12,260,24,12,12,0,0,12,0,12,0,220,12,12,12,0,260,0,220,12,0,0,8,0,0,12,220,0,0,0,0,16068,12,12,1,12,12,0,86,12,1,101
0,12,220,0,17299,220,0,220,220,220,0,0,0,41,13,220,-1,0,1,220,0,0,216,0,46,220,0,133,220,0,220,260,12,220,220,0,0,220,0,220,0,216,220,220,220,0,260,0,46,220,0,0,0,0,0,220,41,0,0,0,0,16068,220,220,1,220,220,0,0,220,1,12
0,220,220,0,17300,220,0,220,220,220,0,0,0,140,0,220,-1,0,2,220,0,0,225,0,34,220,0,133,220,0,220,260,220,220,220,0,0,220,0,220,0,225,220,220,220,0,260,0,34,220,0,0,0,0,0,220,140,0,0,0,0,16068,220,220,1,220,220,0,0,220,1,220
0,25,184,0,17301,184,0,166,129,129,0,97,0,29,8,166,-1,0,0,166,0,0,26,0,80,129,0,133,184,0,129,260,81,129,166,0,0,166,0,166,0,26,184,129,184,0,260,0,80,129,0,0,97,0,0,166,29,0,0,0,0,16069,184,129,1,184,184,0,100,166,1,28
0,233,187,0,17244,187,0,167,100,100,0,83,0,232,8,167,-1,0,1,167,0,0,62,0,233,100,0,133,187,0,100,260,233,100,167,0,0,167,0,167,0,232,187,100,187,0,260,0,138,100,0,0,11,0,0,167,80,0,1,0,0,16069,187,100,1,187,187,0,95,167,1,233
0,226,183,0,17302,183,0,124,30,30,0,87,0,200,8,124,-1,0,2,124,0,0,212,0,113,30,0,133,183,0,30,260,115,30,124,0,0,124,0,124,0,225,183,30,183,0,260,0,47,30,0,0,11,0,0,124,158,0,1,0,0,16069,183,30,1,183,183,0,95,124,1,202
0,210,210,0,17245,210,0,210,210,210,0,75,0,30,8,210,-1,0,0,210,0,0,45,0,75,210,0,133,210,0,210,260,210,210,210,0,0,210,0,210,0,30,210,210,210,0,260,0,180,210,0,0,7,0,0,210,40,0,0,0,0,16070,210,210,1,210,210,0,100,210,1,210
0,214,217,0,17303,217,0,162,60,60,0,0,0,26,8,162,-1,0,1,162,0,0,178,0,25,60,0,133,217,0,60,260,100,60,162,0,0,162,0,162,0,110,217,60,217,0,260,0,45,60,0,0,0,0,0,162,141,0,0,0,0,16070,217,60,1,217,217,0,0,162,1,181
0,200,183,0,17304,183,0,124,30,30,0,0,0,210,8,124,-1,0,2,124,0,0,220,0,125,30,0,133,183,0,30,260,90,30,124,0,0,124,0,124,0,220,183,30,183,0,260,0,45,30,0,0,0,0,0,124,170,0,0,0,0,16070,183,30,1,183,183,0,0,124,1,160
0,220,180,0,17305,12,0,12,12,32,0,0,0,220,7,12,-1,0,0,137,0,0,220,0,220,12,0,133,180,0,12,260,220,32,12,0,0,12,0,12,0,220,12,12,12,0,260,0,220,12,0,0,0,0,0,137,220,0,1,0,0,16071,12,32,1,180,12,0,0,137,1,220
0,41,220,0,17306,220,0,220,220,220,0,0,0,0,7,220,-1,0,1,220,0,0,41,0,91,220,0,133,220,0,220,260,91,220,220,0,0,220,0,220,0,41,220,220,220,0,260,0,91,220,0,0,0,0,0,220,0,0,0,0,0,16071,220,220,1,220,220,0,0,220,1,0
0,254,65,0,17307,65,0,12,145,145,0,0,0,171,7,12,-1,0,2,12,0,0,254,0,0,145,0,133,65,0,145,260,0,145,12,0,0,12,0,12,0,254,65,145,65,0,260,0,0,145,0,0,0,0,0,12,171,0,0,0,0,16071,65,145,1,65,65,0,0,12,1,171
0,231,95,0,17246,12,0,12,12,95,0,58,0,231,19,12,-1,0,0,95,0,0,231,0,231,12,0,133,95,0,12,260,231,95,12,0,0,12,0,12,0,231,12,12,12,0,260,0,231,12,0,0,18,0,0,95,231,0,1,0,0,16072,12,95,1,95,12,0,92,95,1,231
0,102,102,0,17308,220,0,220,220,253,0,0,0,57,19,220,-1,0,1,255,0,0,15,0,84,220,0,133,102,0,220,260,253,253,220,0,0,220,0,220,0,15,220,220,220,0,260,0,84,220,0,0,0,0,0,255,57,0,1,0,0,16072,220,253,1,102,220,0,0,255,1,255
0,198,12,0,17309,12,0,12,12,12,0,0,0,62,19,12,-1,0,2,12,0,0,198,0,225,12,0,133,12,0,12,260,225,12,12,0,0,12,0,12,0,198,12,12,12,0,260,0,225,12,0,0,0,0,0,12,62,0,1,0,0,16072,12,12,1,12,12,0,0,12,1,62
0,0,220,0,17310,220,0,220,220,220,0,0,0,75,7,220,-1,0,0,220,0,0,0,0,155,220,0,133,220,0,220,260,155,220,220,0,0,220,0,220,0,0,220,220,220,0,260,0,155,220,0,0,0,0,0,220,75,0,0,0,0,16073,220,220,1,220,220,0,0,220,1,75
0,220,15,0,17247,15,0,115,185,185,0,77,0,220,7,115,-1,0,1,115,0,0,220,0,220,185,0,133,15,0,185,260,220,185,115,0,0,115,0,115,0,220,15,185,15,0,260,0,220,185,0,0,8,0,0,115,220,0,0,0,0,16073,15,185,1,15,15,0,92,115,1,220
0,12,220,0,17311,220,0,220,220,220,0,0,0,12,7,220,-1,0,2,220,0,0,12,0,12,220,0,133,220,0,220,260,12,220,220,0,0,220,0,220,0,12,220,220,220,0,260,0,12,220,0,0,0,0,0,220,12,0,0,0,0,16073,220,220,1,220,220,0,0,220,1,12
0,9,136,0,17312,136,0,128,78,78,0,83,0,40,7,128,-1,0,0,128,0,0,152,0,69,78,0,133,136,0,78,260,56,78,128,0,0,128,0,128,0,13,136,78,136,0,260,0,91,78,0,0,10,0,0,128,142,0,0,0,0,16074,136,78,1,136,136,0,95,128,1,29
0,234,5,0,17313,5,0,23,48,48,0,81,0,238,7,23,-1,0,1,23,0,0,170,0,254,48,0,133,5,0,48,260,254,48,23,0,0,23,0,23,0,233,5,48,5,0,260,0,254,48,0,0,6,0,0,23,226,0,1,0,0,16074,5,48,1,5,5,0,80,23,1,235
0,29,31,0,17248,31,0,48,71,71,0,64,0,217,7,48,-1,0,2,48,0,0,100,0,211,71,0,133,31,0,71,260,219,71,48,0,0,48,0,48,0,21,31,71,31,0,260,0,206,71,0,0,24,0,0,48,183,0,1,0,0,16074,31,71,1,31,31,0,76,48,1,206
0,11,199,0,17249,199,0,164,77,77,0,44,0,160,19,164,-1,0,0,164,0,0,13,0,77,77,0,133,199,0,77,260,16,77,164,0,0,164,0,164,0,24,199,77,199,0,260,0,20,77,0,0,35,0,0,164,28,0,0,0,0,16075,199,77,1,199,199,0,54,164,1,21
0,30,12,0,17713,220,0,12,12,12,0,75,0,30,7,220,-1,0,0,12,0,0,231,0,30,12,0,138,220,0,220,267,30,12,12,2,0,12,0,220,1,30,12,220,12,0,267,0,231,12,0,0,7,0,0,220,231,0,0,0,0,16076,220,220,1,12,12,0,100,12,1,30
0,242,12,0,17250,12,0,12,12,12,0,89,0,235,19,12,-1,0,1,12,0,0,245,0,78,12,0,133,12,0,12,260,235,12,12,0,0,12,0,12,0,73,12,12,12,0,260,0,237,12,0,0,41,0,0,12,237,0,1,0,0,16076,12,12,1,12,12,0,55,12,1,235
0,173,220,0,17714,220,0,220,220,220,0,59,0,176,0,220,-1,0,2,220,0,0,112,0,179,220,0,133,220,0,220,260,178,220,220,0,0,220,0,220,0,174,220,220,220,0,260,0,117,220,0,0,33,0,0,220,114,0,1,0,0,16076,220,220,1,220,220,0,100,220,1,175
0,204,78,0,17715,78,0,0,133,133,0,71,0,222,19,0,-1,0,0,0,0,0,188,0,245,133,0,133,78,0,133,260,238,133,0,0,0,0,0,0,0,225,78,133,78,0,260,0,186,133,0,0,16,0,0,0,169,0,1,0,0,16077,78,133,1,78,78,0,72,0,1,193
0,97,233,0,17251,233,0,170,71,71,0,77,0,71,19,170,-1,0,2,170,0,0,179,0,132,71,0,133,233,0,71,260,134,71,170,0,0,170,0,170,0,102,233,71,233,0,260,0,64,71,0,0,9,0,0,170,130,0,0,0,0,16077,233,71,1,233,233,0,87,170,1,76
0,25,252,0,17252,252,0,51,112,112,0,99,0,25,7,51,-1,0,0,51,0,0,25,0,25,112,0,1,252,0,112,10,25,112,51,0,0,51,0,51,1,25,252,112,252,0,10,0,25,112,0,0,99,0,0,51,25,0,0,0,0,16078,252,112,1,252,252,0,100,51,1,25
0,247,12,0,17716,12,0,12,12,12,0,59,0,252,0,12,-1,0,2,12,0,0,188,0,86,12,0,1,12,0,12,10,86,12,12,0,0,12,0,12,1,247,12,12,12,0,10,0,27,12,0,0,33,0,0,12,194,0,0,0,0,16078,12,12,1,12,12,0,100,12,1,253
0,231,54,0,17734,220,0,220,220,213,0,90,0,126,1,220,-1,0,0,153,0,0,228,0,194,220,0,133,54,0,220,260,231,213,220,0,0,220,0,220,0,66,220,220,220,0,260,0,228,220,0,0,7,0,0,153,228,0,0,0,0,16079,220,213,1,54,220,0,99,153,1,231
0,12,220,0,17253,220,0,220,220,220,0,0,0,41,13,220,-1,0,1,220,0,0,216,0,46,220,0,133,220,0,220,260,12,220,220,0,0,220,0,220,0,216,220,220,220,0,260,0,46,220,0,0,0,0,0,220,41,0,0,0,0,16079,220,220,1,220,220,0,0,220,1,12
0,247,12,0,17735,12,0,12,12,12,0,59,0,252,0,12,-1,0,2,12,0,0,188,0,86,12,0,133,12,0,12,260,86,12,12,0,0,12,0,12,0,247,12,12,12,0,260,0,27,12,0,0,33,0,0,12,194,0,0,0,0,16079,12,12,1,12,12,0,100,12,1,253
0,207,12,0,17736,220,0,12,220,220,0,98,0,32,8,220,-1,0,0,220,0,0,208,0,37,12,0,1,220,0,220,2,37,12,220,2,0,12,0,220,1,208,12,220,220,0,2,0,37,12,0,0,98,0,0,220,32,0,0,0,0,16080,220,220,1,220,12,0,100,12,1,32
0,247,12,0,17254,12,0,12,12,12,0,59,0,252,0,12,-1,0,2,12,0,0,188,0,86,12,0,1,12,0,12,2,86,12,12,0,0,12,0,12,0,247,12,12,12,0,2,0,27,12,0,0,33,0,0,12,194,0,1,0,0,16080,12,12,1,12,12,0,100,12,1,253
0,231,220,0,17255,12,0,220,12,12,0,99,0,148,10,12,-1,0,0,12,0,0,100,0,201,220,0,6,12,0,12,52,231,220,12,2,0,220,0,12,0,100,220,12,12,0,52,0,201,220,0,0,99,0,0,12,148,0,1,0,0,16081,12,12,1,12,220,0,99,220,1,231
0,247,12,0,17737,12,0,12,12,12,0,59,0,252,0,12,-1,0,2,12,0,0,188,0,86,12,0,1,12,0,12,52,86,12,12,0,0,12,0,12,0,247,12,12,12,0,52,0,27,12,0,0,33,0,0,12,194,0,1,0,0,16081,12,12,1,12,12,0,100,12,1,253
0,30,12,0,17738,12,0,12,12,12,0,74,0,200,25,12,-1,0,0,12,0,0,30,0,18,12,0,1,245,0,12,1,30,12,12,0,0,12,0,12,1,238,12,12,12,0,1,0,29,12,0,0,22,0,0,207,30,0,0,0,0,16082,12,9,0,12,12,0,86,12,1,30
0,233,187,0,17256,187,0,167,100,100,0,83,0,232,8,167,-1,0,1,167,0,0,62,0,233,100,0,133,187,0,100,260,233,100,167,0,0,167,0,167,0,232,187,100,187,0,260,0,138,100,0,0,11,0,0,167,80,0,1,0,0,16082,187,100,1,187,187,0,95,167,1,233
0,173,220,0,17739,220,0,220,220,220,0,59,0,176,0,220,-1,0,2,220,0,0,112,0,179,220,0,1,220,0,220,1,178,220,220,0,0,220,0,220,1,174,220,220,220,0,1,0,117,220,0,0,33,0,0,220,114,0,0,0,0,16082,220,220,0,220,220,0,100,220,1,175
0,175,220,0,17740,220,0,220,220,220,0,88,0,0,8,220,-1,0,0,220,0,0,30,0,25,220,0,6,220,0,220,12,25,220,220,0,0,220,0,220,0,176,220,220,220,0,12,0,29,220,0,0,6,0,0,220,30,0,0,0,0,16083,220,220,1,220,220,0,93,220,1,0
0,173,220,0,17257,220,0,220,220,220,0,59,0,176,0,220,-1,0,2,220,0,0,112,0,179,220,0,6,220,0,220,12,178,220,220,0,0,220,0,220,0,174,220,220,220,0,12,0,117,220,0,0,33,0,0,220,114,0,1,0,0,16083,220,220,1,220,220,0,100,220,1,175
0,210,210,0,17268,210,0,210,210,210,0,0,0,30,8,210,-1,0,0,210,0,0,45,0,75,210,0,133,210,0,210,260,210,210,210,0,0,210,0,210,0,30,210,210,210,0,260,0,180,210,0,0,0,0,0,210,40,0,0,0,0,16084,210,210,1,210,210,0,0,210,1,210
0,214,217,0,17269,217,0,162,60,60,0,0,0,26,8,162,-1,0,1,162,0,0,178,0,25,60,0,133,217,0,60,260,100,60,162,0,0,162,0,162,0,110,217,60,217,0,260,0,45,60,0,0,0,0,0,162,141,0,0,0,0,16085,217,60,1,217,217,0,0,162,1,181
0,200,183,0,17270,183,0,124,30,30,0,0,0,210,8,124,-1,0,2,124,0,0,220,0,125,30,0,133,183,0,30,260,90,30,124,0,0,124,0,124,0,220,183,30,183,0,260,0,45,30,0,0,0,0,0,124,170,0,0,0,0,16086,183,30,1,183,183,0,0,124,1,160
0,220,180,0,17271,12,0,12,12,32,0,0,0,220,7,12,-1,0,0,137,0,0,220,0,220,12,0,133,180,0,12,260,220,32,12,0,0,12,0,12,0,220,12,12,12,0,260,0,220,12,0,0,0,0,0,137,220,0,1,0,0,16087,12,32,1,180,12,0,0,137,1,220
0,41,220,0,17272,220,0,220,220,220,0,0,0,0,7,220,-1,0,1,220,0,0,41,0,91,220,0,133,220,0,220,260,91,220,220,0,0,220,0,220,0,41,220,220,220,0,260,0,91,220,0,0,0,0,0,220,0,0,0,0,0,16088,220,220,1,220,220,0,0,220,1,0
0,254,65,0,17273,65,0,12,145,145,0,0,0,171,7,12,-1,0,2,12,0,0,254,0,0,145,0,133,65,0,145,260,0,145,12,0,0,12,0,12,0,254,65,145,65,0,260,0,0,145,0,0,0,0,0,12,171,0,0,0,0,16089,65,145,1,65,65,0,0,12,1,171
0,231,95,0,17274,12,0,12,12,95,0,0,0,231,19,12,-1,0,0,95,0,0,231,0,231,12,0,133,95,0,12,260,231,95,12,0,0,12,0,12,0,231,12,12,12,0,260,0,231,12,0,0,0,0,0,95,231,0,1,0,0,16090,12,95,1,95,12,0,0,95,1,231
0,102,102,0,17275,220,0,220,220,253,0,0,0,57,19,220,-1,0,1,255,0,0,15,0,84,220,0,133,102,0,220,260,253,253,220,0,0,220,0,220,0,15,220,220,220,0,260,0,84,220,0,0,0,0,0,255,57,0,1,0,0,16091,220,253,1,102,220,0,0,255,1,255
0,198,12,0,17276,12,0,12,12,12,0,0,0,62,19,12,-1,0,2,12,0,0,198,0,225,12,0,133,12,0,12,260,225,12,12,0,0,12,0,12,0,198,12,12,12,0,260,0,225,12,0,0,0,0,0,12,62,0,1,0,0,16092,12,12,1,12,12,0,0,12,1,62
0,0,220,0,17277,220,0,220,220,220,0,0,0,75,7,220,-1,0,0,220,0,0,0,0,155,220,0,133,220,0,220,260,155,220,220,0,0,220,0,220,0,0,220,220,220,0,260,0,155,220,0,0,0,0,0,220,75,0,0,0,0,16093,220,220,1,220,220,0,0,220,1,75
0,220,15,0,17278,15,0,115,185,185,0,0,0,220,7,115,-1,0,1,115,0,0,220,0,220,185,0,133,15,0,185,260,220,185,115,0,0,115,0,115,0,220,15,185,15,0,260,0,220,185,0,0,0,0,0,115,220,0,0,0,0,16094,15,185,1,15,15,0,0,115,1,220
0,12,220,0,17279,220,0,220,220,220,0,0,0,12,7,220,-1,0,2,220,0,0,12,0,12,220,0,133,220,0,220,260,12,220,220,0,0,220,0,220,0,12,220,220,220,0,260,0,12,220,0,0,0,0,0,220,12,0,0,0,0,16095,220,220,1,220,220,0,0,220,1,12
0,9,136,0,17258,136,0,128,78,78,0,83,0,40,7,128,-1,0,0,128,0,0,152,0,69,78,0,133,136,0,78,260,56,78,128,0,0,128,0,128,0,13,136,78,136,0,260,0,91,78,0,0,10,0,0,128,142,0,0,0,0,16096,136,78,1,136,136,0,95,128,1,29
0,234,5,0,17259,5,0,23,48,48,0,81,0,238,7,23,-1,0,1,23,0,0,170,0,254,48,0,133,5,0,48,260,254,48,23,0,0,23,0,23,0,233,5,48,5,0,260,0,254,48,0,0,6,0,0,23,226,0,1,0,0,16097,5,48,1,5,5,0,80,23,1,235
0,29,31,0,17260,31,0,48,71,71,0,64,0,217,7,48,-1,0,2,48,0,0,100,0,211,71,0,133,31,0,71,260,219,71,48,0,0,48,0,48,0,21,31,71,31,0,260,0,206,71,0,0,24,0,0,48,183,0,1,0,0,16098,31,71,1,31,31,0,76,48,1,206
0,255,255,0,17793,255,0,252,240,240,0,0,0,69,0,252,0,0,0,252,0,0,55,0,70,240,0,133,255,0,240,260,240,240,252,0,0,252,0,252,0,173,255,240,255,0,260,0,57,240,0,0,0,0,0,252,55,0,0,0,0,16802,255,240,1,255,255,0,0,252,0,252
0,12,12,0,17794,12,0,12,12,12,0,0,0,211,0,12,0,0,1,12,0,0,184,0,215,12,0,133,12,0,12,260,12,12,12,0,0,12,0,12,0,216,12,12,12,0,260,0,26,12,0,0,0,0,0,12,26,0,0,0,0,16802,12,12,1,12,12,0,0,12,0,12
0,12,12,0,17795,12,0,12,12,12,0,0,0,191,0,12,0,0,2,12,0,0,218,0,36,12,0,133,12,0,12,260,12,12,12,0,0,12,0,12,0,255,12,12,12,0,260,0,82,12,0,0,0,0,0,12,172,0,0,0,0,16802,12,12,1,12,12,0,0,12,0,12
0,220,184,0,17812,220,0,220,220,0,0,0,0,0,7,220,0,0,0,0,0,0,184,0,0,220,0,133,184,0,220,260,220,0,220,0,0,220,0,220,0,184,220,220,220,0,260,0,0,220,0,0,0,0,0,0,0,0,0,0,0,16803,220,0,1,184,220,0,0,0,0,220
0,0,12,0,17813,12,0,12,12,12,0,59,0,253,0,12,0,0,2,12,0,0,0,0,253,12,0,1,12,0,12,49,253,12,12,0,0,12,0,12,0,0,12,12,12,0,49,0,172,12,0,0,31,0,0,12,172,0,0,0,0,16803,12,12,1,12,12,0,100,12,1,253
0,67,220,0,17861,220,0,220,220,220,0,0,0,47,11,220,0,0,0,220,0,0,67,0,50,220,0,133,220,0,220,260,71,220,220,0,0,220,0,220,0,42,220,220,220,0,260,0,71,220,0,0,0,0,0,220,66,0,0,0,0,16806,220,220,1,220,220,0,0,220,1,66
0,247,12,0,17862,12,0,12,12,12,0,0,0,252,0,12,-1,0,2,12,0,0,188,0,86,12,0,7,12,0,12,137,86,12,12,0,0,12,0,12,0,247,12,12,12,0,137,0,27,12,0,0,0,0,0,12,194,0,1,0,0,16806,12,12,1,12,12,0,0,12,1,253
0,100,234,0,17863,234,0,222,158,158,0,0,0,38,7,222,-1,0,0,222,0,0,145,0,185,158,0,133,234,0,158,260,156,158,222,0,0,222,0,222,0,118,234,158,234,0,260,0,223,158,0,0,0,0,0,222,47,0,0,0,0,16807,234,158,1,234,234,0,0,222,1,31
0,173,220,0,17864,220,0,220,220,220,0,59,0,176,0,220,-1,0,2,220,0,0,112,0,179,220,0,6,220,0,220,12,178,220,220,0,0,220,0,220,0,174,220,220,220,0,12,0,117,220,0,0,30,0,0,220,114,0,1,0,0,16807,220,220,1,220,220,0,100,220,1,175
0,247,30,0,17909,230,0,30,230,30,0,0,0,230,8,30,-1,0,0,30,0,0,240,0,230,30,0,133,30,0,30,260,241,30,230,0,0,230,0,230,0,230,230,230,230,0,260,0,237,230,0,0,0,0,0,30,237,0,0,0,0,16809,30,30,1,30,30,0,0,30,1,241
0,30,230,0,17910,230,0,230,230,230,0,0,0,30,0,230,-1,0,2,230,0,0,30,0,30,230,0,133,230,0,230,260,30,230,230,0,0,230,0,230,0,30,230,230,230,0,260,0,30,230,0,0,0,0,0,230,30,0,0,0,0,16809,230,230,1,230,230,0,0,230,1,30
0,0,0,0,17911,0,0,0,79,79,0,0,0,230,9,0,-1,0,0,0,0,0,230,0,230,79,0,133,0,0,79,260,79,79,0,0,0,0,0,0,0,230,0,79,0,0,260,0,230,79,0,0,0,0,0,0,230,0,0,0,0,16810,0,79,1,0,0,0,0,0,1,0
0,46,230,0,17912,230,0,230,230,230,0,0,0,89,8,230,-1,0,2,230,0,0,145,0,93,230,0,133,230,0,230,260,84,230,230,0,0,230,0,230,0,79,230,230,230,0,260,0,153,230,0,0,0,0,0,230,152,0,0,0,0,16810,230,230,1,230,230,0,0,230,1,56
0,38,230,0,17913,230,0,230,230,230,0,0,0,150,4,230,-1,0,0,230,0,0,25,0,73,230,0,133,230,0,230,260,37,230,230,0,0,230,0,230,0,28,230,230,230,0,260,0,68,230,0,0,0,0,0,230,140,0,0,0,0,16811,230,230,1,230,230,0,0,230,1,37
0,230,230,0,17914,230,0,230,230,230,0,0,0,43,0,230,-1,0,2,230,0,0,180,0,32,230,0,133,230,0,230,260,230,230,230,0,0,230,0,230,0,180,230,230,230,0,260,0,32,230,0,0,0,0,0,230,43,0,0,0,0,16811,230,230,1,230,230,0,0,230,1,230
0,44,230,0,17915,230,0,230,230,230,0,0,0,43,8,230,-1,0,0,230,0,0,218,0,42,230,0,133,230,0,230,260,100,230,230,0,0,230,0,230,0,218,230,230,230,0,260,0,42,230,0,0,0,0,0,230,43,0,0,0,0,16812,230,230,1,230,230,0,0,230,1,55
0,40,230,0,17916,230,0,230,230,230,0,0,0,186,9,230,-1,0,2,230,0,0,37,0,255,230,0,133,230,0,230,260,73,230,230,0,0,230,0,230,0,37,230,230,230,0,260,0,255,230,0,0,0,0,0,230,186,0,0,0,0,16812,230,230,1,230,230,0,0,230,1,43
0,160,30,0,17917,30,0,30,30,30,0,0,0,230,0,30,-1,0,0,30,0,0,220,0,230,30,0,133,30,0,30,260,90,30,30,0,0,30,0,30,0,230,30,30,30,0,260,0,205,30,0,0,0,0,0,30,215,0,0,0,0,16813,30,30,1,30,30,0,0,30,1,135
0,66,230,0,17918,230,0,230,230,230,0,0,0,30,0,230,-1,0,1,230,0,0,43,0,30,230,0,133,230,0,230,260,58,230,230,0,0,230,0,230,0,30,230,230,230,0,260,0,42,230,0,0,0,0,0,230,43,0,0,0,0,16813,230,230,1,230,230,0,0,230,1,63
0,208,30,0,17919,30,0,30,30,30,0,0,0,126,0,30,-1,0,2,30,0,0,203,0,50,30,0,133,30,0,30,260,47,30,30,0,0,30,0,30,0,216,30,30,30,0,260,0,48,30,0,0,0,0,0,30,116,0,0,0,0,16813,30,30,1,30,30,0,0,30,1,121
0,0,230,0,18024,230,0,230,230,230,0,65,0,21,0,230,-1,0,0,230,0,0,59,0,85,230,0,133,230,0,230,260,0,230,230,0,0,230,0,230,0,41,230,230,230,0,260,0,121,230,0,0,20,0,0,230,33,0,0,0,0,16814,230,230,1,230,230,0,0,230,1,0
0,0,55,0,18025,30,0,30,30,60,0,61,0,167,0,30,-1,0,1,0,0,0,64,0,213,30,0,133,55,0,30,260,0,60,30,0,0,30,0,30,0,75,30,30,30,0,260,0,220,30,0,0,18,0,0,0,203,0,0,0,0,16814,30,60,1,55,30,0,0,0,1,0
0,0,55,0,18026,30,0,30,30,60,0,61,0,129,0,30,0,0,2,0,0,0,224,0,49,30,0,133,55,0,30,260,0,60,30,0,0,30,0,30,0,220,30,30,30,0,260,0,50,30,0,0,18,0,0,0,163,0,0,0,0,16814,30,60,1,55,30,0,0,0,1,0
0,230,30,0,18107,30,0,30,30,30,0,0,0,208,0,30,-1,0,0,30,0,0,228,0,39,30,0,133,30,0,30,260,41,30,30,0,0,30,0,30,0,230,30,30,30,0,260,0,228,30,0,0,0,0,0,30,228,0,0,0,0,16815,30,30,1,30,30,0,0,30,1,210
0,38,230,0,18108,230,0,230,230,230,0,0,0,64,0,230,-1,0,2,230,0,0,14,0,195,230,0,133,230,0,230,260,194,230,230,0,0,230,0,230,0,39,230,230,230,0,260,0,242,230,0,0,0,0,0,230,109,0,0,0,0,16815,230,230,1,230,230,0,0,230,1,61
0,38,12,0,18030,220,0,12,220,220,0,93,0,66,0,220,0,0,0,220,0,0,39,0,60,12,13,135,220,13,220,262,59,12,220,2,0,12,0,220,1,39,12,220,220,0,262,0,60,12,1,0,93,0,10,220,66,0,0,0,0,16816,220,220,1,220,12,0,90,12,1,65
0,0,30,0,18214,30,0,30,30,30,0,21,0,79,0,30,-1,0,0,30,0,0,6,0,254,30,0,133,30,0,30,260,0,30,30,0,0,30,0,30,0,9,30,30,30,0,260,0,252,30,0,0,11,0,0,30,94,0,0,0,0,16817,30,30,1,30,30,0,0,30,1,0
0,0,30,0,18215,30,0,30,30,30,0,28,0,237,7,30,-1,0,1,30,0,0,215,0,239,30,0,133,30,0,30,260,0,30,30,0,0,30,0,30,0,235,30,30,30,0,260,0,215,30,0,0,26,0,0,30,215,0,0,0,0,16817,30,30,1,30,30,0,0,30,1,0
0,0,30,0,18216,30,0,30,30,30,0,33,0,233,7,30,-1,0,2,30,0,0,253,0,1,30,0,133,30,0,30,260,0,30,30,0,0,30,0,30,0,243,30,30,30,0,260,0,9,30,0,0,16,0,0,30,242,0,0,0,0,16817,30,30,1,30,30,0,0,30,1,0
4,231,12,0,4644,12,0,12,12,12,0,81,0,231,0,12,0,0,0,12,0,0,31,0,231,12,4,1,12,86,12,2,231,12,12,0,0,12,0,12,0,231,12,12,12,0,2,0,31,12,1,0,10,0,0,12,31,0,1,0,0,100087,12,12,1,12,12,0,94,12,1,231
4,34,140,0,4643,140,0,152,60,60,0,90,0,84,0,152,0,0,1,152,0,0,36,0,47,60,4,1,140,87,60,2,24,60,152,0,0,152,0,152,0,64,140,60,140,0,2,0,26,60,1,0,7,0,0,152,42,0,0,0,0,100087,140,60,1,140,140,0,99,152,1,40
4,102,225,0,5641,225,0,101,57,57,0,91,0,192,0,101,0,0,2,101,0,0,221,2,219,57,0,1,225,86,57,2,219,57,101,0,0,101,0,101,0,103,225,57,225,0,2,0,56,57,0,0,7,0,0,101,100,0,1,0,0,100087,225,57,1,225,225,0,80,101,1,192
0,26,220,0,12334,26,0,220,154,220,0,80,0,202,11,74,0,0,0,220,0,0,26,0,4,220,0,1,220,76,154,51,154,220,74,2,0,220,0,74,0,253,220,154,26,0,51,0,74,220,1,0,9,0,0,220,41,0,0,0,0,100135,26,220,1,220,220,3,94,220,1,74
0,30,12,0,12335,12,0,12,220,220,0,88,0,72,0,12,0,0,1,220,0,0,31,0,37,12,0,1,220,76,12,51,30,12,220,2,0,220,0,12,0,252,220,12,220,0,51,0,29,220,1,0,9,0,0,220,30,0,0,0,0,100135,12,220,1,220,12,0,95,12,1,30
0,203,12,0,12336,12,0,12,12,12,0,89,0,238,0,12,0,0,2,12,0,0,30,0,86,12,0,1,12,76,12,51,89,12,12,1,0,12,0,12,0,201,12,12,12,0,51,0,27,12,1,0,9,0,0,12,30,0,0,0,0,100135,12,12,1,12,12,0,98,12,1,240
0,0,220,0,7479,3,0,48,163,220,0,84,0,231,0,48,0,0,0,220,0,0,7,0,231,163,0,1,220,76,163,1,161,220,48,0,0,48,0,48,0,231,3,163,3,0,1,0,156,163,0,0,14,0,9,220,51,0,0,0,0,100325,3,220,1,220,3,0,97,220,1,50
0,102,10,0,7480,220,0,220,220,91,0,86,0,40,0,220,0,0,1,46,0,0,103,0,77,220,0,1,10,76,220,1,213,91,220,0,0,220,0,220,0,24,220,220,220,0,1,0,212,220,0,0,12,0,9,46,162,0,0,0,0,100325,220,91,1,10,220,0,97,46,1,162
0,237,220,0,7481,220,0,220,220,220,0,96,0,158,7,220,0,0,2,220,0,0,238,0,187,220,0,1,220,76,220,1,186,220,220,0,0,220,0,220,0,238,220,220,220,0,1,0,187,220,0,0,96,0,9,220,158,0,0,0,0,100325,220,220,1,220,220,0,97,220,1,157
0,221,229,0,1233,229,0,40,36,36,0,86,0,231,0,40,0,0,0,40,0,0,210,0,231,36,19,13,229,0,36,52,224,36,40,0,0,40,0,40,0,231,229,36,229,0,52,0,53,36,0,0,8,0,8,40,42,0,0,0,0,100409,229,36,1,229,229,0,96,40,1,222
0,211,220,0,1234,220,0,220,220,220,0,96,0,41,0,220,0,0,1,220,0,0,208,0,52,220,19,4,220,0,220,52,54,220,220,0,0,220,0,220,0,208,220,220,220,0,52,0,52,220,0,0,96,0,0,220,41,0,0,0,0,100409,220,220,1,220,220,0,96,220,1,42
0,84,220,0,4685,220,0,220,220,220,0,89,0,51,0,220,0,0,2,220,0,0,93,0,106,220,19,13,220,0,220,52,98,220,220,0,0,220,0,220,0,93,220,220,220,0,52,0,106,220,0,0,89,0,0,220,51,0,0,0,0,100409,220,220,1,220,220,3,100,220,1,46
0,34,190,0,4684,190,0,171,115,115,0,98,0,36,11,171,0,0,3,171,0,0,38,0,37,115,19,4,190,0,115,52,31,115,171,0,0,171,0,171,0,38,190,115,190,0,52,0,37,115,0,0,98,0,0,171,36,0,0,0,0,100409,190,115,1,190,190,0,100,171,1,30
0,215,220,0,17553,220,0,220,220,220,0,98,0,31,0,220,0,0,4,220,0,0,212,0,52,220,0,13,220,0,220,52,58,220,220,0,0,220,0,220,0,212,220,220,220,0,52,0,52,220,0,0,98,0,0,220,31,1,0,0,0,100409,220,220,1,220,220,0,100,220,1,33
0,230,12,0,6095,12,0,12,12,12,0,68,0,24,8,12,0,0,0,12,0,0,254,0,32,12,10,1,12,76,12,1,230,12,12,0,0,12,0,12,0,212,12,12,12,0,1,0,0,12,0,0,29,0,8,12,243,0,1,0,0,100632,12,12,0,12,12,0,88,12,0,230
0,0,150,0,6096,150,0,111,38,38,0,82,0,229,8,111,0,0,1,111,0,0,30,0,228,38,10,1,150,76,38,1,77,38,111,0,0,111,0,111,0,230,150,38,150,0,1,0,30,38,0,0,13,0,8,111,30,0,0,0,0,100632,150,38,0,150,150,0,93,111,0,35
0,12,220,0,6097,220,0,220,220,220,0,70,0,168,5,220,0,0,2,220,0,0,0,0,102,220,10,1,220,76,220,1,93,220,220,0,0,220,0,220,0,43,220,220,220,0,1,0,90,220,0,0,25,0,8,220,136,0,0,0,0,100632,220,220,0,220,220,0,72,220,0,146
0,0,220,0,1235,12,0,12,12,220,0,68,0,254,7,12,0,0,0,220,0,0,24,0,254,12,10,1,220,76,12,1,0,220,12,0,0,167,0,12,0,254,0,12,12,0,8,0,24,185,0,1,23,0,8,220,24,0,0,0,0,100634,12,220,1,220,12,0,95,220,1,0
0,4,197,0,1236,197,0,189,178,178,0,82,0,42,7,189,0,0,1,189,0,0,174,0,68,178,10,1,197,76,178,1,67,178,189,0,0,143,0,189,0,2,177,178,197,0,8,0,61,54,0,1,7,0,8,189,138,0,0,0,0,100634,197,178,1,197,197,0,92,189,1,41
0,242,220,0,4677,220,0,220,220,220,0,86,0,103,5,220,0,0,2,220,0,0,250,0,53,220,10,1,220,76,220,1,53,220,220,0,0,220,0,220,0,241,220,220,220,0,1,0,58,220,0,1,9,0,0,220,144,0,0,0,0,100634,220,220,1,220,220,0,91,220,1,108
0,231,12,0,17506,12,0,12,12,12,0,89,0,231,0,12,0,0,0,12,0,0,231,0,231,12,10,1,12,76,12,1,231,12,12,0,0,12,0,12,0,231,12,12,12,0,1,0,231,12,0,0,89,0,0,12,231,0,0,0,0,100638,12,12,0,12,12,0,99,12,0,231
0,241,220,0,17507,220,0,220,220,220,0,96,0,53,0,220,0,0,1,220,0,0,74,0,52,220,10,1,220,76,220,1,228,220,220,0,0,220,0,220,0,74,220,220,220,0,1,0,52,220,0,0,96,0,0,220,53,0,0,0,0,100638,220,220,0,220,220,0,99,220,0,238
0,30,220,0,17508,220,0,220,220,220,0,86,0,30,0,220,0,0,2,220,0,0,102,0,30,220,10,1,220,76,220,1,30,220,220,0,0,220,0,220,0,30,220,220,220,0,1,0,98,220,0,0,10,0,0,220,90,0,0,0,0,100638,220,220,0,220,220,0,97,220,0,30
0,30,220,0,1237,12,0,12,12,220,0,54,0,231,14,12,0,0,0,220,0,0,217,0,231,12,10,1,220,76,12,5,30,220,12,0,0,220,0,12,0,232,220,12,12,0,5,0,26,220,0,1,38,0,0,220,13,0,1,0,0,100646,12,220,0,220,12,0,99,220,0,30
0,137,220,0,1238,220,0,220,220,220,0,97,0,203,4,220,0,0,1,220,0,0,130,0,226,220,10,1,220,76,220,5,228,220,220,0,0,220,0,220,0,130,220,220,220,0,5,0,226,220,0,1,97,0,0,220,203,0,0,0,0,100646,220,220,0,220,220,0,99,220,0,206
0,31,220,0,7844,220,0,220,220,220,0,87,0,30,7,220,0,0,2,220,0,0,129,0,30,220,10,1,220,76,220,5,31,220,220,0,0,220,0,220,0,30,220,220,220,0,5,0,129,220,0,1,5,0,0,220,129,0,0,0,0,100646,220,220,0,220,220,0,90,220,0,31
0,231,224,0,10369,224,0,8,9,9,0,50,0,34,8,8,0,0,0,8,0,0,231,0,35,9,330,6,224,100,9,12,231,9,8,0,0,8,0,8,0,214,224,9,224,0,12,0,231,9,1,0,46,0,0,8,231,0,0,0,0,100757,224,9,1,224,224,0,89,8,1,231
0,210,220,0,10370,228,0,16,12,220,0,97,0,231,0,16,0,0,1,220,0,0,231,0,231,12,330,6,220,100,12,12,0,220,16,0,0,16,0,16,0,231,228,12,228,0,12,0,231,12,1,0,97,0,0,220,231,0,1,0,0,100757,228,220,1,220,228,0,98,220,1,0
0,30,220,0,10371,220,0,220,220,220,0,91,0,30,0,220,0,0,2,220,0,0,230,0,30,220,330,6,220,100,220,12,30,220,220,0,0,220,0,220,0,30,220,220,220,0,12,0,230,220,0,0,5,0,0,220,230,0,0,0,0,100757,220,220,1,220,220,0,91,220,1,30
0,231,91,0,11467,91,0,54,130,130,0,82,0,233,0,54,0,0,0,54,0,0,65,0,233,130,330,1,91,100,130,1,231,130,54,0,0,54,0,54,0,233,91,130,91,0,1,0,113,130,0,0,13,0,0,54,27,0,1,0,0,100759,91,130,0,91,91,0,100,54,0,231
0,64,220,0,11468,220,0,220,220,220,0,94,0,27,0,220,0,0,1,220,0,0,65,0,114,220,330,1,220,100,220,1,113,220,220,0,0,220,0,220,0,65,220,220,220,0,1,0,114,220,0,0,94,0,0,220,27,0,0,0,0,100759,220,220,0,220,220,0,100,220,0,26
0,27,220,0,11469,220,0,220,220,220,0,94,0,28,0,220,0,0,2,220,0,0,28,0,28,220,330,1,220,100,220,1,27,220,220,0,0,220,0,220,0,28,220,220,220,0,1,0,28,220,0,0,94,0,0,220,28,0,0,0,0,100759,220,220,0,220,220,0,88,220,0,27
0,61,197,0,10393,220,0,60,220,220,0,85,0,50,0,220,0,0,0,220,0,0,61,0,50,203,500330,1,220,76,220,8,222,12,220,2,0,60,0,220,0,227,0,220,220,0,8,0,221,203,1,0,12,0,5,220,104,0,0,0,0,100761,220,220,1,220,0,0,98,12,1,106
0,30,207,0,10394,2,0,68,219,219,0,98,0,30,0,132,0,0,1,132,0,0,30,0,30,61,500330,1,2,76,219,8,30,61,132,2,0,68,0,132,0,30,207,219,2,0,8,0,30,61,1,0,98,0,5,132,30,0,0,0,0,100761,2,219,1,2,207,0,100,68,1,30
0,210,2,0,10395,54,0,132,66,66,0,100,0,203,0,67,0,0,2,67,0,0,213,0,7,219,500330,1,54,87,66,8,10,219,67,2,0,132,0,67,0,213,2,66,54,0,8,0,7,219,0,0,100,0,9,67,203,0,0,0,0,100761,54,66,1,54,2,0,96,132,1,205
0,231,220,0,1241,225,0,220,220,220,0,59,0,231,7,0,0,0,0,220,0,0,25,0,231,220,50,41,12,76,0,17,231,220,220,2,0,220,0,0,0,231,220,0,220,0,17,0,25,220,0,0,24,0,0,12,25,0,0,0,0,100805,225,12,1,220,220,0,86,220,1,231
0,30,220,0,1242,225,0,220,220,220,0,88,0,32,0,0,0,0,1,220,0,0,83,0,32,220,50,41,225,76,0,17,30,220,220,1,0,220,0,0,0,32,220,0,220,0,17,0,83,220,0,0,6,0,0,0,83,0,0,0,0,100805,225,0,1,220,220,0,91,220,1,30
0,196,12,0,4743,220,0,220,12,12,0,95,0,30,7,220,0,0,2,12,0,0,201,0,56,220,50,41,220,76,220,17,56,12,12,0,0,12,0,220,0,201,12,220,12,0,17,0,56,12,0,0,95,0,0,220,30,0,0,0,0,100805,220,220,1,12,220,0,98,12,1,30
0,231,172,0,1243,172,0,12,12,44,0,74,0,231,9,29,0,0,0,29,0,0,10,0,231,12,54,138,172,76,44,267,231,44,12,2,0,12,0,29,1,231,12,44,12,0,267,0,10,12,0,0,23,0,9,29,10,0,0,0,0,100852,172,44,1,172,12,0,84,29,1,231
0,231,109,0,1244,109,0,12,62,43,0,83,0,231,7,10,0,0,1,10,0,0,112,0,231,12,54,138,109,76,43,267,231,43,10,2,0,10,0,10,1,231,165,43,165,0,267,0,38,62,0,0,11,0,9,10,13,0,0,0,0,100852,109,43,1,109,12,0,88,10,1,231
0,186,220,0,11446,220,0,220,47,220,0,86,0,73,5,220,0,0,2,220,0,0,224,0,38,220,54,138,220,76,220,267,37,220,77,0,0,220,0,220,1,189,220,220,193,0,267,0,55,220,0,0,9,0,9,220,116,0,0,0,0,100852,220,220,1,220,220,0,93,220,1,71
0,230,23,0,6682,23,0,50,220,99,3,81,0,231,11,50,0,0,0,50,0,0,14,0,232,99,54,138,23,76,99,267,230,99,220,1,0,50,0,50,1,231,23,99,220,0,267,0,103,99,0,0,16,0,11,50,59,0,0,0,0,100888,23,99,1,23,23,0,94,50,1,230
0,72,12,0,6683,231,0,12,38,191,3,97,0,20,0,214,0,0,1,214,0,0,61,0,28,12,54,138,231,76,191,267,32,12,26,2,0,12,0,214,1,61,12,191,98,0,267,0,28,12,0,0,97,0,11,214,20,0,0,0,0,100888,231,191,1,231,12,0,99,12,1,21
0,244,12,0,6684,12,0,12,15,12,3,92,0,199,0,12,0,0,2,12,0,0,245,0,1,12,54,138,12,76,12,267,1,12,217,0,0,12,0,12,1,245,12,12,230,0,267,0,1,12,0,0,92,0,11,12,199,0,0,0,0,100888,12,12,1,12,12,0,99,12,1,199
68,44,220,0,6607,42,0,220,220,70,0,76,0,106,7,45,0,0,0,125,0,0,231,0,50,220,0,1,220,100,63,2,69,70,220,2,0,220,0,45,0,217,220,63,220,0,2,0,231,220,0,0,12,0,0,125,231,0,0,0,0,101014,42,70,1,220,220,0,86,125,1,50
68,217,45,0,6608,255,0,220,220,68,0,86,0,47,7,88,0,0,1,51,0,0,217,0,72,220,0,1,45,100,10,2,50,68,220,2,0,220,0,88,0,37,220,10,220,0,2,0,49,220,0,0,13,0,0,51,105,0,0,0,0,101014,255,68,1,45,220,0,75,51,1,106
68,230,12,0,6609,12,0,220,220,12,0,91,0,222,0,12,0,0,2,12,0,0,16,0,80,220,0,1,12,100,12,2,79,12,220,2,0,220,0,12,0,230,220,12,220,0,2,0,15,220,0,0,7,0,0,12,16,0,0,0,0,101014,12,12,1,12,220,0,90,12,1,222
68,29,207,0,6200,207,0,157,9,9,0,79,0,31,0,157,0,0,0,157,0,0,202,0,36,9,0,1,207,100,9,1,29,9,157,0,0,157,0,157,0,178,207,9,207,0,1,0,46,9,0,0,19,0,11,157,186,0,0,0,0,101020,207,9,1,207,207,0,100,157,1,29
68,29,176,0,6201,176,0,135,56,56,0,96,0,30,7,135,0,0,1,135,0,0,30,0,30,56,0,1,176,100,56,1,29,56,135,0,0,135,0,135,0,30,176,56,176,0,1,0,30,56,0,0,96,0,11,135,30,0,0,0,0,101020,176,56,1,176,176,0,100,135,1,29
68,125,220,0,6202,220,0,220,220,220,0,85,0,88,0,220,0,0,2,220,0,0,125,0,191,220,0,1,220,76,220,1,143,220,220,0,0,220,0,220,0,177,220,220,220,0,1,0,143,220,0,0,14,0,1,220,7,0,0,0,0,101020,220,220,1,220,220,0,100,220,1,7
68,29,220,0,6206,220,0,220,220,220,0,71,0,20,0,220,0,0,0,220,0,0,30,0,20,220,0,1,220,100,220,2,29,220,220,0,0,220,0,220,0,158,220,220,220,0,2,0,30,220,0,0,25,0,5,220,30,0,0,0,0,101025,220,220,1,220,220,0,88,220,1,29
68,231,12,0,6207,12,0,12,12,12,0,84,0,231,0,12,0,0,1,12,0,0,158,0,231,12,0,1,12,100,12,2,231,12,12,0,0,12,0,12,0,231,12,12,12,0,2,0,19,12,0,0,6,0,5,12,19,0,1,0,0,101025,12,12,1,12,12,0,88,12,1,231
68,45,220,0,6208,220,0,220,220,220,0,94,0,101,0,220,0,0,2,220,0,0,46,0,173,220,0,1,220,100,220,2,172,220,220,0,0,220,0,220,0,46,220,220,220,0,2,0,173,220,0,0,94,0,0,220,101,0,0,0,0,101025,220,220,1,220,220,0,88,220,1,101
68,231,191,0,8547,246,0,220,11,0,0,76,0,32,0,220,0,0,0,0,0,0,230,0,39,11,0,1,191,84,11,232,231,0,220,0,0,220,0,220,0,206,246,11,246,0,232,0,22,11,1,1,21,0,8,0,207,0,0,0,0,101026,246,0,1,191,246,0,96,0,1,231
68,120,220,0,8548,220,0,220,220,220,0,93,0,27,7,220,0,0,1,220,0,0,116,0,41,220,0,1,220,84,220,232,42,220,220,0,0,220,0,220,0,116,220,220,220,0,232,0,41,220,1,1,93,0,8,220,27,0,0,0,0,101026,220,220,1,220,220,0,89,220,1,28
68,205,12,0,8549,12,0,12,12,12,0,72,0,246,0,12,0,0,2,12,0,0,32,0,90,12,0,1,12,76,12,7,90,12,12,0,0,12,0,12,0,205,12,12,12,0,232,0,32,12,0,0,23,0,0,12,33,0,0,0,0,101026,12,12,1,12,12,0,91,12,1,247
68,29,220,0,3743,220,0,220,220,220,0,83,0,30,0,220,0,0,0,220,0,0,44,0,30,220,0,1,220,76,220,1,29,220,220,0,0,220,0,220,0,29,220,220,220,0,1,0,133,220,0,0,16,0,9,220,133,0,1,0,0,101032,220,220,1,220,220,0,97,220,1,29
68,29,218,0,3744,12,0,12,12,69,0,88,0,185,0,12,0,0,1,182,0,0,30,0,166,12,0,1,218,76,12,1,29,69,12,0,0,12,0,12,0,195,12,12,12,0,1,0,30,12,0,0,11,0,9,182,30,0,0,0,0,101032,12,69,1,218,12,0,98,182,1,29
68,198,12,0,17263,12,0,12,12,12,0,76,0,141,0,12,0,0,2,12,0,0,160,0,197,12,0,1,12,76,12,1,200,12,12,0,0,12,0,12,0,195,12,12,12,0,1,0,163,12,0,0,23,0,9,12,96,0,0,0,0,101032,12,12,1,12,12,0,94,12,1,146
68,14,220,0,1261,43,0,12,65,65,0,52,0,231,11,97,0,0,0,97,0,0,15,0,231,12,0,1,43,100,65,8,90,220,97,2,0,12,0,97,0,231,12,65,43,0,8,0,90,12,0,0,39,0,0,97,120,0,0,0,0,101033,43,65,1,43,12,0,98,220,1,120
68,230,12,0,1262,43,0,12,65,65,0,89,0,231,7,97,0,0,1,97,0,0,23,0,231,12,0,1,43,100,65,8,230,12,97,2,0,12,0,97,0,231,12,65,43,0,8,0,88,12,0,0,9,0,0,97,116,0,0,0,0,101033,43,65,1,43,12,0,98,12,1,230
68,240,12,0,6209,12,0,12,12,12,0,91,0,229,0,12,0,0,2,12,0,0,30,0,22,12,0,1,12,76,12,8,21,12,12,0,0,12,0,12,0,240,12,12,12,0,8,0,31,12,0,0,7,0,0,12,31,0,0,0,0,101033,12,12,1,12,12,0,90,12,1,229
68,60,220,0,1265,220,0,220,220,220,0,89,0,99,0,220,0,0,0,220,0,0,108,0,166,220,68,1,220,76,220,8,166,220,220,0,0,220,0,220,0,61,220,220,220,0,8,0,110,220,0,0,6,0,0,220,194,0,0,0,0,101037,220,220,1,220,220,0,99,220,1,98
68,231,1,0,1266,1,0,76,142,142,0,96,0,231,0,76,0,0,1,76,0,0,231,0,231,142,68,1,1,100,142,8,231,142,76,0,0,76,0,76,0,231,1,142,1,0,8,0,231,142,0,0,96,0,0,76,231,0,0,0,0,101037,1,142,1,1,1,0,99,76,1,231
68,184,220,0,6210,220,0,220,220,220,0,100,0,31,0,220,0,0,2,220,0,0,185,0,51,220,0,1,220,76,220,1,51,220,220,0,0,220,0,220,0,185,220,220,220,0,1,0,51,220,0,0,100,0,0,220,31,0,0,0,0,101037,220,220,1,220,220,0,100,220,1,31
0,231,24,0,9569,24,0,69,153,153,0,94,0,227,0,69,0,0,0,69,0,0,225,0,229,153,0,1,24,76,153,1,231,153,69,0,0,69,0,69,0,225,24,153,24,0,1,0,229,153,0,0,94,0,0,69,227,0,0,0,0,101047,24,153,1,24,24,3,99,69,1,231
0,33,220,0,9570,220,0,220,220,220,0,62,0,95,0,220,0,0,1,220,0,0,74,0,158,220,0,1,220,76,220,1,159,220,220,0,0,220,0,220,0,34,220,220,220,0,1,0,209,220,0,0,18,0,0,220,157,0,0,0,0,101047,220,220,1,220,220,3,99,220,1,96
0,30,220,0,9571,220,0,220,220,220,0,99,0,30,7,220,0,0,2,220,0,0,30,0,30,220,0,1,220,76,220,1,30,220,220,0,0,220,0,220,0,30,220,220,220,0,1,0,30,220,0,0,99,0,0,220,30,0,0,0,0,101047,220,220,1,220,220,3,99,220,1,30
0,244,12,0,5874,12,0,12,12,12,0,66,0,123,7,12,0,0,0,12,0,0,32,0,51,12,0,1,12,100,12,49,51,12,12,0,0,12,0,12,0,244,12,12,12,0,49,0,30,12,1,0,29,0,0,12,30,0,0,0,0,101059,12,12,1,12,12,0,91,12,1,123
0,69,244,0,5875,244,0,86,82,82,0,94,0,89,0,86,0,0,1,86,0,0,74,0,99,82,0,1,244,100,82,49,96,82,86,0,0,86,0,86,0,74,244,82,244,0,49,0,99,82,1,0,94,0,0,86,89,0,0,0,0,101059,244,82,1,244,244,0,100,86,1,86
0,136,220,0,5876,220,0,220,220,220,0,98,0,102,0,220,0,0,2,220,0,0,137,0,170,220,0,1,220,100,220,49,168,220,220,0,0,220,0,220,0,137,220,220,220,0,49,0,170,220,1,0,98,0,0,220,102,0,0,0,0,101059,220,220,1,220,220,0,99,220,1,103
0,29,220,0,5934,220,0,220,220,220,0,62,0,19,9,220,0,0,0,220,0,0,231,0,25,220,353,1,220,0,220,6,29,220,220,0,0,220,0,220,1,194,220,220,220,0,6,0,231,220,0,0,35,0,0,220,231,0,0,0,0,101083,220,220,1,220,220,0,100,220,1,29
0,231,106,0,5935,148,0,13,27,27,0,54,0,231,7,12,0,0,1,23,0,0,195,0,231,13,353,1,148,0,12,6,231,10,23,0,0,7,0,23,1,231,106,27,148,0,6,0,25,10,0,0,43,0,0,23,19,0,0,0,0,101083,12,27,1,148,13,0,88,7,1,231
0,28,220,0,5936,220,0,0,220,220,0,67,0,41,0,220,0,0,2,220,0,0,28,0,135,0,353,7,220,76,220,10,28,220,220,0,0,220,0,220,0,107,220,220,220,0,10,0,28,220,0,0,32,0,0,220,28,0,0,0,0,101083,220,220,1,220,0,0,91,220,1,28
0,13,220,0,6138,30,0,15,119,220,0,78,0,231,9,15,0,0,0,220,0,0,14,0,231,119,353,1,220,76,119,4,114,220,15,0,0,220,0,15,0,231,220,119,30,0,4,0,104,220,0,0,20,0,0,220,51,0,0,0,0,101084,30,220,1,220,30,0,96,220,1,55
0,231,28,0,6139,220,0,220,220,66,0,63,0,55,9,220,0,0,1,36,0,0,231,0,113,220,353,1,28,76,220,4,231,66,220,1,0,36,0,220,0,13,28,220,220,0,4,0,231,66,0,0,35,0,0,36,231,0,0,0,0,101084,220,66,1,28,220,0,96,36,1,231
0,141,22,0,6140,220,0,83,220,220,1,85,0,220,0,220,0,0,2,220,0,0,22,1,199,204,353,1,220,76,220,8,198,204,220,2,0,83,0,220,0,142,22,220,220,0,8,0,203,204,0,0,14,0,1,220,83,0,0,0,0,101084,220,220,1,220,22,0,91,83,1,220
0,231,50,0,4673,50,0,63,95,95,0,48,0,231,11,63,0,0,0,63,0,0,142,0,231,95,353,1,50,0,95,12,231,95,63,0,0,63,0,63,0,230,50,95,50,0,12,0,229,95,1,0,45,0,0,63,193,0,0,0,0,101085,50,95,1,50,50,2,86,63,1,231
0,32,220,0,4674,220,0,220,220,220,0,91,0,56,6,220,0,0,1,220,0,0,222,0,78,220,353,1,220,0,220,12,78,220,220,0,0,220,0,220,0,32,220,220,220,0,12,0,230,220,1,0,5,0,0,220,227,0,0,0,0,101085,220,220,1,220,220,2,97,220,1,56
0,55,220,0,5648,220,0,220,220,220,0,97,0,172,0,220,0,0,2,220,0,0,48,0,134,220,353,1,220,76,220,12,139,220,220,0,0,220,0,220,0,48,220,220,220,0,12,0,134,220,1,0,97,0,0,220,172,0,0,0,0,101085,220,220,1,220,220,0,99,220,1,178
0,231,220,0,5937,0,0,59,220,220,0,87,0,231,7,59,0,0,0,220,0,0,20,0,231,165,100353,7,0,76,165,94,231,220,220,0,0,220,0,59,0,231,220,165,220,0,94,0,200,220,0,0,11,0,0,59,85,0,0,0,0,101088,0,165,1,220,0,0,95,220,1,231
0,29,4,0,5938,220,0,220,182,182,0,86,0,65,7,220,0,0,1,74,0,0,231,0,134,220,100353,7,220,76,220,94,133,182,74,0,0,74,0,220,0,30,4,220,4,0,94,0,231,182,0,0,13,0,0,220,231,0,0,0,0,101088,220,220,1,4,220,0,94,74,1,64
0,239,226,0,5939,220,0,0,220,220,0,98,0,148,0,220,0,0,2,220,0,0,240,0,82,0,100353,1,220,76,220,94,81,39,220,2,0,128,0,220,0,240,226,220,220,0,94,0,82,39,0,0,98,0,0,220,148,0,0,0,0,101088,220,220,1,220,0,0,100,128,1,148
2168,24,220,0,5880,220,0,12,220,220,0,90,0,152,5,220,0,0,0,220,0,0,230,0,113,12,0,1,220,100,220,8,115,220,220,2,0,220,0,220,0,24,220,220,220,0,8,0,231,220,1,0,9,0,8,220,231,0,0,0,0,101097,220,220,1,220,12,0,99,220,1,154
2168,232,56,0,5881,56,0,156,93,93,0,90,0,229,5,156,0,0,1,156,0,0,23,0,229,93,0,1,56,100,93,8,232,93,156,0,0,156,0,156,0,229,56,93,56,0,8,0,110,93,1,0,8,0,8,156,148,0,0,0,0,101097,56,93,1,56,56,0,99,156,1,232
0,31,220,0,5882,12,0,12,12,220,0,87,0,99,0,12,0,0,2,220,0,0,29,0,27,12,0,1,220,76,12,94,30,220,12,0,0,12,0,12,0,254,12,12,12,0,94,0,29,12,0,0,12,0,1,220,29,0,0,0,0,101097,12,220,1,220,12,0,92,220,1,30
0,234,220,0,8050,220,0,220,220,220,0,90,0,3,7,220,0,0,0,220,0,0,242,0,27,220,0,2,220,100,220,6,29,220,220,0,0,220,0,220,0,229,220,220,220,0,6,0,242,220,1,0,6,0,8,220,242,0,0,0,0,101099,220,220,1,220,220,0,98,220,1,4
0,254,180,0,8051,180,0,28,23,23,0,82,0,254,7,28,0,0,1,28,0,0,136,0,254,23,0,2,180,100,23,6,254,23,28,0,0,28,0,28,0,254,180,23,180,0,6,0,31,23,1,0,15,0,8,28,9,0,0,0,0,101099,180,23,1,180,180,0,88,28,1,254
0,30,220,0,8052,220,0,220,220,220,0,84,0,30,0,220,0,0,2,220,0,0,194,0,30,220,0,2,220,76,220,21,28,220,220,0,0,220,0,220,0,30,220,220,220,0,21,0,0,220,0,0,14,0,0,220,0,0,0,0,0,101099,220,220,1,220,220,0,93,220,1,28
0,33,220,0,5769,220,0,12,220,220,0,75,0,103,26,220,0,0,0,220,0,0,231,0,55,12,0,1,220,0,220,41,54,220,220,2,0,220,0,220,0,34,220,220,220,0,41,0,231,220,1,1,18,0,8,220,231,0,0,0,0,101100,220,220,1,220,12,0,97,220,1,102
0,229,2,0,5770,2,0,72,50,50,0,80,0,231,0,72,0,0,1,72,0,0,2,0,231,50,0,1,2,0,50,41,229,50,72,0,0,72,0,72,0,231,2,50,2,0,41,0,80,50,1,1,14,0,8,72,127,0,0,0,0,101100,2,50,1,2,2,0,89,72,1,229
0,229,12,0,5771,12,0,12,12,12,0,86,0,209,0,12,0,0,2,12,0,0,233,0,65,12,0,1,12,0,12,41,58,12,12,0,0,12,0,12,0,231,12,12,12,0,41,0,226,12,1,0,10,0,9,12,231,0,0,0,0,101100,12,12,1,12,12,0,97,12,1,207
2168,31,220,0,5805,22,0,51,81,220,0,62,0,231,7,51,0,0,0,220,0,0,154,0,231,81,0,33,220,76,81,194,63,220,51,0,0,51,0,51,0,231,22,81,22,0,194,0,27,81,1,0,25,0,0,220,20,0,0,0,0,101101,22,220,1,220,22,0,97,220,1,35
2168,81,220,0,5806,220,0,220,220,220,0,64,0,79,7,220,0,0,1,220,0,0,230,0,88,220,0,33,220,76,220,194,89,220,220,0,0,220,0,220,0,76,220,220,220,0,194,0,231,220,1,0,25,0,0,220,231,0,0,0,0,101101,220,220,1,220,220,0,97,220,1,81
0,110,220,0,5807,220,0,220,220,220,0,91,0,43,0,220,0,0,2,220,0,0,111,1,132,220,0,1,220,76,220,1,131,220,220,0,0,220,0,220,0,111,220,220,220,0,1,0,132,220,0,0,91,0,0,220,43,0,0,0,0,101101,220,220,1,220,220,0,91,220,1,42
0,25,220,0,5796,220,0,220,220,220,0,69,0,5,7,220,0,0,0,220,0,0,25,0,34,220,0,1,220,76,220,94,66,220,220,0,0,220,0,220,0,170,220,220,220,0,94,0,66,220,1,0,21,0,7,220,28,0,0,0,0,101103,220,220,1,220,220,0,87,220,1,28
0,30,220,0,5797,220,0,220,220,220,0,90,0,30,7,220,0,0,1,220,0,0,230,0,60,220,0,1,220,76,220,94,30,220,220,0,0,220,0,220,0,21,220,220,220,0,94,0,230,220,1,0,9,0,0,220,230,0,0,0,0,101103,220,220,1,220,220,0,97,220,1,30
0,254,220,0,5798,220,0,220,220,220,0,100,0,100,0,220,0,0,2,220,0,0,254,0,28,220,0,1,220,76,220,94,27,220,220,0,0,220,0,220,0,254,220,220,220,0,94,0,28,220,0,0,100,0,1,220,100,0,0,0,0,101103,220,220,1,220,220,0,100,220,1,100
0,231,220,0,5799,220,0,220,38,220,0,80,0,35,8,220,0,0,0,220,0,0,232,0,39,220,0,1,196,76,220,94,231,220,38,0,0,38,0,220,0,243,196,220,196,0,94,0,231,38,1,0,18,0,5,38,231,0,0,0,0,101104,220,38,1,220,220,0,95,220,1,231
0,244,223,0,5800,223,0,58,220,37,0,66,0,230,7,58,0,0,1,58,0,0,242,0,230,37,0,1,220,76,37,94,38,37,220,0,0,220,0,58,0,230,220,37,220,0,94,0,38,220,1,0,31,0,4,220,33,0,0,0,0,101104,223,220,1,223,223,0,95,58,1,34
0,43,43,0,5801,220,0,220,101,101,0,100,0,39,0,220,0,0,2,39,0,0,43,0,102,220,0,1,220,76,220,94,102,101,39,0,0,39,0,220,0,43,43,220,43,0,94,0,102,101,0,0,100,0,0,220,39,0,0,0,0,101104,220,220,1,43,220,0,100,39,1,39
0,4,220,0,5775,220,0,220,220,220,0,91,0,85,0,220,0,0,0,220,0,0,229,0,172,220,0,1,220,100,220,10,171,220,220,0,0,220,0,220,0,4,220,220,220,0,10,0,229,220,1,0,8,0,0,220,229,0,0,0,0,101105,220,220,1,220,220,0,97,220,1,84
0,237,27,0,5776,27,0,41,75,75,0,90,0,211,7,41,0,0,1,41,0,0,31,0,226,75,0,1,27,100,75,10,221,75,41,0,0,41,0,41,0,239,27,75,27,0,10,0,66,75,1,0,8,0,0,41,37,0,0,0,0,101105,27,75,1,27,27,0,97,41,1,206
0,11,220,0,5777,220,0,220,220,220,0,100,0,11,0,220,0,0,2,220,0,0,11,0,11,220,0,1,220,76,220,1,11,220,220,0,0,220,0,220,0,11,220,220,220,0,1,0,11,220,0,0,100,0,1,220,11,0,0,0,0,101105,220,220,1,220,220,0,100,220,1,11
0,230,12,0,5811,12,0,12,12,12,0,86,0,229,0,12,0,0,0,12,0,0,31,0,229,12,0,1,12,76,12,12,230,12,12,0,0,12,0,12,0,229,12,12,12,0,12,0,30,12,1,0,6,0,0,12,30,0,0,0,0,101106,12,12,1,12,12,2,92,12,1,230
0,44,220,0,5812,220,0,220,220,220,0,90,0,44,0,220,0,0,1,220,0,0,44,0,44,220,0,1,220,76,220,1,44,220,220,0,0,220,0,220,0,44,220,220,220,0,1,0,44,220,1,0,90,0,0,220,44,0,0,0,0,101106,220,220,1,220,220,0,100,220,1,44
0,176,12,0,5813,220,0,220,220,220,0,92,0,120,0,220,0,0,2,220,0,0,79,0,232,220,0,1,220,76,220,12,231,12,220,0,0,12,0,220,0,177,12,220,220,0,12,0,140,12,0,0,7,0,0,220,14,0,0,0,0,101106,220,220,1,220,220,0,93,12,1,120
0,230,179,0,10900,179,0,12,93,93,0,86,0,230,7,12,0,0,0,157,0,0,31,0,230,12,0,1,179,76,12,7,230,93,157,0,0,157,0,157,0,230,179,93,179,0,7,0,31,93,1,0,7,0,8,157,31,0,0,0,0,101108,12,93,1,179,12,0,97,157,0,230
0,30,186,0,10901,186,0,186,112,112,0,97,0,41,7,186,0,0,1,186,0,0,41,0,41,112,0,1,186,76,112,7,30,112,186,0,0,186,0,186,0,41,186,112,186,0,7,0,41,112,1,0,97,0,8,186,41,0,0,0,0,101108,186,112,1,186,186,0,99,186,0,30
0,0,220,0,10902,220,0,220,220,220,0,96,0,113,0,220,0,0,2,220,0,0,0,0,78,220,0,1,220,76,220,1,78,220,220,0,0,220,0,220,0,0,220,220,220,0,1,0,78,220,0,0,96,0,0,220,113,0,0,0,0,101108,220,220,1,220,220,0,94,220,1,113
0,29,241,0,10909,241,0,183,7,7,0,75,0,30,0,183,0,0,0,183,0,0,231,0,29,7,0,1,241,76,7,62,29,7,183,0,0,183,0,183,0,30,241,7,241,0,62,0,40,7,0,0,23,0,0,183,186,0,0,0,0,101110,241,7,1,241,241,0,90,183,0,29
0,25,227,0,10910,227,0,176,123,123,0,95,0,28,7,176,0,0,1,176,0,0,28,0,28,123,0,1,227,76,123,1,25,123,176,0,0,176,0,176,0,28,227,123,227,0,1,0,28,123,0,0,95,0,0,176,28,0,0,0,0,101110,227,123,1,227,227,0,100,176,1,25
0,88,220,0,10911,220,0,220,220,220,0,100,0,167,0,220,0,0,2,220,0,0,94,0,103,220,0,1,220,76,220,1,97,220,220,0,0,220,0,220,0,94,220,220,220,0,1,0,103,220,0,0,100,0,0,220,167,0,0,0,0,101110,220,220,1,220,220,0,95,220,1,154
39,37,220,0,4423,18,0,27,77,220,0,69,0,229,0,27,-1,0,0,220,0,0,38,0,229,77,0,96,220,100,77,182,59,220,26,0,0,26,0,27,0,229,29,77,29,0,182,0,60,77,0,1,19,0,9,220,43,0,0,0,0,101112,18,220,1,220,18,0,100,220,1,42
39,43,220,0,4424,220,0,12,220,220,0,93,0,45,0,220,0,0,1,220,0,0,41,0,64,12,0,96,220,100,220,182,67,220,220,0,0,220,0,220,0,41,220,220,220,0,182,0,64,220,0,1,93,0,0,220,45,0,0,0,0,101112,220,220,1,220,12,0,84,220,1,48
39,218,220,0,4581,220,0,220,220,220,0,86,0,112,0,220,0,0,2,220,0,0,245,0,83,220,0,96,220,100,220,182,73,220,220,0,0,220,0,220,0,230,220,220,220,0,182,0,125,220,0,1,7,0,0,220,157,0,0,0,0,101112,220,220,1,220,220,0,70,220,1,100
0,28,232,0,18245,232,0,215,38,38,1,86,0,56,7,215,0,0,0,215,0,0,200,0,144,38,0,1,232,78,38,1,140,38,215,0,0,215,0,215,0,24,232,38,232,0,1,0,80,38,0,0,7,0,1,215,199,0,0,0,1,105013,232,38,1,232,232,0,97,215,1,54
0,230,1,0,18246,1,0,52,135,135,1,92,0,229,7,52,0,0,1,52,0,0,29,0,229,135,0,1,1,78,135,1,230,135,52,0,0,52,0,52,0,229,1,135,1,0,1,0,143,135,0,0,7,0,1,52,55,0,0,0,1,105013,1,135,1,1,1,0,94,52,1,230
0,236,12,0,18247,12,0,12,12,12,1,95,0,208,7,12,0,0,2,12,0,0,231,0,54,12,0,1,12,78,12,1,47,12,12,0,0,12,0,12,0,231,12,12,12,0,1,0,54,12,0,0,95,0,1,12,208,0,0,0,1,105013,12,12,1,12,12,0,100,12,1,204
0,29,12,0,3444,12,0,12,33,12,0,91,0,84,7,12,0,0,0,12,0,0,31,0,58,12,0,167,239,78,12,307,28,12,64,0,0,64,0,12,0,226,239,12,239,0,307,0,30,33,0,0,8,0,10,64,30,0,0,0,1,105035,12,33,1,12,12,0,98,12,1,28
0,231,241,0,3442,12,0,12,67,67,0,89,0,229,7,12,0,0,1,91,0,0,233,0,229,12,0,167,12,79,12,307,56,67,91,0,0,91,0,12,0,230,241,12,241,0,307,0,56,67,0,0,7,0,10,12,84,0,0,0,1,105035,12,12,1,241,12,0,99,91,1,83
0,59,12,0,3443,220,0,220,12,12,0,66,0,133,0,220,0,0,2,12,0,0,81,0,104,220,0,167,220,78,220,307,113,12,12,0,0,12,0,220,0,17,12,220,12,0,307,0,124,12,0,0,27,0,10,220,170,0,0,0,1,105035,220,220,1,12,220,0,99,12,1,148
0,199,220,0,3761,12,0,12,220,220,0,89,0,231,8,12,0,0,0,220,0,0,201,0,230,12,53,138,220,100,12,267,21,220,220,0,0,12,0,12,1,231,12,12,220,0,267,0,22,12,0,0,7,0,0,220,12,0,0,0,0,110062,12,220,1,220,12,0,87,220,1,10
0,231,12,0,3760,12,0,12,220,12,0,94,0,185,0,12,0,0,1,12,0,0,30,0,5,12,53,138,12,100,12,267,5,12,220,0,0,12,0,12,1,231,12,12,220,0,267,0,29,12,0,0,5,0,0,12,30,0,0,0,0,110062,12,12,1,12,12,0,98,12,1,185
0,44,244,0,5649,244,0,166,220,74,0,79,0,119,0,166,0,0,2,166,0,0,245,0,85,74,53,138,244,100,74,267,88,74,220,0,0,12,0,166,1,36,12,74,220,0,267,0,64,12,0,0,10,0,0,166,137,0,0,0,0,110062,244,74,1,244,244,0,90,166,1,120
0,36,12,0,9491,220,0,12,12,220,0,99,0,35,0,220,0,0,3,220,0,0,37,0,49,12,53,138,220,100,220,267,49,12,12,2,0,12,0,220,1,37,12,220,12,0,267,0,49,12,0,0,99,0,0,220,35,0,0,0,0,110062,220,220,1,220,12,0,100,12,1,35
0,30,12,0,5238,220,0,12,12,220,0,85,0,33,0,220,0,0,0,220,0,0,30,0,44,12,54,138,220,76,220,267,30,12,12,2,0,12,0,220,1,118,12,220,12,0,267,0,30,12,0,0,13,0,9,220,30,0,0,0,0,110069,220,220,1,220,12,0,92,12,1,30
0,236,220,0,5239,12,0,220,220,12,0,82,0,254,0,12,0,0,1,12,0,0,30,0,83,220,54,138,12,76,12,267,83,220,220,2,0,220,0,12,1,236,220,12,220,0,267,0,30,220,0,0,13,0,0,12,30,0,0,0,0,110069,12,12,1,12,220,0,91,220,1,254
0,85,220,0,5650,220,0,12,12,220,0,66,0,84,0,220,0,0,2,220,0,0,45,0,88,12,54,138,220,76,220,267,89,220,12,2,0,12,0,220,1,84,12,220,12,0,267,0,47,12,0,0,28,0,0,220,45,0,0,0,0,110069,220,220,1,220,12,0,91,220,1,85
0,231,248,0,14860,248,0,23,27,27,0,70,0,231,0,23,0,0,0,23,0,0,198,0,231,27,330,33,248,84,27,194,231,27,23,0,0,23,0,23,0,231,248,27,248,0,194,0,18,27,1,0,16,0,0,23,3,0,0,0,0,110072,248,27,1,248,248,0,100,23,0,231
0,231,220,0,14861,220,0,220,220,220,0,97,0,2,7,220,0,0,1,220,0,0,203,0,28,220,330,1,220,76,220,1,231,220,220,0,0,220,0,220,0,203,220,220,220,0,1,0,28,220,1,0,97,0,9,220,2,0,1,0,0,110072,220,220,1,220,220,2,96,220,0,231
0,251,12,0,14862,12,0,12,12,12,1,85,0,208,0,12,0,0,2,12,0,0,29,1,226,12,330,1,12,76,12,1,226,12,12,0,0,12,0,12,0,251,12,12,12,0,1,0,29,12,0,0,14,0,1,12,29,0,1,0,0,110072,12,12,1,12,12,0,91,12,0,208
0,231,12,0,12357,220,0,220,220,12,0,84,0,80,19,220,0,0,0,12,0,0,229,0,158,220,330,1,12,76,220,1,231,12,220,0,0,220,0,220,0,3,220,220,220,0,1,0,230,220,1,0,12,0,8,12,230,0,0,0,0,110075,220,12,0,12,220,0,99,12,1,231
0,33,220,0,12358,30,0,67,122,220,0,64,0,229,0,67,0,0,1,220,0,0,186,0,230,122,330,1,220,76,122,1,124,220,67,0,0,67,0,67,0,229,30,122,30,0,1,0,205,122,1,0,34,0,8,220,196,0,1,0,0,110075,30,220,0,220,30,0,99,220,1,70
0,22,220,0,12359,220,0,220,220,220,0,100,0,98,0,220,0,0,2,220,0,0,22,0,54,220,330,1,220,76,220,1,54,220,220,0,0,220,0,220,0,22,220,220,220,0,1,0,54,220,0,0,100,0,0,220,98,0,1,0,0,110075,220,220,0,220,220,0,100,220,1,98
0,19,205,0,13181,43,0,220,196,75,0,63,0,207,0,99,0,0,0,211,0,0,20,0,93,220,330,1,205,84,196,2,190,75,99,2,0,220,0,99,0,234,220,196,43,0,2,0,188,220,1,0,35,0,0,211,76,0,1,0,0,110078,43,75,1,205,220,0,93,211,1,78
0,13,220,0,13182,254,0,220,58,58,0,86,0,53,19,238,0,0,1,238,0,0,229,0,130,220,330,1,254,84,58,2,133,220,238,2,0,220,0,238,0,12,220,58,254,0,2,0,32,220,1,0,11,0,0,238,219,0,0,0,0,110078,254,58,1,254,220,0,94,220,1,54
0,152,220,0,13183,12,0,220,12,12,0,100,0,245,0,12,0,0,2,12,0,0,153,0,234,220,330,1,12,76,12,2,233,220,12,2,0,220,0,12,0,153,220,12,12,0,2,0,234,220,0,0,100,0,0,12,245,0,1,0,0,110078,12,12,1,12,220,0,100,220,1,244
0,49,44,0,1715,220,0,220,220,220,0,96,0,101,7,220,0,0,0,220,0,0,50,0,94,220,0,161,220,78,220,301,91,104,220,0,0,111,0,220,0,50,44,220,220,0,301,0,94,104,0,0,96,0,0,220,101,0,0,0,1,110081,220,220,1,220,220,0,87,111,1,101
0,52,43,0,1716,43,0,81,220,72,0,80,0,250,7,81,0,0,1,81,0,0,191,0,244,72,0,160,220,79,72,300,85,72,220,0,0,220,0,81,0,250,220,72,220,0,300,0,185,220,0,0,14,0,8,220,201,0,0,0,1,110081,43,220,1,43,43,0,95,81,1,96
0,61,103,0,1717,220,0,220,220,220,0,84,0,130,0,220,0,0,2,220,0,0,3,0,187,220,0,161,220,78,220,301,183,243,220,0,0,164,0,220,0,82,103,220,220,0,301,0,200,243,0,0,6,0,0,220,140,0,0,0,1,110081,220,220,1,220,220,0,74,164,1,125
353,18,220,0,5940,220,0,220,220,220,0,82,0,30,7,220,0,0,0,220,0,0,146,0,45,220,353,143,220,0,220,275,49,220,220,0,0,220,0,220,0,182,220,220,220,0,275,0,32,220,1,0,8,0,0,220,0,0,0,0,0,110093,220,220,1,220,220,0,98,220,1,0
353,230,0,0,5941,0,0,0,47,47,0,68,0,225,7,0,0,0,1,0,0,0,19,0,225,47,353,143,0,0,47,275,230,47,0,0,0,0,0,0,0,225,0,47,0,0,275,0,50,47,1,0,18,0,0,0,0,0,0,0,0,110093,0,47,1,0,0,0,98,0,1,230
353,31,220,0,5942,220,0,220,220,220,0,68,0,30,19,220,0,0,2,220,0,0,120,0,30,220,353,143,220,76,220,275,32,220,220,0,0,220,0,220,0,30,220,220,220,0,275,0,144,220,1,0,21,0,0,220,134,0,0,0,0,110093,220,220,1,220,220,0,58,220,1,32
0,231,12,0,14838,12,0,12,12,12,0,92,0,230,19,12,0,0,0,12,0,0,25,0,230,12,2076,7,12,100,12,6,231,12,12,0,0,12,0,12,0,230,12,12,12,0,6,0,25,12,0,0,5,0,0,12,25,0,0,0,0,110176,12,12,1,12,12,0,99,12,1,231
0,31,220,0,14839,220,0,220,220,220,0,88,0,78,11,220,0,0,1,220,0,0,228,0,78,220,2076,7,220,100,220,6,31,220,220,0,0,220,0,220,0,79,220,220,220,0,6,0,229,220,0,0,8,0,0,220,229,0,0,0,0,110176,220,220,1,220,220,0,99,220,1,31
0,36,220,0,14840,220,0,220,220,220,0,100,0,150,0,220,0,0,2,220,0,0,36,0,65,220,2076,1,220,76,220,1,65,220,220,0,0,220,0,220,0,36,220,220,220,0,1,0,65,220,0,0,100,0,0,220,150,0,0,0,0,110176,220,220,1,220,220,0,99,220,1,149
0,7,239,0,16132,42,0,72,59,73,0,92,0,206,0,72,0,0,0,203,0,0,7,0,10,59,66,52,239,100,59,102,42,73,72,0,0,72,0,72,0,254,42,59,42,0,102,0,49,59,1,0,7,0,0,203,65,0,0,0,0,110206,42,73,1,239,42,0,99,203,1,57
0,29,239,0,16133,239,0,203,73,73,0,88,0,32,8,203,0,0,1,203,0,0,254,0,32,73,66,52,239,100,73,102,29,73,203,0,0,203,0,203,0,32,239,73,239,0,102,0,0,73,1,0,10,0,0,203,205,0,0,0,0,110206,239,73,1,239,239,0,99,203,1,29
0,4,5,0,16134,42,0,54,192,192,1,100,0,230,0,54,0,0,2,229,0,0,4,0,192,66,66,52,42,76,66,102,191,192,229,0,0,229,0,54,0,4,5,66,5,0,102,0,192,192,0,0,100,0,1,54,230,0,0,0,0,110206,42,66,1,5,42,0,100,229,1,229
0,207,12,0,1269,12,0,220,220,12,2,49,0,19,8,12,0,0,0,12,0,0,231,0,45,220,61,49,220,14,12,89,44,12,220,2,0,220,0,12,0,207,220,12,220,0,23,0,231,220,0,0,47,0,0,220,230,0,1,0,0,110313,12,220,1,12,220,0,98,12,1,18
0,1,12,0,1270,220,0,220,52,12,0,63,0,64,11,220,0,0,1,12,0,0,2,0,140,220,61,49,220,14,220,89,176,12,57,0,0,12,0,220,0,35,12,220,238,0,23,0,177,12,0,0,26,0,0,220,101,0,0,0,0,110313,220,220,1,12,220,0,88,12,1,100
0,139,12,0,5658,220,0,12,12,12,1,85,0,223,0,220,0,0,2,12,0,0,29,1,91,12,61,49,220,14,220,89,90,12,12,2,0,12,0,220,0,140,12,220,12,0,23,0,29,12,0,0,14,0,1,220,29,0,0,0,0,110313,220,220,1,12,12,0,91,12,1,223
0,248,42,0,11288,42,0,50,0,72,0,77,0,207,9,50,0,0,0,50,0,0,41,0,0,72,17,19,42,87,72,201,0,72,208,0,0,208,0,50,0,245,247,72,247,0,201,0,73,0,0,0,18,0,0,50,50,0,0,0,0,110321,42,72,1,42,42,0,83,50,1,209
0,41,205,0,11289,198,0,178,72,95,0,94,0,50,9,178,0,0,1,174,0,0,198,0,74,114,17,19,205,87,114,201,73,95,50,0,0,50,0,178,0,41,42,114,42,0,201,0,114,72,0,0,5,0,0,174,177,0,0,0,0,110321,198,95,1,205,198,0,93,174,1,50
0,163,12,0,11290,220,0,12,12,220,0,30,0,235,0,220,0,0,2,220,0,0,246,0,124,12,17,19,220,87,220,201,153,12,12,2,0,12,0,220,0,226,12,220,12,0,201,0,187,12,0,0,25,0,0,220,145,0,0,0,0,110321,220,220,1,220,12,0,94,12,1,183
0,59,220,0,3369,220,0,220,220,220,0,71,0,41,0,220,0,0,0,220,0,0,242,0,33,220,19,12,220,100,220,5,33,220,220,0,0,220,0,220,0,60,220,220,220,0,5,0,242,220,1,0,27,0,0,220,242,0,0,0,0,110329,220,220,1,220,220,0,100,220,1,41
0,229,88,0,3368,88,0,67,59,59,0,91,0,231,8,67,0,0,1,67,0,0,62,0,231,59,19,12,88,100,59,5,229,59,67,0,0,67,0,67,0,231,88,59,88,0,5,0,34,59,1,0,5,0,0,67,43,0,0,0,0,110329,88,59,1,88,88,0,100,67,1,229
0,129,220,0,4355,220,0,220,220,220,0,70,0,112,0,220,0,0,2,220,0,0,97,0,193,220,19,12,220,100,220,5,192,220,220,0,0,220,0,220,0,128,220,220,220,0,5,0,153,220,1,0,27,0,0,220,77,0,0,0,0,110329,220,220,1,220,220,0,59,220,1,112
0,29,220,0,6719,220,0,220,220,220,0,95,0,30,0,220,0,0,3,220,0,0,31,0,31,220,19,12,220,100,220,5,29,220,220,0,0,220,0,220,0,31,220,220,220,0,5,0,31,220,1,0,95,0,0,220,30,0,0,0,0,110329,220,220,1,220,220,0,100,220,1,29
0,29,220,0,17573,220,0,220,220,220,0,88,0,54,0,220,0,0,4,220,0,0,83,0,58,220,0,12,220,0,220,5,29,220,220,0,0,220,0,220,0,56,220,220,220,0,5,0,197,220,0,0,7,0,0,220,191,1,0,0,0,110329,220,220,1,220,220,0,100,220,1,29
0,88,220,0,1735,220,0,220,121,220,0,74,0,49,0,220,0,0,0,220,0,0,228,0,122,220,31,22,220,31,220,213,124,220,55,0,0,55,0,220,0,88,90,220,90,0,207,0,228,121,1,1,23,0,0,220,228,0,0,0,0,110374,220,220,1,220,220,0,70,220,1,47
0,231,90,0,1736,90,0,55,227,121,0,93,0,229,7,55,0,0,1,55,0,0,229,0,229,121,31,22,90,31,121,213,231,121,237,0,0,237,0,55,0,229,240,121,240,0,207,0,229,227,1,1,93,0,0,55,229,0,0,0,0,110374,90,121,1,90,90,0,97,55,1,231
0,74,220,0,1899,220,0,220,108,220,0,95,0,70,0,220,0,0,2,220,0,0,67,0,68,220,31,22,220,31,220,213,75,220,104,0,0,104,0,220,0,67,102,220,102,0,207,0,68,108,1,1,95,0,0,220,70,0,0,0,0,110374,220,220,1,220,220,0,97,220,1,78
0,9,170,0,3658,170,0,170,132,168,0,90,0,118,7,170,0,0,3,170,0,0,168,0,143,168,31,22,170,31,168,213,104,168,104,0,0,104,0,170,0,16,0,168,0,0,207,0,169,132,1,1,5,0,0,170,170,0,0,0,0,110374,170,168,1,170,170,0,83,170,1,83
0,75,220,0,5949,164,0,37,55,55,0,87,0,32,12,37,0,0,0,37,0,0,202,0,39,55,1014,1,164,87,55,7,40,220,37,0,0,220,0,37,0,73,220,55,164,0,7,0,104,220,0,0,12,0,8,37,91,0,0,0,0,110395,164,55,1,164,164,0,97,220,1,33
0,231,165,0,5950,97,0,12,37,37,0,85,0,226,0,12,0,0,1,25,0,0,63,0,226,12,1014,1,97,86,12,12,231,74,25,0,0,56,0,25,0,226,165,37,97,0,12,0,30,74,0,0,11,0,8,25,3,0,0,0,0,110395,12,37,1,97,12,0,96,56,1,231
0,116,116,0,5951,103,0,35,239,239,0,85,0,200,0,35,0,0,2,199,0,0,103,0,240,64,1014,1,103,76,64,6,239,239,199,0,0,199,0,35,0,117,116,64,116,0,94,0,64,239,0,0,14,0,0,35,35,0,0,0,0,110395,103,64,1,116,103,0,91,199,1,200
353,30,220,0,5952,220,0,220,220,220,0,53,0,27,19,220,0,0,0,220,0,0,196,0,27,220,353,1,220,76,220,6,30,220,220,0,0,220,0,220,0,27,220,220,220,0,6,0,43,220,1,0,44,0,0,220,42,0,0,0,0,110396,220,220,1,220,220,0,95,220,1,30
353,231,12,0,5953,12,0,12,12,12,0,87,0,228,7,12,0,0,1,12,0,0,24,0,228,12,353,1,12,76,12,6,231,12,12,0,0,12,0,12,0,228,12,12,12,0,6,0,24,12,1,0,10,0,0,12,24,0,0,0,0,110396,12,12,1,12,12,0,94,12,1,231
0,252,220,0,5954,220,0,220,220,220,0,100,0,91,0,220,0,0,2,220,0,0,254,0,105,220,353,1,220,76,220,6,104,220,220,0,0,220,0,220,0,254,220,220,220,0,6,0,105,220,0,0,100,0,0,220,91,0,0,0,0,110396,220,220,1,220,220,0,100,220,1,90
0,39,220,0,6674,220,0,220,220,220,2,57,0,119,0,220,0,0,0,220,0,0,231,0,81,220,353,1,220,76,220,2,79,220,220,0,0,220,0,220,0,42,220,220,220,0,2,0,231,220,0,0,40,0,0,220,231,0,0,0,0,110404,220,220,1,220,220,0,100,220,1,118
353,45,220,0,6675,220,0,220,220,220,2,84,0,134,7,220,0,0,1,220,0,0,229,0,80,220,353,1,220,76,220,2,79,220,220,0,0,220,0,220,0,46,220,220,220,0,2,0,229,220,0,0,8,0,0,220,230,0,0,0,0,110404,220,220,1,220,220,0,100,220,1,133
0,237,12,0,6676,12,0,12,12,12,0,85,0,84,0,12,0,0,2,12,0,0,29,0,31,12,353,1,12,76,12,1,31,12,12,0,0,12,0,12,0,238,12,12,12,0,1,0,29,12,0,0,14,0,1,12,29,0,0,0,0,110404,12,12,1,12,12,0,93,12,1,83
0,0,20,0,9566,220,0,220,220,220,0,49,0,31,11,220,0,0,0,220,0,0,14,0,38,220,0,13,220,76,220,94,167,165,220,0,0,63,0,220,0,192,20,220,220,0,94,0,152,165,0,0,39,0,0,220,91,0,0,0,0,110468,220,220,1,220,220,0,83,63,0,93
0,232,220,0,9567,12,0,12,12,12,0,73,0,242,7,12,0,0,1,12,0,0,193,0,242,12,0,13,12,76,12,94,232,220,12,0,0,220,0,12,0,242,220,12,12,0,94,0,217,220,0,0,10,0,0,12,203,0,0,0,0,110468,12,12,1,12,12,0,94,220,0,232
0,100,119,0,9568,12,0,12,12,12,0,98,0,194,7,12,0,0,2,12,0,0,108,0,111,12,0,13,12,76,12,94,105,121,12,0,0,196,0,12,0,108,119,12,12,0,94,0,111,121,0,0,98,0,0,12,194,0,0,0,0,110468,12,12,1,12,12,0,98,196,0,192
0,10,17,0,1901,17,0,81,143,143,0,90,0,199,0,81,0,0,0,81,0,0,18,0,10,143,20,1,212,100,143,1,135,143,81,0,0,81,0,81,0,243,17,143,17,0,1,0,152,143,0,1,7,0,0,193,90,0,0,0,0,110500,17,83,1,17,17,0,98,81,1,74
0,54,243,0,1900,243,0,197,0,0,0,95,0,75,0,197,0,0,1,197,0,0,50,0,126,0,20,1,243,100,0,1,140,0,197,0,0,12,0,197,0,50,12,0,243,0,1,0,126,12,0,1,95,0,0,197,75,0,0,0,0,110500,243,0,1,243,243,0,98,197,1,84
0,41,220,0,5279,220,0,220,220,220,0,95,0,41,19,220,0,0,2,220,0,0,42,0,44,220,20,1,220,0,220,1,43,220,220,0,0,220,0,220,0,42,220,220,220,0,1,0,44,220,0,1,95,0,0,220,41,0,0,0,0,110500,220,220,1,220,220,0,100,220,1,40
0,231,12,0,11409,12,0,12,12,12,0,94,0,220,0,12,0,0,0,12,0,0,221,0,220,12,2076,1,12,76,12,5,231,12,12,0,0,12,0,12,0,221,12,12,12,0,5,0,220,12,0,0,94,0,8,12,220,0,0,0,0,110501,12,12,1,12,12,0,100,12,1,231
0,29,220,0,11410,220,0,220,220,220,0,94,0,30,0,220,0,0,1,220,0,0,30,0,30,220,2076,1,220,76,220,5,29,220,220,0,0,220,0,220,0,30,220,220,220,0,5,0,30,220,0,0,94,0,10,220,30,0,0,0,0,110501,220,220,1,220,220,0,96,220,1,29
0,229,12,0,11411,12,0,12,12,12,1,100,0,173,0,12,0,0,2,12,0,0,231,1,43,12,2076,8,12,84,12,49,44,12,12,0,0,12,0,12,0,231,12,12,12,0,49,0,43,12,0,0,100,0,9,12,173,0,0,0,0,110501,12,12,1,12,12,0,91,12,1,187
0,230,12,0,6576,220,0,220,220,12,0,85,0,93,11,220,0,0,0,12,0,0,28,0,170,220,20,4,27,100,220,4,230,12,220,0,0,220,0,220,0,10,220,220,220,0,4,0,90,220,0,0,13,0,0,45,40,0,0,0,0,110502,220,92,1,12,220,0,100,12,1,230
0,27,220,0,6577,34,0,37,88,220,0,82,0,231,7,37,0,0,1,220,0,0,27,0,231,88,20,4,220,100,88,4,89,220,37,0,0,37,0,37,0,231,34,88,34,0,4,0,89,88,0,0,16,0,0,220,39,0,0,0,0,110502,34,220,1,220,34,0,100,220,1,40
0,86,220,0,6578,220,0,220,220,220,0,98,0,83,0,220,0,0,2,220,0,0,83,0,83,220,20,4,220,100,220,4,86,220,220,0,0,220,0,220,0,83,220,220,220,0,4,0,83,220,0,0,98,0,0,220,83,0,0,0,0,110502,220,220,1,220,220,0,100,220,1,86
0,30,220,0,10302,220,0,220,220,220,0,62,0,69,0,220,0,0,0,220,0,0,29,0,113,220,2076,1,220,76,220,1,30,220,220,0,0,220,0,220,0,9,220,220,220,0,1,0,31,220,0,0,37,0,8,220,30,0,0,0,0,110532,220,220,1,220,220,0,100,220,0,30
0,232,12,0,10303,12,0,12,12,12,0,67,0,231,7,12,0,0,1,12,0,0,13,0,231,12,2076,1,12,76,12,1,232,12,12,0,0,12,0,12,0,231,12,12,12,0,1,0,78,12,0,0,30,0,8,12,51,0,0,0,0,110532,12,12,1,12,12,0,98,12,0,232
0,26,220,0,10304,220,0,220,220,220,0,100,0,142,0,220,0,0,2,220,0,0,25,0,68,220,2076,1,220,76,220,1,68,220,220,0,0,220,0,220,0,25,220,220,220,0,1,0,68,220,0,0,100,0,0,220,142,0,0,0,0,110532,220,220,1,220,220,0,100,220,0,142
0,26,254,0,1278,254,0,220,220,0,0,50,0,35,7,200,0,0,0,200,0,0,139,0,49,220,31,22,254,31,0,213,50,0,220,2,0,220,0,200,0,22,220,0,220,0,207,0,24,220,1,0,45,0,0,200,22,0,0,0,0,110556,254,0,1,254,220,0,95,200,1,35
0,231,205,0,1279,205,0,158,110,51,0,85,0,231,0,46,0,0,1,46,0,0,156,0,231,110,31,22,205,31,51,213,231,51,158,2,0,158,0,46,0,231,173,51,173,0,207,0,17,110,1,0,10,0,0,46,19,0,0,0,0,110556,205,51,1,205,173,0,94,46,1,231
0,112,48,0,5295,48,0,46,51,94,0,86,0,174,0,72,0,0,2,72,0,0,82,0,204,51,31,22,48,31,94,213,205,94,46,2,0,46,0,72,0,110,205,94,205,0,207,0,167,51,1,0,12,0,0,72,137,0,0,0,0,110556,48,94,1,48,205,0,94,72,1,175
0,181,200,0,5747,200,0,72,94,200,0,99,0,35,6,200,0,0,3,200,0,0,26,0,50,94,31,22,200,31,200,213,23,200,72,2,0,72,0,200,0,26,48,200,48,0,207,0,50,94,1,0,99,0,0,200,35,0,0,0,0,110556,200,200,1,200,48,0,99,200,1,23
353,47,9,0,6135,220,0,39,220,220,0,50,0,64,7,220,0,0,0,220,0,0,244,0,126,171,353,1,220,76,220,7,147,171,220,2,0,39,0,220,0,39,9,220,220,0,7,0,4,171,1,0,47,0,0,220,198,0,0,0,0,110580,220,220,1,220,9,0,88,39,1,72
353,231,3,0,6136,3,0,217,145,145,0,70,0,231,7,77,0,0,1,77,0,0,5,0,231,0,353,1,3,76,145,7,231,145,77,2,0,217,0,77,0,231,238,145,3,0,7,0,103,0,1,0,19,0,0,77,52,0,0,0,0,110580,3,145,1,3,238,0,88,77,1,231
0,100,100,0,6137,220,0,6,220,220,0,85,0,82,0,220,0,0,2,220,0,0,99,2,150,114,353,1,220,76,220,7,114,114,220,2,0,6,0,220,0,141,100,220,220,0,7,0,113,114,0,0,14,0,1,220,5,0,1,0,0,110580,220,220,1,220,100,0,80,6,1,6
0,11,220,0,8490,220,0,12,220,220,0,92,0,72,7,220,0,0,0,220,0,0,220,0,155,12,20,1,220,100,220,12,156,220,220,0,0,220,0,220,0,8,220,220,220,0,12,0,220,220,0,0,7,0,0,220,220,0,0,0,0,110588,220,220,1,220,12,0,99,220,1,74
0,230,6,0,8491,6,0,12,156,156,0,97,0,228,7,84,0,0,1,84,0,0,229,0,215,12,20,1,6,100,156,12,216,156,84,0,0,84,0,84,0,229,6,156,6,0,12,0,215,156,0,0,97,0,0,84,228,0,0,0,0,110588,6,156,1,6,12,0,99,84,1,228
0,200,12,0,8492,12,0,12,12,12,0,98,0,197,0,12,0,0,2,12,0,0,200,0,40,12,20,1,12,100,12,12,40,12,12,0,0,12,0,12,0,200,12,12,12,0,12,0,40,12,0,0,98,0,0,12,197,0,0,0,0,110588,12,12,1,12,12,0,97,12,1,197
0,203,220,0,3954,220,0,220,63,220,0,92,0,54,0,220,0,0,0,220,0,0,203,0,57,220,20,102,220,100,220,122,57,220,46,0,0,46,0,220,0,203,135,220,135,0,122,0,57,63,0,1,92,0,5,220,54,0,0,0,0,110636,220,220,1,220,220,0,98,220,1,54
0,231,243,0,3953,243,0,81,220,53,0,85,0,237,7,81,0,0,1,81,0,0,253,0,237,53,20,102,243,100,53,122,231,53,220,0,0,220,0,81,0,237,220,53,220,0,122,0,5,220,0,1,6,0,5,81,79,0,0,0,0,110636,243,53,1,243,243,0,98,81,1,231
0,87,220,0,4748,220,0,220,230,220,0,52,0,190,0,220,0,0,2,220,0,0,26,0,229,220,20,102,220,100,220,122,231,220,180,0,0,180,0,220,0,119,87,220,87,0,122,0,221,230,0,0,40,0,0,220,152,0,0,0,0,110636,220,220,1,220,220,0,95,220,1,180
0,29,220,0,10299,220,0,220,220,220,0,80,0,31,0,220,0,0,0,220,0,0,210,0,32,220,2076,1,220,76,220,1,29,220,220,0,0,220,0,220,0,32,220,220,220,0,1,0,37,220,0,0,17,0,0,220,1,0,0,0,0,110645,220,220,1,220,220,0,100,220,1,29
0,231,12,0,10300,12,0,12,12,12,0,97,0,230,7,12,0,0,1,12,0,0,230,0,230,12,2076,1,12,76,12,1,231,12,12,0,0,12,0,12,0,230,12,12,12,0,1,0,230,12,0,0,97,0,0,12,230,0,0,0,0,110645,12,12,1,12,12,0,100,12,1,231
0,253,12,0,10301,12,0,12,12,12,0,100,0,210,0,12,0,0,2,12,0,0,254,0,0,12,2076,1,12,76,12,1,1,12,12,0,0,12,0,12,0,254,12,12,12,0,1,0,0,12,0,0,100,0,0,12,210,0,0,0,0,110645,12,12,1,12,12,0,100,12,0,209
0,231,226,0,12354,220,0,220,220,26,0,96,0,5,7,220,0,0,0,0,0,0,129,0,6,220,2076,1,226,76,220,1,231,26,220,0,0,220,0,220,0,129,220,220,220,0,1,0,6,220,0,0,96,0,8,0,5,0,0,0,0,110678,220,26,1,226,220,0,100,0,1,231
0,29,220,0,12355,220,0,220,220,220,0,96,0,30,7,220,0,0,1,220,0,0,30,0,30,220,2076,1,220,76,220,1,29,220,220,0,0,220,0,220,0,30,220,220,220,0,1,0,30,220,0,0,96,0,8,220,30,0,0,0,0,110678,220,220,1,220,220,0,100,220,1,29
0,225,12,0,12356,12,0,12,12,12,0,100,0,210,0,12,0,0,2,12,0,0,226,0,1,12,2076,1,12,76,12,1,1,12,12,0,0,12,0,12,0,226,12,12,12,0,1,0,1,12,0,0,100,0,0,12,210,0,0,0,0,110678,12,12,1,12,12,0,100,12,0,209
0,43,220,0,17468,220,0,220,220,220,4,93,0,57,0,220,0,0,0,220,0,0,230,0,78,220,2076,1,220,76,220,138,67,220,220,0,0,220,0,220,0,46,220,220,220,0,138,0,230,220,0,0,5,0,9,220,230,0,0,0,0,110685,220,220,1,220,220,0,99,220,1,49
0,28,220,0,17469,220,0,220,220,220,4,92,0,173,0,220,0,0,1,220,0,0,230,0,206,220,2076,1,220,76,220,1,210,220,220,0,0,220,0,220,0,28,220,220,220,0,138,0,230,220,0,0,6,0,9,220,230,0,0,0,0,110685,220,220,1,220,220,0,96,220,1,177
0,151,48,0,17470,48,0,53,78,78,3,91,0,134,0,53,0,0,2,53,0,0,47,0,100,78,2076,1,48,76,78,138,99,78,53,0,0,53,0,53,0,153,48,78,48,0,138,0,76,78,0,0,7,0,0,53,51,0,0,0,0,110685,48,78,1,48,48,0,93,53,1,133
0,231,12,0,16151,12,0,12,12,12,0,88,1,231,7,12,0,0,0,12,0,0,212,0,231,12,2076,17,12,100,12,137,230,12,12,0,0,12,0,12,0,231,12,12,12,0,137,0,42,12,0,0,9,0,0,12,33,0,0,0,0,110697,12,12,1,12,12,0,97,12,1,230
0,173,220,0,16152,220,0,220,220,220,0,90,1,33,7,220,0,0,1,220,0,0,227,0,41,220,2076,17,220,100,220,137,33,220,220,0,0,220,0,220,0,156,220,220,220,0,137,0,227,220,0,0,6,0,0,220,227,0,0,0,0,110697,220,220,1,220,220,0,99,220,1,26
0,245,12,0,16153,12,0,12,12,12,1,95,1,209,0,12,0,0,2,12,0,0,245,0,37,12,2076,17,12,86,12,137,38,12,12,0,0,12,0,12,0,245,12,12,12,0,137,0,37,12,0,0,95,0,4,12,209,0,0,0,0,110697,12,12,1,12,12,0,88,12,1,209
0,231,12,0,12275,220,0,12,12,12,0,47,0,63,0,220,0,0,0,12,0,0,233,0,111,12,54,138,12,87,220,267,231,12,12,0,0,12,0,220,1,46,12,220,12,0,267,0,233,12,0,0,44,0,0,12,233,0,0,0,0,110711,220,12,1,12,12,0,79,12,1,231
0,176,12,0,12276,220,0,12,12,12,0,71,0,73,7,220,0,0,1,12,0,0,177,0,91,12,54,138,12,87,220,267,191,12,12,0,0,12,0,220,1,65,12,220,12,0,267,0,191,12,0,0,25,0,0,12,181,0,0,0,0,110711,220,12,1,12,12,0,85,12,1,180
0,30,12,0,12277,220,0,12,12,220,0,64,0,119,9,220,0,0,2,220,0,0,29,0,34,12,54,138,220,85,220,267,30,12,12,0,0,12,0,220,1,239,12,220,12,0,267,0,30,12,0,0,33,0,0,220,30,0,0,0,0,110711,220,220,1,220,12,0,99,12,1,30
0,8,220,0,14764,220,0,220,220,220,0,90,0,81,7,220,0,0,0,220,0,0,9,0,180,220,0,1,220,76,220,1,179,220,220,0,0,220,0,220,0,9,220,220,220,80,1,0,180,220,0,0,90,0,0,220,81,0,0,0,0,110720,220,220,1,220,220,0,100,220,0,81
0,221,12,0,14765,20,0,67,144,12,0,94,0,221,7,67,0,0,1,12,0,0,221,0,221,144,0,1,12,100,144,1,221,12,67,2,0,67,0,67,0,221,20,144,20,80,1,0,221,144,0,0,94,0,0,12,221,0,0,0,0,110720,20,12,1,12,20,0,99,12,0,221
0,222,220,0,14766,220,0,220,220,220,0,91,0,43,0,220,0,0,2,220,0,0,217,0,52,220,0,1,220,100,220,1,52,220,220,2,0,220,0,220,0,222,220,220,220,80,1,0,216,220,0,0,7,0,0,220,216,0,0,0,0,110720,220,220,1,220,220,0,92,220,0,43
4,29,216,0,3470,216,0,172,43,43,0,71,0,26,7,172,0,0,0,172,0,0,253,0,41,43,0,1,216,100,43,7,29,43,172,0,0,172,0,172,0,217,216,43,216,0,7,0,9,43,1,0,24,0,0,172,203,0,0,0,0,110724,216,43,1,216,216,0,82,172,1,29
4,254,12,0,3471,12,0,12,12,12,0,97,0,189,7,12,0,0,1,12,0,0,252,0,17,12,0,1,12,100,12,7,10,12,12,0,0,12,0,12,0,252,12,12,12,0,7,0,17,12,1,0,97,0,0,12,189,0,0,0,0,110724,12,12,1,12,12,0,99,12,1,202
4,19,12,0,5661,12,0,12,12,12,0,100,0,166,0,12,0,0,2,12,0,0,22,0,223,12,0,1,12,100,12,7,221,12,12,0,0,12,0,12,0,22,12,12,12,0,7,0,223,12,0,0,100,0,5,12,166,0,0,0,0,110724,12,12,1,12,12,0,100,12,1,162
0,30,12,0,3472,169,0,12,12,128,0,69,0,30,7,160,0,0,0,160,0,0,61,0,30,12,31,22,169,31,128,213,30,12,12,2,0,12,0,160,0,30,12,128,12,0,207,0,125,12,1,0,26,0,0,160,72,0,0,0,0,110738,169,128,1,169,12,0,98,12,1,30
0,192,220,0,3473,12,0,220,220,12,0,92,0,144,0,12,0,0,1,12,0,0,192,0,63,220,31,22,12,31,12,213,63,220,220,2,0,220,0,12,0,192,220,12,220,0,207,0,63,220,1,0,92,0,9,12,144,0,0,0,0,110738,12,12,1,12,220,0,98,220,1,144
0,179,12,0,7886,220,0,12,12,12,0,93,0,40,0,220,0,0,2,12,0,0,162,0,45,12,31,22,220,31,220,213,50,12,12,2,0,12,0,220,0,171,12,220,12,0,207,0,165,12,1,0,5,0,0,220,157,0,1,0,0,110738,220,220,1,12,12,0,92,12,1,45
0,231,220,0,17326,12,0,220,220,220,0,92,0,231,11,12,0,0,3,220,0,0,173,0,231,220,31,22,12,31,12,213,231,220,220,2,0,220,0,12,0,231,220,12,220,0,207,0,131,220,1,0,6,0,0,12,163,0,0,0,0,110738,12,12,1,220,220,0,97,220,1,231
0,40,220,0,14850,220,0,163,220,220,0,93,0,51,0,220,0,0,0,220,0,0,117,0,70,123,32,1,220,76,220,6,93,220,220,2,0,163,0,220,0,117,187,220,220,0,6,0,70,123,0,0,93,0,0,220,51,0,0,0,0,110740,220,220,1,220,187,0,80,220,1,58
0,231,12,0,14851,12,0,12,12,12,0,87,0,229,4,12,0,0,1,12,0,0,30,0,229,12,32,1,12,76,12,6,231,12,12,0,0,12,0,12,0,229,12,12,12,0,6,0,30,12,0,0,8,0,0,12,30,0,0,0,0,110740,12,12,1,12,12,0,93,12,1,231
0,90,12,0,14852,12,0,12,12,12,0,87,0,104,4,12,0,0,2,12,0,0,247,0,113,12,32,1,12,76,12,6,114,12,12,0,0,12,0,12,0,89,12,12,12,0,6,0,86,12,0,0,9,0,0,12,236,0,0,0,0,110740,12,12,1,12,12,0,99,12,1,105
0,170,236,0,3383,133,0,39,70,70,0,72,0,181,0,39,0,0,0,194,0,0,154,0,1,44,66,52,236,100,44,102,20,70,194,0,0,39,0,39,0,230,133,44,236,0,102,0,22,44,1,0,18,0,0,194,20,0,0,0,0,110745,133,70,1,236,133,0,88,194,1,18
0,33,172,0,3382,172,0,159,12,107,0,96,0,42,11,159,0,0,1,159,0,0,42,0,40,107,66,52,172,76,107,102,32,107,12,0,0,159,0,159,0,42,172,107,12,0,102,0,40,107,1,0,96,0,0,159,42,0,0,0,0,110745,172,107,1,172,172,0,98,159,1,32
0,90,222,0,5665,222,0,224,183,77,0,100,0,148,0,224,0,0,2,224,0,0,88,0,183,77,66,52,222,76,77,102,182,77,148,0,0,224,0,224,0,88,222,77,88,0,102,0,183,77,0,0,100,0,0,224,148,0,0,0,0,110745,222,77,1,222,222,0,94,224,1,149
0,26,216,0,1294,216,0,163,97,97,0,75,0,41,19,163,0,0,0,163,0,0,131,0,70,97,66,52,216,100,97,102,70,97,163,0,0,163,0,163,0,27,216,97,216,0,102,0,50,97,1,0,15,0,0,163,36,0,0,0,0,110746,216,97,1,216,216,0,81,163,1,41
0,30,215,0,1295,215,0,12,97,97,0,90,0,247,0,163,0,0,1,163,0,0,251,0,237,12,66,52,215,100,97,102,30,97,163,2,0,12,0,163,0,251,12,97,215,0,102,0,237,12,1,0,90,0,0,163,247,0,0,0,0,110746,215,97,1,215,12,0,98,163,1,30
0,29,220,0,5666,12,0,12,12,220,0,100,0,210,0,12,0,0,2,220,0,0,120,0,74,12,66,52,220,76,12,102,29,220,12,0,0,12,0,12,0,120,12,12,12,0,102,0,74,12,0,0,100,0,0,220,210,0,0,0,0,110746,12,220,1,220,12,0,100,220,1,29
0,230,12,0,1296,12,0,12,12,12,0,63,0,231,0,12,0,0,0,12,0,0,191,0,231,12,66,52,12,100,12,102,230,12,12,0,0,12,0,12,0,231,12,12,12,0,102,0,53,12,1,0,35,0,0,12,72,0,0,0,0,110747,12,12,1,12,12,0,100,12,1,230
0,29,220,0,1297,220,0,220,12,220,0,96,0,33,0,220,0,0,1,220,0,0,34,0,34,220,66,52,220,100,220,102,29,220,12,0,0,220,0,220,0,34,220,220,12,0,102,0,34,220,1,0,96,0,0,220,33,0,0,0,0,110747,220,220,1,220,220,0,100,220,1,29
0,147,220,0,6144,220,0,220,235,220,0,100,0,190,0,220,0,0,2,220,0,0,147,0,236,220,66,52,220,76,220,102,235,220,190,0,0,220,0,220,0,147,220,220,147,0,102,0,236,220,0,0,100,0,0,220,190,0,0,0,0,110747,220,220,1,220,220,0,100,220,1,190
0,236,12,0,1298,12,0,12,220,12,0,97,0,87,0,12,0,0,0,12,0,0,235,0,40,12,66,52,12,86,12,102,40,12,220,0,0,12,0,12,0,235,12,12,220,0,102,0,40,12,0,0,97,0,0,12,87,0,0,0,0,110749,12,12,1,12,12,0,100,12,1,87
0,231,12,0,1299,12,0,12,220,12,0,95,0,231,0,12,0,0,1,12,0,0,231,0,231,12,66,52,12,76,12,102,231,12,220,0,0,12,0,12,0,231,12,12,220,0,102,0,231,12,0,0,95,0,0,12,231,0,0,0,0,110749,12,12,1,12,12,0,100,12,1,231
0,29,220,0,5667,220,0,220,12,220,0,100,0,30,0,220,0,0,2,220,0,0,30,0,30,220,66,52,220,76,220,102,29,220,12,0,0,220,0,220,0,30,220,220,12,0,102,0,30,220,0,0,100,0,0,220,30,0,0,0,0,110749,220,220,1,220,220,0,100,220,1,29
0,197,220,0,11464,194,0,63,63,220,0,65,0,232,7,63,0,0,0,220,0,0,197,0,232,63,330,7,220,76,63,8,22,220,63,0,0,63,0,63,0,232,194,63,194,0,8,0,23,63,1,0,33,0,8,220,10,0,0,0,0,110750,194,220,0,220,194,0,95,220,1,9
0,68,26,0,11465,26,0,43,63,63,0,74,0,198,6,43,0,0,1,43,0,0,46,0,202,63,330,7,26,76,63,8,201,63,43,0,0,43,0,43,0,69,26,63,26,0,8,0,191,63,1,0,23,0,8,43,133,0,0,0,0,110750,26,63,0,26,26,0,99,43,1,197
0,30,220,0,11466,220,0,220,220,220,0,92,0,30,0,220,0,0,2,220,0,0,85,0,30,220,330,7,220,76,220,8,30,220,220,0,0,220,0,220,0,30,220,220,220,0,8,0,94,220,0,0,7,0,0,220,89,0,0,0,0,110750,220,220,0,220,220,0,94,220,1,30
0,30,12,0,13178,12,0,12,12,12,0,68,0,231,0,12,0,0,0,12,0,0,30,0,231,12,330,1,12,100,12,10,30,12,12,0,0,12,0,12,0,231,12,12,12,0,10,0,30,12,1,0,27,0,0,12,30,0,0,0,0,110751,12,12,1,12,12,0,90,12,0,30
0,231,12,0,13179,12,0,12,12,12,0,95,0,190,0,12,0,0,1,12,0,0,224,0,31,12,330,1,12,100,12,10,231,12,12,0,0,12,0,12,0,224,12,12,12,0,10,0,31,12,1,0,95,0,0,12,190,0,0,0,0,110751,12,12,1,12,12,0,90,12,0,231
0,162,220,0,13180,220,0,220,220,220,1,69,0,108,0,220,0,0,2,220,0,0,151,1,161,220,330,1,220,86,220,10,201,220,220,0,0,220,0,220,0,80,220,220,220,0,10,0,196,220,0,0,30,0,9,220,168,0,0,0,0,110751,220,220,1,220,220,0,91,220,0,177
0,231,86,0,10372,23,0,220,201,201,0,93,0,231,0,51,0,0,0,131,0,0,231,0,231,220,330,53,23,76,123,101,231,201,131,0,0,131,0,51,0,231,86,123,86,0,101,0,231,201,1,0,93,0,0,51,231,0,0,0,0,110752,23,123,1,86,220,0,95,131,1,231
0,10,220,0,10373,220,0,220,220,220,0,84,0,18,0,220,0,0,1,220,0,0,37,0,60,220,330,53,220,76,220,101,58,220,220,0,0,220,0,220,0,10,220,220,220,0,101,0,173,220,1,0,11,0,0,220,78,0,0,0,0,110752,220,220,1,220,220,0,95,220,1,17
0,214,220,0,10374,220,0,220,220,220,0,85,0,58,0,220,0,0,2,220,0,0,231,0,104,220,330,1,220,76,220,1,105,220,220,0,0,220,0,220,0,214,220,220,220,0,1,0,231,220,0,0,14,0,0,220,231,0,0,0,0,110752,220,220,1,220,220,0,92,220,1,59
189,231,12,0,1300,206,0,12,45,45,0,86,0,231,0,19,0,0,0,19,0,0,204,0,231,12,189,1,206,84,45,5,231,12,19,2,0,12,0,19,0,231,12,45,206,0,5,0,44,12,1,0,9,0,0,19,19,0,0,0,0,110770,206,45,1,206,12,0,93,12,1,231
189,206,206,0,1301,220,0,19,220,220,0,86,0,19,0,220,0,0,1,220,0,0,231,0,44,45,0,1,220,76,220,5,43,45,220,2,0,19,0,220,0,206,206,220,220,0,5,0,231,45,0,0,12,0,0,220,231,0,0,0,0,110770,220,220,1,220,206,0,93,19,1,18
189,220,12,0,5668,208,0,12,45,45,0,97,0,245,0,23,0,0,2,23,0,0,221,0,3,12,0,1,208,76,45,5,2,12,23,2,0,12,0,23,0,221,12,45,208,0,5,0,3,12,0,0,97,0,0,23,245,0,0,0,0,110770,208,45,1,208,12,0,100,12,0,244
68,29,220,0,10318,220,0,220,220,220,0,72,0,19,0,220,0,0,0,220,0,0,30,0,26,220,0,1,220,100,220,1,29,220,220,0,0,220,0,220,0,191,220,220,220,0,1,0,30,220,0,0,25,0,11,220,30,0,0,0,0,110776,220,220,1,220,220,0,100,220,1,29
68,231,220,0,10319,12,0,12,12,220,0,93,0,231,7,12,0,0,1,220,0,0,231,0,231,12,0,1,220,100,12,1,231,220,12,0,0,12,0,12,0,231,12,12,12,0,1,0,231,12,0,0,93,0,11,220,231,0,1,0,0,110776,12,220,1,220,12,0,100,220,1,231
68,198,12,0,10320,12,0,12,12,12,0,93,0,233,0,12,0,0,2,12,0,0,198,0,203,12,0,1,12,100,12,1,203,12,12,0,0,12,0,12,0,198,12,12,12,0,1,0,203,12,0,0,93,0,0,12,233,0,0,0,0,110776,12,12,1,12,12,0,90,12,1,232
0,231,12,0,7318,224,0,12,187,133,0,93,0,91,11,174,0,0,0,177,0,0,247,0,208,12,53,138,224,76,123,267,230,12,72,2,0,12,0,174,1,1,12,123,52,0,267,0,136,12,0,0,6,0,9,174,200,0,0,0,0,110827,224,123,1,215,12,0,100,12,1,230
0,30,12,0,7319,12,0,12,35,84,0,74,0,199,7,12,0,0,1,210,0,0,59,0,35,12,53,138,225,76,12,267,30,12,200,0,0,12,0,12,1,224,12,12,225,0,267,0,121,12,0,0,21,0,9,200,68,0,0,0,0,110827,12,35,1,225,12,0,98,12,1,30
0,254,12,0,7320,220,0,12,57,220,0,65,0,135,0,220,0,0,2,220,0,0,212,0,11,12,53,138,220,76,220,267,10,12,125,2,0,12,0,220,1,253,12,220,204,0,267,0,36,12,0,0,27,0,0,220,91,0,1,0,0,110827,220,220,1,220,12,0,96,12,1,135
0,29,12,0,17576,12,0,12,220,220,0,74,0,231,7,12,0,0,3,220,0,0,146,0,231,12,53,138,220,76,12,267,29,12,220,0,0,12,0,12,1,231,12,12,220,0,267,0,203,12,0,0,16,0,9,220,175,0,0,0,0,110827,12,220,1,220,12,0,98,12,1,29
0,46,220,0,4344,220,0,12,47,220,0,59,0,35,0,220,0,0,0,220,0,0,231,0,47,12,54,138,220,100,220,267,125,220,35,2,0,12,0,220,1,131,12,220,131,0,267,0,231,12,0,0,38,0,0,220,231,0,0,0,0,110832,220,220,1,220,12,0,97,220,1,63
0,231,52,0,4345,220,0,12,101,134,0,60,0,64,0,220,0,0,1,67,0,0,231,0,125,12,54,138,52,100,220,267,231,134,53,2,0,12,0,220,1,47,12,220,31,0,267,0,231,12,0,0,38,0,0,67,231,0,0,0,0,110832,220,134,1,52,12,0,97,67,1,231
0,85,220,0,4740,220,0,12,12,220,0,67,0,84,0,220,0,0,2,220,0,0,45,0,88,12,54,138,220,100,220,267,89,220,12,2,0,12,0,220,1,84,12,220,12,0,267,0,47,12,0,0,28,0,0,220,45,0,0,0,0,110832,220,220,1,220,12,0,91,220,1,85
0,10,220,0,3757,220,0,220,82,220,0,67,0,55,0,220,0,0,0,220,0,0,141,0,83,220,54,138,220,100,220,267,83,220,55,0,0,55,0,220,1,10,3,220,3,0,267,0,61,82,0,0,29,0,0,220,28,0,0,0,0,110839,220,220,1,220,220,3,99,220,1,55
0,231,3,0,3756,3,0,55,220,82,0,78,0,231,0,55,0,0,1,55,0,0,20,0,231,82,54,138,3,100,82,267,231,82,220,0,0,220,0,55,1,231,220,82,220,0,267,0,81,220,0,0,10,0,0,55,55,0,0,0,0,110839,3,82,1,3,3,0,98,55,1,231
0,16,12,0,5671,220,0,12,12,220,0,77,0,23,8,220,0,0,2,220,0,0,96,0,22,12,54,138,220,100,220,267,22,12,12,2,0,12,0,220,1,17,12,220,12,0,267,0,159,12,0,0,11,0,0,220,51,0,0,0,0,110839,220,220,1,220,12,0,100,12,1,22
0,174,12,0,4648,220,0,220,12,12,0,68,0,22,9,220,0,0,0,12,0,0,207,0,28,220,61,49,220,14,220,89,28,12,12,0,0,12,0,220,0,172,12,220,12,0,23,0,207,12,0,0,28,0,0,220,207,0,0,0,0,110890,220,220,1,12,220,0,88,12,1,22
0,244,220,0,4647,12,0,12,220,220,0,86,0,244,4,12,0,0,1,220,0,0,161,0,244,12,61,49,12,14,12,89,244,220,220,0,0,220,0,12,0,244,220,12,220,0,23,0,30,220,0,0,8,0,8,12,24,0,0,0,0,110890,12,12,1,220,12,0,83,220,1,244
0,12,12,0,5672,220,0,220,12,12,0,96,0,12,0,220,0,0,2,12,0,0,12,0,12,220,61,49,220,14,220,89,12,12,12,0,0,12,0,220,0,12,12,220,12,0,23,0,12,12,0,0,96,0,0,220,12,0,0,0,0,110890,220,220,1,12,220,0,91,12,1,12
0,194,238,0,14844,238,0,203,74,74,0,64,0,19,5,203,0,0,0,203,0,0,253,0,21,74,32,8,238,76,74,7,17,74,203,0,0,203,0,203,0,195,238,74,238,0,7,0,3,74,0,0,34,0,0,203,202,0,0,0,0,110908,238,74,1,238,238,0,81,203,1,16
0,230,144,0,14845,144,0,45,53,53,0,77,0,230,5,45,0,0,1,45,0,0,163,0,230,53,32,8,144,76,53,7,230,53,45,0,0,45,0,45,0,230,144,53,144,0,7,0,47,53,0,0,20,0,0,45,24,0,0,0,0,110908,144,53,1,144,144,0,60,45,1,230
0,105,238,0,14846,238,0,203,74,74,0,95,0,108,7,203,0,0,2,203,0,0,107,0,109,74,32,8,238,76,74,7,106,74,203,0,0,203,0,203,0,107,238,74,238,0,7,0,109,74,0,0,95,0,0,203,108,0,0,0,0,110908,238,74,1,238,238,0,91,203,1,106
0,230,208,0,4024,208,0,49,56,56,0,91,0,231,7,49,0,0,0,49,0,0,212,0,231,56,32,12,208,76,56,6,230,56,49,0,0,49,0,49,0,231,208,56,208,0,6,0,57,56,0,0,7,0,0,49,50,0,0,0,0,110912,208,56,1,208,208,0,97,49,1,230
0,210,220,0,4025,220,0,220,220,220,0,89,0,48,7,220,0,0,1,220,0,0,238,0,56,220,32,12,220,76,220,6,56,220,220,0,0,220,0,220,0,198,220,220,220,0,6,0,233,220,0,0,7,0,0,220,233,0,0,0,0,110912,220,220,1,220,220,0,98,220,1,50
0,0,220,0,5673,220,0,220,220,220,0,90,0,147,7,220,0,0,2,220,0,0,212,0,91,220,32,12,220,76,220,6,100,220,220,0,0,220,0,220,0,17,220,220,220,0,6,0,56,220,0,0,5,0,0,220,50,0,0,0,0,110912,220,220,1,220,220,0,98,220,1,160
0,254,12,0,1304,12,0,12,12,12,0,84,0,253,17,12,-1,0,0,12,0,0,35,0,253,12,32,13,220,76,12,232,254,12,12,0,0,12,0,12,0,253,12,12,12,0,232,0,32,12,0,0,12,0,0,220,31,0,0,0,0,110915,12,220,1,12,12,0,88,12,1,254
0,35,220,0,1305,220,0,220,220,220,0,93,0,31,0,220,-1,0,1,220,0,0,254,0,32,220,32,13,220,76,220,232,32,220,220,2,0,220,0,220,0,35,220,220,220,0,232,0,254,220,0,0,5,0,0,220,254,0,0,0,0,110915,220,220,1,220,220,0,93,220,1,31
0,3,220,0,4708,220,0,220,220,220,0,76,0,54,0,220,-1,0,2,220,0,0,0,0,107,220,32,13,220,76,220,232,114,220,220,2,0,220,0,220,0,7,220,220,220,0,232,0,195,220,0,0,21,0,0,220,131,0,0,0,0,110915,220,220,1,220,220,0,59,220,1,56
353,231,12,0,13735,12,0,12,12,12,0,49,0,35,9,12,0,0,0,12,0,0,231,0,30,12,353,1,12,84,12,1,231,12,12,0,0,12,0,12,0,207,12,12,12,0,1,0,231,12,0,0,47,0,0,12,231,0,0,0,0,110953,12,12,1,12,12,0,97,12,1,231
353,30,231,0,13736,231,0,33,22,22,0,95,0,34,19,33,0,0,1,33,0,0,34,0,34,22,353,1,231,84,22,1,30,22,33,0,0,33,0,33,0,34,231,22,231,0,1,0,34,22,0,0,95,0,0,33,34,0,0,0,0,110953,231,22,1,231,231,0,97,33,1,30
0,229,12,0,13737,12,0,12,12,12,1,85,0,212,0,12,0,0,2,12,0,0,56,1,35,12,353,1,12,84,12,1,34,12,12,0,0,12,0,12,0,229,12,12,12,0,1,0,36,12,0,0,14,0,1,12,31,0,0,0,0,110953,12,12,1,12,12,0,91,12,1,212
2012,32,220,0,7812,220,0,220,160,220,0,88,0,57,26,220,0,0,0,220,0,0,231,0,160,220,0,103,220,100,220,215,162,220,87,0,0,220,0,220,0,32,220,220,47,0,170,0,232,220,0,0,9,0,5,220,231,0,0,0,0,110955,220,220,1,220,220,0,97,220,1,57
2012,232,47,0,7813,47,0,87,220,160,0,46,0,229,0,87,0,0,1,87,0,0,194,0,229,160,0,103,47,100,160,215,232,160,220,0,0,87,0,87,0,229,47,160,220,0,170,0,190,160,0,0,37,0,5,87,195,0,1,0,0,110955,47,160,1,47,47,0,90,87,1,232
2012,47,220,0,7814,220,0,0,12,220,0,68,0,110,0,220,-1,0,2,220,0,0,60,0,87,0,0,103,220,0,220,215,86,220,12,0,0,220,0,220,0,48,220,220,12,0,170,0,116,220,0,0,31,0,0,220,151,0,0,0,0,110955,220,220,1,220,0,0,90,220,1,108
2168,31,220,0,10991,220,0,220,243,243,0,59,0,146,6,220,0,0,0,183,0,0,31,0,230,220,0,1,220,100,220,87,82,220,183,0,0,220,0,220,0,32,220,220,73,0,87,0,79,220,0,0,30,0,0,220,48,0,0,0,0,110967,220,220,0,73,220,0,96,220,1,49
0,29,220,0,10992,220,0,220,81,81,0,84,0,36,0,220,0,0,1,70,0,0,26,0,37,220,2168,1,220,100,220,87,29,220,70,0,0,220,0,220,0,36,220,220,64,0,87,0,231,220,0,0,9,0,0,220,139,0,0,0,0,110967,220,220,0,64,220,0,96,220,1,29
0,254,253,0,10993,12,0,12,28,28,0,100,0,100,0,12,0,0,2,99,0,0,254,0,28,12,0,1,12,76,12,94,27,28,99,0,0,99,0,12,0,254,253,12,253,0,94,0,28,28,0,0,100,0,1,12,100,0,0,0,0,110967,12,12,1,253,12,0,100,99,1,100
0,125,32,0,10903,32,0,34,45,45,0,86,0,160,0,34,0,0,0,34,0,0,71,0,210,45,0,1,32,76,45,8,213,45,34,1,0,34,0,34,0,121,32,45,32,0,8,0,166,45,1,0,7,0,4,34,113,0,0,0,0,110968,32,45,1,32,32,3,94,34,1,164
0,231,102,0,10904,102,0,59,61,61,0,93,0,228,8,59,0,0,1,59,0,0,83,0,227,61,0,1,102,76,61,8,231,61,59,0,0,59,0,59,0,228,102,61,102,0,8,0,44,61,1,0,5,0,4,59,21,0,0,0,0,110968,102,61,1,102,102,3,94,59,1,231
0,246,246,0,10905,220,0,220,220,220,0,100,0,24,0,220,0,0,2,220,0,0,246,0,46,220,0,48,220,76,220,94,46,47,220,0,0,25,0,220,0,246,246,220,220,0,94,0,46,47,0,0,100,0,0,220,24,0,0,0,0,110968,220,220,1,220,220,0,100,25,1,24
0,0,220,0,5883,137,0,55,42,220,0,77,0,231,0,55,0,0,0,220,0,0,26,0,231,109,0,95,220,0,109,10,191,220,42,0,0,220,0,42,0,231,220,42,137,0,10,0,169,220,1,0,9,0,0,220,75,0,1,0,0,110975,38,220,1,220,38,0,89,220,1,96
0,244,254,0,5884,220,0,220,220,44,0,57,0,43,17,220,0,0,1,31,0,0,253,0,37,220,0,95,254,0,220,10,244,44,220,0,0,220,0,220,0,246,220,220,220,0,10,0,253,220,1,0,27,0,0,31,253,0,0,0,0,110975,220,44,1,254,220,0,98,31,1,244
0,50,220,0,5885,220,0,220,220,220,0,97,0,70,0,220,0,0,2,220,0,0,48,0,66,220,0,1,220,0,220,1,68,220,220,0,0,220,0,220,0,48,220,220,220,0,1,0,66,220,1,0,97,0,0,220,70,0,0,0,0,110975,220,220,1,220,220,0,98,220,1,73
0,26,224,0,5889,224,0,211,108,108,0,92,0,24,15,211,0,0,0,211,0,0,225,0,29,108,0,1,224,76,108,6,107,108,211,0,0,211,0,211,0,178,224,108,224,0,6,0,27,108,0,0,6,0,0,211,193,0,0,0,0,110977,224,108,1,224,224,0,98,211,1,48
0,231,130,0,5890,189,0,30,41,41,0,92,0,199,6,30,0,0,1,30,0,0,159,0,199,41,0,1,189,76,41,6,231,18,30,0,0,10,0,30,0,199,130,41,189,0,6,0,23,18,0,0,6,0,0,30,23,0,0,0,0,110977,189,41,1,189,189,0,98,10,1,231
0,231,189,0,5891,189,0,30,41,41,0,91,0,214,0,30,0,0,2,30,0,0,189,0,104,41,0,1,189,76,41,6,103,41,30,0,0,30,0,30,0,231,189,41,189,0,6,0,41,41,0,0,7,0,0,30,30,0,0,0,0,110977,189,41,1,189,189,0,91,30,1,213
0,29,220,0,5898,12,0,12,220,12,0,92,0,232,7,12,0,0,0,12,0,0,30,0,232,12,0,45,220,76,12,14,29,220,220,0,0,12,0,12,0,232,12,12,220,0,14,0,30,12,1,1,5,0,0,220,30,0,0,0,0,110980,12,220,1,12,12,0,89,220,1,29
0,29,220,0,5899,220,0,220,220,220,0,89,0,30,0,220,0,0,1,220,0,0,30,0,30,220,0,45,220,76,220,14,29,220,220,0,0,220,0,220,0,30,220,220,220,0,14,0,30,220,1,1,89,0,0,220,30,0,0,0,0,110980,220,220,1,220,220,0,89,220,1,29
0,221,220,0,5900,220,0,12,220,12,0,85,0,43,0,220,0,0,2,12,0,0,228,0,112,12,0,1,220,76,220,11,111,220,220,2,0,220,0,220,0,221,220,220,220,0,11,0,43,220,0,0,14,0,0,220,164,0,0,0,0,110980,220,220,1,12,12,0,91,220,1,42
0,30,12,0,10997,12,0,12,27,12,0,91,0,183,8,12,0,0,0,12,0,0,28,0,16,12,0,1,239,76,12,94,30,12,27,0,0,27,0,12,0,231,225,12,225,0,94,0,38,27,1,0,5,0,8,201,23,0,0,0,0,110981,12,30,1,12,12,3,94,12,1,30
0,231,12,0,10998,239,0,12,12,12,0,90,0,112,19,207,0,0,1,12,0,0,29,0,45,12,0,1,239,76,0,94,45,12,12,2,0,12,0,207,0,231,12,0,12,0,94,0,39,12,1,0,5,0,8,207,23,0,0,0,0,110981,239,0,1,12,12,3,80,12,1,116
0,182,183,0,10999,12,0,12,207,207,0,87,0,220,0,12,0,0,2,219,0,0,29,0,208,12,0,1,12,76,12,94,207,207,219,0,0,219,0,12,0,183,183,12,183,0,94,0,29,207,0,0,12,0,1,12,29,0,0,0,0,110981,12,12,1,183,12,0,100,219,1,219
0,36,228,0,14063,228,0,171,58,58,0,67,0,44,8,171,0,0,0,171,0,0,50,0,76,58,0,1,228,100,58,1,31,58,171,0,0,171,0,171,0,168,228,58,228,0,1,0,36,58,1,0,20,0,0,171,33,0,0,0,0,110982,228,58,1,228,228,0,68,171,1,30
0,231,48,0,14064,48,0,49,87,87,0,82,0,167,8,49,0,0,1,49,0,0,30,0,2,87,0,1,48,100,87,1,231,87,49,0,0,49,0,49,0,217,48,87,48,0,1,0,42,87,1,0,14,0,0,49,36,0,0,0,0,110982,48,87,1,48,48,0,98,49,1,231
0,44,220,0,14065,220,0,220,220,220,0,92,0,105,0,220,0,0,2,220,0,0,29,1,45,220,0,1,220,100,220,1,44,220,220,0,0,220,0,220,0,45,220,220,220,0,1,0,29,220,0,0,7,0,0,220,29,0,0,0,0,110982,220,220,1,220,220,0,91,220,1,105
0,231,0,0,10976,0,0,86,125,125,0,77,0,230,7,86,0,0,0,86,0,0,26,0,230,125,0,1,0,76,125,62,231,125,86,0,0,86,0,86,0,230,0,125,0,0,62,0,113,125,1,0,21,0,0,86,61,0,0,0,0,110986,0,125,1,0,0,0,100,86,1,231
0,20,121,0,10977,121,0,172,174,174,0,91,0,46,7,172,0,0,1,172,0,0,120,0,88,174,0,1,121,76,174,62,77,174,172,0,0,172,0,172,0,32,121,174,121,0,62,0,188,174,1,0,6,0,0,172,185,0,0,0,0,110986,121,174,1,121,121,0,100,172,1,37
0,43,220,0,10978,220,0,220,220,220,0,66,0,195,0,220,0,0,2,220,0,0,2,0,141,220,0,13,220,84,220,98,140,220,220,0,0,220,0,220,0,44,220,220,220,0,98,0,112,220,0,0,33,0,0,220,150,0,0,0,0,110986,220,220,1,220,220,0,91,220,1,195
0,29,220,0,11015,220,0,220,220,220,0,81,0,19,11,220,0,0,0,220,0,0,238,0,37,220,0,1,220,76,220,1,29,220,220,0,0,220,0,220,0,226,220,220,220,0,1,0,97,220,1,0,7,0,0,220,81,0,0,0,0,110989,220,220,1,220,220,0,87,220,1,29
0,29,220,0,11016,12,0,12,12,220,0,73,0,228,11,12,0,0,1,220,0,0,192,0,228,12,0,1,220,76,12,1,29,220,12,0,0,12,0,12,0,228,12,12,12,0,1,0,185,12,1,0,17,0,0,220,190,0,0,0,0,110989,12,220,1,220,12,0,87,220,1,29
0,12,220,0,11017,220,0,220,220,220,0,100,0,98,0,220,0,0,2,220,0,0,13,0,232,220,0,1,220,76,220,2,231,220,220,0,0,220,0,220,0,13,220,220,220,0,2,0,232,220,0,0,100,0,0,220,98,0,0,0,0,110989,220,220,1,220,220,0,100,220,1,97
0,30,220,0,12069,207,0,202,12,12,0,71,0,36,10,202,0,0,0,12,0,0,224,0,36,70,0,1,207,76,70,232,30,220,12,0,0,220,0,202,0,36,220,70,12,0,232,0,11,220,1,0,26,0,0,202,194,0,0,0,0,110990,207,70,1,12,207,0,97,220,1,30
0,231,220,0,12070,12,0,12,70,12,0,72,0,228,10,12,0,0,1,12,0,0,31,0,228,12,0,1,12,76,12,232,231,220,202,0,0,220,0,12,0,228,220,12,207,0,232,0,30,220,1,0,17,0,0,12,31,0,0,0,0,110990,12,12,1,12,12,3,88,220,1,231
0,24,220,0,12071,220,0,220,220,220,0,96,0,218,0,220,0,0,2,220,0,0,24,0,37,220,0,1,220,84,220,1,37,220,220,0,0,220,0,220,0,24,220,220,220,0,1,0,37,220,0,0,96,0,0,220,218,0,0,0,0,110990,220,220,1,220,220,0,91,220,1,217
0,231,95,0,15613,164,0,143,125,70,0,93,0,29,0,143,0,0,0,62,0,0,203,0,36,125,0,1,95,100,125,12,231,70,143,0,0,143,0,143,0,74,164,125,164,0,12,0,165,125,1,0,5,0,8,62,178,0,0,0,0,110991,164,70,1,95,164,0,88,62,1,231
0,39,164,0,15614,95,0,62,70,125,0,90,0,163,0,62,0,0,1,143,0,0,71,0,147,70,0,1,164,100,70,12,71,125,62,0,0,62,0,62,0,190,95,70,95,0,12,0,49,70,1,0,7,0,8,143,42,0,0,0,0,110991,95,125,1,164,95,0,100,143,1,41
0,147,12,0,15615,12,0,12,12,12,0,100,0,209,0,12,0,0,2,12,0,0,148,0,211,12,0,1,12,76,12,1,210,12,12,0,0,12,0,12,0,148,12,12,12,0,1,0,211,12,0,0,100,0,0,12,209,0,0,0,0,110991,12,12,1,12,12,0,100,12,1,208
2168,10,243,0,10988,220,0,31,220,47,0,42,0,171,8,220,0,0,0,207,0,0,19,0,34,237,0,6,243,84,220,7,103,47,220,2,0,31,0,220,0,231,19,220,220,0,7,0,122,237,1,0,40,0,0,207,44,0,0,0,0,111006,220,47,1,243,19,0,98,207,1,36
2168,231,243,0,10989,0,0,215,147,147,0,87,0,231,8,53,0,0,1,53,0,0,14,0,231,87,0,6,0,84,147,7,231,87,53,2,0,215,0,53,0,231,243,147,0,0,7,0,53,87,1,0,5,0,0,53,13,0,0,0,0,111006,0,147,1,0,243,0,96,215,1,231
0,165,0,0,10990,0,0,27,98,98,0,100,0,202,0,27,0,0,2,27,0,0,165,0,72,98,0,1,0,84,98,1,71,98,27,0,0,27,0,27,0,165,0,98,0,0,1,0,72,98,0,0,100,0,0,27,202,0,0,0,0,111006,0,98,1,0,0,0,91,27,1,202
0,30,220,0,11300,220,0,220,220,220,0,54,0,231,0,220,0,0,0,220,0,0,30,0,231,220,0,8,220,100,220,7,30,220,220,0,0,220,0,220,0,231,220,220,220,0,7,0,30,220,0,0,43,0,0,220,30,0,0,0,0,111008,220,220,1,220,220,0,92,220,1,30
0,16,12,0,11301,12,0,12,12,12,0,33,0,33,0,12,0,0,1,12,0,0,19,0,32,12,0,8,12,100,12,7,75,12,12,0,0,12,0,12,0,27,12,12,12,0,7,0,76,12,0,0,29,0,0,12,152,0,0,0,0,111008,12,12,1,12,12,0,92,12,1,151
0,216,12,0,11302,12,0,12,12,12,0,100,0,180,0,12,0,0,2,12,0,0,216,0,80,12,0,8,12,76,12,7,79,12,12,0,0,12,0,12,0,216,12,12,12,0,7,0,80,12,0,0,100,0,0,12,180,0,0,0,0,111008,12,12,1,12,12,0,100,12,1,180
0,27,220,0,10985,163,0,132,64,220,0,81,0,44,7,132,0,0,0,220,0,0,229,0,74,64,0,1,220,84,64,5,74,220,132,0,0,132,0,132,0,27,163,64,163,0,232,0,229,64,1,1,13,0,0,220,229,0,0,0,0,111010,163,220,1,220,163,0,98,220,1,44
0,27,220,0,10986,228,0,199,157,220,0,90,0,44,26,199,0,0,1,220,0,0,224,0,74,157,0,1,220,84,157,5,74,220,199,0,0,199,0,199,0,27,228,157,228,0,232,0,224,157,1,1,8,0,0,220,224,0,0,0,0,111010,228,220,1,220,228,0,98,220,1,44
0,102,220,0,10987,220,0,220,220,220,0,91,0,206,0,220,0,0,2,220,0,0,43,0,152,220,0,1,220,84,220,5,152,220,220,0,0,220,0,220,0,102,220,220,220,0,232,0,92,220,0,0,8,0,0,220,142,0,0,0,0,111010,220,220,1,220,220,0,94,220,1,207
0,231,213,0,12901,220,0,220,220,14,0,92,0,47,19,220,0,0,0,15,0,0,223,0,43,220,0,1,213,100,220,8,231,14,220,0,0,220,0,220,0,217,220,220,220,0,8,0,222,220,0,0,6,0,0,15,222,0,0,0,0,111011,220,14,1,213,220,0,97,15,1,231
0,42,220,0,12902,220,0,220,220,220,0,91,0,40,19,220,0,0,1,220,0,0,221,0,106,220,0,1,220,100,220,8,110,220,220,0,0,220,0,220,0,40,220,220,220,0,8,0,221,220,0,0,7,0,0,220,221,0,0,0,0,111011,220,220,1,220,220,0,97,220,1,42
0,237,12,0,12903,12,0,0,12,12,0,91,0,206,0,12,0,0,2,12,0,0,29,0,79,0,0,1,12,85,12,6,80,12,12,0,0,12,0,12,0,236,12,12,12,0,6,0,29,12,0,0,7,0,0,12,29,0,0,0,0,111011,12,12,1,12,0,0,76,12,1,207
0,231,2,0,18208,2,0,38,129,129,0,76,0,228,7,38,0,0,0,38,0,0,21,0,228,129,0,1,2,76,129,1,231,129,38,0,0,38,0,38,0,228,2,129,2,0,1,0,147,129,0,0,17,0,0,38,26,0,0,0,0,111012,2,129,1,2,2,0,88,38,0,231
0,21,220,0,18209,220,0,220,220,220,0,84,0,26,7,220,0,0,1,220,0,0,231,0,142,220,0,1,220,76,220,1,146,220,220,0,0,220,0,220,0,21,220,220,220,0,1,0,231,220,0,0,12,0,0,220,231,0,0,0,0,111012,220,220,1,220,220,0,88,220,0,25
0,36,220,0,18210,220,0,220,220,220,0,93,0,208,0,220,0,0,2,220,0,0,30,0,52,220,0,1,220,76,220,1,51,220,220,0,0,12,0,220,0,36,12,220,220,0,1,0,30,12,0,0,6,0,7,220,30,0,0,0,0,111012,220,220,1,220,220,0,100,220,0,207
0,229,41,0,12010,220,0,220,220,128,0,90,0,171,8,220,0,0,0,71,0,0,230,0,227,220,0,1,41,76,220,62,229,128,220,0,0,220,0,220,0,114,220,220,220,0,62,0,231,220,1,0,6,0,0,71,231,0,0,0,0,111013,220,128,1,41,220,0,98,71,1,229
0,229,62,0,12011,220,0,220,220,176,0,97,0,104,0,220,0,0,1,99,0,0,55,0,182,220,0,1,62,76,220,62,229,176,220,0,0,220,0,220,0,55,220,220,220,0,62,0,182,220,1,0,97,0,0,99,104,0,0,0,0,111013,220,176,1,62,220,0,89,99,1,229
0,190,9,0,12012,9,0,160,225,225,0,100,0,194,0,160,0,0,2,160,0,0,190,0,44,225,0,1,9,76,225,94,44,225,160,0,0,160,0,160,0,190,9,225,9,0,94,0,44,225,0,0,100,0,1,160,194,0,0,0,0,111013,9,225,1,9,9,0,100,160,1,194
0,231,136,0,12013,136,0,12,50,50,0,92,0,223,11,12,0,0,0,13,0,0,119,0,213,12,0,1,136,76,12,52,212,50,13,0,0,13,0,13,0,231,136,50,136,0,52,0,29,50,1,0,6,0,0,13,22,0,0,0,0,111014,12,50,1,136,12,3,96,13,1,223
0,31,220,0,12014,220,0,220,220,220,0,95,0,35,11,220,0,0,1,220,0,0,64,0,34,220,0,1,220,76,220,52,30,220,220,0,0,220,0,220,0,64,220,220,220,0,52,0,34,220,1,0,95,0,0,220,35,0,0,0,0,111014,220,220,1,220,220,3,96,220,1,30
0,245,12,0,12015,12,0,12,12,0,0,100,0,208,0,12,0,0,2,0,0,0,246,0,6,12,0,1,12,86,12,51,7,12,12,0,0,12,0,12,0,246,12,12,12,0,51,0,6,12,0,0,100,0,0,12,208,0,0,0,0,111014,12,12,1,0,12,0,100,12,1,207
0,224,222,0,5961,220,0,220,20,20,0,87,0,11,7,220,0,0,0,10,0,0,245,0,22,220,353,1,220,87,220,94,20,20,10,0,0,10,0,220,0,225,222,220,222,0,94,0,241,20,0,0,5,0,0,220,241,0,0,0,0,111019,220,220,1,222,220,3,78,10,1,10
0,246,220,0,5962,222,0,220,220,220,0,96,0,243,7,10,0,0,1,220,0,0,244,0,243,220,353,1,222,87,26,94,246,220,220,0,0,220,0,10,0,244,220,26,220,0,94,0,243,220,0,0,96,0,0,10,243,0,1,0,0,111019,222,26,1,220,220,3,79,220,1,246
0,6,220,0,5963,12,0,12,12,12,1,100,0,248,0,12,0,0,2,12,0,0,6,1,6,12,353,1,12,87,12,94,6,220,12,0,0,220,0,12,0,6,220,12,12,0,94,0,6,220,0,0,100,0,1,12,248,0,0,0,0,111019,12,12,1,12,12,0,100,220,1,248
353,18,220,0,15856,220,0,220,220,220,0,95,0,35,7,220,0,0,0,220,0,0,20,0,79,220,353,7,220,76,220,52,79,220,220,0,0,220,0,220,0,20,220,220,220,0,52,0,79,220,0,0,95,0,8,220,35,0,0,0,0,111020,220,220,1,220,220,0,97,220,1,35
353,231,11,0,15857,11,0,21,54,54,0,92,0,236,7,21,0,0,1,21,0,0,19,0,236,54,353,7,11,76,54,52,231,54,21,0,0,21,0,21,0,236,11,54,11,0,52,0,79,54,0,0,6,0,8,21,35,0,0,0,0,111020,11,54,1,11,11,0,97,21,1,231
0,69,220,0,15858,220,0,220,220,220,0,66,0,111,0,220,0,0,2,220,0,0,68,0,219,220,353,1,220,76,220,10,138,220,220,0,0,220,0,220,0,109,220,220,220,0,10,0,137,220,0,0,33,0,3,220,59,0,0,0,0,111020,220,220,1,220,220,0,94,220,1,60
0,29,41,0,5965,12,0,0,12,255,0,87,0,157,2,12,-1,0,0,186,0,0,29,0,215,0,353,1,41,76,12,3,29,255,12,0,0,12,0,12,0,4,12,12,12,0,3,0,30,12,1,0,11,0,0,186,30,0,0,0,0,111022,12,255,1,41,0,3,80,186,1,29
0,29,0,0,5964,0,0,0,230,230,0,91,0,31,7,126,-1,0,1,126,0,0,84,0,31,0,353,1,0,76,230,3,30,230,126,0,0,126,0,126,0,31,0,230,0,0,3,0,87,230,1,0,6,0,0,126,86,0,0,0,0,111022,0,230,1,0,0,3,99,126,1,30
0,19,255,0,5966,255,0,0,65,65,1,80,0,254,0,110,-1,0,2,110,0,0,29,1,19,0,353,1,255,76,65,3,19,65,110,0,0,110,0,110,0,19,255,65,255,0,3,0,29,65,0,0,19,0,5,110,30,0,0,0,0,111022,255,65,1,255,0,0,91,110,1,255
0,8,220,0,1320,220,0,220,220,220,0,45,0,7,22,220,0,0,0,220,0,0,7,0,27,220,0,1,220,76,220,7,169,220,220,0,0,59,0,220,0,198,9,220,220,0,7,0,169,190,1,0,35,0,0,220,79,0,1,0,0,111052,220,220,1,220,220,0,93,220,1,79
0,222,181,0,1321,3,0,59,131,131,0,92,0,221,0,59,0,0,1,59,0,0,221,0,221,131,0,10,3,84,131,94,222,12,59,0,0,181,0,59,0,221,181,131,3,0,94,0,221,12,1,0,92,0,0,59,221,0,0,0,0,111052,3,131,1,3,3,0,92,181,0,222
0,218,27,0,10213,220,0,95,182,182,0,85,0,193,0,95,0,0,2,95,0,0,0,0,178,182,0,1,220,84,182,94,177,182,95,0,0,95,0,220,0,218,27,220,27,0,6,0,112,182,0,0,14,0,0,220,39,0,0,0,0,111052,27,220,1,27,27,0,91,95,0,192
39,61,157,0,1906,157,0,149,91,91,0,50,0,33,7,149,0,0,0,149,0,0,57,0,48,91,0,96,157,100,91,182,89,91,149,0,0,149,0,149,0,118,157,91,157,0,182,0,88,91,0,1,46,0,0,149,58,0,0,0,0,111065,157,91,1,157,157,0,87,149,1,61
39,131,154,0,1905,18,0,27,77,66,0,72,0,237,7,27,-1,0,1,137,0,0,33,0,237,77,0,96,154,100,77,182,44,66,26,0,0,26,0,27,0,237,29,77,29,0,182,0,66,77,0,1,20,0,11,137,40,0,1,0,0,111065,18,66,1,154,18,0,100,137,1,25
39,61,220,0,4258,220,0,220,220,220,0,84,0,130,0,220,0,0,2,220,0,0,3,0,187,220,0,96,220,100,220,182,183,220,220,0,0,220,0,220,0,82,220,220,220,0,182,0,199,220,0,1,6,0,0,220,140,0,0,0,0,111065,220,220,1,220,220,0,74,220,1,125
0,21,240,0,7845,40,0,51,220,77,0,90,0,221,0,51,0,0,0,220,0,0,21,0,0,122,66,52,240,86,122,102,156,77,220,0,0,51,0,51,0,251,40,122,220,0,102,0,156,122,1,0,8,0,0,220,44,0,0,0,0,111082,40,77,1,240,40,0,96,220,1,44
0,34,233,0,7846,233,0,201,71,71,0,97,0,42,0,201,0,0,1,201,0,0,33,0,69,71,66,52,233,76,71,102,66,71,201,0,0,201,0,201,0,33,233,71,233,0,102,0,69,71,1,0,97,0,0,201,42,0,0,0,0,111082,233,71,1,233,233,0,96,201,1,42
0,106,106,0,7847,12,0,12,195,195,0,100,0,159,0,12,0,0,2,159,0,0,107,0,196,12,66,52,12,76,12,102,196,195,159,0,0,159,0,12,0,107,106,12,106,0,102,0,196,195,0,0,100,0,0,12,159,0,1,0,0,111082,12,12,1,106,12,0,100,159,1,159
0,242,12,0,1328,12,0,12,220,12,0,58,0,229,0,12,0,0,0,12,0,0,223,0,6,12,66,52,12,86,12,102,8,12,220,0,0,12,0,12,0,244,12,12,220,0,102,0,37,12,0,0,38,0,0,12,31,0,0,0,0,111083,12,12,1,12,12,0,90,12,1,227
0,29,223,0,1329,223,0,209,9,9,0,89,0,41,0,209,0,0,1,209,0,0,242,0,41,9,66,52,223,76,9,102,29,9,209,0,0,209,0,209,0,40,223,9,223,0,102,0,27,9,0,0,5,0,0,209,225,0,0,0,0,111083,223,9,1,223,223,0,99,209,1,29
0,39,12,0,5681,220,0,220,12,12,0,93,0,168,0,220,0,0,2,12,0,0,219,1,223,220,66,52,220,76,220,102,223,12,12,0,0,12,0,220,0,39,12,220,12,0,102,0,10,12,0,0,6,0,11,220,1,0,0,0,0,111083,220,220,1,12,220,0,91,12,1,168
0,0,220,0,5109,220,0,183,111,111,0,74,0,64,0,183,0,0,0,183,0,0,221,0,145,111,66,52,220,100,111,102,144,111,183,0,0,183,0,183,0,0,220,111,220,0,102,0,14,111,1,0,17,0,0,183,3,0,0,0,0,111086,220,111,1,220,220,0,100,183,1,64
0,231,12,0,5110,12,0,12,12,12,0,80,0,204,0,12,0,0,1,12,0,0,119,0,212,12,66,52,12,100,12,102,231,12,12,0,0,12,0,12,0,158,12,12,12,0,102,0,160,12,1,0,9,0,0,12,154,0,0,0,0,111086,12,12,1,12,12,0,100,12,1,231
0,29,12,0,5682,220,0,220,12,12,1,100,0,29,0,220,0,0,2,12,0,0,29,0,29,220,66,52,220,76,220,102,29,12,12,0,0,12,0,220,0,29,12,220,12,0,102,0,29,12,0,0,100,0,0,220,29,0,0,0,0,111086,220,220,1,12,220,0,100,12,1,29
0,58,12,0,12330,220,0,220,12,12,0,95,0,104,0,220,0,0,0,12,0,0,58,0,81,220,66,52,220,76,220,102,82,12,12,0,0,12,0,220,0,58,12,220,12,0,102,0,81,12,1,0,95,0,5,220,104,0,0,0,0,111088,220,220,1,12,220,0,94,12,1,107
0,194,220,0,12331,0,0,62,220,220,0,89,0,189,0,62,0,0,1,220,0,0,147,0,200,41,66,52,0,76,41,102,211,220,220,0,0,220,0,62,0,185,220,41,220,0,102,0,160,220,1,0,6,0,5,62,149,0,0,0,0,111088,0,41,1,220,0,0,94,220,1,198
0,177,177,0,12332,220,0,220,45,45,1,87,0,14,0,220,0,0,2,14,0,0,221,0,45,220,66,52,220,76,220,102,45,45,14,0,0,14,0,220,0,178,177,220,177,0,102,0,221,45,0,0,12,0,1,220,221,0,0,0,0,111088,220,220,1,177,220,0,91,14,1,14
0,232,143,0,3767,220,0,220,220,75,0,70,0,102,0,220,0,0,0,130,0,0,231,0,73,220,66,52,143,100,220,102,232,75,220,0,0,220,0,220,0,54,220,220,220,0,102,0,231,220,1,0,15,0,0,130,231,0,0,0,0,111091,220,75,1,143,220,0,93,130,1,232
0,29,143,0,3766,143,0,130,75,75,0,79,0,33,0,130,0,0,1,130,0,0,54,0,33,75,66,52,143,100,75,102,29,75,130,0,0,130,0,130,0,31,143,75,143,0,102,0,74,75,1,0,18,0,0,130,84,0,0,0,0,111091,143,75,1,143,143,0,93,130,1,29
0,177,177,0,5684,220,0,220,45,45,1,85,0,12,0,220,0,0,2,14,0,0,225,1,39,220,66,52,220,76,220,102,44,45,14,0,0,14,0,220,0,153,177,220,177,0,102,0,225,45,0,0,14,0,1,220,225,0,0,0,0,111091,220,220,1,177,220,0,91,14,1,13
0,231,3,0,16190,3,0,28,77,77,0,88,0,193,7,28,0,0,0,28,0,0,232,0,0,77,66,52,3,100,77,102,231,77,28,0,0,28,0,28,0,242,3,77,3,0,102,0,232,77,1,0,5,0,0,28,232,0,0,0,0,111097,3,77,1,3,3,0,98,28,1,231
0,31,239,0,16191,239,0,255,255,255,0,89,0,58,0,255,0,0,1,255,0,0,18,0,107,255,66,52,239,100,255,102,106,255,255,0,0,255,0,255,0,31,239,255,239,0,102,0,232,255,1,0,8,0,0,255,100,0,0,0,0,111097,239,255,1,239,239,0,98,255,1,58
0,14,220,0,16192,220,0,220,220,220,0,85,0,112,0,220,0,0,2,220,0,0,218,0,37,220,66,52,220,76,220,102,38,220,220,0,0,111,0,220,0,13,13,220,220,0,102,0,218,37,0,0,14,0,0,220,218,0,0,0,0,111097,220,220,1,220,220,0,92,220,1,112
0,64,63,0,3295,63,0,120,19,83,0,67,0,220,0,120,0,0,0,120,0,0,238,0,16,83,0,161,224,78,83,301,85,83,202,1,0,202,0,120,0,251,224,83,224,0,301,0,30,19,0,0,26,0,0,202,182,0,0,0,1,111099,63,19,1,63,63,0,86,120,1,125
0,53,220,0,3296,220,0,220,220,220,0,92,0,83,8,220,0,0,1,220,0,0,54,0,70,220,0,160,220,78,220,300,68,220,220,0,0,220,0,220,0,54,220,220,220,0,300,0,70,220,0,0,92,0,0,220,83,0,0,0,1,111099,220,220,1,220,220,0,95,220,1,78
0,218,227,0,5686,220,0,220,4,4,0,86,0,112,0,220,0,0,2,171,0,0,245,0,83,220,0,161,220,78,220,301,73,4,171,0,0,171,0,220,0,230,227,220,227,0,301,0,125,4,0,0,7,0,0,220,157,0,0,0,1,111099,220,220,1,227,220,0,70,171,1,100
0,0,206,0,4665,17,0,88,220,0,0,93,0,210,7,88,0,0,0,206,0,0,236,0,68,170,0,161,206,78,170,301,163,0,220,0,0,220,0,88,0,236,220,170,220,0,301,0,68,220,0,0,93,0,0,206,210,0,0,0,1,111109,17,0,1,206,17,0,82,206,1,83
0,44,227,0,4666,227,0,255,14,14,0,58,0,99,7,255,0,0,1,255,0,0,43,0,126,14,0,160,227,78,14,300,68,14,255,0,0,255,0,255,0,49,227,14,227,0,300,0,75,14,0,0,36,0,0,255,53,0,0,0,1,111109,227,14,1,227,227,0,95,255,1,48
0,105,12,0,5688,12,0,12,8,12,0,79,0,227,0,12,0,0,2,12,0,0,81,0,119,12,0,161,12,78,12,301,105,12,176,0,0,176,0,12,0,126,75,12,75,0,301,0,93,8,0,0,15,0,0,12,169,0,0,0,1,111109,12,12,1,12,12,0,46,12,1,192
0,23,153,0,13370,153,0,131,74,74,0,89,0,30,0,131,0,0,0,131,0,0,25,0,59,74,0,164,153,78,74,304,76,74,131,2,0,131,0,131,0,168,153,74,153,0,304,0,76,74,0,1,10,0,0,131,113,0,0,0,1,111111,153,74,1,153,153,0,99,131,1,113
0,231,134,0,13371,165,0,39,56,56,0,98,0,225,7,31,0,0,1,31,0,0,226,0,223,53,0,164,165,79,56,304,231,53,31,2,0,39,0,31,0,226,134,56,165,0,304,0,223,53,0,1,98,0,0,31,225,0,0,0,1,111111,165,56,1,165,134,0,99,39,1,231
0,199,12,0,13372,12,0,12,12,12,0,99,0,198,0,12,0,0,2,12,0,0,205,0,182,12,0,164,12,79,12,304,176,12,12,0,0,12,0,12,0,205,12,12,12,0,304,0,182,12,0,0,99,0,0,12,198,0,0,0,1,111111,12,12,1,12,12,0,99,12,1,192
0,245,220,0,4669,220,0,220,220,220,0,89,0,108,7,220,0,0,0,220,0,0,0,0,38,220,0,164,220,78,220,304,39,220,220,0,0,220,0,220,0,236,220,220,220,0,304,0,96,220,0,1,10,0,0,220,133,0,0,0,1,111112,220,220,1,220,220,0,75,220,1,117
0,231,154,0,4670,154,0,77,45,45,0,90,0,236,7,77,0,0,1,77,0,0,150,0,234,45,0,164,154,79,45,304,231,45,77,0,0,77,0,77,0,235,154,45,154,0,304,0,192,45,0,1,9,0,0,77,208,0,1,0,1,111112,154,45,1,154,154,0,86,77,1,231
0,23,12,0,5689,12,0,12,12,12,0,99,0,161,0,12,0,0,2,12,0,0,24,0,142,12,0,164,12,78,12,304,141,12,12,0,0,12,0,12,0,24,12,12,12,0,304,0,142,12,0,0,99,0,0,12,161,0,0,0,1,111112,12,12,1,12,12,0,100,12,1,161
0,32,220,0,8462,220,0,220,220,220,0,97,0,65,19,220,0,0,0,220,0,0,40,0,60,220,0,1,220,78,220,60,54,220,220,0,0,220,0,220,0,40,220,220,220,0,60,0,60,220,0,1,97,0,0,220,65,0,0,0,1,111114,220,220,1,220,220,0,87,220,1,59
0,230,147,0,8463,147,0,132,90,90,0,96,0,237,0,132,0,0,1,132,0,0,237,0,238,90,0,160,147,78,90,300,230,90,132,0,0,132,0,132,0,237,147,90,147,0,300,0,238,90,0,1,96,0,0,132,237,0,0,0,1,111114,147,90,1,147,147,0,93,132,1,230
0,65,171,0,8464,171,0,171,172,172,0,81,0,26,0,171,0,0,2,171,0,0,67,0,26,172,0,1,171,78,172,60,69,172,171,0,0,171,0,171,0,26,171,172,171,0,60,0,71,172,0,0,16,0,0,171,68,0,0,0,1,111114,171,172,1,171,171,0,53,171,1,66
0,220,144,0,13528,144,0,55,58,58,0,96,0,221,0,55,0,0,0,55,0,0,221,0,221,58,0,1,144,79,58,137,220,58,55,0,0,55,0,55,0,221,144,58,144,0,137,0,221,58,0,0,96,0,0,55,221,0,0,0,1,111115,144,58,1,144,144,0,100,55,1,220
0,144,220,0,13529,220,0,220,220,220,0,100,0,55,0,220,0,0,1,220,0,0,145,0,58,220,0,1,220,78,220,137,57,220,220,0,0,220,0,220,0,145,220,220,220,0,137,0,58,220,0,0,100,0,0,220,55,0,0,0,1,111115,220,220,1,220,220,0,100,220,1,54
0,29,220,0,13530,220,0,220,220,220,0,100,0,30,0,220,0,0,2,220,0,0,30,0,30,220,0,1,220,78,220,137,29,220,220,0,0,220,0,220,0,30,220,220,220,0,137,0,30,220,0,0,100,0,0,220,30,0,0,0,1,111115,220,220,1,220,220,0,100,220,1,29
68,30,209,0,11476,209,0,178,101,101,0,82,0,29,0,178,0,0,0,178,0,0,161,0,29,101,0,1,209,100,101,4,30,101,178,0,0,178,0,178,0,29,209,101,209,0,4,0,33,101,0,0,14,0,0,178,29,0,0,0,0,111117,209,101,1,209,209,0,99,178,1,30
68,231,12,0,11477,220,0,220,220,12,0,53,0,230,0,220,0,0,1,12,0,0,161,0,230,220,0,1,12,100,220,4,231,12,220,0,0,220,0,220,0,230,220,220,220,0,4,0,33,220,0,0,43,0,0,12,29,0,1,0,0,111117,220,12,1,12,220,0,99,12,1,231
68,72,220,0,11478,220,0,220,220,220,0,91,0,49,0,220,0,0,2,220,0,0,224,0,106,220,0,1,220,76,220,4,105,220,220,0,0,220,0,220,0,72,220,220,220,0,4,0,224,220,0,0,5,0,0,220,223,0,0,0,0,111117,220,220,1,220,220,0,90,220,1,49
0,12,12,0,4668,212,0,191,137,12,0,85,0,67,0,191,0,0,0,12,0,0,10,0,58,137,0,17,220,79,137,232,13,12,191,0,0,191,0,191,0,182,212,137,212,0,232,0,11,137,0,1,14,0,0,220,10,0,0,0,1,111130,212,220,1,12,212,0,100,12,1,12
0,224,12,0,4667,12,0,12,12,12,0,85,0,221,0,12,0,0,1,12,0,0,10,0,230,12,0,17,12,79,12,232,230,12,12,0,0,12,0,12,0,224,12,12,12,0,232,0,11,12,0,1,14,0,0,12,10,0,1,0,1,111130,12,12,1,12,12,0,91,12,1,221
0,130,220,0,5690,220,0,220,220,220,0,100,0,215,0,220,0,0,2,220,0,0,130,0,112,220,0,17,220,78,220,232,112,220,220,0,0,220,0,220,0,130,220,220,220,0,232,0,112,220,0,0,100,0,0,220,215,0,0,0,1,111130,220,220,1,220,220,0,100,220,1,215
39,33,220,0,7880,220,0,220,220,220,0,85,0,23,0,220,0,0,0,220,0,0,56,0,23,220,0,96,220,100,220,182,30,220,220,0,0,220,0,220,0,20,220,220,220,0,182,0,86,220,0,1,8,0,0,220,75,0,0,0,0,111138,220,220,1,220,220,0,79,220,1,29
39,120,12,0,7881,12,0,12,12,12,0,85,0,171,7,12,-1,0,1,12,0,0,30,0,213,12,0,96,12,76,12,182,208,12,12,0,0,12,0,12,0,100,12,12,12,0,182,0,31,12,0,1,8,0,9,12,31,0,0,0,0,111138,12,12,1,12,12,0,89,12,1,170
39,240,12,0,7882,12,0,12,12,12,0,91,0,234,0,12,0,0,2,12,0,0,214,0,82,12,0,96,12,100,12,182,108,12,12,0,0,12,0,12,0,245,12,12,12,0,182,0,54,12,0,1,5,0,0,12,183,0,0,0,0,111138,12,12,1,12,12,0,84,12,1,231
39,42,220,0,4827,220,0,220,220,220,0,72,0,93,0,220,-1,0,0,220,0,0,33,0,160,220,0,96,220,0,220,182,45,220,220,0,0,220,0,220,0,53,220,220,220,0,182,0,34,220,0,1,25,0,9,220,34,0,0,0,0,111139,220,220,1,220,220,0,100,220,1,43
39,53,220,0,4826,3,0,12,170,220,0,86,0,254,0,49,0,0,1,220,0,0,52,0,254,12,0,96,220,100,170,182,148,220,49,0,0,49,0,49,0,254,3,170,3,0,182,0,154,170,0,1,10,0,0,220,85,0,0,0,0,111139,3,220,1,220,12,0,87,220,1,81
39,240,12,0,4828,12,0,12,12,12,0,91,0,234,0,12,0,0,2,12,0,0,214,0,82,12,0,96,12,100,12,182,108,12,12,0,0,12,0,12,0,245,12,12,12,0,182,0,56,12,0,1,5,0,0,12,184,0,0,0,0,111139,12,12,1,12,12,0,84,12,1,231
39,24,147,0,4549,154,0,137,62,62,0,97,0,53,0,137,-1,0,0,138,0,0,24,0,54,66,0,96,154,0,66,182,54,62,138,0,0,138,0,137,0,24,147,66,147,0,182,0,54,62,0,1,97,0,9,137,53,0,1,0,0,111140,154,66,1,147,154,0,99,138,1,54
39,230,167,0,4550,168,0,169,172,172,0,81,0,232,0,169,0,0,1,169,0,0,143,0,165,173,0,96,168,100,173,182,230,172,169,0,0,169,0,169,0,224,167,173,167,0,182,0,131,172,0,1,16,0,0,169,152,0,0,0,0,111140,168,173,1,167,168,0,91,169,1,230
39,61,220,0,4582,220,0,220,220,220,0,84,0,130,0,220,0,0,2,220,0,0,3,0,187,220,0,96,220,100,220,182,183,220,220,0,0,220,0,220,0,82,220,220,220,0,182,0,200,220,0,1,6,0,0,220,140,0,0,0,0,111140,220,220,1,220,220,0,74,220,1,125
39,133,29,0,3900,18,0,220,77,77,0,91,0,179,0,27,0,0,0,26,0,0,148,0,95,220,0,96,18,100,77,182,201,77,26,0,0,26,0,27,0,89,29,77,29,0,182,0,210,77,1,1,6,0,0,27,214,0,0,0,0,111144,18,77,1,29,220,0,92,26,1,207
39,33,121,0,3899,121,0,165,170,170,0,88,0,57,0,165,-1,0,1,165,0,0,163,0,65,170,0,96,121,100,170,182,52,170,165,0,0,165,0,165,0,43,121,170,121,0,182,0,214,170,0,1,6,0,9,165,215,0,0,0,0,111144,121,170,1,121,121,0,89,165,1,44
39,123,220,0,3938,220,0,220,220,220,0,89,0,63,0,220,0,0,2,220,0,0,157,0,140,220,0,96,220,100,220,182,127,220,220,0,0,220,0,220,0,138,220,220,220,0,182,0,162,220,1,1,5,0,0,220,121,0,0,0,0,111144,220,220,1,220,220,0,69,220,1,57
0,231,12,0,1747,12,0,12,12,12,0,82,0,230,0,12,0,0,0,12,0,0,154,0,230,12,0,133,12,0,12,260,231,12,12,0,0,12,0,12,0,230,12,12,12,0,260,0,139,12,0,0,12,0,0,12,150,0,0,0,0,111205,12,12,1,12,12,0,95,12,1,231
0,37,220,0,1748,220,0,220,220,220,0,77,0,40,0,220,0,0,1,220,0,0,80,0,40,220,0,133,220,0,220,260,37,220,220,0,0,220,0,220,0,40,220,220,220,0,260,0,75,220,0,0,10,0,0,220,79,0,0,0,0,111205,220,220,1,220,220,0,95,220,1,37
0,229,12,0,1749,12,0,12,12,12,0,69,0,182,0,12,0,0,2,12,0,0,162,0,108,12,0,133,12,0,12,260,108,12,12,0,0,12,0,12,0,229,12,12,12,0,260,0,79,12,0,0,28,0,0,12,134,0,0,0,0,111205,12,12,1,12,12,0,95,12,1,182
0,190,220,0,6573,220,0,220,220,220,0,67,0,71,0,220,0,0,0,220,0,0,93,0,54,220,19,1,220,100,220,137,54,220,220,0,0,220,0,220,0,185,220,220,220,0,137,0,60,220,0,0,31,0,0,220,52,0,0,0,0,111235,220,220,1,220,220,0,100,220,1,72
0,72,220,0,6574,220,0,220,220,220,0,85,0,109,0,220,0,0,1,220,0,0,43,0,170,220,19,1,220,100,220,137,171,220,220,0,0,220,0,220,0,72,220,220,220,0,137,0,70,220,0,0,8,0,0,220,49,0,0,0,0,111235,220,220,1,220,220,0,100,220,1,109
0,29,220,0,6575,220,0,220,220,220,0,83,0,30,0,220,0,0,2,220,0,0,92,0,31,220,19,1,220,100,220,137,29,220,220,0,0,220,0,220,0,30,220,220,220,0,137,0,102,220,0,0,14,0,0,220,94,0,0,0,0,111235,220,220,1,220,220,0,100,220,1,29
0,231,189,0,14735,189,0,58,47,47,0,84,0,231,0,58,0,0,3,58,0,0,185,0,231,47,19,1,189,100,47,137,231,47,58,0,0,58,0,58,0,231,189,47,189,0,137,0,187,47,0,0,11,0,0,58,187,0,0,0,0,111235,189,47,1,189,189,0,100,58,1,231
0,158,12,0,3725,12,0,12,12,12,0,92,0,19,0,12,0,0,0,12,0,0,28,0,27,12,2076,1,12,76,12,10,26,12,12,0,0,12,0,12,0,168,12,12,12,0,10,0,27,12,0,0,7,0,4,12,27,0,0,0,0,111239,12,12,1,12,12,0,88,12,1,21
0,30,194,0,3726,194,0,49,56,56,0,97,0,33,0,49,0,0,1,49,0,0,33,0,33,56,2076,1,194,76,56,10,30,56,49,0,0,49,0,49,0,33,194,56,194,0,10,0,33,56,0,0,97,0,4,49,33,0,0,0,0,111239,194,56,1,194,194,0,94,49,1,30
0,33,33,0,5261,220,0,220,220,220,0,59,0,53,0,220,0,0,2,220,0,0,109,0,124,220,2076,1,220,76,220,10,125,123,220,0,0,53,0,220,0,33,33,220,220,0,10,0,231,123,0,0,40,0,6,220,135,0,0,0,0,111239,220,220,1,220,220,0,94,53,1,53
0,2,220,0,7244,220,0,220,35,220,0,78,0,55,0,220,0,0,0,220,0,0,187,0,28,220,17,19,220,100,220,201,30,220,68,0,0,68,0,220,0,3,7,220,7,0,205,0,188,35,0,0,15,0,0,220,188,0,0,0,0,111273,220,220,1,220,220,0,100,220,1,60
0,30,220,0,7245,12,0,12,220,220,0,59,0,232,11,12,0,0,1,220,0,0,171,0,232,12,17,19,220,100,12,201,30,220,220,0,0,220,0,12,0,231,220,12,220,0,205,0,174,220,0,0,26,0,0,220,173,0,0,0,0,111273,12,220,1,220,12,0,100,220,1,30
0,15,220,0,7246,220,0,220,175,220,0,89,0,145,7,220,0,0,2,220,0,0,11,0,174,220,17,19,220,100,220,201,181,220,151,0,0,151,0,220,0,15,47,220,47,0,205,0,127,175,0,0,7,0,0,220,106,0,0,0,0,111273,220,220,1,220,220,0,94,220,1,151
0,31,220,0,11291,220,0,220,81,220,0,92,0,50,0,220,0,0,0,220,0,0,36,0,82,220,17,19,220,100,220,201,71,220,49,0,0,49,0,220,0,36,36,220,36,0,201,0,82,81,0,0,92,0,0,220,50,0,0,0,0,111276,220,220,1,220,220,0,87,220,1,43
0,120,180,0,11292,180,0,151,42,110,0,94,0,30,0,151,0,0,1,151,0,0,138,0,46,110,17,19,180,100,110,201,38,110,26,0,0,26,0,151,0,138,149,110,149,0,201,0,46,42,0,0,94,0,0,151,30,0,0,0,0,111276,180,110,1,180,180,0,87,151,1,24
0,254,220,0,11293,220,0,220,89,220,0,75,0,22,0,220,0,0,2,220,0,0,235,0,90,220,17,19,220,100,220,201,89,220,22,0,0,22,0,220,0,254,255,220,255,0,201,0,233,89,0,0,17,0,0,220,233,0,0,0,0,111276,220,220,1,220,220,0,86,220,1,21
0,2,220,0,11047,198,0,33,12,220,0,94,0,228,8,33,0,0,0,220,0,0,228,0,228,97,0,1,220,76,97,1,90,220,20,0,0,20,0,20,0,228,198,12,198,0,1,0,228,12,0,0,94,0,0,220,228,0,0,0,0,111325,0,220,1,220,0,0,82,220,1,34
0,231,9,0,11048,220,0,220,220,206,0,92,0,46,19,220,0,0,1,35,0,0,42,0,94,220,0,1,9,76,220,1,231,206,220,0,0,220,0,220,0,42,220,220,220,0,1,0,94,220,0,0,92,0,0,35,46,0,0,0,0,111325,220,206,1,9,220,0,96,35,1,231
0,103,220,0,11049,220,0,220,220,220,0,79,0,18,7,220,0,0,2,220,0,0,36,0,24,220,0,1,220,76,220,1,22,220,220,0,0,220,0,220,0,107,220,220,220,0,1,0,74,220,0,0,9,0,0,220,50,0,0,0,0,111325,220,220,1,220,220,0,92,220,1,16
0,30,220,0,5904,220,0,220,220,220,0,58,0,32,0,220,0,0,0,220,0,0,230,0,32,220,0,7,220,100,220,98,30,220,220,0,0,220,0,220,0,32,220,220,220,0,98,0,230,220,1,0,14,0,0,220,230,0,0,0,0,111328,220,220,1,220,220,0,96,220,1,30
0,30,220,0,5905,220,0,220,220,220,0,90,0,33,0,220,0,0,1,220,0,0,33,0,33,220,0,7,220,100,220,98,30,220,220,0,0,220,0,220,0,33,220,220,220,0,98,0,33,220,1,0,90,0,0,220,33,0,0,0,0,111328,220,220,1,220,220,0,96,220,1,30
0,39,33,0,5906,220,0,220,220,220,0,73,0,108,0,220,0,0,2,220,0,0,39,0,85,220,0,7,220,100,220,98,127,83,220,0,0,102,0,220,0,33,33,220,220,0,98,0,124,83,0,0,26,0,0,220,157,0,0,0,0,111328,220,220,1,220,220,0,100,102,1,161
0,30,232,0,11000,12,0,193,12,109,0,60,0,171,9,12,0,0,0,193,0,0,30,0,18,109,0,1,232,86,12,10,30,109,12,2,0,193,0,12,0,220,232,12,12,0,10,0,29,109,1,0,36,0,0,193,30,0,0,0,0,111329,12,109,1,232,232,0,99,193,1,30
0,230,234,0,11001,12,0,178,12,12,0,90,0,227,7,12,0,0,1,12,0,0,26,0,227,34,0,1,12,84,12,10,230,34,12,2,0,178,0,12,0,227,234,12,12,0,10,0,26,34,1,0,5,0,0,12,26,0,0,0,0,111329,12,12,1,12,234,0,97,178,1,230
0,0,220,0,11002,220,0,220,220,220,0,76,0,107,0,220,0,0,2,220,0,0,7,0,226,220,0,1,220,84,220,10,227,220,220,0,0,63,0,220,0,0,8,220,220,0,10,0,123,124,0,0,23,0,0,220,63,0,0,0,0,111329,220,220,1,220,220,0,80,220,1,107
0,30,129,0,10912,129,0,97,3,3,0,48,0,19,7,97,0,0,0,97,0,0,30,0,44,3,0,1,129,76,3,5,30,3,97,0,0,97,0,97,0,200,129,3,129,0,5,0,30,3,1,0,47,0,0,97,30,0,0,0,0,111334,129,3,1,129,129,0,97,97,1,30
0,231,220,0,10913,12,0,12,11,220,0,96,0,216,0,12,0,0,1,220,0,0,227,0,89,12,0,1,12,85,12,94,231,220,245,0,0,245,0,12,0,227,255,12,255,0,94,0,89,11,1,0,96,0,0,12,216,0,0,0,0,111334,12,12,1,220,12,0,98,220,1,231
0,60,12,0,10914,12,0,12,95,95,0,91,0,205,0,12,0,0,2,145,0,0,7,0,153,12,0,1,12,76,12,94,152,12,145,0,0,145,0,12,0,61,7,12,7,0,94,0,96,95,0,0,8,0,0,12,146,0,0,0,0,111334,12,12,1,7,12,0,94,12,1,204
68,231,27,0,3397,27,0,17,79,79,0,78,0,231,0,17,0,0,0,17,0,0,43,0,231,79,0,1,27,100,79,4,231,79,17,0,0,17,0,17,0,231,27,79,27,0,4,0,115,79,0,0,19,0,11,17,60,0,1,0,0,111339,27,79,1,27,27,0,97,17,1,231
68,40,220,0,3396,220,0,220,220,220,0,99,0,49,7,220,0,0,1,220,0,0,0,0,108,220,0,1,220,100,220,4,76,220,220,0,0,220,0,220,0,0,220,220,220,0,4,0,108,220,0,0,99,0,11,220,49,0,0,0,0,111339,220,220,1,220,220,0,97,220,1,51
68,125,220,0,6214,220,0,220,220,220,0,85,0,88,0,220,0,0,2,220,0,0,123,0,91,220,0,1,220,76,220,1,143,220,220,0,0,220,0,220,0,177,220,220,220,0,1,0,141,220,0,0,14,0,1,220,7,0,1,0,0,111339,220,220,1,220,220,0,100,220,1,7
0,138,220,0,3142,220,0,220,12,220,0,98,0,33,9,220,0,0,0,220,0,0,141,0,48,220,0,29,220,351,220,27,46,220,12,0,0,12,0,220,0,141,12,220,12,351,27,0,48,12,0,0,98,0,0,220,33,0,0,0,0,111393,220,220,1,220,220,0,100,220,1,31
0,30,220,0,3143,12,0,12,220,12,0,88,0,174,19,12,0,0,1,12,0,0,30,0,206,12,0,29,12,351,12,27,30,220,220,0,0,220,0,12,0,187,220,12,220,351,27,0,31,220,0,0,9,0,0,12,30,0,0,0,0,111393,12,12,1,12,12,0,100,220,1,30
0,33,220,0,4409,12,0,12,220,12,0,89,0,154,19,12,0,0,2,12,0,0,230,0,215,12,0,29,12,351,12,27,215,220,220,0,0,220,0,12,0,33,220,12,220,351,27,0,231,220,0,0,6,0,0,12,231,0,0,0,0,111393,12,12,1,12,12,0,100,220,1,153
0,86,220,0,3146,9,0,220,220,220,0,90,0,93,0,47,0,0,0,220,0,0,1,0,36,220,0,29,255,351,87,27,34,220,220,0,0,220,0,47,0,235,220,87,220,351,27,0,83,220,0,0,6,0,0,78,55,0,0,0,0,111395,9,0,1,220,220,0,96,220,1,15
0,240,220,0,3147,188,0,220,220,220,0,96,0,15,11,163,0,0,1,220,0,0,91,0,43,220,0,29,188,351,96,27,219,220,220,0,0,220,0,163,0,91,220,96,220,351,27,0,43,220,0,0,96,0,0,163,15,0,0,0,0,111395,188,96,1,220,220,0,88,220,1,233
0,36,220,0,4410,255,0,220,220,220,0,95,0,35,0,78,0,0,2,220,0,0,32,0,38,220,0,29,255,351,0,27,31,220,220,0,0,220,0,78,0,32,220,0,220,351,27,0,38,220,0,0,95,0,0,78,35,0,0,0,0,111395,255,0,1,220,220,0,96,220,1,28
0,254,220,0,3148,12,0,12,220,12,0,98,0,197,7,12,0,0,0,12,0,0,248,0,35,12,0,29,12,351,12,27,45,220,220,0,0,220,0,12,0,248,220,12,220,351,27,0,35,220,0,0,98,0,8,12,197,0,0,0,0,111396,12,12,1,12,12,0,98,220,1,198
0,11,12,0,3149,220,0,220,12,220,0,99,0,40,7,220,0,0,1,220,0,0,14,0,74,220,0,29,220,351,220,27,65,12,12,0,0,12,0,220,0,14,12,220,12,351,27,0,74,12,0,0,99,0,8,220,40,0,0,0,0,111396,220,220,1,220,220,0,98,12,1,34
0,199,220,0,4411,12,0,12,220,12,0,91,0,194,7,12,0,0,2,12,0,0,32,0,194,12,0,29,12,351,12,27,199,220,220,0,0,220,0,12,0,194,220,12,220,351,27,0,32,220,0,0,7,0,8,12,32,0,0,0,0,111396,12,12,1,12,12,0,98,220,1,199
0,13,9,0,3150,220,0,47,87,220,0,88,0,27,7,220,0,0,0,220,0,0,226,0,43,87,0,29,220,351,220,27,43,87,47,0,0,47,0,220,0,14,9,220,9,351,27,0,226,87,0,0,10,0,0,220,226,0,0,0,0,111397,220,220,1,220,9,0,95,47,1,27
0,187,220,0,3151,9,0,220,220,87,0,90,0,191,7,47,0,0,1,47,0,0,231,0,192,220,0,29,9,351,87,27,191,220,220,0,0,220,0,47,0,188,220,87,220,351,27,0,231,220,0,0,6,0,0,47,231,0,0,0,0,111397,9,87,1,9,220,0,95,220,1,190
0,235,220,0,4414,9,0,220,220,87,0,95,0,222,7,47,0,0,2,47,0,0,235,0,69,220,0,29,9,351,87,27,68,220,220,0,0,220,0,47,0,235,220,87,220,351,27,0,69,220,0,0,95,0,0,47,222,0,0,0,0,111397,9,87,1,9,220,0,95,220,1,222
0,0,12,0,3152,12,0,12,220,220,0,60,0,165,11,12,0,0,0,220,0,0,2,0,112,12,0,29,220,351,12,27,59,12,220,0,0,220,0,12,0,197,220,12,220,351,27,0,60,220,0,0,36,0,0,220,37,0,0,0,0,111398,12,220,1,220,12,0,95,12,1,36
0,190,12,0,3153,12,0,12,220,220,0,66,0,239,7,12,0,0,1,220,0,0,190,0,236,12,0,29,220,351,12,27,97,12,220,0,0,220,0,12,0,240,220,12,220,351,27,0,97,220,0,0,28,0,0,220,157,0,0,0,0,111398,12,220,1,220,12,0,94,12,1,157
0,29,12,0,4415,220,0,220,12,220,0,98,0,30,7,220,0,0,2,220,0,0,30,0,30,220,0,29,220,351,220,27,29,12,12,0,0,12,0,220,0,30,12,220,12,351,27,0,30,12,0,0,98,0,0,220,30,0,0,0,0,111398,220,220,1,220,220,0,95,12,1,29
0,51,73,0,3154,245,0,13,103,33,0,96,0,32,8,130,0,0,0,130,0,0,57,0,88,103,0,29,245,351,33,27,83,103,13,0,0,13,0,130,0,57,73,33,73,351,27,0,88,103,0,0,96,0,0,130,32,0,0,0,0,111399,245,33,1,245,73,0,98,13,1,23
0,188,187,0,3155,73,0,170,210,103,0,89,0,170,8,13,0,0,1,13,0,0,48,0,211,210,0,29,73,351,103,27,212,210,170,0,0,170,0,13,0,190,187,103,187,351,27,0,79,210,0,0,9,0,0,13,21,0,0,0,0,111399,73,103,1,73,187,0,94,170,1,171
0,233,220,0,4417,73,0,220,220,103,0,91,0,153,0,13,0,0,2,13,0,0,69,0,91,220,0,29,73,351,103,27,94,220,220,0,0,220,0,13,0,247,220,103,220,351,27,0,97,220,0,0,7,0,0,13,15,0,0,0,0,111399,73,103,1,73,220,0,98,220,1,151
0,45,12,0,3156,32,0,220,220,220,0,90,0,154,0,60,0,0,0,220,0,0,47,0,212,220,0,29,220,351,123,27,78,12,220,0,0,220,0,60,0,81,220,123,220,351,27,0,80,220,0,0,8,0,9,220,63,0,0,0,0,111400,32,220,1,220,220,0,99,12,1,61
0,214,220,0,3157,9,0,220,220,87,0,94,0,237,0,47,0,0,1,47,0,0,216,0,228,220,0,29,9,351,87,27,227,220,220,0,0,220,0,47,0,216,220,87,220,351,27,0,228,220,0,0,94,0,9,47,237,0,0,0,0,111400,9,87,1,9,220,0,90,220,1,236
0,249,12,0,4418,220,0,220,12,220,0,95,0,85,0,220,0,0,2,220,0,0,250,0,1,220,0,29,220,351,220,27,1,12,12,0,0,12,0,220,0,250,12,220,12,351,27,0,1,12,0,0,95,0,9,220,85,0,0,0,0,111400,220,220,1,220,220,0,94,12,1,84
0,231,142,0,1336,142,0,49,59,59,0,84,0,231,0,49,0,0,0,49,0,0,151,0,231,59,32,22,142,76,59,213,231,59,49,0,0,49,0,49,0,231,142,59,142,0,207,0,61,59,0,0,12,0,0,49,53,0,0,0,0,111433,142,59,1,142,142,0,96,49,1,231
0,157,220,0,1337,220,0,220,220,220,0,83,0,56,0,220,0,0,1,220,0,0,231,0,65,220,32,22,220,76,220,213,65,220,220,0,0,220,0,220,0,155,220,220,220,0,207,0,231,220,0,0,13,0,0,220,231,0,0,0,0,111433,220,220,1,220,220,0,97,220,1,56
0,85,228,0,3789,228,0,237,182,182,0,67,0,84,0,237,0,0,2,237,0,0,43,0,88,182,32,22,228,76,182,207,89,182,237,0,0,237,0,237,0,84,228,182,228,0,207,0,49,182,0,0,25,0,0,237,45,0,0,0,0,111433,228,182,1,228,228,0,91,237,1,85
0,228,12,0,8437,220,0,12,12,12,0,77,0,138,0,220,0,0,0,12,0,0,214,0,141,12,31,22,220,31,220,213,43,12,12,2,0,12,0,220,0,136,12,220,12,0,207,0,41,12,0,0,21,0,5,220,8,0,0,0,0,111434,220,220,1,12,12,0,80,12,1,3
0,230,220,0,8438,12,0,220,220,220,0,95,0,231,8,12,0,0,1,220,0,0,231,0,231,220,31,22,12,31,12,213,230,220,220,2,0,220,0,12,0,231,220,12,220,0,207,0,231,220,0,0,95,0,5,12,231,0,0,0,0,111434,12,12,1,220,220,0,96,220,1,230
0,233,12,0,8439,12,0,12,220,12,0,79,0,79,19,12,0,0,2,12,0,0,143,0,27,12,31,22,12,31,12,213,27,12,220,2,0,12,0,12,0,232,12,12,220,0,207,0,108,12,0,0,12,0,0,12,187,0,0,0,0,111434,12,12,1,12,12,0,99,12,1,79
0,29,12,0,13357,128,0,12,12,12,0,94,0,30,11,128,0,0,3,12,0,0,30,0,30,12,31,22,128,31,128,213,29,12,12,2,0,12,0,128,0,30,12,128,12,0,207,0,30,12,0,0,94,0,5,128,30,0,0,0,0,111434,128,128,1,12,12,0,92,12,1,29
0,222,220,0,12114,42,0,123,220,220,0,85,0,222,0,123,0,0,0,220,0,0,52,0,222,98,0,17,42,79,98,11,223,220,220,0,0,220,0,123,0,222,220,98,220,0,11,0,66,220,0,0,14,0,0,123,78,0,1,0,1,111448,42,98,1,220,42,0,91,220,1,221
0,52,220,0,12115,220,0,220,220,220,0,85,0,178,0,220,0,0,1,220,0,0,51,0,138,220,0,17,220,79,220,11,66,220,220,0,0,220,0,220,0,98,220,220,220,0,11,0,65,220,0,0,14,0,0,220,78,0,0,0,1,111448,220,220,1,220,220,0,91,220,1,79
0,138,72,0,12116,220,0,220,159,159,0,100,0,187,0,220,0,0,2,113,0,0,137,0,251,220,0,17,220,78,220,11,252,159,113,0,0,113,0,220,0,137,72,220,72,0,11,0,251,159,0,0,100,0,0,220,187,0,0,0,1,111448,220,220,1,72,220,0,100,113,1,188
0,0,194,0,4833,194,0,228,107,107,0,93,0,107,7,228,0,0,0,228,0,0,0,0,106,107,0,1,194,78,107,51,107,107,228,0,0,228,0,228,0,0,194,107,194,0,51,0,106,107,0,0,93,0,8,228,107,0,0,0,1,111451,194,107,1,194,194,0,99,228,1,108
0,231,15,0,4834,15,0,86,78,78,0,93,0,229,7,86,0,0,1,86,0,0,4,0,229,78,0,1,15,78,78,51,231,78,86,0,0,86,0,86,0,229,15,78,15,0,51,0,42,78,0,0,5,0,8,86,86,0,0,0,1,111451,15,78,1,15,15,0,99,86,1,231
0,117,220,0,5695,220,0,220,220,220,0,91,0,95,7,220,0,0,2,220,0,0,30,0,144,220,0,1,220,78,220,51,149,220,220,0,0,220,0,220,0,113,220,220,220,0,51,0,30,220,0,0,7,0,8,220,30,0,0,0,1,111451,220,220,1,220,220,0,97,220,1,98
0,164,220,0,6958,220,0,12,28,28,0,97,0,16,7,220,0,0,0,40,0,0,150,0,38,12,0,110,220,78,220,216,35,220,40,0,0,220,0,220,0,150,220,220,197,0,216,0,38,220,0,1,97,0,0,220,16,0,0,0,1,111455,220,220,1,197,12,0,99,220,1,9
0,13,220,0,6959,220,0,12,12,12,0,88,0,17,0,220,0,0,1,12,0,0,66,0,25,12,0,110,220,78,220,216,24,220,12,0,0,220,0,220,0,14,220,220,12,0,216,0,74,220,0,1,5,0,0,220,68,0,0,0,1,111455,220,220,1,12,12,0,99,220,1,16
0,40,220,0,6960,220,0,220,194,194,0,82,0,72,0,220,0,0,2,75,0,0,87,0,160,220,0,110,220,78,220,216,159,220,75,0,0,220,0,220,0,43,220,220,36,0,216,0,190,220,0,0,13,0,10,220,125,0,0,0,1,111455,220,220,1,36,220,0,99,220,1,69
0,6,220,0,18236,220,0,220,220,220,0,97,0,35,7,220,0,0,0,220,0,0,10,0,83,220,0,1,220,78,220,7,74,220,220,0,0,220,0,220,0,10,220,220,220,0,7,0,83,220,0,0,97,0,8,220,35,0,0,0,1,111456,220,220,1,220,220,0,99,220,1,29
0,210,0,0,18237,0,0,10,65,65,0,74,0,203,7,10,0,0,1,10,0,0,166,0,205,65,0,1,0,78,65,7,211,65,10,0,0,10,0,10,0,202,0,65,0,0,7,0,177,65,0,0,20,0,8,10,170,0,0,0,1,111456,0,65,1,0,0,0,95,10,1,210
0,249,12,0,18238,12,0,12,12,12,0,56,0,84,0,12,0,0,2,12,0,0,200,0,39,12,0,1,12,78,12,7,40,12,12,0,0,12,0,12,0,244,12,12,12,0,7,0,25,12,0,0,24,0,8,12,55,0,0,0,1,111456,12,12,1,12,12,0,100,12,1,87
0,231,12,0,13227,12,0,12,12,12,0,85,0,231,7,12,0,0,0,12,0,0,30,0,231,12,0,164,12,79,12,304,231,12,12,0,0,12,0,12,0,231,12,12,12,0,304,0,34,12,0,1,9,0,0,12,31,0,0,0,1,111462,12,12,1,12,12,0,94,12,1,231
0,253,12,0,13228,12,0,12,12,12,0,64,0,184,0,12,0,0,1,12,0,0,178,0,65,12,0,164,12,78,12,304,66,12,12,0,0,12,0,12,0,250,12,12,12,0,304,0,51,12,0,1,25,0,0,12,136,0,0,0,1,111462,12,12,1,12,12,0,90,12,1,186
0,176,12,0,13229,12,0,12,12,12,0,80,0,201,0,12,0,0,2,12,0,0,246,0,14,12,0,164,12,78,12,304,16,12,12,0,0,12,0,12,0,172,12,12,12,0,304,0,66,12,0,1,10,0,0,12,240,0,0,0,1,111462,12,12,1,12,12,0,56,12,1,201
0,38,26,0,3102,26,0,36,6,63,0,85,0,196,7,36,0,0,0,36,0,0,40,0,12,63,0,1,240,78,63,94,109,63,182,0,0,182,0,36,0,232,240,63,240,0,94,0,107,6,0,0,12,0,8,182,56,0,0,0,1,111465,26,6,1,26,26,0,98,36,1,57
0,32,35,0,3103,173,0,149,126,126,0,99,0,30,11,149,0,0,1,42,0,0,32,0,51,110,0,1,173,78,110,94,53,126,42,0,0,42,0,149,0,32,35,110,35,0,94,0,51,126,0,0,99,0,8,149,30,0,0,0,1,111465,173,110,1,35,173,0,100,42,1,30
0,109,108,0,5697,18,0,57,190,190,0,90,0,199,7,57,0,0,2,194,0,0,19,0,195,85,0,1,18,78,85,94,190,190,194,0,0,194,0,57,0,118,108,85,108,0,94,0,86,190,0,0,8,0,8,57,58,0,0,0,1,111465,18,85,1,108,18,0,85,194,1,195
0,30,220,0,3100,143,0,147,220,220,0,99,0,29,0,147,0,0,0,220,0,0,33,0,30,150,0,164,143,78,150,304,28,220,220,0,0,220,0,147,0,33,220,150,220,0,304,0,30,220,0,1,99,0,0,147,29,0,0,0,1,111473,143,150,1,220,143,0,100,220,1,27
0,254,12,0,3101,12,0,12,12,12,0,51,0,205,0,12,0,0,1,12,0,0,246,0,217,12,0,164,12,79,12,304,254,12,12,0,0,12,0,12,0,198,12,12,12,0,304,0,248,12,0,1,40,0,0,12,246,0,1,0,1,111473,12,12,1,12,12,0,77,12,1,254
0,212,220,0,4363,220,0,220,220,220,0,61,0,46,0,220,0,0,2,220,0,0,225,0,114,220,0,164,220,78,220,304,113,220,220,0,0,220,0,220,0,214,220,220,220,0,304,0,175,220,0,0,36,0,0,220,128,0,0,0,1,111473,220,220,1,220,220,0,69,220,1,44
0,238,220,0,18225,220,0,220,220,220,0,80,0,30,7,220,0,0,0,220,0,0,231,0,37,220,0,1,220,78,220,1,35,220,220,0,0,220,0,220,0,238,220,220,220,0,1,0,232,220,0,0,12,0,8,220,231,0,0,0,1,111475,220,220,1,220,220,0,95,220,1,27
0,254,9,0,18226,9,0,18,52,52,0,95,0,253,7,18,0,0,1,18,0,0,253,0,253,52,0,1,9,78,52,1,254,52,18,0,0,18,0,18,0,253,9,52,9,0,1,0,253,52,0,0,95,0,8,18,253,0,0,0,1,111475,9,52,1,9,9,0,94,18,1,254
0,115,220,0,18227,220,0,220,220,220,0,91,0,127,7,220,0,0,2,220,0,0,27,0,134,220,0,1,220,78,220,1,133,220,220,0,0,220,0,220,0,115,220,220,220,0,1,0,27,220,0,0,5,0,8,220,27,0,0,0,1,111475,220,220,1,220,220,0,88,220,1,126
0,84,12,0,18248,12,0,12,12,12,0,79,0,190,11,12,0,0,0,12,0,0,21,0,46,12,0,161,12,78,12,301,89,12,12,0,0,12,0,12,0,246,12,12,12,0,301,0,18,12,0,0,10,0,0,12,20,0,0,0,1,111481,12,12,1,12,12,0,82,12,1,142
0,29,235,0,18249,235,0,200,72,72,0,86,0,29,0,200,0,0,1,200,0,0,200,0,29,72,0,160,235,78,72,300,29,72,200,0,0,200,0,200,0,29,235,72,235,0,300,0,47,72,0,0,5,0,0,200,29,0,0,0,1,111481,235,72,1,235,235,0,94,200,1,29
0,61,220,0,18250,220,0,220,220,220,0,84,0,130,0,220,0,0,2,220,0,0,3,0,187,220,0,161,220,78,220,301,183,220,220,0,0,220,0,220,0,82,220,220,220,0,301,0,200,220,0,0,6,0,0,220,140,0,0,0,1,111481,220,220,1,220,220,0,74,220,1,125
0,21,220,0,18239,220,0,220,220,220,0,95,0,57,0,220,0,0,0,220,0,0,21,0,137,220,0,1,220,78,220,232,139,220,220,0,0,220,0,220,0,21,220,220,220,0,232,0,137,220,0,0,95,0,8,220,57,0,0,0,1,111485,220,220,1,220,220,0,96,220,1,57
0,227,0,0,18240,0,0,57,193,193,0,57,0,201,0,57,0,0,1,57,0,0,232,0,201,193,0,1,0,78,193,232,227,193,57,0,0,57,0,57,0,201,0,193,0,0,232,0,232,193,0,0,37,0,8,57,232,0,0,0,1,111485,0,193,1,0,0,0,60,57,1,227
0,177,220,0,18241,220,0,220,220,220,0,95,0,244,7,220,0,0,2,220,0,0,175,0,110,220,0,1,220,78,220,232,111,220,220,0,0,220,0,220,0,175,220,220,220,0,232,0,110,220,0,0,95,0,8,220,244,0,0,0,1,111485,220,220,1,220,220,0,100,220,1,246
0,188,220,0,18217,220,0,220,220,220,0,94,0,9,7,220,0,0,0,220,0,0,239,0,9,220,0,6,220,78,220,3,10,220,220,0,0,220,0,220,0,188,220,220,220,0,3,0,239,220,0,0,5,0,4,220,239,0,0,0,1,111510,220,220,1,220,220,0,91,220,1,10
0,231,12,0,18218,12,0,12,12,12,0,96,0,228,4,12,0,0,1,12,0,0,228,0,228,12,0,6,12,79,12,3,231,12,12,0,0,12,0,12,0,228,12,12,12,0,3,0,228,12,0,0,96,0,4,12,228,0,1,0,1,111510,12,12,1,12,12,0,88,12,1,231
0,57,12,0,18219,12,0,12,12,12,0,86,0,248,7,12,0,0,2,12,0,0,163,0,21,12,0,6,12,78,12,3,24,12,12,0,0,12,0,12,0,67,12,12,12,0,3,0,56,12,0,0,11,0,4,12,254,0,0,0,1,111510,12,12,1,12,12,0,91,12,1,245
0,231,12,0,18257,12,0,12,12,12,0,91,0,231,0,12,0,0,0,12,0,0,29,0,231,12,0,1,12,78,12,1,231,12,12,0,0,12,0,12,0,231,12,12,12,0,1,0,29,12,0,0,7,0,0,12,29,0,0,0,1,111512,12,12,1,12,12,0,90,12,1,231
0,11,220,0,18258,220,0,220,220,220,0,100,0,145,0,220,0,0,1,220,0,0,11,0,167,220,0,1,220,78,220,1,167,220,220,0,0,220,0,220,0,11,220,220,220,0,1,0,167,220,0,0,100,0,1,220,145,0,0,0,1,111512,220,220,1,220,220,0,100,220,1,145
0,221,12,0,18259,12,0,12,12,12,0,87,0,217,0,12,0,0,2,12,0,0,231,0,34,12,0,1,12,78,12,1,32,12,12,0,0,12,0,12,0,222,12,12,12,0,1,0,231,12,0,0,12,0,1,12,231,0,0,0,1,111512,12,12,1,12,12,0,94,12,1,217
0,231,194,0,18242,194,0,15,47,47,0,85,0,231,0,15,0,0,0,15,0,0,251,0,231,47,0,1,194,79,47,12,231,47,15,0,0,15,0,15,0,231,194,47,194,0,12,0,77,47,0,0,14,0,8,15,72,0,1,0,1,111513,194,47,1,194,194,0,91,15,1,231
0,254,220,0,18243,220,0,220,220,220,0,85,0,73,0,220,0,0,1,220,0,0,29,0,79,220,0,1,220,78,220,12,78,220,220,0,0,220,0,220,0,254,220,220,220,0,12,0,29,220,0,0,14,0,8,220,29,0,0,0,1,111513,220,220,1,220,220,0,91,220,1,72
0,29,220,0,18244,220,0,220,220,220,0,85,0,30,0,220,0,0,2,220,0,0,228,0,30,220,0,1,220,78,220,12,29,220,220,0,0,220,0,220,0,30,220,220,220,0,12,0,228,220,0,0,14,0,8,220,228,0,0,0,1,111513,220,220,1,220,220,0,91,220,1,29
0,97,93,0,13165,220,0,220,220,220,0,90,0,47,0,220,0,0,0,220,0,0,228,0,56,220,0,161,220,78,220,301,56,77,220,0,0,58,0,220,0,95,93,220,220,0,301,0,228,77,0,0,9,0,0,220,228,0,0,0,1,111527,220,220,1,220,220,0,80,58,1,47
0,231,95,0,13166,95,0,49,56,56,0,98,0,235,7,49,0,0,1,49,0,0,235,0,235,56,0,160,95,78,56,300,231,56,49,0,0,49,0,49,0,235,95,56,95,0,300,0,235,56,0,0,98,0,0,49,235,0,0,0,1,111527,95,56,1,95,95,0,93,49,1,231
0,61,220,0,13167,220,0,220,201,201,0,84,0,130,0,220,0,0,2,135,0,0,3,0,187,220,0,161,220,78,220,301,183,220,135,0,0,220,0,220,0,82,220,220,11,0,301,0,200,220,0,0,6,0,0,220,140,0,0,0,1,111527,220,220,1,11,220,0,74,220,1,125
0,6,220,0,18251,193,0,220,220,220,0,77,0,128,0,24,0,0,0,220,0,0,228,0,186,220,0,1,193,78,35,10,184,220,220,2,0,220,0,24,0,8,220,35,220,0,10,0,241,220,0,1,11,0,0,24,237,0,1,0,1,111545,193,35,1,220,220,0,97,220,1,127
0,231,193,0,18252,193,0,24,35,35,0,82,0,239,0,24,0,0,1,24,0,0,18,0,239,35,0,1,193,78,35,10,231,35,24,0,0,24,0,24,0,236,193,35,193,0,10,0,217,35,0,1,12,0,0,24,157,0,1,0,1,111545,193,35,1,193,193,0,95,24,1,231
0,16,46,0,18253,220,0,129,220,220,0,90,0,108,0,220,0,0,2,220,0,0,43,0,46,73,0,1,220,78,220,10,45,73,220,2,0,129,0,220,0,16,46,220,220,0,10,0,134,73,0,1,9,0,0,220,71,0,0,0,1,111545,220,220,1,220,46,0,91,129,1,108
0,0,0,0,18303,0,0,0,0,0,0,0,0,0,0,0,-1,0,0,0,0,0,0,0,0,0,0,0,0,0,0,0,0,0,0,0,0,0,0,0,0,0,0,0,0,0,0,0,0,0,0,0,0,0,0,0,0,0,0,0,0,111592,0,0,0,0,0,0,0,0,0,0
0,230,220,0,1338,220,0,220,220,220,0,52,0,30,0,220,0,0,0,220,0,0,0,0,30,220,56,1,220,76,220,12,230,220,220,0,0,220,0,220,0,30,220,220,220,0,12,0,53,220,0,0,40,0,0,220,157,0,0,0,0,111594,220,220,0,220,220,0,94,220,0,230
0,230,12,0,1339,12,0,12,12,12,0,83,0,231,0,12,0,0,1,12,0,0,23,0,231,12,56,1,12,76,12,12,230,12,12,0,0,12,0,12,0,231,12,12,12,0,12,0,51,12,0,0,7,0,0,12,33,0,0,0,0,111594,12,12,0,12,12,0,94,12,0,230
0,247,220,0,5702,220,0,220,220,220,0,85,0,37,0,220,0,0,2,220,0,0,222,0,65,220,56,1,220,76,220,1,65,220,220,0,0,220,0,220,0,248,220,220,220,0,12,0,221,220,0,0,14,0,1,220,221,0,0,0,0,111594,220,220,0,220,220,0,91,220,0,37
0,231,12,0,1340,12,0,220,12,12,0,97,0,230,0,12,0,0,0,12,0,0,230,0,230,220,0,96,12,100,12,182,231,12,12,0,0,12,0,12,0,230,12,12,12,0,182,0,230,12,0,1,97,0,0,12,230,0,1,0,0,111596,12,12,1,12,220,0,98,12,1,231
0,111,220,0,5225,220,0,220,220,220,0,54,0,147,0,220,0,0,2,220,0,0,74,0,204,220,0,96,220,100,220,182,206,220,220,0,0,220,0,220,0,110,220,220,220,0,182,0,167,220,0,0,39,0,0,220,110,0,1,0,0,111596,220,220,1,220,220,0,96,220,1,148
2149,30,220,0,11904,220,0,220,220,220,0,51,0,168,7,220,0,0,0,220,0,0,231,0,21,220,0,1,220,86,220,1,30,220,220,0,0,220,0,220,0,231,220,220,220,0,1,0,38,220,0,0,46,0,0,220,28,0,0,0,0,111629,220,220,1,220,220,0,99,220,1,30
2149,231,189,0,11905,189,0,0,19,19,0,88,0,229,7,0,0,0,1,0,0,0,230,0,227,19,0,1,189,86,19,1,231,19,0,0,0,0,0,0,0,230,189,19,189,0,1,0,227,19,0,0,88,0,0,0,229,0,0,0,0,111629,189,19,1,189,189,0,99,0,1,231
2149,67,220,0,11906,220,0,220,220,220,0,96,0,106,0,220,-1,0,2,220,0,0,66,0,227,220,0,1,220,0,220,5,226,220,220,0,0,220,0,220,0,66,220,220,220,0,5,0,227,220,0,0,96,0,0,220,106,0,0,0,1,111629,220,220,1,220,220,0,93,220,1,107
2149,30,220,0,16129,220,0,220,220,220,0,89,0,34,7,220,-1,0,0,220,0,0,228,0,34,220,0,6,220,0,220,5,30,220,220,0,0,220,0,220,0,34,220,220,220,0,5,0,228,220,0,0,6,0,0,220,228,0,0,0,0,111633,220,220,1,220,220,0,97,220,1,30
2149,231,12,0,16130,12,0,12,12,12,0,87,0,221,7,12,-1,0,1,12,0,0,2,0,221,12,0,6,12,0,12,5,231,12,12,0,0,12,0,12,0,220,12,12,12,0,5,0,67,12,0,0,7,0,0,12,149,0,1,0,0,111633,12,12,1,12,12,0,97,12,1,231
2149,139,12,0,16131,12,0,12,12,12,0,92,0,254,0,12,-1,0,2,12,0,0,30,0,106,12,0,6,12,85,12,5,107,12,12,0,0,12,0,12,0,139,12,12,12,0,5,0,29,12,0,0,7,0,0,12,31,0,0,0,0,111633,12,12,1,12,12,0,80,12,1,255
39,78,220,0,1910,220,0,220,220,220,0,99,0,33,7,220,-1,0,0,220,0,0,123,0,47,220,0,96,220,100,220,182,51,220,220,0,0,220,0,220,0,123,220,220,220,0,182,0,47,220,0,1,99,0,9,220,33,0,0,0,0,111651,220,220,1,220,220,0,90,220,1,42
39,230,135,0,3930,135,0,32,46,46,0,84,0,229,0,32,0,0,1,32,0,0,145,0,229,46,0,96,135,100,46,182,230,46,31,0,0,31,0,32,0,229,133,46,133,0,182,0,41,46,0,1,13,0,0,32,26,0,0,0,0,111651,135,46,1,135,135,0,87,32,1,230
39,61,220,0,3934,220,0,220,220,220,0,84,0,130,0,220,0,0,2,220,0,0,3,0,187,220,0,96,220,100,220,182,183,220,220,0,0,220,0,220,0,82,220,220,220,0,182,0,200,220,0,1,6,0,0,220,140,0,0,0,0,111651,220,220,1,220,220,0,76,220,1,125
0,254,220,0,6671,1,0,220,220,220,0,96,0,202,11,79,0,0,0,220,0,0,252,0,39,220,32,1,1,76,134,2,34,220,220,2,0,220,0,79,0,252,220,134,220,0,2,0,39,220,0,0,96,0,5,79,202,0,0,0,0,111657,1,134,1,220,220,0,92,220,1,210
0,228,193,0,6672,12,0,178,153,153,0,92,0,231,8,12,0,0,1,178,0,0,159,0,229,153,32,1,12,76,12,2,228,153,178,2,0,178,0,12,0,223,193,12,193,0,2,0,203,153,0,0,6,0,5,12,207,0,0,0,0,111657,12,12,1,193,193,0,95,178,1,228
0,40,220,0,6673,12,0,220,220,220,0,91,0,186,25,12,0,0,2,220,0,0,229,0,174,220,32,1,12,76,12,2,177,220,220,2,0,220,0,12,0,41,220,12,220,0,2,0,230,220,0,0,7,0,5,12,230,0,0,0,0,111657,12,12,1,220,220,0,96,220,1,190
0,126,252,0,10292,252,0,170,60,22,0,95,0,42,0,170,0,0,0,170,0,0,124,0,57,22,17,19,252,76,22,205,57,22,43,0,0,43,0,170,0,124,129,22,129,0,205,0,57,60,0,0,95,0,9,170,42,0,0,0,0,111659,252,22,1,252,252,0,95,170,1,42
0,224,148,0,10293,148,0,7,46,32,0,98,0,164,0,7,0,0,1,7,0,0,226,0,52,32,17,19,148,76,32,205,49,32,152,0,0,152,0,7,0,226,216,32,216,0,205,0,52,46,0,0,98,0,9,7,164,0,0,0,0,111659,148,32,1,148,148,0,94,7,1,158
0,168,220,0,10294,12,0,12,155,220,0,84,0,231,0,12,0,0,2,220,0,0,166,0,231,12,17,19,220,76,12,205,122,220,196,0,0,220,0,12,0,231,220,12,221,0,205,0,120,220,0,0,15,0,1,220,156,0,0,0,0,111659,12,220,1,220,12,0,92,220,1,157
350,30,220,0,3162,12,0,12,12,220,0,85,0,230,2,12,0,0,0,220,0,0,28,0,230,12,0,6,220,84,12,51,30,220,12,2,0,12,0,12,0,230,12,12,12,0,51,0,28,12,0,0,9,0,8,220,28,0,0,0,0,111674,12,220,1,220,12,2,97,220,1,30
350,30,220,0,3163,220,0,220,220,220,0,91,0,32,19,220,0,0,1,220,0,0,223,0,32,220,0,6,220,84,220,51,30,220,220,2,0,220,0,220,0,32,220,220,220,0,51,0,223,220,0,0,5,0,8,220,223,0,0,0,0,111674,220,220,1,220,220,0,99,220,0,30
350,180,12,0,5241,12,0,12,12,12,0,82,0,180,0,12,0,0,2,12,0,0,145,0,181,12,0,6,12,84,12,51,182,12,12,2,0,12,0,12,0,179,12,12,12,0,51,0,146,12,0,0,13,0,8,12,146,0,0,0,0,111674,12,12,1,12,12,0,100,12,1,181
0,109,92,0,3164,220,0,220,220,220,0,82,0,66,0,220,0,0,0,220,0,0,230,0,175,220,0,1,220,76,220,94,175,147,220,0,0,63,0,220,0,109,92,220,220,0,94,0,230,147,0,0,16,0,8,220,230,0,0,0,0,111701,220,220,1,220,220,0,88,63,1,65
0,230,220,0,3165,90,0,62,220,220,0,83,0,231,0,62,0,0,1,220,0,0,116,0,231,144,0,1,90,76,144,94,230,220,220,0,0,220,0,62,0,231,220,144,220,0,94,0,185,220,0,0,15,0,8,62,64,0,0,0,0,111701,90,144,1,220,90,0,89,220,1,230
0,30,12,0,10432,220,0,220,12,12,0,83,0,30,0,220,0,0,2,12,0,0,104,0,30,220,0,1,220,76,220,94,30,12,12,0,0,12,0,220,0,30,12,220,12,0,94,0,108,12,0,0,13,0,9,220,106,0,1,0,0,111701,220,220,1,12,220,0,100,12,1,30
0,29,220,0,3166,220,0,220,220,220,0,69,0,35,7,220,0,0,0,220,0,0,30,0,48,220,56,1,220,100,220,12,29,220,220,0,0,12,0,220,0,227,12,220,220,0,12,0,30,12,0,0,27,0,0,220,30,0,0,0,0,111705,220,220,1,220,220,0,95,220,0,29
0,0,12,0,3167,12,0,12,12,12,0,97,0,250,0,12,0,0,1,12,0,0,249,0,253,12,56,1,12,100,12,12,0,12,12,0,0,12,0,12,0,249,12,12,12,0,12,0,253,12,0,0,97,0,8,12,250,0,0,0,0,111705,12,12,1,12,12,0,97,12,0,0
0,245,12,0,5737,12,0,12,12,12,0,100,0,229,0,12,0,0,2,12,0,0,245,0,81,12,56,1,12,86,12,12,81,12,12,0,0,12,0,12,0,245,12,12,12,0,12,0,81,12,0,0,100,0,0,12,229,0,0,0,0,111705,12,12,1,12,12,0,100,12,0,229
353,5,220,0,5967,220,0,220,220,220,0,86,0,52,19,220,0,0,0,220,0,0,227,0,138,220,353,1,220,76,220,233,138,220,220,0,0,220,0,220,0,5,220,220,220,0,233,0,229,220,0,0,8,0,0,220,227,0,0,0,0,111706,220,220,1,220,220,0,91,220,1,52
353,232,23,0,5968,23,0,36,104,104,0,79,0,231,19,36,0,0,1,36,0,0,158,0,231,104,353,1,23,76,104,233,232,104,36,0,0,36,0,36,0,231,23,104,23,0,233,0,156,104,0,0,7,0,0,36,159,0,0,0,0,111706,23,104,1,23,23,0,90,36,1,232
0,31,220,0,5969,220,0,0,220,220,0,100,0,31,0,220,0,0,2,220,0,0,31,0,31,0,353,1,220,76,220,1,31,220,220,0,0,220,0,220,0,31,220,220,220,0,1,0,31,220,0,0,100,0,0,220,31,0,0,0,0,111706,220,220,1,220,0,0,100,220,1,31
0,47,239,0,6799,239,0,209,67,67,1,73,0,79,19,209,0,0,0,209,0,0,242,0,78,67,353,1,239,84,67,2,79,67,209,0,0,209,0,209,0,47,239,67,239,0,2,0,67,67,0,0,22,0,10,209,209,0,0,0,0,111707,239,67,1,239,239,0,95,209,1,79
0,29,239,0,6800,12,0,12,12,67,1,80,0,210,19,12,0,0,1,209,0,0,47,0,67,12,353,1,239,84,12,2,29,67,12,0,0,12,0,12,0,240,12,12,12,0,2,0,76,12,0,0,9,0,10,209,80,0,0,0,0,111707,12,67,1,239,12,0,50,209,1,29
0,113,12,0,6801,12,0,12,12,12,0,94,0,174,0,12,0,0,2,12,0,0,215,0,207,12,353,1,12,76,12,2,207,12,12,0,0,12,0,12,0,112,12,12,12,0,2,0,217,12,0,0,5,0,0,12,216,0,0,0,0,111707,12,12,1,12,12,0,91,12,1,174
353,231,12,0,7417,12,0,12,12,12,0,48,0,231,0,12,0,0,0,12,0,0,8,0,231,12,353,1,12,85,12,11,231,12,12,0,0,12,0,12,0,231,12,12,12,0,11,0,211,12,1,0,44,0,0,12,154,0,0,0,0,111708,12,12,1,12,12,2,98,12,1,231
353,29,220,0,7418,220,0,220,220,220,0,56,0,37,9,220,0,0,1,220,0,0,0,0,37,220,353,1,220,85,220,11,29,220,220,0,0,220,0,220,0,37,220,220,220,0,11,0,247,220,1,0,38,0,0,220,130,0,0,0,0,111708,220,220,1,220,220,2,98,220,1,29
0,217,12,0,7419,12,0,12,12,12,0,100,0,216,0,12,0,0,2,12,0,0,218,1,134,12,353,1,12,76,12,6,128,12,12,0,0,12,0,12,0,218,12,12,12,0,6,0,134,12,0,0,100,0,1,12,216,0,0,0,0,111708,12,12,1,12,12,0,100,12,1,215
353,22,231,0,6696,63,0,77,57,46,0,91,0,207,2,77,0,0,0,227,0,0,23,0,1,57,353,1,231,84,57,1,29,46,77,0,0,77,0,77,0,237,63,57,63,0,1,0,30,57,0,0,7,0,0,227,53,0,0,0,0,111710,63,46,1,231,63,0,94,227,1,51
353,22,255,0,6697,220,0,220,220,0,0,93,0,39,0,220,0,0,1,221,0,0,20,0,27,220,353,1,255,84,220,1,29,0,220,0,0,220,0,220,0,20,220,220,220,0,1,0,27,220,0,0,93,0,0,221,39,0,0,0,0,111710,220,0,1,255,220,0,94,221,1,51
0,74,220,0,6698,220,0,220,220,220,0,91,0,110,0,220,0,0,2,220,0,0,21,0,196,220,353,1,220,76,220,1,194,220,220,0,0,220,0,220,0,75,220,220,220,0,1,0,22,220,0,0,7,0,0,220,21,0,0,0,0,111710,220,220,1,220,220,0,93,220,1,109
0,215,220,0,6802,213,0,38,16,220,0,70,0,231,11,38,0,0,0,220,0,0,209,0,231,16,353,1,220,76,16,2,4,220,38,0,0,38,0,38,0,231,213,16,213,0,2,0,5,16,0,0,28,0,0,220,27,0,0,0,0,111711,213,220,1,220,213,0,99,220,1,27
0,215,220,0,6803,220,0,220,220,220,0,91,0,31,0,220,0,0,1,220,0,0,230,0,14,220,353,1,220,76,220,2,4,220,220,0,0,220,0,220,0,205,220,220,220,0,2,0,229,220,0,0,5,0,0,220,229,0,0,0,0,111711,220,220,1,220,220,0,99,220,1,27
0,28,220,0,6804,220,0,0,12,220,0,85,0,29,0,220,0,0,2,220,0,0,235,0,29,0,353,1,220,76,220,5,28,220,12,0,0,220,0,220,0,29,220,220,12,0,94,0,6,220,0,0,14,0,0,220,6,0,0,0,0,111711,220,220,1,220,0,0,80,220,1,28
353,30,220,0,5970,220,0,220,220,220,0,52,0,165,2,220,0,0,0,220,0,0,30,0,145,220,353,1,220,76,220,3,30,220,220,0,0,220,0,220,0,76,220,220,220,0,3,0,30,220,0,0,43,0,0,220,30,0,0,0,0,111713,220,220,1,220,220,0,93,220,1,30
353,231,12,0,5971,12,0,12,12,12,0,74,0,231,2,12,0,0,1,12,0,0,31,0,230,12,353,1,12,76,12,3,231,12,12,0,0,12,0,12,0,231,12,12,12,0,3,0,31,12,0,0,15,0,0,12,31,0,1,0,0,111713,12,12,1,12,12,0,93,12,1,231
0,72,220,0,5972,220,0,220,220,220,1,73,0,153,0,220,0,0,2,220,0,0,115,1,101,220,353,1,220,76,220,3,100,220,220,0,0,220,0,220,0,77,220,220,220,0,3,0,100,220,0,0,26,0,9,220,197,0,0,0,0,111713,220,220,1,220,220,0,91,220,1,148
0,44,220,0,5973,220,0,220,220,220,1,84,0,52,0,220,0,0,0,220,0,0,208,0,79,220,353,1,220,76,220,13,80,220,220,0,0,220,0,220,0,44,220,220,220,0,13,0,58,220,0,0,13,0,0,220,32,0,0,0,0,111715,220,220,1,220,220,0,99,220,1,53
0,231,39,0,5974,39,0,74,146,146,1,97,0,225,2,74,0,0,1,74,0,0,225,0,225,146,353,1,39,76,146,13,231,146,74,0,0,74,0,74,0,225,39,146,39,0,13,0,225,146,0,0,97,0,0,74,225,0,0,0,0,111715,39,146,1,39,39,0,99,74,1,231
0,45,220,0,5975,220,0,220,220,220,0,100,0,148,0,220,0,0,2,220,0,0,46,0,90,220,353,1,220,84,220,13,89,220,220,1,0,220,0,220,0,46,220,220,220,0,13,0,90,220,0,0,100,0,0,220,148,0,0,0,0,111715,220,220,1,220,220,0,99,220,1,147
353,7,220,0,5976,52,0,59,95,220,0,68,0,231,7,59,0,0,0,220,0,0,183,0,231,95,353,5,220,76,95,12,109,220,59,0,0,59,0,59,0,231,52,95,52,0,12,0,44,95,0,0,26,0,0,220,29,0,0,0,0,111716,52,220,1,220,52,0,96,220,1,38
353,4,220,0,5977,220,0,220,220,220,0,50,0,42,7,220,0,0,1,220,0,0,164,0,116,220,353,5,220,76,220,12,120,220,220,0,0,220,0,220,0,25,220,220,220,0,12,0,49,220,0,0,20,0,0,220,41,0,0,0,0,111716,220,220,1,220,220,0,96,220,1,39
0,108,12,0,5978,220,0,0,220,220,0,66,0,167,0,220,0,0,2,220,0,0,20,0,223,0,353,5,220,76,220,12,227,12,220,2,0,12,0,220,0,104,12,220,220,0,12,0,161,12,0,0,31,0,0,220,96,0,0,0,0,111716,220,220,1,220,0,0,75,12,1,171
0,126,206,0,5784,206,0,158,104,104,0,95,0,27,19,158,0,0,0,158,0,0,141,0,45,104,0,1,206,76,104,1,37,104,158,0,0,158,0,158,0,141,206,104,206,0,1,0,45,104,1,0,95,0,0,158,27,0,0,0,0,111722,206,104,1,206,206,0,88,158,1,20
0,178,67,0,5785,67,0,33,41,41,0,95,0,179,19,33,0,0,1,33,0,0,179,0,172,41,0,1,67,76,41,1,171,41,33,0,0,33,0,33,0,179,67,41,67,0,1,0,172,41,1,0,95,0,0,33,179,0,0,0,0,111722,67,41,1,67,67,0,87,33,1,178
0,255,12,0,5786,12,0,12,12,12,0,100,0,100,0,12,0,0,2,12,0,0,255,0,28,12,0,1,12,76,12,1,28,12,12,0,0,12,0,12,0,255,12,12,12,0,1,0,28,12,0,0,100,0,1,12,100,0,0,0,0,111722,12,12,1,12,12,0,100,12,1,100
2012,225,45,0,7815,45,0,88,57,161,0,73,0,121,7,88,0,0,0,88,0,0,1,0,62,161,0,103,45,100,161,215,45,161,117,0,0,88,0,88,0,225,45,161,244,0,170,0,172,161,0,0,16,0,6,88,96,0,0,0,0,111724,45,161,1,45,45,0,97,88,1,100
2012,0,45,0,7816,45,0,88,220,161,0,81,0,231,0,88,0,0,1,88,0,0,230,0,231,161,0,103,220,100,161,215,175,161,220,0,0,88,0,88,0,231,45,161,220,0,170,0,47,161,0,0,9,0,6,220,103,0,0,0,0,111724,45,220,1,45,45,0,100,88,1,99
2012,59,220,0,7817,220,0,0,114,220,0,87,0,141,0,220,-1,0,2,220,0,0,47,0,108,0,0,103,220,0,220,215,114,220,149,0,0,220,0,220,0,57,220,220,60,0,170,0,85,220,0,0,12,0,0,220,107,0,0,0,0,111724,220,220,1,220,0,0,91,220,1,149
0,29,12,0,3306,12,0,12,220,220,0,79,0,209,0,12,0,0,0,220,0,0,30,0,0,12,0,29,220,351,12,27,29,12,220,0,0,220,0,12,0,232,220,12,220,351,27,0,30,220,0,0,16,0,0,220,30,0,0,0,0,111766,12,220,1,220,12,0,100,12,1,29
0,29,220,0,3307,253,0,187,220,47,0,88,0,30,0,187,0,0,1,187,0,0,231,0,30,47,0,29,253,351,47,27,29,220,220,0,0,220,0,187,0,30,220,47,220,351,27,0,0,220,0,0,10,0,0,187,208,0,0,0,0,111766,253,47,1,253,253,0,100,220,1,29
0,243,12,0,4419,12,0,12,220,12,0,75,0,133,0,12,0,0,2,12,0,0,243,0,183,12,0,29,12,351,12,27,182,12,220,0,0,220,0,12,0,243,220,12,220,351,27,0,209,220,0,0,19,0,0,12,181,0,0,0,0,111766,12,12,1,12,12,0,100,12,1,132
2012,18,220,0,7821,220,0,220,55,220,0,90,0,92,7,220,0,0,0,220,0,0,1,0,52,220,0,103,220,100,220,215,51,220,109,0,0,220,0,220,0,12,220,220,0,0,170,0,72,220,0,0,8,0,6,220,147,0,0,0,0,111768,220,220,1,220,220,0,98,220,1,84
2012,232,0,0,7822,0,0,64,220,0,0,82,0,231,7,64,0,0,1,64,0,0,229,0,231,0,0,103,0,100,0,215,231,0,220,0,0,64,0,64,0,231,0,0,220,0,170,0,64,0,0,0,8,0,6,64,199,0,0,0,0,111768,0,0,1,0,0,0,89,64,1,232
2012,253,12,0,7823,12,0,0,62,12,0,96,0,239,0,12,-1,0,2,12,0,0,254,0,62,0,0,103,12,84,12,215,62,12,238,0,0,12,0,12,0,254,12,12,255,0,170,0,62,12,0,0,96,0,0,12,239,0,0,0,0,111768,12,12,1,12,0,0,90,12,1,238
2012,30,220,0,8574,220,0,220,46,220,0,98,0,26,7,220,0,0,0,220,0,0,153,0,41,220,0,103,220,100,220,215,30,220,39,0,0,220,0,220,0,153,220,220,146,0,170,0,41,220,0,0,98,0,6,220,26,0,0,0,0,111769,220,220,1,220,220,0,89,220,1,30
2012,231,196,0,8575,196,0,16,220,40,0,80,0,231,0,16,0,0,1,16,0,0,174,0,231,40,0,103,196,100,40,215,231,40,220,0,0,16,0,16,0,231,196,40,220,0,170,0,38,40,0,0,17,0,6,16,13,0,0,0,0,111769,196,40,1,196,196,0,88,16,1,231
2012,144,220,0,8576,220,0,0,221,220,0,91,0,192,0,220,-1,0,2,220,0,0,85,0,222,0,0,103,220,0,220,215,221,220,192,0,0,220,0,220,0,146,220,220,145,0,170,0,179,220,0,0,8,0,0,220,147,0,0,0,0,111769,220,220,1,220,0,0,93,220,1,191
2012,97,194,0,8604,194,0,170,185,110,0,58,0,134,7,170,0,0,0,170,0,0,96,0,233,110,0,103,194,76,110,215,158,110,84,0,0,170,0,170,0,147,194,110,102,0,170,0,158,110,0,0,37,0,5,170,76,0,0,0,0,111774,194,110,1,194,194,0,89,170,1,76
2012,232,67,0,8605,67,0,55,220,108,0,80,0,231,0,55,0,0,1,55,0,0,60,0,231,108,0,103,67,76,108,215,232,108,220,0,0,55,0,55,0,231,67,108,220,0,170,0,117,108,0,0,17,0,5,55,55,0,0,0,0,111774,67,108,1,67,67,0,89,55,1,232
2012,250,12,0,8606,12,0,0,110,12,0,100,0,225,0,12,-1,0,2,12,0,0,252,0,66,0,0,103,12,0,12,215,68,12,203,0,0,12,0,12,0,252,12,12,226,0,170,0,66,12,0,0,100,0,0,12,225,0,1,0,0,111774,12,12,1,12,0,0,100,12,1,219
2012,224,220,0,8589,220,0,220,220,220,0,45,0,14,7,220,0,0,0,220,0,0,208,0,42,220,0,103,220,100,220,215,45,220,220,0,0,220,0,220,0,140,220,220,220,0,170,0,45,220,0,0,44,0,5,220,31,0,0,0,0,111779,220,220,1,220,220,0,89,220,1,35
2012,41,220,0,8590,220,0,220,220,220,0,80,0,138,0,220,0,0,1,220,0,0,228,0,213,220,0,103,220,100,220,215,214,220,220,0,0,220,0,220,0,41,220,220,220,0,170,0,228,220,0,0,18,0,5,220,228,0,0,0,0,111779,220,220,1,220,220,0,88,220,1,140
2012,19,220,0,8591,220,0,0,12,220,0,92,0,22,0,220,-1,0,2,220,0,0,64,0,26,0,0,103,220,0,220,215,26,220,12,0,0,220,0,220,0,19,220,220,12,0,170,0,70,220,0,0,7,0,0,220,64,0,0,0,0,111779,220,220,1,220,0,0,94,220,1,22
0,240,220,0,11470,220,0,220,220,220,1,81,0,49,8,220,0,0,0,220,0,0,231,0,64,220,32,22,220,76,220,207,64,220,220,0,0,220,0,220,0,240,220,220,220,0,207,0,227,220,0,0,14,0,11,220,226,0,0,0,0,111811,220,220,1,220,220,0,100,220,1,49
0,231,228,0,11471,228,0,40,51,51,1,81,0,231,8,40,0,0,1,40,0,0,240,0,231,51,32,22,228,76,51,207,231,51,40,0,0,40,0,40,0,231,228,51,228,0,207,0,68,51,0,0,13,0,11,40,53,0,1,0,0,111811,228,51,1,228,228,0,100,40,1,231
0,180,12,0,11472,12,0,12,12,12,1,95,0,213,0,12,0,0,2,12,0,0,180,0,85,12,32,22,12,76,12,207,84,12,12,0,0,12,0,12,0,180,12,12,12,0,207,0,85,12,0,0,95,0,11,12,213,0,0,0,0,111811,12,12,1,12,12,0,100,12,1,213
0,44,220,0,7247,220,0,220,56,220,0,92,0,51,11,220,0,0,0,220,0,0,44,0,70,220,16,19,220,76,220,200,70,220,18,0,0,18,0,220,0,44,0,220,0,0,204,0,70,56,1,0,92,0,9,220,51,0,0,0,0,111817,220,220,1,220,220,0,98,220,1,51
0,230,23,0,7248,23,0,29,220,57,0,86,0,231,0,29,0,0,1,29,0,0,48,0,231,57,16,19,23,76,57,200,230,57,220,0,0,220,0,29,0,231,220,57,220,0,204,0,76,220,1,0,9,0,9,29,56,0,0,0,0,111817,23,57,1,23,23,0,98,29,1,230
0,170,12,0,7249,12,0,12,201,12,0,55,0,214,0,12,0,0,2,12,0,0,117,0,159,12,16,19,12,76,12,204,161,12,237,0,0,237,0,12,0,168,197,12,197,0,204,0,121,201,1,0,36,0,0,12,188,0,0,0,0,111817,12,12,1,12,12,0,95,12,1,216
0,29,235,0,17542,12,0,12,79,79,0,42,0,100,0,12,0,0,3,129,0,0,238,0,60,12,16,19,235,76,12,200,29,79,129,0,0,129,0,12,0,243,235,12,235,0,204,0,53,79,1,0,26,0,0,129,161,0,0,0,0,111817,12,79,1,235,12,0,99,129,1,29
0,231,12,0,5095,12,0,12,12,12,0,91,0,231,0,12,0,0,0,12,0,0,231,0,231,12,0,1,12,100,12,7,231,12,12,0,0,12,0,12,0,231,12,12,12,80,7,0,231,12,1,0,91,0,11,12,231,0,0,0,0,111822,12,12,1,12,12,0,97,12,1,231
0,49,220,0,5096,220,0,220,220,220,0,96,0,60,0,220,0,0,1,220,0,0,49,0,99,220,0,1,220,100,220,7,114,220,220,0,0,220,0,220,0,49,220,220,220,80,7,0,99,220,1,0,96,0,11,220,60,0,0,0,0,111822,220,220,1,220,220,0,97,220,1,60
0,253,220,0,5705,220,0,220,220,220,1,92,0,72,0,220,0,0,2,220,0,0,144,1,69,220,0,1,220,100,220,7,68,220,220,0,0,220,0,220,0,253,220,220,220,80,7,0,148,220,0,0,7,0,0,220,143,0,0,0,0,111822,220,220,1,220,220,0,91,220,1,71
39,44,220,0,3614,220,0,220,220,220,0,98,0,46,0,220,-1,0,0,220,0,0,40,0,57,220,0,96,220,0,220,182,55,220,220,0,0,220,0,220,0,40,220,220,220,0,182,0,57,220,0,1,98,0,11,220,46,0,0,0,0,111928,220,220,1,220,220,0,100,220,1,48
39,165,0,0,3615,0,0,31,62,62,0,82,0,182,0,31,0,0,1,31,0,0,125,0,213,62,0,96,0,100,62,182,213,62,31,0,0,31,0,31,0,178,0,62,0,0,182,0,149,62,0,1,10,0,0,31,124,0,0,0,0,111928,0,62,1,0,0,0,93,31,1,178
39,240,12,0,4261,12,0,12,12,12,0,91,0,234,0,12,0,0,2,12,0,0,214,0,82,12,0,96,12,100,12,182,108,12,12,0,0,12,0,12,0,245,12,12,12,0,182,0,56,12,0,1,5,0,0,12,184,0,0,0,0,111928,12,12,1,12,12,0,84,12,1,231
0,29,220,0,3745,220,0,220,74,220,0,63,0,137,8,220,0,0,0,220,0,0,30,0,74,220,31,22,220,31,220,213,29,220,137,0,0,220,0,220,0,70,220,220,69,0,207,0,30,220,0,0,32,0,0,220,30,0,0,0,0,111974,220,220,1,220,220,0,88,220,1,29
0,231,12,0,3746,12,0,12,220,12,0,70,0,231,8,12,0,0,1,12,0,0,69,0,231,12,31,22,12,31,12,213,231,12,220,0,0,12,0,12,0,231,12,12,220,0,207,0,74,12,0,0,24,0,0,12,137,0,0,0,0,111974,12,12,1,12,12,0,88,12,1,231
0,0,220,0,5708,220,0,220,233,220,0,98,0,150,0,220,0,0,2,220,0,0,0,0,238,220,31,22,220,31,220,213,239,220,153,0,0,153,0,220,0,0,0,220,0,0,207,0,238,233,0,0,98,0,0,220,150,0,0,0,0,111974,220,220,1,220,220,0,99,220,1,153
0,231,12,0,6110,12,0,12,95,12,0,56,0,196,0,12,0,0,3,12,0,0,30,0,91,12,31,22,12,31,12,213,92,12,204,0,0,12,0,12,0,217,12,12,235,0,207,0,29,12,0,1,21,0,0,12,27,0,0,0,0,111974,12,12,1,12,12,0,88,12,1,201
0,243,17,0,18196,17,0,50,53,53,0,87,0,205,8,50,0,0,0,50,0,0,29,0,83,53,0,1,17,76,53,233,74,53,50,0,0,50,0,50,0,244,17,53,17,0,233,0,58,53,0,0,10,0,8,50,71,0,0,0,0,111975,17,53,1,17,17,0,89,50,1,202
0,230,91,0,18197,91,0,91,91,91,0,88,0,230,8,91,0,0,1,91,0,0,28,0,230,91,0,1,91,76,91,233,230,91,91,0,0,91,0,91,0,230,91,91,91,0,233,0,60,91,0,0,9,0,8,91,72,0,0,0,0,111975,91,91,1,91,91,0,89,91,1,230
0,29,220,0,18198,220,0,220,220,220,1,85,0,29,0,220,0,0,2,220,0,0,220,1,29,220,0,1,220,76,220,233,29,220,220,0,0,220,0,220,0,29,220,220,220,0,233,0,220,220,0,0,14,0,1,220,220,0,0,0,0,111975,220,220,1,220,220,0,91,220,1,29
0,0,220,0,18230,220,0,220,220,220,0,95,0,28,8,220,0,0,0,220,0,0,0,0,180,220,0,1,220,78,220,10,133,220,220,0,0,220,0,220,0,0,220,220,220,0,10,0,180,220,0,0,95,0,8,220,28,0,0,0,1,112048,220,220,1,220,220,0,87,220,1,16
0,192,220,0,18231,220,0,220,220,220,0,97,0,2,8,220,0,0,1,220,0,0,152,0,26,220,0,1,220,78,220,10,0,220,220,0,0,220,0,220,0,152,220,220,220,0,10,0,26,220,0,0,97,0,8,220,2,0,0,0,1,112048,220,220,1,220,220,0,87,220,1,4
0,253,139,0,18232,12,0,134,12,12,0,99,0,111,0,12,0,0,2,12,0,0,252,0,3,134,0,1,12,78,12,10,0,134,12,2,0,134,0,12,0,252,139,12,12,0,10,0,3,134,0,0,99,0,8,12,111,0,0,0,1,112048,12,12,1,12,139,0,89,134,1,109
0,1,236,0,18254,236,0,217,19,19,1,85,0,52,0,217,0,0,0,217,0,0,233,1,136,19,0,1,236,78,19,1,135,19,217,0,0,217,0,217,0,1,236,19,236,0,1,0,38,19,0,0,14,0,1,217,216,0,0,0,1,112054,236,19,1,236,236,0,91,217,1,51
0,213,212,0,18255,9,0,30,149,149,1,85,0,192,0,30,0,0,1,30,0,0,1,1,137,149,0,1,9,78,149,1,136,136,30,0,0,191,0,30,0,213,212,149,9,0,1,0,136,136,0,0,14,0,1,30,52,0,0,0,1,112054,9,149,1,9,9,0,91,191,1,191
0,155,12,0,18256,12,0,12,12,12,1,85,0,209,0,12,0,0,2,12,0,0,56,1,119,12,0,1,12,78,12,1,118,12,12,0,0,12,0,12,0,156,12,12,12,0,1,0,59,12,0,0,14,0,1,12,94,0,0,0,1,112054,12,12,1,12,12,0,91,12,1,209
0,29,220,0,4160,12,0,220,12,220,0,87,0,201,11,12,0,0,0,220,0,0,30,0,4,220,56,7,220,100,12,4,29,220,12,0,0,227,0,12,0,227,245,12,12,0,4,0,27,92,0,0,11,0,0,220,30,0,0,0,0,112072,12,220,1,220,220,0,96,220,1,29
0,30,220,0,4159,12,0,12,12,220,0,89,0,253,0,12,0,0,1,220,0,0,202,0,253,12,56,1,220,100,12,4,30,220,12,0,0,12,0,12,0,253,12,12,12,0,4,0,202,12,0,0,6,0,0,220,202,0,0,0,0,112072,12,220,0,220,12,0,97,220,1,30
0,11,220,0,5712,220,0,220,220,220,0,91,0,11,0,220,0,0,2,220,0,0,104,0,11,220,56,7,220,84,220,4,11,220,220,0,0,220,0,220,0,11,220,220,220,0,4,0,123,220,0,0,8,0,0,220,105,0,0,0,0,112072,220,220,1,220,220,0,100,220,1,11
350,231,12,0,4889,220,0,12,220,220,0,91,0,71,0,220,0,0,0,220,0,0,6,0,48,12,0,6,220,100,220,51,231,12,220,2,0,12,0,220,0,6,12,220,220,0,51,0,48,12,0,0,91,0,0,220,71,0,0,0,0,112096,220,220,1,220,12,0,91,12,0,231
350,191,12,0,4890,220,0,12,220,220,0,58,0,4,0,220,0,0,1,220,0,0,21,0,24,12,0,6,220,76,220,51,23,12,220,2,0,12,0,220,0,186,12,220,220,0,51,0,45,12,0,0,23,0,0,220,64,0,0,0,0,112096,220,220,1,220,12,0,91,12,0,2
350,29,220,0,5242,220,0,12,220,220,0,94,0,34,0,220,0,0,2,220,0,0,34,0,34,12,0,6,220,100,220,51,29,220,220,2,0,12,0,220,0,34,12,220,220,0,51,0,34,12,0,0,94,0,0,220,34,0,0,0,0,112096,220,220,1,220,12,0,100,220,0,29
0,23,220,0,18205,220,0,220,220,220,0,69,0,61,0,220,0,0,0,220,0,0,253,0,131,220,0,1,220,76,220,1,133,220,220,0,0,220,0,220,0,24,220,220,220,0,1,0,253,220,0,0,27,0,0,220,253,0,0,0,0,112112,220,220,1,220,220,0,98,220,1,61
0,253,34,0,18206,220,0,220,220,132,0,86,0,62,7,220,0,0,1,58,0,0,245,0,133,220,0,1,34,76,220,1,253,132,220,0,0,220,0,220,0,24,220,220,220,0,1,0,245,220,0,0,6,0,0,58,245,0,0,0,0,112112,220,132,1,34,220,0,100,58,1,253
0,254,220,0,18207,220,0,220,220,220,0,100,0,100,0,220,0,0,2,220,0,0,255,0,28,220,0,1,220,76,220,94,28,220,220,0,0,220,0,220,0,255,220,220,220,0,94,0,28,220,0,0,100,0,1,220,100,0,0,0,0,112112,220,220,1,220,220,0,100,220,1,100
83,30,220,0,3902,12,0,12,37,12,0,87,0,54,2,12,0,0,0,12,0,0,34,0,37,12,0,134,220,76,12,261,30,220,50,0,0,12,0,12,0,224,12,12,228,0,261,0,29,12,1,0,8,0,0,220,29,0,0,0,0,112115,12,220,1,12,12,0,100,220,1,30
83,231,12,0,3901,12,0,12,220,12,0,85,0,231,0,12,0,0,1,12,0,0,28,0,231,12,0,134,12,76,12,261,231,12,220,0,0,12,0,12,0,231,12,12,220,0,261,0,52,12,1,0,8,0,0,12,23,0,0,0,0,112115,12,12,1,12,12,0,99,12,1,231
83,34,220,0,4571,220,0,220,64,220,0,88,0,74,0,220,0,0,2,220,0,0,227,0,64,220,0,134,220,76,220,261,66,220,75,0,0,220,0,220,0,33,220,220,33,0,261,0,228,220,1,0,5,0,0,220,228,0,0,0,0,112115,220,220,1,220,220,0,99,220,1,76
2168,2,12,0,5910,12,0,12,12,12,4,94,0,170,8,12,0,0,0,12,0,0,1,0,238,12,0,1,12,76,12,3,231,12,12,0,0,12,0,12,0,1,12,12,12,0,3,0,238,12,1,0,94,0,11,12,170,0,0,0,0,112116,12,12,1,12,12,0,98,12,1,165
2168,29,220,0,5911,12,0,12,12,220,4,71,0,177,19,12,0,0,1,220,0,0,30,0,0,12,0,1,220,76,12,3,29,220,12,0,0,12,0,12,0,220,12,12,12,0,3,0,30,12,1,0,27,0,11,220,30,0,0,0,0,112116,12,220,1,220,12,0,98,220,1,29
0,227,227,0,5912,220,0,220,220,220,0,92,0,19,0,220,0,0,2,220,0,0,30,0,19,220,0,1,220,76,220,3,18,19,220,0,0,19,0,220,0,228,227,220,220,0,3,0,29,19,0,0,7,0,0,220,29,0,0,0,0,112116,220,220,1,220,220,0,100,19,1,18
0,0,12,0,4727,12,0,20,58,107,0,73,0,221,0,20,0,0,0,219,0,0,1,0,108,58,32,1,251,76,58,1,64,58,20,0,0,20,0,20,0,252,12,58,12,0,1,0,63,58,0,0,12,0,8,219,15,0,0,0,0,112124,12,107,1,251,12,0,92,20,1,15
0,231,0,0,4726,0,0,14,63,63,0,94,0,230,0,14,0,0,1,14,0,0,231,0,228,63,32,1,0,76,63,1,231,63,14,0,0,14,0,14,0,231,0,63,0,0,1,0,228,63,0,0,94,0,8,14,230,0,0,0,0,112124,0,63,1,0,0,0,97,14,1,231
0,197,220,0,5714,220,0,220,220,220,0,91,0,34,0,220,0,0,2,220,0,0,36,0,41,220,32,1,220,76,220,1,37,220,220,0,0,220,0,220,0,202,220,220,220,0,1,0,190,220,0,0,6,0,8,220,120,0,0,0,0,112124,220,220,1,220,220,0,97,220,1,31
0,3,220,0,12681,78,0,220,218,220,0,93,0,228,0,122,0,0,0,220,0,0,228,0,228,220,56,1,220,100,218,1,198,220,122,0,0,122,0,122,0,228,78,218,78,0,1,0,228,218,0,0,93,0,0,220,228,0,0,0,0,112126,78,220,0,220,220,0,97,220,1,91
0,238,220,0,12682,220,0,220,220,220,0,94,0,1,0,220,0,0,1,220,0,0,233,0,17,220,56,1,220,100,220,1,26,220,220,0,0,220,0,220,0,233,220,220,220,0,1,0,17,220,0,0,94,0,0,220,1,0,0,0,0,112126,220,220,0,220,220,0,98,220,1,20
0,144,220,0,12683,220,0,220,220,220,0,100,0,90,0,220,0,0,2,220,0,0,144,0,169,220,56,1,220,85,220,1,169,220,220,0,0,220,0,220,0,144,220,220,220,0,1,0,169,220,0,0,100,0,0,220,90,0,0,0,0,112126,220,220,0,220,220,0,100,220,1,90
39,48,206,0,4176,158,0,139,11,11,0,82,0,35,0,139,0,0,0,176,0,0,63,0,48,73,0,96,158,100,73,182,61,11,176,0,0,176,0,139,0,19,206,73,206,0,182,0,92,11,0,1,12,0,0,139,77,0,0,0,0,112134,158,73,1,206,158,0,90,176,1,51
39,236,12,0,4175,12,0,12,12,12,0,71,0,166,7,12,-1,0,1,12,0,0,228,0,209,12,0,96,12,0,12,182,156,12,12,0,0,12,0,12,0,129,12,12,12,0,182,0,178,12,0,1,24,0,9,12,230,0,0,0,0,112134,12,12,1,12,12,0,100,12,1,239
39,123,220,0,4257,220,0,220,220,220,0,88,0,63,0,220,0,0,2,220,0,0,157,0,140,220,0,96,220,100,220,182,127,220,220,0,0,220,0,220,0,138,220,220,220,0,182,0,162,220,0,1,5,0,0,220,121,0,0,0,0,112134,220,220,1,220,220,0,69,220,1,57
350,41,241,0,4881,48,0,220,67,78,0,84,0,218,3,51,0,0,0,221,0,0,41,0,0,220,0,6,241,100,67,51,69,78,51,2,0,220,0,51,0,248,220,67,48,0,51,0,68,220,0,0,8,0,0,221,48,0,0,0,0,112139,48,78,1,241,220,0,96,221,1,48
350,3,220,0,4882,220,0,12,220,220,0,84,0,28,0,220,0,0,1,220,0,0,159,0,49,12,0,6,220,100,220,51,48,220,220,2,0,12,0,220,0,3,12,220,220,0,51,0,192,12,0,0,10,0,0,220,181,0,0,0,0,112139,220,220,1,220,12,0,97,220,1,27
350,229,220,0,5715,220,0,12,12,220,0,54,0,92,0,220,0,0,2,220,0,0,183,0,93,12,0,6,220,100,220,51,94,220,12,2,0,12,0,220,0,228,12,220,12,0,51,0,47,12,0,0,38,0,0,220,55,0,0,0,0,112139,220,220,1,220,12,0,97,220,0,93
2012,8,194,0,12907,194,0,170,51,110,0,65,0,102,26,170,0,0,0,170,0,0,4,0,77,110,0,103,194,100,110,215,80,110,82,0,0,170,0,170,0,7,194,110,19,0,170,0,45,110,0,0,16,0,6,170,59,0,0,0,0,112163,194,110,1,194,194,0,89,170,1,106
2012,13,220,0,12909,220,0,220,216,220,0,81,0,163,0,220,0,0,1,220,0,0,13,0,217,220,0,103,220,100,220,215,58,220,162,0,0,220,0,220,0,97,220,220,96,0,170,0,58,220,0,0,15,0,6,220,21,0,0,0,0,112163,220,220,1,220,220,0,97,220,1,21
2012,19,220,0,12908,220,0,0,12,220,0,92,0,22,0,220,-1,0,2,220,0,0,64,0,26,0,0,103,220,0,220,215,26,220,12,0,0,220,0,220,0,19,220,220,12,0,170,0,70,220,0,0,7,0,0,220,64,0,0,0,0,112163,220,220,1,220,0,0,94,220,1,22
0,205,220,0,6570,205,0,29,220,220,0,91,0,242,7,29,0,0,0,220,0,0,219,0,242,44,19,100,220,100,44,159,45,220,220,0,0,220,0,29,0,242,220,44,220,0,159,0,42,220,1,0,5,0,0,220,34,0,0,0,0,112172,205,220,1,220,205,0,93,220,1,32
0,21,250,0,6571,250,0,181,95,45,0,91,0,35,0,181,0,0,1,181,0,0,197,0,90,45,19,100,250,100,45,159,89,45,55,0,0,220,0,181,0,22,220,45,46,0,159,0,51,220,1,0,5,0,0,181,33,0,0,0,0,112172,250,45,1,250,250,0,85,181,1,34
0,218,12,0,6572,12,0,12,59,12,0,87,0,163,0,12,0,0,2,12,0,0,181,0,104,12,19,100,12,100,12,159,115,12,138,0,0,12,0,12,0,230,12,12,255,0,159,0,70,12,1,0,9,0,0,12,118,0,0,0,0,112172,12,12,1,12,12,0,73,12,1,161
0,36,220,0,7912,220,0,220,12,220,0,85,0,31,0,220,0,0,3,220,0,0,130,0,31,220,19,100,220,100,220,159,30,220,12,0,0,220,0,220,0,35,220,220,12,0,159,0,47,220,1,0,11,0,0,220,47,0,0,0,0,112172,220,220,1,220,220,0,83,220,1,30
0,35,220,0,17572,229,0,204,76,220,0,91,0,48,0,204,0,0,4,220,0,0,193,0,102,74,0,100,220,100,74,159,101,220,51,0,0,51,0,204,0,36,49,74,49,0,159,0,38,76,0,0,5,0,0,220,23,1,0,0,0,112172,229,220,1,220,229,0,82,220,1,47
0,229,220,0,4540,220,0,220,220,220,0,91,0,62,8,220,0,0,0,220,0,0,229,0,144,220,41,1,220,76,220,1,230,220,220,0,0,220,0,220,0,43,220,220,220,0,1,0,230,220,0,0,7,0,0,220,229,0,0,0,0,112199,220,220,1,220,220,0,79,220,0,229
0,12,220,0,4539,25,0,69,120,220,0,91,0,221,8,69,0,0,1,220,0,0,46,0,227,120,41,1,220,76,120,1,167,220,69,0,0,69,0,69,0,218,25,120,25,0,1,0,145,120,0,0,7,0,0,220,65,0,0,0,0,112199,25,220,1,220,25,0,79,220,0,67
0,29,220,0,5735,220,0,220,220,220,0,100,0,29,0,220,0,0,2,220,0,0,29,0,29,220,41,1,220,76,220,6,29,220,220,0,0,220,0,220,0,29,220,220,220,0,6,0,29,220,0,0,100,0,0,220,29,0,0,0,0,112199,220,220,1,220,220,0,100,220,0,30
0,29,12,0,11461,12,0,12,220,12,0,70,0,186,0,12,0,0,0,12,0,0,29,0,4,12,61,49,220,14,12,89,29,12,220,0,0,220,0,12,0,205,220,12,220,0,238,0,28,220,0,0,26,0,0,220,29,0,0,0,0,112222,12,220,1,12,12,0,89,12,1,29
0,14,12,0,11462,220,0,12,12,12,0,84,0,141,0,220,0,0,1,12,0,0,28,0,150,12,61,49,220,14,220,89,150,12,12,0,0,12,0,220,0,15,12,220,12,0,238,0,32,12,0,0,10,0,0,220,32,0,0,0,0,112222,220,220,1,12,12,0,92,12,1,141
0,252,12,0,11463,220,0,220,12,12,1,100,0,41,0,220,0,0,2,12,0,0,254,0,115,220,61,49,220,14,220,89,114,12,12,0,0,12,0,220,0,254,12,220,12,0,23,0,115,12,0,0,100,0,0,220,41,0,0,0,0,112222,220,220,1,12,220,0,100,12,1,40
0,231,220,0,4177,220,0,220,12,12,0,91,0,169,0,220,0,0,0,12,0,0,218,0,204,220,0,29,12,351,220,27,231,220,12,0,0,12,0,220,0,120,12,220,12,500351,27,0,229,12,0,0,6,0,0,12,225,0,0,0,0,112224,220,12,1,12,220,0,99,220,1,231
0,29,12,0,4178,220,0,220,12,220,0,98,0,32,0,220,0,0,1,220,0,0,32,0,32,220,0,29,220,351,220,27,29,12,12,2,0,12,0,220,0,32,12,220,12,500351,27,0,32,12,0,0,98,0,0,220,32,0,0,0,0,112224,220,220,1,220,220,0,99,12,1,29
0,96,12,0,4413,220,0,220,12,220,0,96,0,76,0,220,0,0,2,220,0,0,96,0,151,220,0,29,220,351,220,27,151,12,12,0,0,12,0,220,0,96,12,220,12,500351,27,0,151,12,0,0,96,0,0,220,76,0,0,0,0,112224,220,220,1,220,220,0,99,12,1,76
0,30,12,0,6060,220,0,220,12,12,0,51,0,172,0,220,0,0,0,12,0,0,32,0,53,220,61,49,220,14,220,89,30,12,12,0,0,12,0,220,0,252,12,220,12,0,23,0,32,12,0,0,44,0,0,220,32,0,0,0,0,112254,220,220,1,12,220,0,89,12,1,30
0,231,220,0,6061,12,0,12,220,220,0,64,0,231,8,12,0,0,1,220,0,0,186,0,231,12,61,49,12,14,12,89,231,220,220,0,0,220,0,12,0,231,220,12,220,0,23,0,61,220,0,0,32,0,0,12,31,0,0,0,0,112254,12,12,1,220,12,0,90,220,1,231
0,122,220,0,6062,12,0,12,220,220,1,85,0,97,0,12,0,0,2,220,0,0,29,1,170,12,61,49,12,14,12,89,169,220,220,0,0,220,0,12,0,123,220,12,220,0,23,0,30,220,0,0,14,0,1,12,29,0,0,0,0,112254,12,12,1,220,12,0,91,220,1,96
83,120,233,0,4538,122,0,24,23,23,0,91,0,174,7,24,0,0,0,175,0,0,134,0,26,29,0,134,233,76,29,261,27,23,175,0,0,24,0,24,0,233,122,29,233,0,261,0,32,29,0,0,7,0,0,175,26,0,0,0,0,112258,122,23,1,233,122,0,99,175,1,23
83,231,122,0,4537,122,0,24,220,29,0,92,0,230,7,24,0,0,1,24,0,0,134,0,230,29,0,134,122,76,29,261,231,29,220,0,0,24,0,24,0,230,122,29,220,0,261,0,32,29,0,0,7,0,0,24,26,0,0,0,0,112258,122,29,1,122,122,0,99,24,1,231
83,138,220,0,4572,220,0,220,142,220,0,95,0,140,7,220,0,0,2,220,0,0,140,0,140,220,0,134,220,76,220,261,138,220,142,0,0,220,0,220,0,140,220,220,148,0,261,0,140,220,0,0,95,0,0,220,140,0,0,0,0,112258,220,220,1,220,220,0,99,220,1,138
0,32,194,0,4646,220,0,12,12,12,0,96,0,61,8,220,0,0,0,12,0,0,32,0,122,12,60,49,220,14,220,89,126,15,12,2,0,12,0,220,0,32,12,220,12,0,23,0,122,12,0,0,96,0,8,220,61,0,0,0,0,112259,220,220,1,12,12,0,96,8,1,63
0,30,194,0,4645,220,0,220,12,12,0,56,0,29,0,220,0,0,1,12,0,0,70,0,29,220,60,49,220,14,220,89,30,15,12,0,0,12,0,220,0,29,12,220,12,0,23,0,50,12,0,0,34,0,8,220,179,0,0,0,0,112259,220,220,1,12,220,0,87,8,1,30
0,124,220,0,5719,12,0,220,220,220,0,75,0,182,0,12,0,0,2,220,0,0,128,1,194,220,60,49,12,14,12,89,140,220,220,2,0,220,0,12,0,173,220,12,220,0,23,0,144,220,0,0,24,0,9,12,137,0,0,0,0,112259,12,12,1,220,220,0,100,220,1,133
0,229,220,0,5101,220,0,220,12,220,0,68,0,35,11,220,0,0,0,220,0,0,228,0,30,220,61,49,197,14,220,89,229,220,12,0,0,12,0,220,0,225,12,220,12,0,238,0,228,12,0,0,26,0,0,0,228,0,0,0,0,112260,220,46,1,220,220,0,91,220,1,229
0,105,12,0,5102,220,0,12,12,12,0,69,0,162,7,220,0,0,1,12,0,0,220,0,214,12,61,49,220,14,220,89,212,12,12,2,0,12,0,220,0,107,12,220,12,0,238,0,99,12,0,0,29,0,0,220,225,0,1,0,0,112260,220,220,1,12,12,0,87,12,1,159
0,189,12,0,5720,220,0,12,12,12,0,100,0,196,0,220,0,0,2,12,0,0,190,0,70,12,61,49,220,14,220,89,69,12,12,2,0,12,0,220,0,190,12,220,12,0,238,0,70,12,0,0,100,0,0,220,196,0,0,0,0,112260,220,220,1,12,12,0,100,12,1,195
0,0,0,0,5074,0,0,0,0,0,0,0,0,0,0,0,-1,0,0,0,0,0,0,0,0,0,0,0,0,0,0,0,0,0,0,0,0,0,0,0,0,0,0,0,0,0,0,0,0,0,0,0,0,0,0,0,0,0,0,0,0,112264,0,0,0,0,0,0,0,0,0,0
0,0,0,0,5083,0,0,0,0,0,0,0,0,0,0,0,-1,0,1,0,0,0,0,0,0,0,0,0,0,0,0,0,0,0,0,0,0,0,0,0,0,0,0,0,0,0,0,0,0,0,0,0,0,0,0,0,0,0,0,0,0,112264,0,0,0,0,0,0,0,0,0,0
350,14,220,0,4893,220,0,12,220,220,0,88,0,127,7,220,0,0,0,220,0,0,8,0,101,12,0,6,220,100,220,51,101,220,220,2,0,12,0,220,0,14,12,220,220,0,51,0,73,12,0,0,10,0,0,220,83,0,0,0,0,112387,220,220,1,220,12,0,97,220,1,128
350,231,0,0,4894,0,0,12,83,83,0,87,0,231,0,70,0,0,1,165,0,0,3,0,231,12,0,6,0,100,0,51,231,0,165,2,0,70,0,70,0,231,0,0,1,0,51,0,81,0,0,0,12,0,0,70,89,0,0,0,0,112387,0,0,1,1,12,0,97,70,1,231
350,82,220,0,5723,220,0,12,220,220,0,53,0,149,0,220,0,0,2,220,0,0,2,0,216,12,0,6,220,100,220,51,217,220,220,2,0,220,0,220,0,82,220,220,220,0,51,0,155,220,0,0,41,0,0,220,96,0,0,0,0,112387,220,220,1,220,12,0,97,220,1,150
350,0,220,0,4885,220,0,187,220,220,0,96,0,47,7,220,0,0,0,220,0,0,0,0,171,19,0,6,220,100,220,51,159,220,220,2,0,187,0,220,0,0,7,220,220,0,51,0,171,19,0,0,96,0,0,220,47,0,0,0,0,112390,220,220,1,220,7,0,99,220,1,35
350,228,21,0,4886,21,0,12,160,160,0,95,0,230,2,125,0,0,1,125,0,0,230,0,230,12,0,6,21,100,160,51,229,160,125,2,0,12,0,125,0,230,12,160,21,0,51,0,230,12,0,0,95,0,0,125,230,0,0,0,0,112390,21,160,1,21,12,0,94,125,1,229
350,30,220,0,5725,220,0,220,220,220,0,97,0,32,0,220,0,0,2,220,0,0,32,0,32,220,0,6,220,100,220,51,30,220,220,2,0,220,0,220,0,32,220,220,220,0,51,0,32,220,0,0,97,0,0,220,32,0,0,0,0,112390,220,220,1,220,220,0,100,220,1,30
350,205,246,0,4879,246,0,220,1,1,0,88,0,76,0,210,0,0,0,210,0,0,130,0,51,220,0,6,246,87,1,51,51,1,210,2,0,210,0,210,0,205,246,1,246,0,51,0,32,1,0,0,7,0,8,210,38,0,0,0,0,112391,246,1,1,246,220,0,99,210,1,76
350,231,247,0,4880,247,0,220,9,9,0,85,0,231,0,220,0,0,1,220,0,0,222,0,231,9,0,6,247,76,9,51,231,9,220,2,0,220,0,220,0,231,247,9,247,0,51,0,61,9,0,0,8,0,4,220,61,0,0,0,0,112391,247,9,1,247,247,0,100,220,1,231
350,29,220,0,7261,220,0,12,220,220,0,96,0,30,0,220,0,0,2,220,0,0,30,0,30,12,0,6,220,87,220,51,29,220,220,2,0,220,0,220,0,30,220,220,220,0,51,0,30,220,0,0,96,0,8,220,30,0,0,0,0,112391,220,220,1,220,12,0,100,220,1,29
350,217,12,0,4875,12,0,12,12,12,0,91,0,194,11,12,0,0,0,12,0,0,48,0,87,12,0,6,12,84,12,51,91,12,12,2,0,12,0,12,0,217,12,12,12,0,51,0,151,12,0,0,5,0,0,12,59,0,1,0,0,112393,12,12,1,12,12,0,96,12,0,197
350,31,220,0,4876,239,0,220,220,220,0,73,0,32,7,249,0,0,1,220,0,0,58,0,33,220,0,6,239,84,35,51,31,220,220,2,0,220,0,249,0,32,220,35,220,0,51,0,73,220,0,0,23,0,0,249,66,0,0,0,0,112393,239,35,1,220,220,0,88,220,0,31
350,70,12,0,5243,220,0,12,12,12,0,97,0,42,0,220,0,0,2,12,0,0,69,0,144,12,0,6,220,86,220,51,142,12,12,2,0,12,0,220,0,69,12,220,12,0,51,0,144,12,0,0,97,0,0,220,42,0,0,0,0,112393,220,220,1,12,12,0,98,12,0,43
0,231,220,0,5231,220,0,220,12,12,0,73,0,30,0,220,0,0,0,12,0,0,124,0,30,220,0,29,12,351,220,27,231,220,12,0,0,12,0,220,0,30,12,220,12,351,27,0,55,12,0,0,25,0,0,12,39,0,0,0,0,112427,220,12,1,12,220,0,92,220,1,231
0,30,12,0,5232,12,0,12,220,220,0,77,0,231,0,12,0,0,1,220,0,0,125,0,231,12,0,29,220,351,12,27,30,12,220,0,0,220,0,12,0,231,220,12,220,351,27,0,56,220,0,0,15,0,0,220,40,0,0,0,0,112427,12,220,1,220,12,0,92,12,1,30
0,231,12,0,5233,12,0,220,220,220,0,88,0,156,0,12,0,0,2,220,0,0,242,0,188,220,0,29,12,351,12,27,182,12,220,0,0,12,0,12,0,233,12,12,220,351,27,0,221,12,0,0,8,0,8,12,206,0,0,0,0,112427,12,12,1,220,220,0,92,12,1,149
0,0,0,0,18304,0,0,0,0,0,0,0,0,0,0,0,-1,0,0,0,0,0,0,0,0,0,0,0,0,0,0,0,0,0,0,0,0,0,0,0,0,0,0,0,0,0,0,0,0,0,0,0,0,0,0,0,0,0,0,0,0,112428,0,0,0,0,0,0,0,0,0,0
0,194,220,0,10883,200,0,20,18,220,0,85,0,231,0,20,0,0,0,220,0,0,194,0,231,18,0,1,220,76,18,62,43,220,20,0,0,20,0,20,0,231,200,18,200,0,62,0,38,18,1,0,11,0,0,220,20,0,0,0,0,112472,200,220,1,220,200,0,100,220,1,20
0,4,184,0,10884,184,0,37,48,48,0,83,0,35,7,37,0,0,1,37,0,0,179,0,88,48,0,1,184,76,48,62,88,48,37,0,0,37,0,37,0,4,184,48,184,0,62,0,38,48,1,0,8,0,0,37,16,0,0,0,0,112472,184,48,1,184,184,0,100,37,1,35
0,30,220,0,10885,220,0,220,220,220,0,100,0,29,0,220,0,0,2,220,0,0,29,0,29,220,0,1,220,76,220,1,30,220,220,0,0,12,0,220,0,29,12,220,220,0,1,0,29,12,0,0,100,0,1,220,29,0,0,0,0,112472,220,220,1,220,220,0,100,220,1,30
0,71,250,0,16243,250,0,239,45,45,0,93,0,116,0,239,0,0,0,239,0,0,247,0,181,45,32,1,250,76,45,1,185,45,239,0,0,239,0,239,0,70,250,45,250,0,1,0,52,45,0,0,5,0,0,239,238,0,0,0,0,112493,250,45,1,250,250,0,92,239,1,116
0,226,71,0,16244,71,0,114,184,184,0,77,0,229,0,114,0,0,1,114,0,0,163,0,211,184,32,1,71,76,184,1,210,184,114,0,0,114,0,114,0,228,71,184,71,0,1,0,209,184,0,0,11,0,0,114,181,0,0,0,0,112493,71,184,1,71,71,0,81,114,1,227
0,8,220,0,16245,220,0,220,220,220,0,94,0,87,11,220,0,0,2,220,0,0,194,0,33,220,32,1,220,76,220,1,32,220,220,0,0,220,0,220,0,9,220,220,220,0,1,0,51,220,0,0,5,0,0,220,215,0,0,0,0,112493,220,220,1,220,220,0,92,220,1,86
0,215,220,0,13230,173,0,20,22,220,0,72,0,251,4,20,-1,0,0,220,0,0,204,0,251,22,32,1,220,0,22,1,40,220,20,0,0,20,0,20,0,251,173,22,173,0,1,0,38,22,0,0,25,0,0,220,21,0,0,0,0,112494,173,220,1,220,173,0,94,220,1,22
0,60,220,0,13231,220,0,220,220,220,0,67,0,54,0,220,-1,0,1,220,0,0,135,0,59,220,32,1,220,0,220,1,58,220,220,0,0,220,0,220,0,67,220,220,220,0,1,0,85,220,0,0,28,0,0,220,94,0,0,0,0,112494,220,220,1,220,220,0,96,220,1,51
0,231,220,0,13232,220,0,220,220,220,0,95,0,81,7,220,-1,0,2,220,0,0,223,0,36,220,32,1,220,0,220,1,32,220,220,0,0,220,0,220,0,223,220,220,220,0,1,0,36,220,0,0,95,0,0,220,81,0,0,0,0,112494,220,220,1,220,220,0,100,220,1,86
0,212,39,0,7306,39,0,46,4,65,0,92,0,81,0,46,0,0,0,46,0,0,41,0,21,65,66,52,39,100,65,102,16,65,66,0,0,46,0,46,0,213,39,65,184,0,102,0,65,65,0,0,6,0,11,46,46,0,0,0,0,112510,39,65,1,39,39,0,98,46,1,79
0,38,232,0,7307,232,0,78,65,14,0,93,0,46,0,78,0,0,1,78,0,0,208,0,65,14,66,52,232,100,14,102,65,14,46,0,0,78,0,78,0,39,232,14,39,0,102,0,22,14,0,0,6,0,11,78,80,0,0,0,0,112510,232,14,1,232,232,0,98,78,1,45
0,207,12,0,7308,12,0,12,12,12,0,100,0,244,0,12,-1,0,2,12,0,0,206,0,218,12,66,52,12,76,12,102,217,12,12,0,0,12,0,12,0,206,12,12,12,0,102,0,218,12,0,0,100,0,0,12,244,0,0,0,0,112510,12,12,1,12,12,0,100,12,1,243
0,25,12,0,6074,29,0,12,220,12,0,89,0,230,0,41,0,0,0,12,0,0,28,0,41,12,308,44,255,100,75,84,216,12,220,2,0,220,0,41,0,251,220,75,220,0,84,0,68,220,0,0,8,0,0,237,28,0,0,0,0,112513,29,0,1,12,12,0,100,12,1,25
0,25,12,0,6075,220,0,12,12,12,0,98,0,24,0,220,0,0,1,12,0,0,22,0,88,12,308,44,220,100,220,84,66,12,12,2,0,12,0,220,0,22,12,220,12,0,84,0,88,12,0,0,98,0,0,220,24,0,0,0,0,112513,220,220,1,12,12,0,100,12,1,27
0,236,12,0,6076,220,0,12,12,12,0,100,0,0,0,220,0,0,2,12,0,0,217,0,0,12,308,44,220,76,220,84,0,12,12,2,0,12,0,220,0,217,12,220,12,0,84,0,0,12,0,0,100,0,3,220,0,0,0,0,0,112513,220,220,1,12,12,0,100,12,1,0
0,229,220,0,7255,12,0,220,220,220,0,81,0,190,7,12,0,0,0,220,0,0,40,0,41,220,308,44,12,86,12,84,40,220,220,2,0,220,0,12,0,230,220,12,220,0,84,0,91,220,1,0,13,0,0,12,132,0,0,0,0,112516,12,12,1,220,220,0,96,220,1,190
0,29,12,0,7256,255,0,12,12,12,0,87,0,30,0,237,0,0,1,12,0,0,225,0,30,12,308,44,255,76,0,84,29,12,12,2,0,12,0,237,0,30,12,0,12,0,84,0,30,12,1,0,6,0,0,237,197,0,0,0,0,112516,255,0,1,12,12,0,95,12,1,29
0,117,12,0,7257,220,0,12,12,12,0,79,0,62,0,220,0,0,2,12,0,0,222,0,72,12,308,44,220,76,220,84,73,12,12,2,0,12,0,220,0,116,12,220,12,0,84,0,222,12,0,0,19,0,5,220,222,0,0,0,0,112516,220,220,1,12,12,0,92,12,1,63
2168,111,83,0,5913,0,0,111,192,192,0,93,0,186,7,41,0,0,0,111,0,0,107,0,237,192,0,8,83,76,83,8,236,192,111,0,0,41,0,41,0,107,0,83,83,0,8,0,237,83,0,0,93,0,0,111,186,0,0,0,0,112531,0,192,1,83,83,0,92,111,1,187
2168,229,149,0,5914,220,0,220,220,17,0,85,0,19,7,220,0,0,1,16,0,0,227,0,40,220,0,8,149,76,220,8,229,17,220,0,0,220,0,220,0,200,220,220,220,0,8,0,226,220,0,0,12,0,0,16,226,0,0,0,0,112531,220,17,1,149,220,0,97,16,1,229
0,172,12,0,5915,12,0,12,12,12,0,100,0,168,0,12,0,0,2,12,0,0,150,0,73,12,0,1,12,76,12,8,85,12,12,0,0,12,0,12,0,150,12,12,12,0,8,0,73,12,0,0,100,0,0,12,168,0,0,0,0,112531,12,12,1,12,12,0,99,12,1,192
102012,223,220,0,8598,220,0,220,45,220,0,81,0,32,7,220,0,0,0,220,0,0,31,0,45,220,0,103,220,100,220,215,45,220,35,0,0,220,0,220,0,219,220,220,223,0,170,0,30,220,0,0,16,0,5,220,29,0,0,0,0,112540,220,220,1,220,220,0,89,220,1,34
102012,232,12,0,8599,12,0,12,220,12,0,81,0,231,0,12,0,0,1,12,0,0,30,0,231,12,0,103,12,86,12,215,232,12,220,0,0,12,0,12,0,231,12,12,220,0,170,0,29,12,0,0,16,0,5,12,29,0,1,0,0,112540,12,12,1,12,12,0,88,12,1,232
102012,108,12,0,8600,12,0,0,214,12,0,99,0,184,0,12,-1,0,2,12,0,0,120,0,220,0,0,103,12,0,12,215,217,12,186,0,0,12,0,12,0,120,12,12,135,0,170,0,220,12,0,0,99,0,0,12,184,0,1,0,0,112540,12,12,1,12,0,0,99,12,1,179
83,30,220,0,16989,220,0,220,217,220,0,85,0,37,7,220,0,0,0,220,0,0,43,0,132,220,0,134,220,84,220,261,30,220,17,0,0,220,0,220,0,80,220,220,98,0,261,0,78,220,0,0,14,0,0,220,1,0,0,0,0,112555,220,220,1,220,220,0,100,220,1,30
83,231,88,0,16990,88,0,46,220,145,0,88,0,231,7,46,0,0,1,46,0,0,89,0,231,145,0,134,88,84,145,261,231,145,220,0,0,46,0,46,0,231,88,145,220,0,261,0,146,145,0,0,11,0,0,46,46,0,0,0,0,112555,88,145,1,88,88,0,100,46,1,231
83,35,220,0,16991,220,0,220,207,220,0,64,0,191,7,220,0,0,2,220,0,0,1,0,200,220,0,134,220,84,220,261,200,220,196,0,0,220,0,220,0,36,220,220,74,0,261,0,140,220,0,0,32,0,0,220,129,0,0,0,0,112555,220,220,1,220,220,0,100,220,1,191
83,0,220,0,7423,220,0,220,154,220,0,61,0,43,0,220,0,0,0,220,0,0,0,0,110,220,0,134,220,76,220,261,117,220,67,0,0,220,0,220,0,0,220,220,1,0,261,0,49,220,0,0,15,0,0,220,6,0,0,0,0,112558,220,220,1,220,220,0,89,220,1,46
83,231,108,0,7424,108,0,20,220,48,0,93,0,232,11,20,0,0,1,20,0,0,232,0,232,48,0,134,108,76,48,261,231,48,220,0,0,20,0,20,0,232,108,48,220,0,261,0,232,48,0,0,93,0,0,20,232,0,0,0,0,112558,108,48,1,108,108,0,98,20,1,231
83,254,12,0,7425,12,0,12,12,12,0,91,0,240,0,12,0,0,2,12,0,0,252,0,0,12,0,134,12,76,12,261,0,12,12,0,0,12,0,12,0,252,12,12,12,0,261,0,0,12,0,0,91,0,0,12,240,0,0,0,0,112558,12,12,1,12,12,0,98,12,1,243
39,68,220,0,6660,220,0,220,220,220,0,83,0,46,0,220,-1,0,0,220,0,0,112,0,95,220,0,96,220,0,220,182,92,220,220,0,0,220,0,220,0,70,220,220,220,0,182,0,168,220,0,1,14,0,9,220,87,0,0,0,0,112606,220,220,1,220,220,0,90,220,1,45
39,65,179,0,6659,53,0,0,53,13,0,85,0,190,0,0,0,0,1,143,0,0,64,0,46,53,0,96,179,100,53,182,91,13,0,0,0,0,0,0,0,225,53,53,53,0,182,0,89,53,0,1,8,0,0,146,47,0,0,0,0,112606,53,13,1,179,53,0,93,143,1,47
39,61,220,0,6658,220,0,220,220,220,0,85,0,130,0,220,0,0,2,220,0,0,3,0,187,220,0,96,220,87,220,182,183,220,220,0,0,220,0,220,0,82,220,220,220,0,182,0,200,220,0,1,6,0,0,220,140,0,0,0,0,112606,220,220,1,220,220,0,74,220,1,125
0,232,34,0,15622,12,0,12,12,116,0,74,0,231,0,12,0,0,0,151,0,0,12,0,231,12,0,1,34,76,12,4,232,116,12,0,0,12,0,12,0,231,12,12,12,0,4,0,66,12,0,0,22,0,0,151,58,0,0,0,0,112615,12,116,1,34,12,0,100,151,1,232
0,54,220,0,15623,220,0,220,220,220,0,94,0,30,0,220,0,0,1,220,0,0,30,0,30,220,0,1,220,76,220,4,74,220,220,0,0,220,0,220,0,30,220,220,220,0,4,0,30,220,0,0,94,0,0,220,30,0,0,0,0,112615,220,220,1,220,220,0,100,220,1,80
0,227,12,0,15624,12,0,0,12,12,0,99,0,68,0,12,0,0,2,12,0,0,227,0,51,0,0,6,12,76,12,10,51,12,12,0,0,12,0,12,0,227,12,12,12,0,10,0,51,12,0,0,99,0,0,12,68,0,0,0,0,112615,12,12,1,12,0,0,100,12,1,68
0,0,220,0,18181,220,0,220,220,220,0,95,0,35,11,220,0,0,0,220,0,0,0,0,72,220,0,7,220,76,220,2,70,220,220,0,0,220,0,220,0,0,220,220,220,0,2,0,72,220,0,0,95,0,8,220,35,0,0,0,0,112638,220,220,1,220,220,0,99,220,1,34
0,132,215,0,18182,157,0,99,79,138,0,93,0,206,11,99,0,0,1,161,0,0,236,0,170,79,0,7,215,76,79,2,49,138,99,0,0,99,0,99,0,236,157,79,157,0,2,0,170,79,0,0,93,0,8,161,206,0,0,0,0,112638,157,138,1,215,157,0,99,161,1,75
0,246,220,0,18183,220,0,220,220,220,0,95,0,101,11,220,0,0,2,220,0,0,245,0,135,220,0,7,220,76,220,2,136,220,220,0,0,220,0,220,0,245,220,220,220,0,2,0,135,220,0,0,95,0,8,220,101,0,0,0,0,112638,220,220,1,220,220,0,99,220,1,102
0,231,12,0,6029,12,0,12,12,12,0,82,0,230,0,12,0,0,0,12,0,0,154,0,230,12,0,133,12,0,12,260,231,12,12,0,0,12,0,12,0,230,12,12,12,0,260,0,139,12,0,0,12,0,0,12,150,0,0,0,0,112658,12,12,1,12,12,0,95,12,1,231
0,37,220,0,6030,220,0,220,220,220,0,77,0,40,0,220,0,0,1,220,0,0,80,0,40,220,0,133,220,0,220,260,37,220,220,0,0,220,0,220,0,40,220,220,220,0,260,0,75,220,0,0,10,0,0,220,79,0,0,0,0,112658,220,220,1,220,220,0,95,220,1,37
0,229,12,0,6718,12,0,12,12,12,0,69,0,182,0,12,0,0,2,12,0,0,162,0,108,12,0,133,12,0,12,260,108,12,12,0,0,12,0,12,0,229,12,12,12,0,260,0,79,12,0,0,28,0,0,12,134,0,0,0,0,112658,12,12,1,12,12,0,95,12,1,182
0,16,10,0,6167,220,0,0,190,190,0,79,0,16,0,255,-1,0,3,190,0,0,16,0,16,0,0,1,220,76,255,82,16,10,190,0,0,10,0,220,0,16,10,220,190,0,82,0,16,10,0,0,10,0,0,220,120,0,0,0,0,112658,255,220,1,190,0,0,47,10,0,16
0,233,0,0,10330,166,0,0,255,0,0,90,0,232,0,0,-1,0,4,0,0,0,183,0,232,0,0,0,166,76,5,1,233,0,255,0,0,255,0,0,0,232,255,5,255,0,1,0,21,255,0,0,8,0,0,0,1,0,0,0,0,112658,166,5,1,0,0,0,88,0,1,233
0,0,255,0,10331,12,0,0,255,255,0,0,0,0,0,12,-1,0,15,255,0,0,0,0,0,0,0,0,12,76,12,1,0,255,255,0,0,255,0,12,0,0,255,12,255,0,1,0,0,255,0,0,0,0,0,12,0,0,0,0,0,112658,12,12,1,255,0,0,0,255,1,0
0,0,255,0,10332,12,0,0,255,255,0,0,0,0,0,12,-1,0,16,255,0,0,0,0,0,0,0,1,12,76,12,1,0,255,255,0,0,255,0,12,0,0,255,12,255,0,1,0,0,255,0,0,0,0,0,12,0,0,0,0,0,112658,12,12,1,255,0,0,0,255,1,0
2168,231,12,0,10915,12,0,12,12,12,0,86,0,180,0,12,0,0,0,12,0,0,33,0,127,12,0,1,12,76,12,60,127,12,12,0,0,12,0,12,0,231,12,12,12,0,60,0,32,12,1,0,12,0,0,12,32,0,0,0,0,112659,12,12,1,12,12,0,90,12,1,181
2168,30,255,0,10916,255,0,226,137,137,0,90,0,30,7,226,0,0,1,226,0,0,231,0,30,137,0,1,255,76,137,60,30,137,226,0,0,226,0,226,0,30,255,137,255,0,60,0,105,137,1,0,9,0,0,226,189,0,0,0,0,112659,255,137,1,255,255,0,97,226,1,30
0,234,12,0,10917,12,0,12,12,12,1,85,0,210,0,12,0,0,2,12,0,0,29,1,212,12,0,1,12,76,12,2,211,12,12,0,0,12,0,12,0,234,12,12,12,0,2,0,29,12,0,0,14,0,1,12,29,0,0,0,0,112659,12,12,1,12,12,0,91,12,1,209
0,231,220,0,10994,12,0,220,12,12,0,79,0,231,13,12,0,0,0,12,0,0,234,0,231,220,0,1,12,76,12,5,231,220,12,2,0,220,0,12,0,231,220,12,12,0,5,0,12,220,0,0,13,0,8,12,4,0,0,0,0,112667,12,12,1,12,220,0,88,220,1,231
0,30,12,0,10995,12,0,220,220,12,0,79,0,172,13,12,0,0,1,12,0,0,231,0,94,220,0,1,220,76,12,5,30,12,220,2,0,220,0,12,0,254,220,12,220,0,5,0,231,220,0,0,16,0,8,220,231,0,0,0,0,112667,12,220,1,12,220,0,100,12,1,30
0,0,12,0,10996,220,0,12,220,220,0,92,0,165,0,220,0,0,2,220,0,0,8,0,102,12,0,1,220,84,220,6,102,12,220,2,0,12,0,220,0,0,12,220,220,0,6,0,74,12,0,0,7,0,0,220,115,0,0,0,0,112667,220,220,1,220,12,0,94,12,1,165
0,25,220,0,7824,220,0,220,220,220,0,66,0,31,7,220,0,0,0,220,0,0,230,0,72,220,353,6,220,76,220,8,74,220,220,0,0,220,0,220,0,24,220,220,220,0,8,0,230,220,0,0,30,0,0,220,230,0,0,0,0,112670,220,220,1,220,220,0,100,220,1,32
0,231,9,0,7825,9,0,15,63,63,0,76,0,230,7,15,0,0,1,15,0,0,15,0,230,63,353,6,9,76,63,8,231,63,15,0,0,15,0,15,0,230,9,63,9,0,8,0,106,63,0,0,20,0,0,15,50,0,0,0,0,112670,9,63,1,9,9,0,88,15,1,231
0,183,220,0,7826,220,0,12,220,220,0,93,0,64,0,220,0,0,2,220,0,0,244,0,97,12,353,7,220,76,220,6,97,220,220,2,0,220,0,220,0,183,220,220,220,0,6,0,147,220,0,0,6,0,0,220,111,0,0,0,0,112670,220,220,1,220,12,0,91,220,1,64
353,231,58,0,12059,58,0,46,45,45,0,88,0,231,0,46,0,0,0,46,0,0,67,0,231,45,353,1,58,76,45,248,231,45,46,0,0,46,0,46,0,231,58,45,58,0,248,0,17,45,0,0,9,0,0,46,42,0,0,0,0,112689,58,45,1,58,58,0,88,46,1,231
353,67,220,0,12060,220,0,220,220,220,0,89,0,41,0,220,0,0,1,220,0,0,230,0,16,220,353,1,220,76,220,248,16,220,220,0,0,220,0,220,0,67,220,220,220,0,248,0,229,220,0,0,9,0,0,220,230,0,0,0,0,112689,220,220,1,220,220,0,90,220,1,40
0,221,220,0,12061,220,0,220,220,220,0,100,0,92,0,220,0,0,2,220,0,0,224,0,186,220,353,1,220,76,220,1,184,220,220,0,0,220,0,220,0,224,220,220,220,0,1,0,186,220,0,0,100,0,0,220,92,0,0,0,0,112689,220,220,1,220,220,0,99,220,1,91
0,29,229,0,9909,12,0,12,12,87,0,74,0,170,9,12,0,0,0,207,0,0,29,0,5,12,0,3,229,86,12,3,29,87,12,0,0,12,0,12,0,249,12,12,12,0,3,0,29,12,1,0,23,0,8,207,29,0,0,0,0,112705,12,87,1,229,12,0,89,207,1,29
2168,230,229,0,9910,12,0,12,12,87,0,59,0,221,9,12,0,0,1,207,0,0,192,0,220,12,0,3,229,86,12,3,230,87,12,0,0,12,0,12,0,222,12,12,12,0,3,0,192,12,1,0,16,0,8,207,192,0,0,0,0,112705,12,87,1,229,12,3,89,207,1,230
0,153,220,0,9911,220,0,220,220,220,0,96,0,106,0,220,0,0,2,220,0,0,64,1,104,220,0,3,220,86,220,3,134,220,220,0,0,220,0,220,0,64,220,220,220,0,3,0,104,220,0,0,96,0,0,220,106,0,0,0,0,112705,220,220,1,220,220,0,91,220,1,201
353,36,220,0,6805,220,0,220,220,220,0,95,0,75,7,220,0,0,0,220,0,0,18,0,63,220,353,1,220,76,220,6,87,220,220,0,0,220,0,220,0,18,220,220,220,0,6,0,63,220,0,0,95,0,0,220,75,0,0,0,0,112713,220,220,1,220,220,0,96,220,1,91
353,231,23,0,6806,41,0,80,51,51,0,88,0,232,7,113,0,0,1,113,0,0,16,0,232,31,353,1,41,76,51,6,231,31,113,2,0,80,0,113,0,232,23,51,41,0,6,0,64,31,0,0,9,0,0,113,76,0,0,0,0,112713,41,51,1,41,23,0,96,80,1,231
0,236,220,0,6807,220,0,220,220,220,0,100,0,12,0,220,0,0,2,220,0,0,239,0,148,220,353,1,220,76,220,6,147,220,220,0,0,0,0,220,0,239,236,220,220,0,6,0,148,140,0,0,100,0,0,220,12,0,0,0,0,112713,220,220,1,220,220,0,100,220,1,11
0,4,220,0,12016,220,0,220,220,220,0,50,0,39,0,220,0,0,0,220,0,0,179,0,70,220,0,8,220,100,220,7,68,220,220,0,0,220,0,220,0,5,220,220,220,0,7,0,54,220,1,0,45,0,0,220,14,0,0,0,0,112716,220,220,1,220,220,0,88,220,1,38
0,231,170,0,12017,28,0,39,78,52,0,72,0,142,9,39,0,0,1,44,0,0,12,0,115,78,0,1,170,76,78,7,231,52,39,0,0,39,0,39,0,175,28,78,28,0,7,0,81,78,1,0,22,0,0,44,42,0,0,0,0,112716,28,52,1,170,28,0,96,44,1,231
0,52,220,0,12018,220,0,220,220,220,0,100,0,182,0,220,0,0,2,220,0,0,52,0,160,220,0,1,220,76,220,7,160,220,220,0,0,220,0,220,0,52,220,220,220,0,7,0,160,220,0,0,100,0,0,220,182,0,0,0,0,112716,220,220,1,220,220,0,100,220,1,182
0,253,220,0,16097,12,0,12,220,220,0,61,0,253,0,12,0,0,0,220,0,0,6,0,253,12,61,49,12,14,12,89,253,220,220,0,0,220,0,12,0,253,220,12,220,0,23,0,7,220,0,0,19,0,0,12,7,0,0,0,0,112764,12,12,1,220,12,0,91,220,1,253
0,0,12,0,16098,220,0,220,12,12,0,95,0,117,0,220,0,0,1,12,0,0,0,0,185,220,61,49,220,14,220,89,160,12,12,0,0,12,0,220,0,0,12,220,12,0,23,0,185,12,0,0,95,0,0,220,117,0,0,0,0,112764,220,220,1,12,220,0,90,12,1,101
0,196,220,0,16099,12,0,12,220,220,0,85,0,229,0,12,0,0,2,220,0,0,0,1,102,12,61,49,12,14,12,89,101,220,220,0,0,220,0,12,0,196,220,12,220,0,23,0,89,220,0,0,14,0,1,12,167,0,0,0,0,112764,12,12,1,220,12,0,91,220,1,229
0,230,220,0,10312,29,0,12,220,220,0,88,0,231,0,41,0,0,0,220,0,0,23,0,229,12,308,44,29,76,75,84,230,220,220,2,0,220,0,41,0,231,220,75,220,0,84,0,54,220,1,0,8,0,0,41,29,0,0,0,0,112809,29,75,1,220,12,0,100,220,1,230
0,18,12,0,10313,174,0,12,12,12,0,97,0,46,0,138,0,0,1,12,0,0,20,0,88,12,308,44,174,76,89,84,99,12,12,2,0,12,0,138,0,20,12,89,12,0,84,0,88,12,1,0,97,0,0,138,46,0,0,0,0,112809,174,89,1,12,12,0,99,12,1,52
0,29,12,0,10314,220,0,12,12,12,0,92,0,30,0,220,0,0,2,12,0,0,82,0,30,12,308,44,220,76,220,84,29,12,12,2,0,12,0,220,0,30,12,220,12,0,84,0,182,12,0,0,7,0,0,220,137,0,0,0,0,112809,220,220,1,12,12,0,100,12,1,29
39,230,29,0,6655,18,0,27,77,77,0,70,0,155,0,27,-1,0,0,26,0,0,198,0,206,77,0,96,18,100,77,182,230,77,26,0,0,26,0,27,0,118,29,77,29,0,182,0,231,77,0,1,27,0,9,27,211,0,0,0,0,112828,18,77,1,29,18,0,100,26,1,230
39,231,128,0,6656,178,0,178,179,135,0,96,0,46,19,178,0,0,1,128,0,0,42,0,59,178,0,96,128,100,178,182,231,135,178,0,0,178,0,178,0,42,179,178,179,0,182,0,59,179,0,1,96,0,0,128,46,0,0,0,0,112828,178,135,1,128,178,0,91,128,1,231
39,123,220,0,6657,220,0,220,220,220,0,89,0,63,0,220,0,0,2,220,0,0,157,0,140,220,0,96,220,87,220,182,127,220,220,0,0,220,0,220,0,138,220,220,220,0,182,0,162,220,0,1,5,0,0,220,121,0,0,0,0,112828,220,220,1,220,220,0,69,220,1,57
0,240,220,0,12066,220,0,220,220,220,0,89,0,97,0,220,0,0,0,220,0,0,231,0,15,220,0,1,220,76,220,1,14,220,220,0,0,220,0,220,0,240,220,220,220,0,1,0,230,220,1,0,9,0,8,220,231,0,0,0,0,112853,220,220,1,220,220,0,99,220,1,96
0,30,220,0,12067,220,0,220,220,220,0,65,0,181,8,220,0,0,1,220,0,0,20,0,218,220,0,1,220,76,220,1,219,220,220,0,0,220,0,220,0,30,220,220,220,0,1,0,152,220,1,0,25,0,8,220,75,0,0,0,0,112853,220,220,1,220,220,0,99,220,1,183
0,232,12,0,12068,12,0,12,12,12,0,66,0,240,0,12,0,0,2,12,0,0,168,0,65,12,0,1,12,76,12,1,65,12,12,0,0,12,0,12,0,233,12,12,12,0,1,0,1,12,0,0,33,0,6,12,201,0,0,0,0,112853,12,12,1,12,12,0,93,12,1,239
0,29,220,0,17190,220,0,220,220,220,0,59,0,2,0,220,0,0,0,220,0,0,15,0,52,220,0,1,220,100,220,2,29,220,220,0,0,220,0,220,0,202,220,220,220,0,2,0,69,220,0,0,35,0,8,220,95,0,0,0,0,112868,220,220,1,220,220,0,100,220,1,29
0,231,12,0,17191,12,0,12,12,12,0,86,0,231,7,12,0,0,1,12,0,0,12,0,231,12,0,1,12,100,12,2,231,12,12,0,0,12,0,12,0,231,12,12,12,0,2,0,74,12,0,0,5,0,8,12,98,0,0,0,0,112868,12,12,1,12,12,0,100,12,1,231
0,104,150,0,17192,220,0,220,220,220,0,96,0,43,0,220,0,0,2,220,0,0,104,0,131,220,0,1,220,85,220,5,131,182,220,0,0,80,0,220,0,104,150,220,220,0,5,0,131,182,0,0,96,0,0,220,43,0,0,0,0,112868,220,220,1,220,220,0,94,80,1,43
350,14,220,0,6599,14,0,220,79,220,0,79,0,214,7,103,0,0,0,220,0,0,19,0,7,220,0,6,220,100,79,51,83,220,103,2,0,220,0,103,0,236,220,79,14,0,51,0,84,220,0,0,14,0,0,220,109,0,0,0,0,112883,14,220,1,220,220,0,97,220,0,108
350,24,220,0,6600,203,0,220,44,220,0,92,0,80,7,146,0,0,1,220,0,0,28,0,75,220,0,6,220,100,44,51,72,220,146,2,0,220,0,146,0,28,220,44,203,0,51,0,75,220,0,0,92,0,4,220,80,0,0,0,0,112883,203,220,1,220,220,0,98,220,0,75
350,80,220,0,6601,228,0,220,125,220,0,68,0,184,7,230,0,0,2,220,0,0,22,0,131,220,0,6,220,100,125,51,131,220,230,2,0,220,0,230,0,80,220,125,228,0,51,0,92,220,0,0,18,0,4,220,102,0,0,0,0,112883,228,220,1,220,220,0,97,220,0,185
39,33,147,0,7877,154,0,137,62,62,0,78,0,31,7,137,-1,0,0,138,0,0,120,0,31,66,0,96,154,76,66,182,30,62,138,0,0,138,0,137,0,34,147,66,147,0,182,0,48,62,0,1,19,0,9,137,31,0,0,0,0,112885,154,66,1,147,154,0,89,138,1,30
39,219,25,0,7878,25,0,70,41,41,0,85,0,202,0,70,0,0,1,71,0,0,26,0,187,42,0,96,25,100,42,182,190,41,71,0,0,71,0,70,0,215,25,42,25,0,182,0,64,41,0,1,8,0,0,70,70,0,0,0,0,112885,25,42,1,25,25,0,80,71,1,206
39,61,220,0,7879,220,0,220,220,220,0,85,0,130,0,220,0,0,2,220,0,0,3,0,187,220,0,96,220,87,220,182,183,220,220,0,0,220,0,220,0,82,220,220,220,0,182,0,200,220,0,1,6,0,0,220,140,0,0,0,0,112885,220,220,1,220,220,0,74,220,1,125
100039,225,12,0,10547,12,0,12,12,12,0,97,0,141,0,12,-1,0,0,12,0,0,221,0,168,12,0,96,12,76,12,182,177,12,12,0,0,12,0,12,0,221,12,12,12,0,182,0,168,12,0,1,97,0,9,12,141,0,0,0,0,112893,12,12,1,12,12,0,99,12,1,144
100039,30,245,0,10548,245,0,150,171,171,0,98,0,33,11,150,0,0,1,150,0,0,33,0,33,171,0,96,245,100,171,182,30,171,150,0,0,150,0,150,0,33,245,171,245,0,182,0,33,171,0,1,98,0,0,150,33,0,0,0,0,112893,245,171,1,245,245,0,94,150,1,30
100039,61,220,0,10549,220,0,220,220,220,0,84,0,130,0,220,0,0,2,220,0,0,3,0,187,220,0,96,220,87,220,182,183,220,220,0,0,220,0,220,0,82,220,220,220,0,182,0,200,220,0,1,6,0,0,220,140,0,0,0,0,112893,220,220,1,220,220,0,74,220,1,125
0,29,12,0,11041,220,0,220,12,12,0,88,0,30,7,220,0,0,0,12,0,0,20,0,31,220,0,1,220,76,220,94,29,12,12,0,0,12,0,220,0,29,12,220,12,0,94,0,126,12,1,0,7,0,8,220,69,0,0,0,0,112908,220,220,1,12,220,3,98,12,1,29
0,230,220,0,11042,220,0,220,97,220,0,91,0,45,7,220,0,0,1,220,0,0,183,0,93,220,0,1,12,76,220,94,230,220,39,0,0,39,0,220,0,183,181,220,181,0,94,0,93,97,1,0,91,0,8,12,45,0,0,0,0,112908,220,12,1,220,220,3,98,220,1,230
0,123,122,0,11043,220,0,220,143,143,0,88,0,215,7,220,0,0,2,220,0,0,203,0,130,220,0,1,220,76,220,94,129,143,220,0,0,220,0,220,0,123,122,220,122,0,94,0,192,143,1,0,10,0,8,220,243,0,0,0,0,112908,220,220,1,122,220,3,77,220,1,214
0,29,12,0,10351,220,0,220,220,220,0,67,0,34,0,220,0,0,0,220,0,0,230,0,34,220,353,1,220,76,220,7,29,12,220,0,0,12,0,220,0,34,12,220,220,0,7,0,230,12,0,0,31,0,0,220,230,0,0,0,0,112965,220,220,1,220,220,0,95,12,1,29
0,219,12,0,10352,12,0,12,12,12,0,91,0,219,7,12,0,0,1,12,0,0,31,0,221,12,353,8,12,76,12,7,223,12,12,0,0,12,0,12,0,216,12,12,12,0,7,0,31,12,0,0,6,0,0,12,31,0,0,0,0,112965,12,12,1,12,12,0,95,12,1,222
0,211,12,0,10353,12,0,12,12,12,1,87,0,127,0,12,0,0,2,12,0,0,29,1,59,12,353,1,12,76,12,7,58,12,12,0,0,126,0,12,0,211,210,12,12,0,7,0,29,59,0,0,12,0,1,12,29,0,0,0,0,112965,12,12,1,12,12,0,91,12,1,126
0,231,12,0,7426,3,0,148,97,97,0,87,0,203,19,148,0,0,0,148,0,0,26,0,26,97,0,1,3,76,97,12,24,12,148,0,0,12,0,148,0,233,12,97,3,0,12,0,55,12,1,0,5,0,8,148,105,0,0,0,0,112992,3,97,1,3,3,0,100,12,1,203
0,2,1,0,7427,1,0,159,74,74,0,87,0,68,19,159,0,0,1,159,0,0,133,0,66,74,0,1,1,76,74,12,66,74,159,0,0,159,0,159,0,3,1,74,1,0,12,0,70,74,1,0,7,0,8,159,229,0,0,0,0,112992,1,74,1,1,1,0,90,159,1,70
0,96,220,0,7428,219,0,220,90,90,0,91,0,35,0,214,0,0,2,214,0,0,218,0,140,220,0,1,219,76,90,2,139,220,214,0,0,220,0,214,0,97,220,90,219,0,2,0,90,220,0,0,7,0,0,214,213,0,0,0,0,112992,219,90,1,219,220,0,91,220,1,34
39,29,116,0,8992,116,0,103,78,78,0,84,0,29,7,103,0,0,0,103,0,0,153,0,28,78,0,96,116,100,78,182,29,78,103,0,0,103,0,103,0,29,116,78,116,0,182,0,96,78,0,1,11,0,0,103,137,0,0,0,0,112996,116,78,1,116,116,0,93,103,1,29
39,231,147,0,8993,154,0,137,62,62,0,88,0,231,11,137,-1,0,1,138,0,0,158,0,231,66,0,96,154,0,66,182,231,62,138,0,0,138,0,137,0,231,147,66,147,0,182,0,67,62,0,1,11,0,9,137,133,0,0,0,0,112996,154,66,1,147,154,0,89,138,1,231
39,123,220,0,8994,220,0,220,220,220,0,89,0,63,0,220,0,0,2,220,0,0,157,0,140,220,0,96,220,87,220,182,127,220,220,0,0,220,0,220,0,138,220,220,220,0,182,0,162,220,0,1,5,0,0,220,121,0,0,0,0,112996,220,220,1,220,220,0,69,220,1,57
0,226,220,0,6823,220,0,220,28,220,0,67,0,33,0,220,0,0,0,220,0,0,107,0,34,220,0,110,220,78,220,216,34,220,40,0,0,220,0,220,0,226,220,220,197,0,216,0,46,220,0,0,29,0,0,220,14,0,0,0,1,113000,220,220,1,220,220,0,89,220,1,34
0,226,220,0,6824,149,0,2,220,220,0,80,0,227,26,2,0,0,1,220,0,0,106,0,227,2,0,110,220,79,2,216,34,220,220,0,0,2,0,2,0,227,149,2,220,0,216,0,43,2,0,0,11,0,0,220,9,0,1,0,1,113000,149,220,1,220,149,0,89,220,1,34
0,246,12,0,6825,12,0,12,220,12,0,62,0,179,0,12,0,0,2,12,0,0,251,0,50,12,0,110,12,78,12,216,49,12,220,0,0,12,0,12,0,246,12,12,220,0,216,0,69,12,0,0,37,0,0,12,219,0,0,0,1,113000,12,12,1,12,12,0,62,12,1,178
0,51,220,0,6829,54,0,71,159,220,0,88,0,227,0,71,0,0,0,220,0,0,53,0,227,159,0,140,220,78,159,118,152,220,71,0,0,71,0,71,0,227,54,159,54,0,118,0,158,159,0,0,7,0,0,220,73,0,0,0,1,113002,54,220,1,220,54,0,89,220,1,67
0,30,86,0,6830,86,0,113,174,174,0,94,0,33,0,113,0,0,1,113,0,0,33,0,33,174,0,140,86,78,174,118,30,174,113,0,0,113,0,113,0,33,86,174,86,0,118,0,33,174,0,0,94,0,0,113,33,0,0,0,1,113002,86,174,1,86,86,0,91,113,1,30
0,38,220,0,6831,12,0,220,220,220,0,86,0,138,0,12,0,0,2,220,0,0,113,0,110,220,0,140,12,78,12,118,110,220,220,0,0,220,0,12,0,39,220,12,220,0,118,0,116,220,0,0,12,0,6,12,213,0,0,0,1,113002,12,12,1,220,220,0,95,220,1,137
0,17,21,0,6832,213,0,148,58,135,0,96,0,19,7,148,0,0,0,148,0,0,15,0,57,135,0,157,213,78,135,296,58,58,26,0,0,26,0,148,0,15,21,135,21,0,296,0,57,58,0,0,96,0,8,148,19,0,0,0,1,113003,213,135,1,213,208,0,98,26,1,20
0,228,213,0,6833,51,0,61,135,140,0,95,0,218,7,66,0,0,1,66,0,0,228,0,196,135,0,157,51,78,140,296,196,135,148,0,0,148,0,66,0,228,213,140,213,0,296,0,196,135,0,0,95,0,8,66,218,0,0,0,1,113003,51,140,1,51,55,0,99,148,1,219
0,231,213,0,6834,21,0,220,135,58,0,92,0,211,0,26,0,0,2,26,0,0,239,0,64,220,0,157,21,78,58,296,62,135,148,0,0,148,0,26,0,233,213,58,213,0,296,0,233,135,0,0,7,0,6,26,237,0,0,0,1,113003,21,58,1,21,220,0,100,148,1,209
0,28,220,0,6788,12,0,12,12,220,0,90,0,227,0,12,0,0,0,220,0,0,25,0,223,12,0,101,220,78,12,8,28,220,12,0,0,12,0,12,0,227,12,12,12,0,8,0,25,12,0,0,9,0,8,220,25,0,0,0,1,113004,12,220,1,220,12,3,100,220,1,28
0,129,202,0,6786,202,0,219,49,60,0,81,0,22,7,219,0,0,1,219,0,0,197,0,35,60,0,101,202,78,60,123,37,60,37,0,0,219,0,219,0,127,202,60,91,0,123,0,80,60,0,0,15,0,7,219,64,0,0,0,1,113004,202,60,1,202,202,0,90,219,1,24
0,140,12,0,6847,12,0,12,12,12,0,90,0,170,0,12,0,0,2,12,0,0,25,0,200,12,0,101,12,79,12,8,200,12,12,0,0,12,0,12,0,140,12,12,12,0,8,0,25,12,0,0,9,0,8,12,25,0,0,0,1,113004,12,12,1,12,12,3,100,12,1,170
0,24,220,0,6841,220,0,220,220,220,0,95,0,9,7,220,0,0,0,220,0,0,158,0,34,220,0,140,220,78,220,273,55,220,220,0,0,220,0,220,0,158,220,220,220,0,273,0,34,220,0,0,95,0,5,220,9,0,0,0,1,113007,220,220,1,220,220,0,100,220,1,26
0,202,220,0,6842,134,0,220,220,220,0,88,0,210,0,127,0,0,1,220,0,0,143,0,227,220,0,140,134,78,139,273,227,220,220,0,0,220,0,127,0,206,220,139,220,0,273,0,152,220,0,0,11,0,5,127,134,0,0,0,1,113007,134,139,1,220,220,0,99,220,1,202
0,3,39,0,6843,220,0,112,192,192,0,83,0,96,7,220,0,0,2,112,0,0,102,0,167,192,0,140,220,78,220,273,167,192,112,0,0,112,0,220,0,3,39,220,39,0,273,0,217,192,0,0,15,0,6,220,177,0,0,0,1,113007,220,220,1,39,39,0,95,112,1,96
0,28,233,0,6844,44,0,50,72,9,0,87,0,228,7,50,0,0,0,233,0,0,26,0,41,72,0,33,233,78,72,60,71,9,50,0,0,233,0,50,0,245,233,72,44,0,60,0,64,9,0,0,6,0,0,233,37,0,0,0,1,113008,44,9,1,233,44,0,90,233,1,41
0,11,253,0,6845,253,0,253,178,178,0,80,0,67,0,253,0,0,1,253,0,0,12,0,114,178,0,33,253,78,178,60,108,178,253,0,0,253,0,253,0,9,253,178,253,0,60,0,172,178,0,0,12,0,7,253,126,0,0,0,1,113008,253,178,1,253,253,0,90,253,1,61
0,161,220,0,6846,220,0,220,220,220,0,87,0,45,7,220,0,0,2,220,0,0,196,0,51,220,0,33,220,78,220,60,55,220,220,0,0,47,0,220,0,153,162,220,220,0,60,0,74,55,0,0,7,0,0,220,98,0,0,0,1,113008,220,220,1,220,220,0,100,220,1,49
0,46,220,0,6789,0,0,0,37,220,0,90,0,220,7,0,0,0,0,220,0,0,218,0,222,100,0,104,220,79,100,130,111,220,11,0,0,11,0,0,0,218,180,100,180,0,130,0,222,37,0,0,90,0,0,220,220,0,1,0,1,113009,0,220,1,220,0,0,99,220,1,59
0,44,220,0,6790,220,0,220,37,220,0,95,0,45,0,220,0,0,1,220,0,0,46,0,58,220,0,104,220,78,220,130,57,220,11,0,0,11,0,220,0,46,180,220,180,0,130,0,58,37,0,0,95,0,5,220,45,0,0,0,1,113009,220,220,1,220,220,0,100,220,1,45
0,231,12,0,6848,12,0,12,12,12,0,99,0,211,0,12,0,0,2,12,0,0,231,0,78,12,0,104,12,79,12,130,62,12,12,0,0,233,0,12,0,231,245,12,12,0,130,0,78,133,0,0,99,0,5,12,211,0,0,0,1,113009,12,12,1,12,12,0,100,12,1,209
0,58,220,0,6955,220,0,220,220,220,0,96,0,48,0,220,0,0,0,220,0,0,72,0,49,220,0,33,220,78,220,60,47,220,220,0,0,220,0,220,0,72,220,220,220,0,60,0,49,220,0,0,96,0,0,220,48,0,0,0,1,113010,220,220,1,220,220,0,90,220,1,41
0,148,53,0,6956,53,0,72,77,77,0,96,0,189,0,72,0,0,1,72,0,0,170,0,180,77,0,33,53,78,77,60,167,77,72,0,0,72,0,72,0,170,53,77,53,0,60,0,180,77,0,0,96,0,0,72,189,0,0,0,1,113010,53,77,1,53,53,0,90,72,1,175
0,212,207,0,6957,207,0,74,28,28,0,79,0,219,7,74,0,0,2,74,0,0,158,0,30,28,0,33,207,78,28,60,30,28,74,0,0,74,0,74,0,213,207,28,207,0,60,0,42,28,0,0,9,0,0,74,179,0,0,0,1,113010,207,28,1,207,207,0,96,74,1,218
0,224,225,0,7663,220,0,220,45,45,0,86,0,90,19,220,0,0,0,93,0,0,236,0,44,220,0,70,220,78,220,129,43,45,93,0,0,93,0,220,0,222,225,220,225,0,129,0,144,45,0,0,6,0,5,220,166,0,0,0,1,113011,220,220,1,225,220,0,97,93,1,92
0,104,12,0,7664,12,0,12,12,12,0,96,0,138,19,12,0,0,1,12,0,0,105,0,181,12,0,70,12,78,12,129,180,12,12,0,0,12,0,12,0,105,12,12,12,0,129,0,181,12,0,0,96,0,5,12,138,0,0,0,1,113011,12,12,1,12,12,0,97,12,1,137
0,19,220,0,7665,220,0,220,220,220,0,91,0,23,0,220,0,0,2,220,0,0,63,0,27,220,0,70,220,78,220,129,26,220,220,0,0,12,0,220,0,20,12,220,220,0,129,0,67,12,0,0,6,0,5,220,65,0,0,0,1,113011,220,220,1,220,220,0,95,220,1,22
0,46,251,0,6952,251,0,188,24,55,0,94,0,9,0,188,0,0,0,188,0,0,218,0,45,55,0,142,251,78,55,124,90,55,124,0,0,29,0,188,0,218,197,55,239,0,124,0,45,41,0,0,94,0,0,188,9,0,0,0,1,113012,251,55,1,251,251,0,90,188,1,52
0,166,49,0,6953,49,0,52,61,61,0,82,0,217,0,52,0,0,1,52,0,0,182,0,215,61,0,142,49,78,61,124,222,61,52,0,0,52,0,52,0,228,49,61,49,0,124,0,176,61,0,0,7,0,7,52,170,0,0,0,1,113012,49,61,1,49,49,0,89,52,1,199
0,0,215,0,6954,215,0,172,75,75,0,81,0,113,7,172,0,0,2,172,0,0,249,0,66,75,0,142,215,78,75,124,65,75,172,0,0,113,0,172,0,0,0,75,215,0,124,0,79,66,0,0,7,0,0,172,166,0,0,0,1,113012,215,75,1,215,215,0,96,172,1,112
39,156,220,0,13732,220,0,220,220,220,0,97,0,51,11,220,-1,0,0,220,0,0,166,0,85,220,0,96,220,0,220,182,83,220,220,0,0,220,0,220,0,166,220,220,220,0,182,0,85,220,0,1,97,0,9,220,51,0,0,0,0,113018,220,220,1,220,220,0,100,220,1,40
39,190,12,0,13733,12,0,12,12,12,0,71,0,169,0,12,0,0,1,12,0,0,236,0,100,12,0,96,12,100,12,182,100,12,12,0,0,12,0,12,0,191,12,12,12,0,182,0,163,12,0,1,15,0,0,12,223,0,0,0,0,113018,12,12,1,12,12,0,92,12,1,170
39,61,220,0,13734,220,0,220,220,220,0,85,0,130,0,220,0,0,2,220,0,0,3,0,187,220,0,96,220,87,220,182,183,220,220,0,0,220,0,220,0,82,220,220,220,0,182,0,199,220,0,1,6,0,0,220,140,0,0,0,0,113018,220,220,1,220,220,0,74,220,1,125
350,29,215,0,14863,12,0,205,12,12,0,51,0,30,7,12,0,0,0,12,0,0,185,0,30,148,0,6,12,76,12,51,29,148,12,2,0,205,0,12,0,30,215,12,12,0,51,0,38,148,0,0,39,0,8,12,53,0,1,0,0,113037,12,12,1,12,215,0,97,205,0,29
350,116,220,0,14864,220,0,12,220,220,0,80,0,182,0,220,0,0,1,220,0,0,230,0,231,12,0,6,220,76,220,51,231,220,220,2,0,12,0,220,0,116,12,220,220,0,51,0,69,12,0,0,12,0,8,220,69,0,0,0,0,113037,220,220,1,220,12,0,88,220,0,182
350,254,220,0,14865,12,0,220,12,12,0,86,0,237,0,12,0,0,2,12,0,0,219,0,2,220,0,6,12,76,12,51,2,220,12,2,0,220,0,12,0,252,220,12,12,0,51,0,3,220,0,0,7,0,8,12,204,0,0,0,0,113037,12,12,1,12,220,0,91,220,0,239
2149,178,220,0,11907,220,0,220,220,220,0,89,0,17,19,220,0,0,0,220,0,0,230,0,33,220,0,1,220,76,220,1,34,220,220,0,0,220,0,220,0,173,220,220,220,0,1,0,230,220,0,0,5,0,0,220,230,0,0,0,0,113040,220,220,1,220,220,0,96,220,1,17
2149,231,228,0,11908,188,0,2,25,25,0,86,0,230,19,2,0,0,1,2,0,0,167,0,230,25,0,1,188,76,25,1,231,35,2,0,0,27,0,2,0,230,228,25,188,0,1,0,164,35,0,0,9,0,0,2,172,0,0,0,0,113040,188,25,1,188,188,0,96,27,1,231
2149,41,43,0,11909,220,0,220,220,220,0,96,0,151,0,220,-1,0,2,220,0,0,43,0,242,220,0,6,220,0,220,7,235,241,220,0,0,150,0,220,0,43,43,220,220,0,7,0,242,241,0,0,96,0,0,220,151,0,0,0,0,113040,220,220,1,220,220,0,91,150,1,146
353,1,220,0,12602,12,0,220,12,220,0,36,0,244,0,12,0,0,0,220,0,0,214,0,244,220,353,6,220,100,12,5,0,220,12,2,0,12,0,12,0,244,12,12,12,0,5,0,25,12,0,0,33,0,8,220,11,0,0,0,0,113044,12,220,1,220,220,0,94,220,1,0
0,213,12,0,12603,220,0,12,220,220,0,93,0,18,0,220,0,0,1,220,0,0,191,0,28,12,353,1,220,76,220,4,24,12,220,2,0,12,0,220,0,191,12,220,220,0,4,0,28,12,0,0,93,0,8,220,18,0,0,0,0,113044,220,220,1,220,12,0,94,12,1,10
0,29,220,0,12604,220,0,220,220,220,0,95,0,93,0,220,0,0,2,220,0,0,29,0,191,220,353,1,220,76,220,3,190,220,220,0,0,220,0,220,0,29,220,220,220,0,3,0,191,220,0,0,95,0,0,220,93,0,0,0,0,113044,220,220,1,220,220,0,88,220,1,93
350,25,220,0,8498,12,0,220,66,55,0,92,0,99,0,5,0,0,0,104,0,0,25,0,21,220,0,6,219,76,66,51,74,220,5,2,0,220,0,5,0,215,220,66,12,0,51,0,58,220,0,0,5,0,0,104,23,0,0,0,0,113057,12,55,1,219,220,0,100,220,1,22
350,28,224,0,8499,224,0,12,169,169,0,92,0,45,0,155,0,0,1,155,0,0,28,0,73,12,0,6,224,76,169,51,72,169,155,2,0,155,0,155,0,28,224,169,224,0,51,0,73,169,0,0,92,0,8,155,45,0,0,0,0,113057,224,169,1,224,12,3,100,155,1,45
350,76,220,0,8500,12,0,220,12,12,0,97,0,180,0,12,0,0,2,12,0,0,77,0,143,220,0,6,12,76,12,51,142,220,12,2,0,220,0,12,0,77,220,12,12,0,51,0,143,220,0,0,97,0,0,12,180,0,0,0,0,113057,12,12,1,12,220,0,100,220,1,180
350,231,0,0,14866,0,0,116,220,220,0,95,0,227,7,0,0,0,0,220,0,0,227,0,227,145,0,6,0,100,81,51,231,81,220,2,0,0,0,0,0,227,0,81,220,0,51,0,227,81,0,0,95,0,0,0,227,0,0,0,0,113060,0,81,1,220,98,3,100,0,1,231
350,17,220,0,14867,220,0,220,220,220,0,94,0,31,7,220,0,0,1,220,0,0,17,0,67,220,0,6,220,100,220,51,72,220,220,2,0,220,0,220,0,17,220,220,220,0,51,0,67,220,0,0,94,0,0,220,31,0,0,0,0,113060,220,220,1,220,220,3,100,220,1,31
350,190,220,0,14868,12,0,220,220,220,0,98,0,42,8,12,0,0,2,220,0,0,189,0,29,220,0,6,12,100,12,51,29,220,220,2,0,220,0,12,0,189,220,12,220,0,51,0,29,220,0,0,98,0,0,12,42,0,0,0,0,113060,12,12,1,220,220,0,100,220,0,42
68,22,220,0,7861,220,0,220,220,220,0,74,0,122,7,220,0,0,0,220,0,0,227,0,51,220,0,1,220,100,220,8,50,220,220,0,0,220,0,220,0,24,220,220,220,0,8,0,27,220,0,0,22,0,0,220,98,0,0,0,0,113142,220,220,1,220,220,0,100,220,1,122
68,231,37,0,7862,37,0,139,71,71,0,86,0,225,7,139,0,0,1,139,0,0,32,0,225,71,0,1,37,100,71,8,231,71,139,0,0,139,0,139,0,225,37,71,37,0,8,0,115,71,0,0,6,0,0,139,143,0,0,0,0,113142,37,71,1,37,37,0,94,139,1,231
68,91,220,0,7863,220,0,220,220,220,0,91,0,202,0,220,0,0,2,220,0,0,28,0,227,220,0,1,220,100,220,8,226,220,220,0,0,220,0,220,0,92,220,220,220,0,8,0,29,220,0,0,7,0,0,220,29,0,0,0,0,113142,220,220,1,220,220,0,91,220,1,201
0,56,145,0,12108,145,0,124,53,53,0,91,0,138,0,124,0,0,0,124,0,0,19,0,202,53,0,1,145,76,53,1,204,53,124,0,0,124,0,124,0,55,145,53,145,0,1,0,134,53,0,0,7,0,0,124,75,0,1,0,0,113143,145,53,1,145,145,0,99,124,0,139
0,114,220,0,12109,220,0,220,220,220,0,85,0,29,0,220,0,0,1,220,0,0,21,0,51,220,0,1,220,76,220,1,49,220,220,0,0,220,0,220,0,121,220,220,220,0,1,0,24,220,0,0,12,0,0,220,28,0,0,0,0,113143,220,220,1,220,220,0,100,220,0,27
0,37,12,0,12110,12,0,12,12,12,0,100,0,208,0,12,0,0,2,12,0,0,37,0,52,12,0,1,12,76,12,1,52,12,12,0,0,12,0,12,0,37,12,12,12,0,1,0,52,12,0,0,100,0,1,12,208,0,0,0,0,113143,12,12,1,12,12,0,100,12,0,208
0,151,220,0,11910,220,0,220,220,220,0,57,0,90,4,220,-1,0,0,220,0,0,150,0,49,220,102149,1,220,0,220,4,62,220,220,0,0,220,0,220,0,15,220,220,220,0,4,0,61,220,0,0,36,0,0,220,53,0,0,0,0,113146,220,220,1,220,220,0,87,220,1,53
0,231,12,0,11911,12,0,12,12,12,0,86,0,231,4,12,-1,0,1,12,0,0,147,0,231,12,102149,1,12,0,12,4,231,12,12,0,0,12,0,12,0,231,12,12,12,0,4,0,62,12,0,0,5,0,0,12,53,0,0,0,0,113146,12,12,1,12,12,0,88,12,1,231
0,40,220,0,11912,220,0,220,220,220,0,92,0,142,0,220,-1,0,2,220,0,0,29,0,231,220,102149,1,220,0,220,4,231,220,220,0,0,220,0,220,0,41,220,220,220,0,4,0,29,220,0,0,7,0,0,220,29,0,0,0,0,113146,220,220,1,220,220,0,91,220,1,142
0,231,12,0,7342,12,0,12,206,12,0,62,0,231,7,12,0,0,0,12,0,0,136,0,231,12,32,12,12,76,12,94,231,12,171,0,0,12,0,12,0,231,12,12,143,0,94,0,190,12,0,0,36,0,0,12,163,0,0,0,0,113147,12,12,1,12,12,0,98,12,1,231
0,30,190,0,7343,190,0,178,12,129,0,98,0,30,0,178,0,0,1,178,0,0,30,0,30,129,32,5,190,76,129,1,30,129,12,0,0,178,0,178,0,30,190,129,12,0,232,0,30,129,0,0,98,0,0,178,30,0,0,0,0,113147,190,129,1,190,190,0,97,178,1,30
0,234,147,0,7344,147,0,60,40,40,0,94,0,236,0,35,0,0,2,35,0,0,161,0,170,68,32,12,147,86,40,94,192,40,35,0,0,35,0,35,0,233,147,40,147,0,94,0,34,40,0,0,5,0,0,35,2,0,0,0,0,113147,147,40,1,147,192,0,92,35,1,239
39,29,220,0,9927,220,0,220,220,220,0,49,0,60,7,220,-1,0,0,220,0,0,22,0,131,220,0,96,220,0,220,182,140,220,220,0,0,220,0,220,0,39,220,220,220,0,182,0,46,220,0,1,41,0,9,220,26,0,0,0,0,113149,220,220,1,220,220,0,90,220,1,65
39,203,220,0,9928,205,0,85,35,220,0,78,0,249,0,85,0,0,1,220,0,0,208,0,248,35,0,96,220,100,35,182,42,220,85,0,0,85,0,85,0,249,205,35,205,0,182,0,47,35,0,1,13,0,0,220,92,0,0,0,0,113149,205,220,1,220,205,0,93,220,1,73
39,127,220,0,9929,220,0,220,220,220,0,89,0,57,0,220,0,0,2,220,0,0,157,0,130,220,0,96,220,87,220,182,128,220,220,0,0,220,0,220,0,128,220,220,220,0,182,0,162,220,0,1,6,0,0,220,120,0,0,0,0,113149,220,220,1,220,220,0,69,220,1,53
0,0,0,0,18305,0,0,0,0,0,0,0,0,0,0,0,-1,0,0,0,0,0,0,0,0,0,0,0,0,0,0,0,0,0,0,0,0,0,0,0,0,0,0,0,0,0,0,0,0,0,0,0,0,0,0,0,0,0,0,0,0,113154,0,0,0,0,0,0,0,0,0,0
0,0,0,0,18306,0,0,0,0,0,0,0,0,0,0,0,-1,0,0,0,0,0,0,0,0,0,0,0,0,0,0,0,0,0,0,0,0,0,0,0,0,0,0,0,0,0,0,0,0,0,0,0,0,0,0,0,0,0,0,0,0,113155,0,0,0,0,0,0,0,0,0,0
350,166,220,0,10405,56,0,220,129,129,0,84,0,3,8,81,0,0,0,81,0,0,27,0,28,220,0,6,56,76,129,51,25,220,81,2,0,220,0,81,0,172,220,129,56,0,51,0,85,220,0,0,12,0,8,81,48,0,0,0,0,113217,56,129,1,56,220,3,100,220,0,2
350,231,153,0,10406,153,0,38,44,44,0,97,0,223,7,38,0,0,1,38,0,0,223,0,205,44,0,6,153,76,44,51,231,44,38,2,0,38,0,38,0,223,153,44,153,0,51,0,205,44,0,0,97,0,0,38,223,0,0,0,0,113217,153,44,1,153,153,3,100,38,0,231
350,181,220,0,10407,220,0,220,220,220,0,96,0,204,8,220,0,0,2,220,0,0,186,0,218,220,0,6,220,76,220,51,215,220,220,2,0,220,0,220,0,186,220,220,220,0,51,0,218,220,0,0,96,0,0,220,204,0,0,0,0,113217,220,220,1,220,220,3,100,220,0,200
350,231,220,0,9432,66,0,220,129,220,0,91,0,218,19,74,0,0,0,220,0,0,44,0,93,220,0,6,220,86,129,51,93,220,74,2,0,220,0,74,0,232,220,129,66,0,51,0,90,220,0,0,6,0,8,220,63,0,0,0,0,113222,66,220,1,220,220,0,100,220,0,217
350,27,210,0,9433,210,0,195,78,78,0,92,0,41,19,195,0,0,1,195,0,0,225,0,74,78,0,6,210,76,78,51,71,78,195,2,0,195,0,195,0,28,210,78,210,0,51,0,100,78,0,0,5,0,8,195,212,0,0,0,0,113222,210,78,1,210,210,0,100,195,1,39
350,30,220,0,9434,220,0,129,220,220,0,93,0,31,0,220,0,0,2,220,0,0,31,0,31,127,0,6,220,76,220,51,30,220,220,2,0,129,0,220,0,31,134,220,220,0,51,0,31,127,0,0,93,0,0,220,31,0,0,0,0,113222,220,220,1,220,134,0,88,220,0,30
2149,29,220,0,11913,220,0,220,220,220,0,87,0,31,7,220,-1,0,0,220,0,0,116,0,50,220,0,6,220,0,220,7,29,220,220,0,0,220,0,220,0,43,220,220,220,0,7,0,151,220,0,0,11,0,0,220,41,0,0,0,0,113257,220,220,1,220,220,0,100,220,1,29
2149,231,12,0,11914,12,0,220,12,12,0,99,0,212,11,12,-1,0,1,12,0,0,233,0,177,220,0,6,12,0,12,7,142,12,12,2,0,220,0,12,0,233,220,12,12,0,7,0,177,220,0,0,99,0,0,12,212,0,0,0,0,113257,12,12,1,12,220,0,100,12,1,194
2149,253,220,0,11915,220,0,220,220,220,0,100,0,152,0,220,-1,0,2,220,0,0,254,0,180,220,0,6,220,0,220,7,180,220,220,0,0,220,0,220,0,254,220,220,220,0,7,0,180,220,0,0,100,0,0,220,152,0,0,0,0,113257,220,220,1,220,220,0,100,220,1,152
0,231,16,0,7625,16,0,69,49,49,0,84,0,231,7,69,-1,0,0,69,0,0,160,0,231,49,0,133,16,0,49,260,231,49,69,0,0,69,0,69,0,230,16,49,16,0,260,0,169,49,0,0,5,0,0,69,178,0,1,0,0,113296,16,49,1,16,16,0,96,69,1,231
0,29,7,0,7626,7,0,244,104,104,0,84,0,31,0,244,-1,0,1,244,0,0,49,0,31,104,0,133,7,0,104,260,30,104,244,0,0,244,0,244,0,30,7,104,7,0,260,0,63,104,0,0,9,0,0,244,77,0,0,0,0,113296,7,104,1,7,7,0,97,244,1,30
0,226,10,0,7627,10,0,53,35,35,0,85,0,254,0,53,-1,0,2,53,0,0,14,0,101,35,0,133,10,0,35,260,101,35,53,0,0,53,0,53,0,226,10,35,10,0,260,0,105,35,0,0,5,0,0,53,246,0,1,0,0,113296,10,35,1,10,10,0,96,53,1,254
2149,1,220,0,11916,220,0,220,220,220,0,100,0,39,7,220,0,0,0,220,0,0,1,0,120,220,0,6,220,86,220,5,106,220,220,2,0,220,0,220,0,1,220,220,220,0,5,0,120,220,0,0,100,0,8,220,39,0,0,0,0,113297,220,220,1,220,220,0,100,220,1,34
2149,230,12,0,11917,12,0,12,12,12,0,88,0,238,7,12,0,0,1,12,0,0,153,0,238,12,0,6,12,86,12,5,232,12,12,0,0,12,0,12,0,237,12,12,12,0,5,0,157,12,0,0,10,0,8,12,155,0,0,0,0,113297,12,12,1,12,12,0,100,12,1,231
2149,1,220,0,11918,220,0,220,220,220,0,74,0,149,0,220,-1,0,2,220,0,0,231,0,69,220,0,7,220,84,220,11,68,220,220,0,0,220,0,220,0,0,220,220,220,0,11,0,22,220,0,0,23,0,0,220,220,0,0,0,0,113297,220,220,1,220,220,0,93,220,1,149
2149,0,220,0,11919,220,0,220,220,220,0,77,0,86,7,220,0,0,0,220,0,0,0,0,28,220,0,6,220,86,220,5,145,220,220,0,0,220,0,220,0,240,220,220,220,0,5,0,146,220,0,0,14,0,11,220,76,0,0,0,0,113298,220,220,1,220,220,0,100,220,1,76
2149,230,13,0,11920,13,0,81,140,140,0,75,0,230,7,81,0,0,1,81,0,0,21,0,231,140,0,6,13,86,140,5,230,140,81,0,0,81,0,81,0,227,13,140,13,0,5,0,194,140,0,0,12,0,8,81,163,0,0,0,0,113298,13,140,1,13,13,0,100,81,1,230
2149,4,220,0,11921,220,0,220,220,220,0,91,0,135,0,220,0,0,2,220,0,0,235,0,66,220,0,6,220,76,220,5,66,220,220,0,0,220,0,220,0,4,220,220,220,0,5,0,35,220,0,0,7,0,0,220,122,0,0,0,0,113298,220,220,1,220,220,0,100,220,1,134
2149,27,220,0,11922,55,0,73,146,220,0,77,0,233,0,73,0,0,0,220,0,0,27,0,4,146,0,1,220,87,146,1,154,220,73,0,0,73,0,73,0,240,55,146,55,0,1,0,152,146,0,0,11,0,0,220,72,0,0,0,0,113299,55,220,1,220,55,0,100,220,1,75
2149,236,55,0,11923,55,0,73,146,146,0,61,0,227,8,73,0,0,1,73,0,0,18,0,238,146,0,1,55,76,146,1,245,146,73,0,0,73,0,73,0,220,55,146,55,0,1,0,108,146,0,0,25,0,0,73,64,0,0,0,0,113299,55,146,1,55,55,0,100,73,1,239
2149,230,244,0,11924,244,0,235,70,70,0,91,0,81,0,235,-1,0,2,235,0,0,230,0,34,70,0,1,244,0,70,8,34,70,235,0,0,235,0,235,0,231,244,70,244,0,8,0,66,70,0,0,7,0,0,235,215,0,0,0,0,113299,244,70,1,244,244,0,93,235,1,82
2149,106,12,0,11925,12,0,12,12,12,0,76,0,162,0,12,0,0,0,12,0,0,229,0,214,12,0,1,12,76,12,1,214,12,12,0,0,12,0,12,0,107,12,12,12,0,1,0,231,12,0,0,22,0,0,12,230,0,0,0,0,113300,12,12,1,12,12,0,84,12,1,161
2149,108,165,0,11926,165,0,152,123,123,0,99,0,36,0,152,0,0,1,152,0,0,92,0,44,123,0,1,165,76,123,1,47,123,152,0,0,152,0,152,0,92,165,123,165,0,1,0,44,123,0,0,99,0,0,152,36,0,0,0,0,113300,165,123,1,165,165,0,100,152,1,37
2149,103,220,0,11927,220,0,220,220,220,0,91,0,103,0,220,-1,0,2,220,0,0,29,0,103,220,0,7,220,0,220,51,103,220,220,0,0,220,0,220,0,103,220,220,220,0,51,0,29,220,0,0,7,0,0,220,29,0,0,0,0,113300,220,220,1,220,220,0,76,220,1,103
2149,30,220,0,10477,220,0,220,220,220,0,84,0,18,7,220,0,0,0,220,0,0,222,0,20,220,0,6,220,86,220,7,30,220,220,0,0,220,0,220,0,140,220,220,220,0,7,0,32,220,0,0,15,0,8,220,40,0,0,0,0,113301,220,220,1,220,220,0,100,220,1,30
2149,230,12,0,10478,12,0,12,12,12,0,79,0,232,7,12,0,0,1,12,0,0,212,0,232,12,0,6,12,86,12,7,230,12,12,0,0,12,0,12,0,232,12,12,12,0,7,0,102,12,0,0,20,0,8,12,169,0,0,0,0,113301,12,12,1,12,12,0,100,12,1,230
2149,10,254,0,10479,254,0,237,1,1,0,74,0,153,0,237,-1,0,2,237,0,0,5,0,46,1,0,6,254,0,1,7,45,1,237,0,0,237,0,237,0,10,254,1,254,0,7,0,27,1,0,0,25,0,0,237,95,0,0,0,0,113301,254,1,1,254,254,0,91,237,1,153
2149,9,220,0,11928,220,0,220,220,220,0,88,0,73,0,220,0,0,0,220,0,0,10,0,170,220,0,6,220,86,220,1,169,220,220,2,0,220,0,220,0,10,220,220,220,0,1,0,170,220,0,0,88,0,0,220,73,0,0,0,0,113302,220,220,1,220,220,0,89,220,1,72
2149,231,224,0,11929,220,0,220,220,38,0,69,0,26,2,220,0,0,1,46,0,0,230,0,33,220,0,6,224,86,220,1,231,38,220,2,0,220,0,220,0,215,220,220,220,0,1,0,230,220,0,0,24,0,0,46,230,0,0,0,0,113302,220,38,1,224,220,0,89,46,1,231
2149,24,220,0,11930,220,0,220,220,220,0,95,0,25,0,220,-1,0,2,220,0,0,25,0,25,220,0,6,220,0,220,5,24,220,220,0,0,220,0,220,0,25,220,220,220,0,5,0,25,220,0,0,95,0,0,220,25,0,0,0,0,113302,220,220,1,220,220,0,91,220,1,24
0,28,103,0,7805,220,0,0,220,228,0,83,0,37,7,220,-1,0,0,202,0,0,96,0,47,0,0,51,103,0,220,196,45,228,220,0,0,220,0,220,0,29,220,220,220,0,196,0,215,220,0,0,8,0,0,202,199,0,0,0,0,113316,220,228,0,103,0,0,100,202,1,35
0,30,220,0,7806,12,0,0,12,220,0,49,0,207,7,12,-1,0,2,220,0,0,248,0,206,0,0,51,220,0,12,196,30,220,12,0,0,12,0,12,0,208,12,12,12,0,196,0,247,12,0,0,37,0,0,220,247,0,0,0,0,113316,12,220,0,220,0,0,100,220,1,30
0,46,220,0,7804,12,0,0,12,220,0,84,0,246,7,12,-1,0,0,220,0,0,0,0,246,0,0,51,220,0,12,196,46,220,12,0,0,12,0,12,0,246,12,12,12,0,196,0,148,12,0,0,11,0,0,220,177,0,0,0,0,113317,12,220,1,220,0,0,100,220,1,46
0,48,220,0,7803,220,0,0,220,220,0,30,0,176,7,220,-1,0,2,220,0,0,1,0,147,0,0,51,220,0,220,196,148,220,220,0,0,220,0,220,0,0,220,220,220,0,196,0,1,220,0,0,26,0,0,220,1,0,0,0,0,113317,220,220,1,220,0,0,100,220,1,175
0,24,220,0,8071,220,0,12,220,220,0,52,0,65,8,220,0,0,0,220,0,0,25,0,202,12,56,1,220,100,220,1,25,220,220,0,0,220,0,220,0,20,220,220,220,0,1,0,25,220,0,0,44,0,8,220,25,0,0,0,0,113458,220,220,1,220,12,0,94,220,0,25
0,254,12,0,8072,12,0,12,12,12,0,89,0,254,8,12,0,0,1,12,0,0,20,0,254,12,56,1,12,100,12,1,254,12,12,0,0,12,0,12,0,254,12,12,12,0,1,0,201,12,0,0,5,0,8,12,70,0,0,0,0,113458,12,12,1,12,12,0,88,12,0,254
0,220,220,0,8073,220,0,220,220,220,0,100,0,29,0,220,0,0,2,220,0,0,220,0,41,220,56,1,220,76,220,1,42,220,220,0,0,220,0,220,0,220,220,220,220,0,1,0,41,220,0,0,100,0,0,220,29,0,0,0,0,113458,220,220,1,220,220,0,100,220,0,30
0,23,220,0,8065,220,0,220,220,220,0,76,0,30,0,220,0,0,0,220,0,0,231,0,73,220,41,1,220,100,220,137,72,220,220,0,0,220,0,220,0,24,220,220,220,0,137,0,231,220,0,0,23,0,0,220,231,0,0,0,0,113459,220,220,1,220,220,0,98,220,1,29
0,23,220,0,8066,220,0,220,220,220,0,76,0,190,0,220,0,0,1,220,0,0,229,0,197,220,41,1,220,100,220,137,72,220,220,0,0,220,0,220,0,108,220,220,220,0,137,0,229,220,0,0,15,0,0,220,229,0,1,0,0,113459,220,220,1,220,220,0,98,220,1,29
0,167,12,0,8067,12,0,12,12,12,0,92,0,236,0,12,0,0,2,12,0,0,102,0,124,12,41,1,12,76,12,4,124,12,12,0,0,12,0,12,0,167,12,12,12,0,4,0,41,12,0,0,7,0,0,12,197,0,0,0,0,113459,12,12,1,12,12,0,93,12,0,236
0,209,220,0,16203,220,0,220,220,220,0,71,0,30,11,220,0,0,0,220,0,0,224,0,56,220,80,6,220,100,220,6,57,220,220,0,0,220,0,220,0,209,220,220,220,80,6,0,224,220,0,0,27,0,0,220,223,0,0,0,0,113616,220,220,1,220,220,0,88,220,1,30
0,231,208,0,16204,208,0,30,57,57,0,88,0,231,8,30,0,0,1,30,0,0,196,0,212,57,80,6,208,100,57,6,212,57,30,0,0,30,0,30,0,231,208,57,208,80,6,0,48,57,0,0,7,0,0,30,23,0,0,0,0,113616,208,57,1,208,208,0,87,30,1,231
0,67,220,0,16205,220,0,220,220,220,0,100,0,180,0,220,0,0,2,220,0,0,60,0,159,220,0,6,220,100,220,6,163,220,220,0,0,220,0,220,0,60,220,220,220,80,6,0,159,220,0,0,100,0,3,220,180,0,0,0,0,113616,220,220,1,220,220,0,100,220,1,182
0,30,191,0,8137,191,0,0,92,92,0,94,0,30,14,158,-1,0,0,158,0,0,30,0,30,0,0,51,191,89,92,196,30,92,158,0,0,158,0,158,0,30,191,92,191,0,196,0,30,92,0,0,94,0,0,158,30,0,0,0,0,113658,191,92,1,191,0,0,100,158,1,30
0,231,148,0,8138,148,0,0,65,65,0,95,0,231,14,119,-1,0,2,119,0,0,231,0,231,0,0,51,148,0,65,196,231,65,119,0,0,119,0,119,0,231,148,65,148,0,196,0,231,65,0,0,95,0,0,119,231,0,0,0,0,113658,148,65,1,148,0,0,100,119,1,231
0,151,220,0,8139,220,0,0,220,220,0,63,0,30,0,220,-1,0,0,220,0,0,231,0,30,0,0,51,220,89,220,196,23,220,220,0,0,220,0,220,0,30,220,220,220,0,196,0,230,220,0,0,26,0,0,220,231,0,0,0,0,113659,220,220,1,220,0,0,100,220,1,231
0,23,12,0,8140,12,0,0,12,12,0,84,0,231,0,12,-1,0,2,12,0,0,231,0,220,0,0,51,12,89,12,196,220,12,12,0,0,12,0,12,0,23,12,12,12,0,196,0,232,12,0,0,9,0,0,12,232,0,0,0,0,113659,12,12,1,12,0,0,100,12,1,231
0,221,12,0,12834,12,0,12,12,12,0,97,0,221,7,12,-1,0,0,12,0,0,221,0,221,12,0,118,12,0,12,236,221,12,12,0,0,12,0,12,0,221,12,12,12,0,236,0,221,12,0,0,97,0,0,12,221,0,1,0,0,113869,12,12,0,12,12,0,100,12,1,221
0,30,220,0,16135,220,0,185,103,103,0,94,0,55,7,185,0,0,0,185,0,0,55,0,58,103,0,6,220,100,103,12,30,103,185,0,0,185,0,185,0,55,220,103,220,0,12,0,58,103,0,0,94,0,8,185,55,0,0,0,0,113888,220,103,1,220,220,0,98,185,1,30
0,231,12,0,16136,12,0,12,12,12,0,98,0,231,7,12,0,0,1,12,0,0,231,0,231,12,0,6,12,100,12,12,231,12,12,0,0,12,0,12,0,231,12,12,12,0,12,0,231,12,0,0,98,0,8,12,231,0,1,0,0,113888,12,12,1,12,12,0,97,12,1,231
0,230,220,0,16137,220,0,220,220,220,0,53,0,123,0,220,0,0,2,220,0,0,254,0,114,220,0,6,220,100,220,9,115,220,220,0,0,220,0,220,0,232,220,220,220,0,9,0,64,220,0,0,43,0,0,220,70,0,1,0,0,113888,220,220,1,220,220,0,96,220,1,124
0,231,188,0,12062,220,0,220,220,50,0,88,0,17,9,220,0,0,0,59,0,0,230,0,41,220,56,6,188,76,220,2,231,50,220,0,0,220,0,220,1,212,220,220,220,0,2,0,229,220,0,0,6,0,0,59,229,0,0,0,0,113892,220,50,1,188,220,0,95,59,1,231
0,231,200,0,12063,200,0,49,44,44,0,89,0,231,9,49,0,0,1,49,0,0,231,0,231,44,56,6,200,76,44,2,231,44,49,0,0,49,0,49,1,231,200,44,200,0,2,0,231,44,0,0,89,0,0,49,231,0,0,0,0,113892,200,44,1,200,200,0,95,49,1,231
0,30,220,0,12064,220,0,220,220,220,0,100,0,30,0,220,0,0,2,220,0,0,30,0,30,220,56,6,220,76,220,2,30,220,220,0,0,220,0,220,1,30,220,220,220,0,2,0,30,220,0,0,100,0,0,220,30,0,0,0,0,113892,220,220,1,220,220,0,100,220,1,30
0,231,220,0,10284,220,0,220,12,220,0,93,0,42,0,220,0,0,0,220,0,0,171,0,52,220,61,49,12,14,220,89,231,220,12,0,0,12,0,220,0,136,12,220,12,0,23,0,102,12,1,0,6,0,0,12,147,0,0,0,0,113926,220,12,1,220,220,0,91,220,1,231
0,23,12,0,10285,220,0,220,12,12,0,83,0,24,0,220,0,0,1,12,0,0,187,0,26,220,61,49,220,14,220,89,26,12,12,0,0,12,0,220,0,23,12,220,12,0,23,0,30,12,1,0,12,0,0,220,168,0,0,0,0,113926,220,220,1,12,220,0,92,12,1,24
0,148,220,0,10286,12,0,12,220,220,1,91,0,219,0,12,0,0,2,220,0,0,12,0,172,12,61,49,12,14,12,89,171,220,220,0,0,220,0,12,0,149,220,12,220,0,23,0,14,220,0,0,8,0,0,12,14,0,0,0,0,113926,12,12,1,220,12,0,90,220,1,219
0,231,12,0,9650,12,0,12,12,12,4,93,0,231,0,12,0,0,0,12,0,0,27,0,231,12,32,7,12,76,12,5,231,12,12,0,0,12,0,12,0,231,12,12,12,0,5,0,27,12,0,0,5,0,0,12,27,0,0,0,0,113974,12,12,1,12,12,0,88,12,1,231
0,30,220,0,9651,220,0,220,220,220,4,89,0,30,7,220,0,0,1,220,0,0,231,0,30,220,32,7,220,76,220,5,30,220,220,0,0,220,0,220,0,30,220,220,220,0,5,0,231,220,0,0,9,0,0,220,231,0,0,0,0,113974,220,220,1,220,220,0,88,220,1,30
0,78,220,0,9652,220,0,220,220,220,4,96,0,173,0,220,0,0,2,220,0,0,73,0,50,220,32,7,220,76,220,5,50,220,220,0,0,220,0,220,0,73,220,220,220,0,5,0,50,220,0,0,96,0,0,220,173,0,0,0,0,113974,220,220,1,220,220,0,99,220,1,174
0,44,243,0,10278,243,0,220,7,7,0,93,0,53,0,220,0,0,0,220,0,0,47,0,77,7,0,33,243,78,7,60,72,7,220,0,0,50,0,220,0,47,44,7,243,0,60,0,77,73,0,0,93,0,0,220,53,0,0,0,1,113984,243,7,1,243,243,0,90,220,1,50
0,231,220,0,10279,220,0,220,220,220,0,74,0,115,0,220,0,0,1,220,0,0,247,0,172,220,0,33,220,78,220,60,172,220,220,0,0,220,0,220,0,231,220,220,220,0,60,0,92,220,0,0,17,0,7,220,214,0,0,0,1,113984,220,220,1,220,220,0,90,220,1,116
0,182,12,0,10280,12,0,12,12,12,0,92,0,187,7,12,0,0,2,12,0,0,185,0,44,12,0,33,12,78,12,60,39,12,12,0,0,12,0,12,0,183,12,12,12,0,60,0,37,12,0,0,5,0,0,12,79,0,0,0,1,113984,12,12,1,12,12,0,96,12,1,190
0,45,12,0,13236,12,0,12,12,220,0,63,0,231,0,12,0,0,0,220,0,0,121,0,231,12,0,33,220,79,12,60,47,12,12,0,0,220,0,12,0,231,220,12,12,0,60,0,211,220,0,0,36,0,0,220,148,0,1,0,1,113996,12,220,1,220,12,0,88,12,1,45
0,53,125,0,13237,125,0,112,220,220,0,94,0,54,7,112,0,0,1,220,0,0,53,0,133,77,0,33,125,78,77,60,132,77,220,0,0,220,0,112,0,53,220,77,220,0,60,0,133,220,0,0,94,0,0,112,54,0,0,0,1,113996,125,77,1,220,125,0,87,112,1,54
0,29,209,0,13238,209,0,217,46,46,0,79,0,30,7,217,0,0,2,217,0,0,93,0,30,46,0,33,209,78,46,60,28,46,217,0,0,217,0,217,0,30,209,46,209,0,60,0,91,46,0,0,7,0,0,217,91,0,0,0,1,113996,209,46,1,209,209,0,96,217,1,28
0,0,0,0,18307,0,0,0,0,0,0,0,0,0,0,0,-1,0,0,0,0,0,0,0,0,0,0,0,0,0,0,0,0,0,0,0,0,0,0,0,0,0,0,0,0,0,0,0,0,0,0,0,0,0,0,0,0,0,0,0,0,114019,0,0,0,0,0,0,0,0,0,0
0,29,220,0,10281,220,0,220,12,220,0,66,0,30,8,220,-1,0,0,220,0,0,0,0,30,220,0,29,220,351,220,27,29,220,12,0,0,12,0,220,0,30,12,220,12,351,27,0,114,12,1,0,27,0,0,220,189,0,0,0,0,114023,220,220,1,220,220,0,96,220,1,29
0,231,12,0,10282,12,0,12,220,12,0,94,0,227,8,12,-1,0,1,12,0,0,195,0,208,12,0,29,12,351,12,27,231,12,220,0,0,220,0,12,0,195,220,12,220,351,27,0,208,220,1,0,94,0,0,12,227,0,0,0,0,114023,12,12,1,12,12,0,96,12,1,231
0,13,220,0,10283,59,0,162,12,72,0,91,0,24,7,162,-1,0,2,162,0,0,0,0,161,72,0,29,59,351,72,27,144,220,12,0,0,12,0,162,0,9,12,72,12,351,27,0,114,12,1,0,7,0,0,162,188,0,0,0,0,114023,59,72,1,59,59,0,96,220,1,17
0,0,12,0,17280,12,0,12,12,12,0,0,0,0,0,12,0,0,0,12,0,0,0,0,0,12,0,133,12,0,12,260,0,12,12,0,0,12,0,12,0,0,12,12,12,0,260,0,0,12,0,0,0,0,0,12,0,0,0,0,0,114029,12,12,1,12,12,0,0,12,1,0
0,0,12,0,17281,12,0,12,12,12,0,0,0,0,0,12,0,0,2,12,0,0,0,0,0,12,0,133,12,0,12,260,0,12,12,0,0,12,0,12,0,0,12,12,12,0,260,0,0,12,0,0,0,0,0,12,0,0,1,0,0,114029,12,12,1,12,12,0,0,12,1,0
0,30,220,0,17282,220,0,220,220,220,0,69,0,39,14,220,0,0,0,220,0,0,227,0,41,220,0,133,220,0,220,260,31,220,220,0,0,220,0,220,0,39,220,220,220,0,260,0,254,220,0,0,8,0,0,220,7,0,0,0,0,114030,220,220,1,220,220,0,88,220,1,30
0,227,12,0,17283,12,0,12,12,12,0,57,0,248,14,12,0,0,1,12,0,0,112,0,229,12,0,133,12,0,12,260,227,12,12,0,0,12,0,12,0,223,12,12,12,0,260,0,135,12,0,0,10,0,0,12,253,0,1,0,0,114030,12,12,1,12,12,0,84,12,1,230
0,217,220,0,17284,220,0,220,220,220,0,85,0,12,14,220,0,0,2,220,0,0,147,0,236,220,0,133,220,0,220,260,222,220,220,0,0,220,0,220,0,206,220,220,220,0,260,0,238,220,0,0,6,0,0,220,38,0,0,0,0,114030,220,220,1,220,220,0,94,220,1,18
0,21,220,0,13068,220,0,220,220,220,0,72,0,24,19,220,0,0,0,220,0,0,11,0,61,220,0,133,220,0,220,260,22,220,220,0,0,220,0,220,0,11,220,220,220,0,260,0,61,220,0,0,72,0,0,220,24,0,0,0,0,114031,220,220,1,220,220,0,100,220,1,22
0,169,220,0,13069,220,0,220,220,220,0,77,0,40,19,220,0,0,2,220,0,0,234,0,65,220,0,133,220,0,220,260,61,220,220,0,0,220,0,220,0,175,220,220,220,0,260,0,129,220,0,0,5,0,0,220,89,0,0,0,0,114031,220,220,1,220,220,0,100,220,1,38
0,116,254,0,13070,254,0,221,66,66,0,63,0,5,0,221,-1,0,0,221,0,0,205,0,50,66,0,133,254,0,66,260,48,66,221,0,0,221,0,221,0,120,254,66,254,0,260,0,77,66,0,0,8,0,0,221,27,0,0,0,0,114032,254,66,1,254,254,0,100,221,1,4
0,1,133,0,13071,1,0,65,45,191,0,61,0,124,0,65,-1,0,2,250,0,0,36,0,74,45,0,133,133,0,45,260,71,191,65,0,0,65,0,65,0,7,1,45,1,0,260,0,111,45,0,0,15,0,0,250,183,0,0,0,0,114032,1,191,1,133,1,0,100,250,1,119
0,34,155,0,13431,155,0,155,155,155,0,71,0,35,2,155,0,0,0,155,0,0,204,0,102,155,0,6,155,0,155,9,107,155,155,0,0,155,0,155,0,28,155,155,155,0,9,0,209,155,0,0,17,0,0,155,207,0,0,0,0,114033,155,155,1,155,155,0,98,155,1,44
0,171,12,0,18131,12,0,12,12,12,0,85,0,207,0,12,0,0,1,12,0,0,232,0,233,12,0,6,12,0,12,9,231,12,12,0,0,12,0,12,0,186,12,12,12,0,9,0,232,12,0,0,11,0,0,12,232,0,0,0,0,114033,12,12,1,12,12,0,96,12,1,198
0,223,155,0,13432,155,0,155,155,155,0,83,0,22,2,155,0,0,2,155,0,0,130,0,76,155,0,6,155,0,155,9,76,155,155,0,0,155,0,155,0,222,155,155,155,0,9,0,146,155,0,0,10,0,0,155,122,0,0,0,0,114033,155,155,1,155,155,0,100,155,1,22
0,30,12,0,14168,220,0,220,220,220,0,91,0,27,0,220,0,0,0,220,0,0,31,0,37,220,0,1,220,0,220,49,37,12,220,0,0,12,0,220,0,31,12,220,220,0,49,0,37,12,0,0,91,0,0,220,27,0,0,0,0,114034,220,220,1,220,220,0,92,12,1,27
0,30,7,0,16055,12,0,12,12,12,0,27,0,30,0,12,0,0,1,12,0,0,50,0,37,12,0,1,12,0,12,49,34,104,12,0,0,244,0,12,0,31,7,12,12,0,49,0,248,104,0,0,19,0,0,12,7,0,0,0,0,114034,12,12,1,12,12,0,25,244,1,30
0,128,12,0,14167,12,0,220,12,12,0,94,0,23,0,12,0,0,2,12,0,0,25,0,231,220,0,1,12,0,12,49,230,12,12,0,0,12,0,12,0,114,12,12,12,0,49,0,219,12,0,0,5,0,0,12,0,0,0,0,0,114034,12,12,1,12,220,0,100,12,1,31
0,25,220,0,14165,220,0,220,220,220,0,78,0,36,0,220,0,0,0,220,0,0,68,0,55,220,0,133,220,0,220,260,50,220,220,0,0,220,0,220,0,29,220,220,220,0,260,0,135,220,0,0,7,0,0,220,72,0,0,0,0,114035,220,220,1,220,220,0,98,220,1,35
0,231,12,0,14424,12,0,12,12,12,0,60,0,234,0,12,0,0,1,12,0,0,163,0,229,12,0,133,12,0,12,260,231,12,12,0,0,12,0,12,0,230,12,12,12,0,260,0,184,12,0,0,6,0,0,12,176,0,1,0,0,114035,12,12,1,12,12,0,98,12,1,231
0,230,220,0,14166,220,0,220,220,220,0,51,0,29,0,220,0,0,2,220,0,0,253,0,147,220,0,133,220,0,220,260,140,220,220,0,0,220,0,220,0,230,220,220,220,0,260,0,194,220,0,0,45,0,0,220,109,0,1,0,0,114035,220,220,1,220,220,0,100,220,1,22
0,30,220,0,14425,220,0,0,220,220,0,83,0,30,7,220,-1,0,3,220,0,0,1,0,31,0,0,133,220,0,220,260,30,220,220,0,0,220,0,220,0,30,220,220,220,0,260,0,253,220,0,0,14,0,0,220,51,0,0,0,0,114035,220,220,1,220,0,0,97,220,1,30
0,30,220,0,13991,220,0,220,220,220,0,98,0,32,7,220,0,0,0,220,0,0,32,0,34,220,0,133,220,0,220,260,30,220,220,0,0,220,0,220,0,32,220,220,220,0,260,0,34,220,0,0,98,0,0,220,32,0,0,0,0,114036,220,220,1,220,220,0,100,220,1,30
0,231,12,0,14426,12,0,12,12,12,0,97,0,219,7,12,0,0,1,12,0,0,219,0,219,12,0,133,12,0,12,260,231,12,12,0,0,12,0,12,0,219,12,12,12,0,260,0,219,12,0,0,97,0,0,12,219,0,0,0,0,114036,12,12,1,12,12,0,99,12,1,231
0,0,12,0,13992,12,0,12,12,12,0,59,0,253,0,12,0,0,2,12,0,0,0,0,253,12,0,133,12,0,12,260,253,12,12,0,0,12,0,12,0,0,12,12,12,0,260,0,172,12,0,0,31,0,0,12,172,0,1,0,0,114036,12,12,1,12,12,0,100,12,1,253
0,0,220,0,14427,220,0,0,220,220,0,56,0,160,7,220,-1,0,3,220,0,0,0,0,213,0,0,133,220,0,220,260,124,220,220,0,0,220,0,220,0,62,220,220,220,0,260,0,125,220,0,0,41,0,0,220,48,0,0,0,0,114036,220,220,1,220,0,0,100,220,1,48
0,231,12,0,17343,12,0,12,12,12,0,97,0,219,7,12,0,0,0,12,0,0,219,0,219,12,0,133,12,0,12,260,231,12,12,0,0,12,0,12,0,219,12,12,12,0,260,0,219,12,0,0,97,0,0,12,219,0,0,0,0,114037,12,12,1,12,12,0,99,12,1,231
0,231,12,0,17733,12,0,12,12,12,0,97,0,219,7,12,0,0,1,12,0,0,219,0,219,12,0,133,12,0,12,260,231,12,12,0,0,12,0,12,0,219,12,12,12,0,260,0,219,12,0,0,97,0,0,12,219,0,0,0,0,114037,12,12,1,12,12,0,99,12,1,231
0,128,12,0,17344,12,0,12,12,12,0,94,0,23,0,12,0,0,2,12,0,0,25,0,231,12,0,133,12,0,12,260,230,12,12,0,0,12,0,12,0,114,12,12,12,0,260,0,219,12,0,0,5,0,0,12,0,0,0,0,0,114037,12,12,1,12,12,0,100,12,1,31
0,21,12,0,13107,220,0,220,12,220,0,94,0,27,8,220,0,0,0,220,0,0,228,0,41,220,0,22,220,0,220,213,34,12,12,0,0,12,0,220,0,27,12,220,12,0,207,0,229,12,0,0,5,0,0,220,228,0,0,0,0,114038,220,220,1,220,220,0,97,12,1,20
0,249,12,0,13108,12,0,12,220,12,0,93,0,244,8,12,0,0,2,12,0,0,29,0,229,12,0,22,12,0,12,213,231,12,220,0,0,220,0,12,0,247,220,12,220,0,207,0,29,220,0,0,5,0,0,12,29,0,1,0,0,114038,12,12,1,12,12,0,97,12,1,246
0,30,220,0,13131,220,0,220,220,220,0,97,0,31,22,220,0,0,0,220,0,0,31,0,31,220,0,133,220,0,220,260,30,220,220,0,0,220,0,220,0,31,220,220,220,0,260,0,31,220,0,0,97,0,0,220,31,0,0,0,0,114039,220,220,1,220,220,0,100,220,1,30
0,231,210,0,13132,210,0,5,21,21,0,97,0,229,22,5,0,0,2,5,0,0,229,0,229,21,0,133,210,0,21,260,231,21,5,0,0,5,0,5,0,229,210,21,210,0,260,0,229,21,0,0,97,0,0,5,229,0,1,0,0,114039,210,21,1,210,210,0,100,5,1,231
0,29,220,0,13072,220,0,220,220,220,0,82,0,30,7,220,-1,0,0,220,0,0,0,0,33,220,0,133,220,0,220,260,32,220,220,0,0,220,0,220,0,29,220,220,220,0,260,0,253,220,0,0,16,0,0,220,36,0,0,0,0,114040,220,220,1,220,220,0,85,220,1,30
0,253,12,0,13073,220,0,220,220,12,0,80,0,82,7,220,-1,0,2,12,0,0,32,0,192,220,0,133,12,0,220,260,191,12,220,0,0,220,0,220,0,253,220,220,220,0,260,0,31,220,0,0,14,0,0,12,30,0,0,0,0,114040,220,12,1,12,220,0,83,12,1,82
0,29,220,0,13100,220,0,220,220,220,0,80,0,30,7,220,-1,0,0,220,0,0,2,0,33,220,0,133,220,0,220,260,33,220,220,0,0,220,0,220,0,29,220,220,220,0,260,0,249,220,0,0,17,0,0,220,37,0,0,0,0,114041,220,220,1,220,220,0,89,220,1,30
0,30,220,0,13101,220,0,220,220,220,0,78,0,30,7,220,-1,0,2,220,0,0,0,0,30,220,0,133,220,0,220,260,30,220,220,0,0,220,0,220,0,30,220,220,220,0,260,0,148,220,0,0,16,0,0,220,198,0,0,0,0,114041,220,220,1,220,220,0,86,220,1,30
0,29,220,0,13134,220,0,220,220,220,0,51,0,70,7,220,-1,0,0,220,0,0,30,0,236,220,0,133,220,0,220,260,31,220,220,0,0,220,0,220,0,25,220,220,220,0,260,0,37,220,0,0,46,0,0,220,32,0,0,0,0,114042,220,220,1,220,220,0,83,220,1,30
0,253,220,0,13133,220,0,220,220,220,0,46,0,0,7,220,-1,0,2,220,0,0,176,0,124,220,0,133,220,0,220,260,116,220,220,0,0,220,0,220,0,251,220,220,220,0,260,0,253,220,0,0,29,0,0,220,84,0,1,0,0,114042,220,220,1,220,220,0,82,220,1,0
0,30,235,0,13074,220,0,255,220,220,0,89,0,30,0,220,0,0,0,220,0,0,235,0,30,0,0,18,220,0,220,262,30,0,220,2,0,255,0,220,0,30,235,220,220,0,262,0,0,0,0,0,6,0,0,220,254,0,0,0,0,114043,220,220,1,220,235,0,92,255,1,30
0,247,12,0,13075,12,0,12,12,12,0,59,0,253,0,12,0,0,2,12,0,0,188,0,86,12,0,133,12,0,12,260,86,12,12,0,0,12,0,12,0,248,12,12,12,0,260,0,27,12,0,0,33,0,0,12,194,0,1,0,0,114043,12,12,1,12,12,0,100,12,1,253
0,30,220,0,13076,220,0,220,220,220,0,58,0,35,0,220,-1,0,0,220,0,0,14,0,37,220,0,133,220,0,220,260,30,220,220,0,0,220,0,220,0,31,220,220,220,0,260,0,102,220,0,0,18,0,0,220,223,0,0,0,0,114044,220,220,1,220,220,0,92,220,1,30
0,221,12,0,16021,12,0,12,12,12,0,77,0,221,0,12,-1,0,1,12,0,0,12,0,221,12,0,133,12,0,12,260,221,12,12,0,0,12,0,12,0,221,12,12,12,0,260,0,216,12,0,0,7,0,0,12,101,0,1,0,0,114044,12,12,1,12,12,0,92,12,1,221
0,0,220,0,13077,220,0,220,220,220,0,28,0,156,0,220,-1,0,2,220,0,0,28,0,184,220,0,133,220,0,220,260,254,220,220,0,0,220,0,220,0,10,220,220,220,0,260,0,250,220,0,0,23,0,0,220,70,0,0,0,0,114044,220,220,1,220,220,0,92,220,1,79
0,0,168,0,13616,168,0,168,168,168,0,95,0,37,8,168,0,0,0,168,0,0,0,0,254,168,0,8,168,0,168,8,254,168,168,0,0,168,0,168,0,0,168,168,168,0,8,0,254,168,0,0,95,0,0,168,37,0,0,0,0,114045,168,168,1,168,168,0,88,168,1,37
0,30,166,0,13617,166,0,162,162,162,0,95,0,30,8,162,0,0,2,162,0,0,30,0,30,162,0,8,166,0,162,8,30,162,162,0,0,162,0,162,0,30,166,162,166,0,8,0,30,162,0,0,95,0,0,162,30,0,1,0,0,114045,166,162,1,166,166,0,88,162,1,30
0,29,247,0,14159,247,0,253,0,0,0,65,0,34,0,253,-1,0,0,253,0,0,129,0,35,0,0,73,247,0,0,144,32,0,253,0,0,253,0,253,0,30,247,0,247,0,144,0,167,0,0,0,14,0,0,253,185,0,0,0,0,114046,247,0,1,247,247,0,79,253,0,32
0,254,12,0,16034,0,0,168,187,12,0,53,0,131,0,168,-1,0,1,12,0,0,251,0,212,187,0,73,12,0,187,144,247,12,168,0,0,168,0,168,0,243,0,187,0,0,144,0,148,187,0,0,30,0,0,12,200,0,1,0,0,114046,0,12,1,12,0,0,93,12,0,145
0,221,220,0,14160,220,0,220,220,220,0,44,0,178,0,220,-1,0,2,220,0,0,208,0,47,220,0,73,220,0,220,144,58,220,220,0,0,220,0,220,0,234,220,220,220,0,144,0,20,220,0,0,25,0,0,220,102,0,1,0,0,114046,220,220,1,220,220,0,29,220,0,185
0,34,12,0,13985,6,0,240,100,100,0,44,0,25,0,240,0,0,0,240,0,0,211,0,73,100,0,1,6,0,100,49,57,12,240,0,0,12,0,240,0,35,12,100,6,0,49,0,238,12,0,0,18,0,0,240,9,0,0,0,0,114047,6,100,1,6,6,0,65,12,1,29
0,239,7,0,16022,12,0,12,12,12,0,27,0,240,0,12,0,0,1,12,0,0,30,0,254,12,0,1,12,0,12,49,248,104,12,0,0,244,0,12,0,238,7,12,12,0,49,0,30,104,0,0,20,0,0,12,30,0,0,0,0,114047,12,12,1,12,12,0,61,244,1,240
0,0,12,0,13986,12,0,12,12,12,0,59,0,253,0,12,0,0,2,12,0,0,0,0,253,12,0,1,12,0,12,49,253,12,12,0,0,12,0,12,0,0,12,12,12,0,49,0,172,12,0,0,31,0,0,12,172,0,0,0,0,114047,12,12,1,12,12,0,100,12,1,253
0,0,0,0,14079,165,0,165,165,52,0,80,0,20,19,165,0,0,0,17,0,0,182,0,62,165,0,51,0,0,165,196,73,52,165,0,0,165,0,165,0,0,165,165,165,0,196,0,5,165,0,0,15,0,0,17,232,0,0,0,0,114048,165,52,1,0,165,0,87,17,1,23
0,231,0,0,17452,0,0,30,96,96,0,50,0,227,19,30,0,0,1,30,0,0,0,0,227,96,0,51,0,0,96,196,231,96,30,0,0,30,0,30,0,227,0,96,0,0,196,0,100,96,0,0,36,0,0,30,28,0,0,0,0,114048,0,96,1,0,0,0,79,30,1,231
0,0,0,0,14080,0,0,30,96,96,0,82,0,227,19,30,0,0,2,30,0,0,0,0,3,96,0,51,0,0,96,196,73,96,30,0,0,30,0,30,0,178,0,96,0,0,196,0,92,96,0,0,15,0,0,30,29,0,1,0,0,114048,0,96,1,0,0,0,87,30,1,23
0,16,242,0,16176,242,0,226,174,174,0,92,0,24,22,226,0,0,0,226,0,0,20,0,30,174,0,133,242,0,174,260,25,174,226,0,0,226,0,226,0,20,242,174,242,0,260,0,30,174,0,0,92,0,0,226,24,0,0,0,0,114049,242,174,1,242,242,0,99,226,1,20
0,228,12,0,17453,12,0,12,12,12,0,75,0,227,22,12,0,0,1,12,0,0,168,0,227,12,0,133,12,0,12,260,227,12,12,0,0,12,0,12,0,227,12,12,12,0,260,0,169,12,0,0,20,0,0,12,169,0,1,0,0,114049,12,12,1,12,12,0,99,12,1,228
0,227,12,0,16177,12,0,12,12,12,0,86,0,205,22,12,0,0,2,12,0,0,182,0,132,12,0,133,12,0,12,260,134,12,12,0,0,12,0,12,0,223,12,12,12,0,260,0,102,12,0,0,10,0,0,12,165,0,1,0,0,114049,12,12,1,12,12,0,99,12,1,209
0,5,235,0,14173,235,0,250,245,245,0,49,0,60,0,250,0,0,0,250,0,0,38,0,58,245,0,133,235,0,245,260,61,245,250,0,0,250,0,250,0,21,235,245,235,0,260,0,111,245,0,0,45,0,0,250,116,0,0,0,0,114050,235,245,1,235,235,0,97,250,1,52
0,238,5,0,14174,5,0,50,60,60,0,95,0,248,0,50,0,0,2,50,0,0,215,0,241,60,0,133,5,0,60,260,247,60,50,0,0,50,0,50,0,215,5,60,5,0,260,0,241,60,0,0,95,0,0,50,248,0,1,0,0,114050,5,60,1,5,5,0,97,50,1,254
0,31,197,0,14143,220,0,179,220,33,0,67,0,31,14,152,0,0,0,33,0,0,103,0,29,85,0,1,33,0,60,2,30,60,220,2,0,152,0,220,0,33,197,220,220,0,2,0,43,60,0,0,13,0,0,33,81,0,0,0,1,114051,197,33,1,33,225,0,90,152,1,31
0,231,197,0,14144,33,0,152,33,33,0,72,0,231,14,179,0,0,2,33,0,0,247,0,226,60,0,1,33,0,85,2,231,60,33,2,0,152,0,33,0,232,197,33,33,0,2,0,50,60,0,0,12,0,0,33,188,0,1,0,1,114051,225,33,1,33,197,0,94,152,1,231
0,253,12,0,14081,12,0,12,12,12,0,90,0,221,0,12,0,0,0,12,0,0,253,0,71,12,0,133,12,0,12,260,80,12,12,0,0,12,0,12,0,251,12,12,12,0,260,0,8,12,0,0,9,0,0,12,173,0,1,0,0,114052,12,12,1,12,12,0,100,12,1,230
0,27,220,0,16633,220,0,220,220,220,0,96,0,25,0,220,-1,0,1,220,0,0,25,0,25,220,0,133,220,0,220,260,27,220,220,0,0,220,0,220,0,25,220,220,220,0,260,0,25,220,0,0,96,0,0,220,25,0,0,0,0,114052,220,220,1,220,220,0,100,220,1,27
0,128,12,0,14082,12,0,12,12,12,0,94,0,23,0,12,0,0,2,12,0,0,25,0,231,12,0,133,12,0,12,260,230,12,12,0,0,12,0,12,0,114,12,12,12,0,260,0,219,12,0,0,5,0,0,12,0,0,1,0,0,114052,12,12,1,12,12,0,100,12,1,31
0,220,12,0,14083,12,0,12,12,12,0,84,0,73,0,12,0,0,0,12,0,0,254,0,4,12,0,133,12,0,12,260,5,12,12,0,0,12,0,12,0,226,12,12,12,0,260,0,15,12,0,0,11,0,0,12,177,0,0,0,0,114053,12,12,1,12,12,0,95,12,1,72
0,173,12,0,14084,12,0,12,12,12,0,59,0,175,0,12,0,0,2,12,0,0,113,0,178,12,0,133,12,0,12,260,178,12,12,0,0,12,0,12,0,173,12,12,12,0,260,0,118,12,0,0,33,0,0,12,115,0,1,0,0,114053,12,12,1,12,12,0,100,12,1,175
0,20,240,0,14023,240,0,224,103,103,0,84,0,16,0,224,0,0,0,224,0,0,237,0,67,103,0,133,240,0,103,260,73,103,224,0,0,224,0,224,0,19,240,103,240,0,260,0,61,103,0,0,7,0,0,224,1,0,0,0,0,114054,240,103,1,240,240,0,93,224,1,17
0,247,12,0,14024,12,0,12,12,12,0,59,0,253,0,12,0,0,2,12,0,0,188,0,86,12,0,133,12,0,12,260,86,12,12,0,0,12,0,12,0,248,12,12,12,0,260,0,27,12,0,0,33,0,0,12,194,0,1,0,0,114054,12,12,1,12,12,0,100,12,1,253
0,30,220,0,16634,220,0,220,220,220,0,87,0,32,7,220,0,0,0,220,0,0,26,0,41,220,0,133,220,0,220,260,30,220,220,0,0,220,0,220,0,26,220,220,220,0,260,0,41,220,0,0,87,0,0,220,32,0,0,0,0,114055,220,220,1,220,220,0,100,220,1,30
0,128,12,0,16635,12,0,12,12,12,0,94,0,23,0,12,0,0,2,12,0,0,25,0,231,12,0,133,12,0,12,260,230,12,12,0,0,12,0,12,0,114,12,12,12,0,260,0,219,12,0,0,5,0,0,12,0,0,0,0,0,114055,12,12,1,12,12,0,100,12,1,31
0,231,12,0,16636,12,0,12,12,12,0,29,0,236,7,12,0,0,0,12,0,0,118,0,238,12,0,133,12,0,12,260,231,12,12,0,0,12,0,12,0,225,12,12,12,0,260,0,211,12,0,0,22,0,0,12,186,0,1,0,0,114056,12,12,1,12,12,0,99,12,1,231
0,247,12,0,16637,12,0,12,12,12,0,59,0,253,0,12,0,0,2,12,0,0,188,0,86,12,0,133,12,0,12,260,86,12,12,0,0,12,0,12,0,248,12,12,12,0,260,0,27,12,0,0,33,0,0,12,194,0,1,0,0,114056,12,12,1,12,12,0,100,12,1,253
0,64,224,0,14085,12,0,12,12,161,0,91,0,237,8,12,0,0,0,229,0,0,64,0,80,12,0,133,224,0,12,260,64,161,12,0,0,12,0,12,0,223,12,12,12,0,260,0,64,12,0,0,8,0,0,229,64,0,0,0,0,114057,12,161,1,224,12,0,87,229,1,64
0,30,212,0,15222,212,0,220,54,54,0,95,0,31,7,220,-1,0,1,9,0,0,30,0,43,220,0,133,212,0,220,260,44,54,9,0,0,9,0,9,0,30,212,54,212,0,260,0,43,54,0,0,95,0,0,9,31,0,0,0,0,114057,220,54,1,212,220,0,98,9,1,32
0,237,12,0,14086,12,0,12,12,12,0,90,0,248,8,12,0,0,2,12,0,0,83,0,101,12,0,133,12,0,12,260,99,12,12,0,0,12,0,12,0,240,12,12,12,0,260,0,82,12,0,0,9,0,0,12,83,0,0,0,0,114057,12,12,1,12,12,0,99,12,1,245
0,33,215,0,14087,215,0,255,88,88,0,50,0,22,0,255,0,0,0,255,0,0,80,0,21,88,0,73,215,0,88,144,32,88,255,0,0,255,0,255,0,32,215,88,215,0,144,0,72,88,0,0,12,0,0,255,77,0,0,0,0,114058,215,88,1,215,215,0,81,255,0,32
0,229,12,0,17543,12,0,12,12,12,0,43,0,227,0,12,0,0,1,12,0,0,76,0,214,12,0,73,12,0,12,144,227,12,12,0,0,12,0,12,0,228,12,12,12,0,144,0,44,12,0,0,12,0,0,12,44,0,0,0,0,114058,12,12,1,12,12,0,82,12,0,230
0,250,220,0,14088,220,0,220,220,220,0,27,0,67,0,220,0,0,2,220,0,0,32,0,14,220,0,73,220,0,220,144,0,220,220,0,0,220,0,220,0,238,220,220,220,0,144,0,28,220,0,0,19,0,0,220,28,0,0,0,0,114058,220,220,1,220,220,0,50,220,0,7
0,170,220,0,14089,220,0,220,220,220,0,99,0,21,11,220,-1,0,0,220,0,0,215,0,42,220,0,133,220,0,220,260,92,220,220,0,0,220,0,220,0,215,220,220,220,0,260,0,42,220,0,0,99,0,0,220,21,0,0,0,0,114059,220,220,1,220,220,0,99,220,0,140
0,170,12,0,16642,255,0,0,33,12,0,99,0,219,11,0,-1,0,1,12,0,0,219,0,219,33,0,133,12,0,33,260,92,12,0,0,0,0,0,0,0,219,255,33,255,0,260,0,219,33,0,0,99,0,0,12,219,0,1,0,0,114059,255,12,1,12,255,0,99,12,0,140
0,247,12,0,14090,12,0,12,12,12,0,59,0,252,0,12,-1,0,2,12,0,0,188,0,86,12,0,133,12,0,12,260,86,12,12,0,0,12,0,12,0,247,12,12,12,0,260,0,27,12,0,0,33,0,0,12,194,0,1,0,0,114059,12,12,1,12,12,0,100,12,0,253
0,76,88,0,14091,88,0,64,126,126,0,85,0,226,7,64,-1,0,0,64,0,0,189,0,227,126,0,133,88,0,126,260,114,126,64,0,0,64,0,64,0,226,88,126,88,0,260,0,200,126,0,0,7,0,0,64,184,0,1,0,0,114060,88,126,1,88,88,0,44,64,1,54
0,247,12,0,14092,12,0,12,12,12,0,59,0,252,0,12,-1,0,2,12,0,0,188,0,86,12,0,133,12,0,12,260,86,12,12,0,0,12,0,12,0,247,12,12,12,0,260,0,27,12,0,0,33,0,0,12,194,0,1,0,0,114060,12,12,1,12,12,0,100,12,1,253
0,229,12,0,14093,12,0,12,12,12,0,47,0,227,7,12,0,0,0,12,0,0,172,0,228,12,0,96,12,0,12,182,229,12,12,0,0,12,0,12,0,228,12,12,12,0,182,0,187,12,0,0,16,0,0,12,161,0,1,0,0,114061,12,12,1,12,12,0,83,12,1,229
0,30,220,0,14510,220,0,0,220,220,0,99,0,108,0,220,-1,0,1,220,0,0,254,0,56,0,0,133,220,0,220,260,30,220,220,0,0,220,0,220,0,254,220,220,220,0,260,0,56,220,0,0,99,0,0,220,108,0,0,0,0,114061,220,220,1,220,0,0,99,220,0,30
0,173,220,0,14094,220,0,220,220,220,0,59,0,175,0,220,0,0,2,220,0,0,113,0,178,220,0,133,220,0,220,260,178,220,220,0,0,220,0,220,0,173,220,220,220,0,260,0,118,220,0,0,33,0,0,220,115,0,1,0,0,114061,220,220,1,220,220,0,100,220,1,175
0,18,12,0,14610,220,0,12,167,167,0,99,0,66,0,201,-1,0,0,201,0,0,19,0,180,12,0,1,220,0,167,8,179,12,201,2,0,12,0,201,1,19,12,167,220,0,8,0,180,12,0,0,99,0,0,201,66,0,0,0,0,114062,220,167,1,220,12,0,100,12,1,66
0,231,12,0,14611,12,0,0,12,12,0,63,0,154,7,12,-1,0,1,12,0,0,254,0,7,0,0,133,12,0,12,260,22,12,12,0,0,12,0,12,0,245,12,12,12,0,260,0,12,12,0,0,24,0,0,12,205,0,0,0,0,114062,12,12,1,12,0,0,100,12,1,112
0,247,12,0,14612,12,0,12,12,12,0,59,0,252,0,12,-1,0,2,12,0,0,188,0,86,12,0,1,12,0,12,8,86,12,12,0,0,12,0,12,1,247,12,12,12,0,8,0,27,12,0,0,33,0,0,12,194,0,0,0,0,114062,12,12,1,12,12,0,100,12,1,253
0,18,12,0,13486,220,0,12,220,220,0,87,0,113,7,220,-1,0,0,220,0,0,231,0,60,12,0,1,220,0,220,8,55,12,220,4,0,12,0,220,1,16,12,220,220,0,8,0,231,12,0,0,10,0,0,220,231,0,0,0,0,114063,220,220,1,220,12,3,97,12,1,118
0,247,12,0,13487,12,0,12,12,12,0,59,0,252,0,12,-1,0,2,12,0,0,188,0,86,12,0,1,12,0,12,8,86,12,12,0,0,12,0,12,1,247,12,12,12,0,8,0,27,12,0,0,33,0,0,12,194,0,0,0,0,114063,12,12,1,12,12,0,100,12,1,253
0,30,12,0,14175,12,0,12,12,12,0,74,0,200,25,12,-1,0,0,12,0,0,30,0,18,12,0,1,245,0,12,1,30,12,12,0,0,12,0,12,1,238,12,12,12,0,1,0,29,12,0,0,22,0,0,207,30,0,0,0,0,114064,12,9,0,12,12,0,86,12,1,30
0,23,159,0,15235,159,0,0,60,60,0,97,0,52,11,134,-1,0,1,134,0,0,23,0,26,0,0,133,159,0,60,260,26,60,134,0,0,134,0,134,0,23,159,60,159,0,260,0,26,60,0,0,97,0,0,134,52,0,0,0,0,114064,159,60,0,159,0,0,85,134,0,51
0,173,220,0,14176,220,0,220,220,220,0,59,0,176,0,220,-1,0,2,220,0,0,112,0,179,220,0,1,220,0,220,1,178,220,220,0,0,220,0,220,1,174,220,220,220,0,1,0,117,220,0,0,33,0,0,220,114,0,0,0,0,114064,220,220,0,220,220,0,100,220,1,175
0,175,220,0,14177,220,0,220,220,220,0,88,0,0,8,220,-1,0,0,220,0,0,30,0,25,220,0,6,220,0,220,12,25,220,220,0,0,220,0,220,0,176,220,220,220,0,12,0,29,220,0,0,6,0,0,220,30,0,0,0,0,114065,220,220,1,220,220,0,93,220,1,0
0,173,220,0,14178,220,0,220,220,220,0,59,0,176,0,220,-1,0,2,220,0,0,112,0,179,220,0,6,220,0,220,12,178,220,220,0,0,220,0,220,0,174,220,220,220,0,12,0,117,220,0,0,33,0,0,220,114,0,1,0,0,114065,220,220,1,220,220,0,100,220,1,175
0,231,54,0,14232,220,0,220,220,213,0,90,0,126,1,220,-1,0,0,153,0,0,228,0,194,220,0,133,54,0,220,260,231,213,220,0,0,220,0,220,0,66,220,220,220,0,260,0,228,220,0,0,7,0,0,153,228,0,0,0,0,114066,220,213,1,54,220,0,99,153,1,231
0,247,12,0,14233,12,0,12,12,12,0,59,0,252,0,12,-1,0,2,12,0,0,188,0,86,12,0,133,12,0,12,260,86,12,12,0,0,12,0,12,0,247,12,12,12,0,260,0,27,12,0,0,33,0,0,12,194,0,0,0,0,114066,12,12,1,12,12,0,100,12,1,253
0,12,220,0,15894,220,0,220,220,220,0,69,0,32,14,220,-1,0,0,220,0,0,0,0,63,220,0,1,220,0,220,10,63,220,220,0,0,220,0,220,0,13,220,220,220,0,10,0,231,220,0,0,17,0,0,220,168,0,0,0,0,114067,220,220,1,220,220,0,97,220,1,32
0,134,220,0,15895,255,0,0,94,163,0,55,0,147,11,242,-1,0,1,76,0,0,34,0,150,0,0,133,220,0,0,94,165,220,93,0,0,242,0,242,0,60,255,0,96,0,94,0,44,0,0,0,26,0,0,220,44,0,0,0,0,114067,255,220,1,126,0,0,97,220,1,78
0,247,12,0,15896,12,0,12,12,12,0,59,0,252,0,12,-1,0,2,12,0,0,188,0,86,12,0,1,12,0,12,10,86,12,12,0,0,12,0,12,0,247,12,12,12,0,10,0,27,12,0,0,33,0,0,12,194,0,0,0,0,114067,12,12,1,12,12,0,100,12,1,253
0,27,193,0,14212,193,0,9,11,11,0,99,0,230,2,9,-1,0,0,9,0,0,230,0,230,11,0,1,193,0,11,94,83,11,9,0,0,220,0,9,0,230,220,11,193,0,94,0,230,220,0,0,99,0,0,9,230,0,1,0,1,114068,193,11,1,193,193,0,100,9,1,41
0,247,12,0,14213,12,0,12,12,12,0,59,0,252,0,12,-1,0,2,12,0,0,188,0,86,12,0,1,12,0,12,94,86,12,12,0,0,12,0,12,0,247,12,12,12,0,94,0,27,12,0,0,33,0,0,12,194,0,0,0,0,114068,12,12,1,12,12,0,100,12,1,253
0,207,12,0,16638,220,0,12,220,220,0,98,0,32,8,220,-1,0,0,220,0,0,208,0,37,12,0,1,220,0,220,2,37,12,220,2,0,12,0,220,1,208,12,220,220,0,2,0,37,12,0,0,98,0,0,220,32,0,0,0,0,114069,220,220,1,220,12,0,100,12,1,32
0,247,12,0,16639,12,0,12,12,12,0,59,0,252,0,12,-1,0,2,12,0,0,188,0,86,12,0,1,12,0,12,2,86,12,12,0,0,12,0,12,0,247,12,12,12,0,2,0,27,12,0,0,33,0,0,12,194,0,1,0,0,114069,12,12,1,12,12,0,100,12,1,253
0,231,220,0,16640,12,0,220,12,12,0,99,0,148,10,12,-1,0,0,12,0,0,100,0,201,220,0,6,12,0,12,52,231,220,12,2,0,220,0,12,0,100,220,12,12,0,52,0,201,220,0,0,99,0,0,12,148,0,1,0,0,114070,12,12,1,12,220,0,99,220,1,231
0,247,12,0,16641,12,0,12,12,12,0,59,0,252,0,12,-1,0,2,12,0,0,188,0,86,12,0,1,12,0,12,52,86,12,12,0,0,12,0,12,0,247,12,12,12,0,52,0,27,12,0,0,33,0,0,12,194,0,1,0,0,114070,12,12,1,12,12,0,100,12,1,253
0,25,252,0,14179,252,0,51,112,112,0,99,0,25,7,51,-1,0,0,51,0,0,25,0,25,112,0,1,252,0,112,10,25,112,51,0,0,51,0,51,1,25,252,112,252,0,10,0,25,112,0,0,99,0,0,51,25,0,0,0,0,114071,252,112,1,252,252,0,100,51,1,25
0,247,12,0,14180,12,0,12,12,12,0,59,0,252,0,12,-1,0,2,12,0,0,188,0,86,12,0,1,12,0,12,10,86,12,12,0,0,12,0,12,1,247,12,12,12,0,10,0,27,12,0,0,33,0,0,12,194,0,0,0,0,114071,12,12,1,12,12,0,100,12,1,253
0,231,220,0,14095,12,0,220,25,25,0,58,0,230,19,12,0,0,0,25,0,0,25,0,230,220,0,135,12,0,12,265,231,220,25,2,0,220,0,12,0,230,220,12,25,0,265,0,142,220,0,0,39,0,0,12,84,0,0,0,0,114072,12,12,1,25,220,0,88,220,1,231
0,247,12,0,14096,12,0,12,12,12,0,59,0,253,0,12,0,0,2,12,0,0,188,0,86,12,0,133,12,0,12,260,86,12,12,0,0,12,0,12,0,248,12,12,12,0,260,0,27,12,0,0,33,0,0,12,194,0,1,0,0,114072,12,12,1,12,12,0,100,12,1,253
0,235,220,0,14227,220,0,12,220,25,0,53,0,54,11,220,0,0,0,25,0,0,183,0,146,12,0,135,12,0,220,265,235,220,220,2,0,12,0,220,0,23,12,220,220,0,262,0,45,12,0,0,41,0,0,12,36,0,0,0,0,114073,220,12,1,25,12,0,91,220,1,235
0,247,12,0,14228,12,0,12,12,12,0,59,0,253,0,12,0,0,2,12,0,0,188,0,86,12,0,133,12,0,12,260,86,12,12,0,0,12,0,12,0,248,12,12,12,0,260,0,27,12,0,0,33,0,0,12,194,0,1,0,0,114073,12,12,1,12,12,0,100,12,1,253
0,231,20,0,14216,20,0,36,81,81,0,72,0,231,7,36,0,0,0,36,0,0,204,0,231,81,0,133,20,0,81,260,231,81,36,0,0,36,0,36,0,231,20,81,20,0,260,0,119,81,0,0,14,0,0,36,190,0,0,0,0,114074,20,81,1,20,20,0,96,36,1,231
0,0,12,0,14215,12,0,0,12,12,0,0,0,0,7,12,-1,0,1,12,0,0,0,0,0,0,0,51,12,0,12,196,0,12,12,0,0,12,0,12,0,0,12,12,12,0,196,0,0,12,0,0,0,0,0,12,0,0,0,0,0,114074,12,12,1,12,0,6,0,12,1,0
0,43,220,0,14214,220,0,220,220,220,0,72,0,69,7,220,0,0,2,220,0,0,20,0,155,220,0,133,220,0,220,260,155,220,220,0,0,220,0,220,0,43,220,220,220,0,260,0,82,220,0,0,11,0,0,220,36,0,0,0,0,114074,220,220,1,220,220,0,96,220,1,69
0,0,12,0,13995,12,0,0,12,12,0,0,0,0,7,12,-1,0,2,12,0,0,0,0,0,0,0,51,12,0,12,196,0,12,12,0,0,12,0,12,0,0,12,12,12,0,196,0,0,12,0,0,0,0,0,12,0,0,1,0,0,114075,12,12,1,12,0,0,0,12,1,0
0,30,180,0,13433,180,0,164,74,74,0,59,0,31,0,164,0,0,0,164,0,0,25,0,30,74,0,133,180,0,74,260,30,74,164,0,0,164,0,164,0,30,180,74,180,0,260,0,60,74,0,0,18,0,0,164,84,0,0,0,0,114076,180,74,1,180,180,0,82,164,1,30
0,205,180,0,13434,180,0,164,74,74,0,50,0,0,0,164,0,0,1,164,0,0,20,0,0,74,0,133,180,0,74,260,0,74,164,0,0,164,0,164,0,189,180,74,180,0,260,0,54,74,0,0,31,0,0,164,79,0,0,0,0,114076,180,74,1,180,180,0,82,164,1,0
0,107,220,0,13435,220,0,220,220,220,0,42,0,80,0,220,0,0,2,220,0,0,104,0,52,220,0,133,220,0,220,260,80,220,220,0,0,220,0,220,0,22,220,220,220,0,260,0,78,220,0,0,40,0,0,220,161,0,0,0,0,114076,220,220,1,220,220,0,82,220,1,168
0,46,174,0,13996,174,0,164,88,88,0,65,0,81,7,164,0,0,0,164,0,0,89,0,58,88,0,133,174,0,88,260,57,88,164,0,0,164,0,164,0,45,174,88,174,0,260,0,159,88,0,0,13,0,0,164,188,0,0,0,0,114077,174,88,1,174,174,0,96,164,1,80
0,231,55,0,13997,55,0,76,50,50,0,82,0,234,7,76,0,0,1,76,0,0,179,0,223,50,0,133,55,0,50,260,231,50,76,0,0,76,0,76,0,226,55,50,55,0,260,0,90,50,0,0,11,0,0,76,179,0,0,0,0,114077,55,50,1,55,55,0,96,76,1,231
0,182,55,0,13998,55,0,76,50,50,0,86,0,168,7,76,0,0,2,76,0,0,63,0,70,50,0,133,55,0,50,260,73,50,76,0,0,76,0,76,0,185,55,50,55,0,260,0,74,50,0,0,5,0,0,76,116,0,0,0,0,114077,55,50,1,55,55,0,96,76,1,165
0,219,220,0,14097,220,0,220,220,220,0,57,0,29,0,220,-1,0,0,220,0,0,231,0,32,220,0,133,220,0,220,260,30,220,220,0,0,220,0,220,0,221,220,220,220,0,260,0,95,220,0,0,20,0,0,220,93,0,1,0,0,114079,220,220,1,220,220,0,100,220,1,27
0,247,12,0,14099,12,0,12,12,12,0,59,0,252,0,12,-1,0,2,12,0,0,188,0,86,12,0,133,12,0,12,260,86,12,12,0,0,12,0,12,0,247,12,12,12,0,260,0,27,12,0,0,33,0,0,12,194,0,1,0,0,114079,12,12,1,12,12,0,100,12,1,253
0,27,170,0,14100,170,0,170,170,170,0,71,0,27,7,170,-1,0,0,170,0,0,251,0,27,170,0,133,170,0,170,260,27,170,170,0,0,170,0,170,0,27,170,170,170,0,260,0,0,170,0,0,24,0,0,170,164,0,0,0,0,114080,170,170,1,170,170,0,69,170,1,27
0,173,220,0,14102,220,0,220,220,220,0,59,0,175,0,220,-1,0,2,220,0,0,113,0,178,220,0,133,220,0,220,260,178,220,220,0,0,220,0,220,0,173,220,220,220,0,260,0,118,220,0,0,33,0,0,220,115,0,1,0,0,114080,220,220,1,220,220,0,100,220,1,175
0,9,208,0,15504,7,0,26,68,91,0,53,0,203,7,26,-1,0,0,175,0,0,15,0,249,68,0,133,208,0,68,260,78,91,26,0,0,26,0,26,0,225,7,68,7,0,260,0,112,68,0,0,19,0,0,175,40,0,1,0,0,114081,7,91,1,208,7,0,97,175,1,31
0,202,7,0,16660,7,0,26,68,68,0,84,0,215,7,26,-1,0,1,26,0,0,179,0,230,68,0,133,7,0,68,260,231,68,26,0,0,26,0,26,0,202,7,68,7,0,260,0,110,68,0,0,5,0,0,26,149,0,1,0,0,114081,7,68,1,7,7,0,98,26,1,215
0,231,7,0,15505,7,0,26,68,68,0,87,0,199,7,26,-1,0,2,26,0,0,202,0,138,68,0,133,7,0,68,260,140,68,26,0,0,26,0,26,0,231,7,68,7,0,260,0,49,68,0,0,11,0,0,26,150,0,1,0,0,114081,7,68,1,7,7,0,98,26,1,199
0,231,112,0,13102,112,0,116,173,173,0,79,0,229,7,116,-1,0,0,116,0,0,99,0,232,173,0,133,112,31,173,260,231,173,116,0,0,116,0,116,0,229,112,173,112,0,260,0,184,173,0,0,8,0,0,116,102,0,1,0,0,114082,112,173,1,112,112,0,86,116,1,231
0,247,12,0,13104,12,0,12,12,12,0,59,0,252,0,12,-1,0,2,12,0,0,188,0,86,12,0,133,12,0,12,260,86,12,12,0,0,12,0,12,0,247,12,12,12,0,260,0,27,12,0,0,33,0,0,12,194,0,1,0,0,114082,12,12,1,12,12,0,100,12,1,253
0,123,197,0,13577,197,0,182,147,147,0,63,0,80,7,182,-1,0,0,182,0,0,170,0,193,147,0,133,197,0,147,260,191,147,182,0,0,182,0,182,0,125,197,147,197,0,260,0,126,147,0,0,6,0,0,182,139,0,0,0,0,114083,197,147,1,197,197,0,92,182,1,82
0,242,220,0,13578,209,0,0,42,220,0,0,0,203,0,45,-1,0,1,220,0,0,242,0,203,0,0,51,220,0,42,196,203,220,45,0,0,45,0,45,0,242,209,42,209,0,196,0,19,42,0,0,0,0,0,220,64,0,1,0,0,114083,209,220,1,220,0,0,0,220,1,203
0,247,12,0,13579,12,0,12,12,12,0,59,0,252,0,12,-1,0,2,12,0,0,188,0,86,12,0,133,12,0,12,260,86,12,12,0,0,12,0,12,0,247,12,12,12,0,260,0,27,12,0,0,33,0,0,12,194,0,1,0,0,114083,12,12,1,12,12,0,100,12,1,253
0,26,255,0,15378,255,0,251,97,97,0,63,0,25,7,251,-1,0,0,251,0,0,30,0,111,97,0,133,255,0,97,260,104,97,251,0,0,251,0,251,0,30,255,97,255,0,260,0,111,97,0,0,63,0,0,251,25,0,0,0,0,114084,255,97,1,255,255,0,58,251,1,26
0,247,12,0,15379,12,0,12,12,12,0,59,0,252,0,12,-1,0,2,12,0,0,188,0,86,12,0,133,12,0,12,260,86,12,12,0,0,12,0,12,0,247,12,12,12,0,260,0,27,12,0,0,33,0,0,12,194,0,1,0,0,114084,12,12,1,12,12,0,100,12,1,253
0,29,220,0,14145,220,0,0,220,220,0,92,0,31,7,220,-1,0,0,220,0,0,33,0,31,0,0,133,220,0,220,260,29,220,220,0,0,220,0,220,0,33,220,220,220,0,260,0,31,220,0,0,92,0,0,220,31,0,0,0,0,114085,220,220,1,220,0,0,100,220,0,29
0,247,12,0,14146,12,0,0,12,12,0,57,0,253,0,12,-1,0,2,12,0,0,189,0,86,0,0,133,12,0,12,260,86,12,12,0,0,12,0,12,0,247,12,12,12,0,260,0,30,12,0,0,34,0,0,12,195,0,0,0,0,114085,12,12,1,12,0,0,100,12,0,253
0,183,33,0,15462,33,0,0,119,119,0,50,0,2,22,37,-1,0,0,40,0,0,229,0,133,0,0,133,33,0,8,260,135,119,40,0,0,40,0,40,0,181,33,119,33,0,260,0,227,119,0,0,22,0,0,40,222,0,0,0,0,114089,178,119,1,33,0,3,34,40,0,7
0,170,12,0,15463,12,0,0,12,12,0,86,0,39,7,12,-1,0,2,12,0,0,229,0,59,0,0,133,12,0,12,260,54,12,12,0,0,12,0,12,0,171,12,12,12,0,260,0,80,12,0,0,6,0,0,12,111,0,0,0,0,114089,12,12,1,12,0,0,98,12,1,39
0,13,117,0,15225,117,0,0,186,19,0,83,0,226,7,29,-1,0,0,29,0,0,8,0,29,0,0,22,117,0,19,213,13,19,187,0,0,187,0,29,0,221,213,19,213,0,207,0,7,186,0,0,11,0,0,29,8,0,0,0,0,114090,117,19,1,117,0,0,96,29,1,13
0,243,85,0,15226,85,0,0,79,119,0,90,0,115,7,51,-1,0,2,51,0,0,29,0,97,0,0,22,85,0,119,213,96,119,122,0,0,122,0,51,0,244,244,119,244,0,207,0,27,79,0,0,7,0,0,51,28,0,0,0,0,114090,85,119,1,85,0,0,96,51,1,115
0,32,220,0,15488,220,0,220,220,220,0,52,0,26,6,220,0,0,0,220,0,0,9,0,26,220,0,133,220,0,220,260,33,220,220,0,0,220,0,220,0,28,220,220,220,0,260,0,107,220,0,0,26,0,0,220,244,0,0,0,0,114091,220,220,1,220,220,0,95,220,1,33
0,172,220,0,15489,220,0,220,220,220,0,67,0,4,6,220,0,0,2,220,0,0,198,0,226,220,0,133,220,0,220,260,249,220,220,0,0,220,0,220,0,153,220,220,220,0,260,0,251,220,0,0,31,0,0,220,73,0,0,0,0,114091,220,220,1,220,220,0,99,220,1,0
0,30,220,0,14181,12,0,0,25,25,0,98,0,38,0,12,-1,0,0,25,0,0,38,0,38,0,0,135,12,13,12,265,30,220,25,0,0,220,0,12,1,38,220,12,25,0,265,0,38,220,0,0,98,0,0,12,38,0,0,0,0,114092,12,12,1,25,0,0,86,220,1,30
0,224,12,0,14182,220,0,0,220,220,0,94,0,120,7,220,-1,0,2,220,0,0,225,0,127,0,0,135,220,13,220,262,127,12,220,0,0,12,0,220,1,225,12,220,220,0,262,0,127,12,0,0,94,0,0,220,120,0,0,0,0,114092,220,220,1,220,0,0,95,12,1,121
0,203,69,0,15230,0,0,0,69,69,0,72,0,39,0,30,-1,0,0,87,0,0,184,0,37,0,0,19,0,0,73,202,13,69,87,0,0,87,0,30,0,35,69,73,68,0,202,0,28,69,0,0,9,0,0,30,28,0,0,0,0,114093,0,73,1,68,0,0,56,87,1,104
0,35,50,0,15231,220,0,0,88,88,0,73,0,39,0,220,-1,0,2,114,0,0,23,0,37,0,0,19,220,0,220,202,37,88,114,0,0,114,0,220,0,35,50,220,50,0,202,0,84,88,0,0,7,0,0,220,98,0,0,0,0,114093,220,220,1,50,0,7,100,114,1,39
0,80,12,0,14000,12,0,0,12,12,0,82,0,14,0,12,-1,0,2,12,0,0,210,0,14,0,0,133,12,0,12,260,14,12,12,0,0,12,0,12,0,80,12,12,12,0,260,0,104,12,0,0,16,0,0,12,182,0,0,0,0,114095,12,12,1,12,0,0,92,12,0,14
0,201,12,0,15382,255,0,0,0,12,0,92,0,27,7,212,-1,0,3,12,0,0,243,0,27,0,0,133,12,0,0,128,201,12,212,0,0,212,0,212,0,27,255,0,255,0,128,0,1,0,0,0,7,0,0,12,200,0,0,0,0,114095,255,12,0,12,0,0,100,12,0,201
0,32,169,0,14217,12,0,0,12,98,0,97,0,32,11,12,-1,0,0,145,0,0,33,0,33,0,0,51,169,0,12,196,32,98,12,0,0,12,0,12,0,33,12,12,12,0,196,0,33,12,0,0,97,0,0,145,32,0,1,0,0,114096,12,98,1,169,0,0,100,145,1,32
0,137,193,0,14218,193,0,0,179,179,0,51,0,208,11,193,-1,0,2,193,0,0,3,0,214,0,0,51,193,0,179,196,214,179,193,0,0,193,0,193,0,138,193,179,193,0,196,0,214,179,0,0,44,0,0,193,186,0,0,0,0,114096,193,179,1,193,0,0,51,193,1,207
0,31,220,0,13436,220,0,220,220,220,0,79,0,32,0,220,0,0,0,220,0,0,91,0,31,220,0,51,220,0,220,196,31,220,220,0,0,220,0,220,0,33,220,220,220,0,196,0,52,220,0,0,9,0,0,220,77,0,1,0,0,114098,220,220,1,220,220,0,96,220,1,31
0,227,220,0,13437,220,0,220,220,220,0,76,0,6,0,220,0,0,2,220,0,0,67,0,9,220,0,51,220,0,220,196,9,220,220,0,0,220,0,220,0,225,220,220,220,0,196,0,47,220,0,0,18,0,0,220,45,0,0,0,0,114098,220,220,1,220,220,0,92,220,1,6
0,237,220,0,16663,220,0,220,220,220,0,95,0,18,8,220,0,0,0,220,0,0,229,0,36,220,0,133,220,0,220,260,33,220,220,0,0,220,0,220,0,229,220,220,220,0,260,0,36,220,0,0,95,0,0,220,18,0,0,0,0,114101,220,220,1,220,220,0,88,220,1,11
0,217,57,0,16664,57,0,21,92,92,0,80,0,220,0,21,-1,0,1,21,0,0,231,0,214,92,0,133,57,0,92,260,217,92,21,0,0,21,0,21,0,221,57,92,57,0,260,0,117,92,0,0,4,0,0,21,23,0,1,0,0,114101,57,92,1,57,57,0,99,21,1,217
0,231,204,0,16666,204,0,57,56,56,0,99,0,218,8,57,0,0,2,57,0,0,218,0,218,56,0,133,204,0,56,260,231,56,57,0,0,57,0,57,0,218,204,56,204,0,260,0,218,56,0,0,99,0,0,57,218,0,0,0,0,114101,204,56,1,204,204,0,88,57,1,231
0,25,220,0,14220,220,0,220,220,220,0,91,0,25,7,220,-1,0,0,220,0,0,226,0,25,220,0,133,220,0,220,260,25,220,220,0,0,220,0,220,0,25,220,220,220,0,260,0,226,220,0,0,5,0,0,220,226,0,0,0,0,114102,220,220,1,220,220,0,100,220,1,25
0,243,12,0,14219,12,0,12,12,12,0,88,0,158,7,12,-1,0,2,12,0,0,229,0,47,12,0,133,12,0,12,260,48,12,12,0,0,12,0,12,0,243,12,12,12,0,260,0,218,12,0,0,7,0,0,12,227,0,1,0,0,114102,12,12,1,12,12,0,100,12,1,159
0,19,202,0,13438,202,0,163,91,91,0,79,0,17,7,163,-1,0,0,163,0,0,45,0,52,91,0,133,202,0,91,260,53,91,163,0,0,163,0,163,0,12,202,91,202,0,260,0,150,91,0,0,6,0,0,163,59,0,0,0,0,114103,202,91,1,202,202,0,94,163,1,23
0,42,202,0,14581,202,0,163,91,91,0,83,0,0,7,163,-1,0,1,163,0,0,155,0,90,91,0,133,202,0,91,260,80,91,163,0,0,163,0,163,0,49,202,91,202,0,260,0,238,91,0,0,7,0,0,163,21,0,0,0,0,114103,202,91,1,202,202,0,94,163,1,0
0,232,202,0,13439,202,0,163,91,91,0,66,0,230,7,163,-1,0,2,163,0,0,127,0,229,91,0,133,202,0,91,260,230,91,163,0,0,163,0,163,0,227,202,91,202,0,260,0,202,91,0,0,5,0,0,163,162,0,1,0,0,114103,202,91,1,202,202,0,95,163,1,231
0,14,220,0,13440,220,0,0,220,220,0,70,0,59,0,220,-1,0,0,220,0,0,105,0,95,0,0,133,220,0,220,260,90,220,220,0,0,220,0,220,0,42,220,220,220,0,260,0,130,220,0,0,12,0,0,220,112,0,0,0,0,114104,220,220,1,220,0,0,63,220,1,30
0,34,12,0,14511,12,0,0,12,12,0,67,0,21,11,12,-1,0,1,12,0,0,125,0,94,0,0,133,12,0,12,260,92,12,12,0,0,12,0,12,0,37,12,12,12,0,260,0,157,12,0,0,10,0,0,12,116,0,1,0,0,114104,12,12,1,12,0,0,57,12,1,19
0,69,12,0,13441,12,0,0,12,12,0,47,0,126,0,12,-1,0,2,12,0,0,75,0,248,0,0,133,12,0,12,260,102,12,12,0,0,12,0,12,0,197,12,12,12,0,260,0,112,12,0,0,27,0,0,12,10,0,0,0,0,114104,12,12,1,12,0,0,98,12,1,33
0,0,220,0,13442,12,0,12,12,220,0,77,0,229,8,12,0,0,0,220,0,0,0,0,214,12,0,133,220,0,12,260,37,220,12,0,0,12,0,12,0,15,12,12,12,0,260,0,38,12,0,0,9,0,0,220,40,0,0,0,0,114105,12,220,1,220,12,0,100,220,1,39
0,48,220,0,14512,220,0,0,220,220,0,67,0,31,1,220,-1,0,1,220,0,0,166,0,34,0,0,133,220,0,220,260,25,220,220,0,0,220,0,220,0,37,220,220,220,0,260,0,5,220,0,0,12,0,0,220,45,0,0,0,0,114105,220,220,0,220,0,0,76,220,1,31
0,29,220,0,13443,220,0,220,220,220,0,85,0,32,8,220,0,0,2,220,0,0,219,0,32,220,0,133,220,0,220,260,29,220,220,0,0,220,0,220,0,32,220,220,220,0,260,0,93,220,0,0,5,0,0,220,67,0,0,0,0,114105,220,220,1,220,220,0,84,220,1,29
0,0,203,0,14103,203,0,167,84,84,0,94,0,8,7,167,0,0,0,167,0,0,220,0,51,84,0,133,203,0,84,260,42,84,167,0,0,167,0,167,0,0,203,84,203,0,260,0,80,84,0,0,5,0,0,167,159,0,0,0,0,114106,203,84,1,203,203,0,100,167,1,5
0,232,3,0,14104,3,0,109,80,80,0,91,0,175,7,109,0,0,2,109,0,0,4,0,38,80,0,133,3,0,80,260,39,80,109,0,0,109,0,109,0,230,3,80,3,0,260,0,79,80,0,0,7,0,0,109,109,0,0,0,0,114106,3,80,1,3,3,0,100,109,1,164
0,30,220,0,13444,220,0,220,220,220,0,85,0,11,0,220,0,0,0,220,0,0,171,0,10,220,0,1,220,0,220,1,30,220,220,0,0,220,0,220,0,10,220,220,220,0,1,0,1,220,0,0,10,0,0,220,252,0,0,0,0,114107,220,220,1,220,220,0,100,220,1,30
0,215,220,0,13445,220,0,220,220,220,0,24,0,57,0,220,0,0,2,220,0,0,226,0,251,220,0,1,220,0,220,1,252,220,220,0,0,220,0,220,0,126,220,220,220,0,1,0,253,220,0,0,22,0,0,220,147,0,0,0,0,114107,220,220,1,220,220,0,29,220,1,148
0,22,220,0,14221,220,0,220,220,220,0,92,0,43,0,220,0,0,0,220,0,0,197,0,102,220,0,133,220,0,220,260,102,220,220,0,0,220,0,220,0,24,220,220,220,0,260,0,35,220,0,0,5,0,0,220,22,0,0,0,0,114108,220,220,1,220,220,0,97,220,1,43
0,205,220,0,14222,220,0,220,220,220,0,92,0,22,0,220,0,0,2,220,0,0,32,0,33,220,0,133,220,0,220,260,32,220,220,0,0,220,0,220,0,205,220,220,220,0,260,0,98,220,0,0,5,0,0,220,42,0,0,0,0,114108,220,220,1,220,220,0,97,220,1,21
0,229,220,0,15227,220,0,12,220,99,0,93,0,161,0,220,0,0,0,41,0,0,106,0,214,12,0,135,28,0,220,265,229,220,220,2,0,12,0,220,1,106,12,220,220,0,262,0,214,12,0,0,93,0,0,30,161,0,0,0,0,114109,220,77,1,33,12,0,93,220,1,229
0,11,220,0,15228,220,0,0,220,220,0,88,0,86,7,220,-1,0,1,220,0,0,222,0,146,0,0,133,220,0,220,260,152,220,220,0,0,220,0,220,0,17,220,220,220,0,260,0,223,220,0,0,7,0,0,220,223,0,0,0,0,114109,220,220,1,220,0,0,89,220,1,91
0,191,12,0,15229,220,0,12,220,220,0,79,0,76,0,220,0,0,2,220,0,0,57,0,137,12,0,135,220,0,220,262,136,12,220,2,0,12,0,220,1,195,12,220,220,0,262,0,177,12,1,0,10,0,0,220,190,0,0,0,0,114109,220,220,1,220,12,0,89,12,1,78
0,232,85,0,14185,220,0,220,220,176,0,53,0,84,8,220,0,0,0,48,0,0,160,0,202,220,0,133,85,0,220,260,232,176,220,0,0,220,0,220,0,127,220,220,220,0,260,0,216,220,0,0,35,0,0,48,128,0,0,0,0,114110,220,176,1,85,220,0,99,48,1,232
0,232,85,0,14186,220,0,220,220,176,0,89,0,167,8,220,0,0,2,48,0,0,248,0,228,220,0,133,85,0,220,260,232,176,220,0,0,220,0,220,0,189,220,220,220,0,260,0,248,220,0,0,10,0,0,48,248,0,0,0,0,114110,220,176,1,85,220,0,99,48,1,232
0,30,12,0,15535,220,0,12,12,12,0,75,0,30,7,220,0,0,0,12,0,0,231,0,30,12,0,138,220,0,220,260,30,12,12,2,0,12,0,220,1,30,12,220,12,0,267,0,231,12,0,0,7,0,0,220,231,0,0,0,0,114112,220,220,1,12,12,0,100,12,1,30
0,0,0,0,17544,0,0,0,0,0,0,0,0,0,0,0,-1,0,1,0,0,0,0,0,0,0,0,0,0,0,0,0,0,0,0,0,0,0,0,0,0,0,0,0,0,0,0,0,0,0,0,0,0,0,0,0,0,0,0,0,0,114112,0,0,0,0,0,0,0,0,0,0
0,173,12,0,15536,12,0,12,12,12,0,59,0,175,7,12,0,0,2,12,0,0,113,0,178,12,0,133,12,0,12,260,178,12,12,0,0,12,0,12,0,173,12,12,12,0,260,0,118,12,0,0,33,0,0,12,115,0,1,0,0,114112,12,12,1,12,12,0,100,12,1,175
0,152,220,0,17545,152,0,24,103,220,0,91,0,218,7,24,0,0,0,220,0,0,226,0,208,103,0,133,220,0,103,260,103,220,24,0,0,24,0,24,0,226,152,103,152,0,260,0,208,103,0,0,91,0,0,220,218,0,1,0,0,114113,152,220,1,220,152,0,90,220,0,23
0,0,0,0,17546,0,0,0,0,0,0,0,0,0,0,0,-1,0,1,0,0,0,0,0,0,0,0,0,0,0,0,0,0,0,0,0,0,0,0,0,0,0,0,0,0,0,0,0,0,0,0,0,0,0,0,0,0,0,0,0,0,114113,0,0,0,0,0,0,0,0,0,0
0,128,12,0,17547,12,0,12,12,12,0,94,0,23,0,12,0,0,2,12,0,0,25,0,231,12,0,133,12,0,12,260,230,12,12,0,0,12,0,12,0,114,12,12,12,0,260,0,219,12,0,0,5,0,0,12,0,0,0,0,0,114113,12,12,1,12,12,0,100,12,1,31
0,26,239,0,17548,220,0,53,146,146,0,79,0,22,0,220,0,0,0,53,0,0,233,0,90,146,0,22,220,0,220,207,89,146,53,0,0,53,0,220,0,27,239,220,239,0,207,0,96,146,0,0,6,0,0,220,69,0,0,0,0,114114,220,220,1,239,239,0,100,53,1,21
0,0,0,0,17549,0,0,0,0,0,0,0,0,0,0,0,-1,0,1,0,0,0,0,0,0,0,0,0,0,0,0,0,0,0,0,0,0,0,0,0,0,0,0,0,0,0,0,0,0,0,0,0,0,0,0,0,0,0,0,0,0,114114,0,0,0,0,0,0,0,0,0,0
0,247,12,0,17550,12,0,12,12,12,0,59,0,252,0,12,0,0,2,12,0,0,188,0,86,12,0,133,12,0,12,260,86,12,12,0,0,12,0,12,0,247,12,12,12,0,260,0,27,12,0,0,33,0,0,12,194,0,1,0,0,114114,12,12,1,12,12,0,100,12,1,253
0,30,12,0,18113,220,0,220,220,12,0,54,0,30,0,220,0,0,0,12,0,0,229,0,30,220,0,19,220,0,220,202,30,12,220,0,0,5,0,220,0,30,230,220,220,0,202,0,31,5,0,2,42,0,0,220,34,0,0,0,0,114115,220,220,1,12,220,0,99,12,0,30
0,247,12,0,18114,12,0,12,12,12,0,59,0,253,0,12,0,0,2,12,0,0,188,0,86,12,0,133,12,0,12,260,86,12,12,0,0,12,0,12,0,248,12,12,12,0,260,0,27,12,0,0,33,0,0,12,194,0,0,0,0,114115,12,12,1,12,12,0,100,12,1,253
0,29,220,0,14187,50,0,68,143,220,0,94,0,228,11,68,0,0,0,220,0,0,27,0,228,143,0,133,220,0,143,260,145,220,68,0,0,68,0,68,0,228,50,143,50,0,260,0,138,143,0,0,5,0,0,220,64,0,0,0,0,114116,50,220,1,220,50,0,100,220,1,68
0,231,22,0,17923,220,0,220,220,150,0,93,0,65,6,220,0,0,1,65,0,0,22,0,150,220,0,133,22,0,220,260,231,150,220,0,0,220,0,220,0,22,220,220,220,0,260,0,150,220,0,0,93,0,0,65,65,0,0,0,0,114116,220,150,1,22,220,0,100,65,1,231
0,247,12,0,14188,12,0,12,12,12,0,59,0,253,0,12,0,0,2,12,0,0,188,0,86,12,0,133,12,0,12,260,86,12,12,0,0,12,0,12,0,248,12,12,12,0,260,0,27,12,0,0,33,0,0,12,194,0,0,0,0,114116,12,12,1,12,12,0,100,12,1,253
0,30,226,0,13977,226,0,219,80,80,0,72,0,31,7,219,-1,0,0,219,0,0,183,0,30,80,0,133,226,0,80,260,30,80,219,0,0,219,0,219,0,31,226,80,226,0,260,0,61,80,0,0,13,0,0,219,177,0,0,0,0,114117,226,80,1,226,226,0,91,219,1,30
0,241,12,0,13978,12,0,12,12,12,0,64,0,233,7,12,0,0,2,12,0,0,26,0,78,12,0,133,12,0,12,260,77,12,12,0,0,12,0,12,0,242,12,12,12,0,260,0,25,12,0,0,16,0,0,12,25,0,0,0,0,114117,12,12,1,12,12,0,91,12,1,232
0,30,220,0,18019,220,0,220,220,220,0,73,0,30,2,220,0,0,0,220,0,0,238,0,31,220,0,133,220,0,220,260,30,220,220,0,0,220,0,220,0,30,220,220,220,0,260,0,250,220,0,0,8,0,0,220,59,0,0,0,0,114118,220,220,1,220,220,0,88,220,1,29
0,235,12,0,18020,12,0,12,12,12,0,30,0,7,2,12,0,0,2,12,0,0,32,0,242,12,0,133,12,0,12,260,238,12,12,0,0,12,0,12,0,230,12,12,12,0,260,0,29,12,0,0,18,0,0,12,26,0,0,0,0,114118,12,12,1,12,12,0,49,12,1,7
0,25,220,0,13187,255,0,240,0,220,0,91,0,25,7,240,0,0,0,220,0,0,247,0,25,0,0,133,220,0,0,260,25,220,240,0,0,240,0,240,0,25,255,0,255,0,260,0,37,0,0,0,6,0,0,220,247,0,0,0,0,114119,255,220,1,220,255,0,71,220,1,25
0,248,12,0,13188,12,0,12,12,12,0,95,0,247,7,12,0,0,2,12,0,0,247,0,38,12,0,133,12,0,12,260,39,12,12,0,0,12,0,12,0,247,12,12,12,0,260,0,38,12,0,0,95,0,0,12,247,0,0,0,0,114119,12,12,1,12,12,0,71,12,1,248
0,30,220,0,13446,220,0,220,220,220,0,75,0,32,0,220,0,0,0,220,0,0,77,0,32,220,0,133,220,0,220,260,30,220,220,0,0,220,0,220,0,32,220,220,220,0,260,0,77,220,0,0,19,0,0,220,77,0,0,0,0,114120,220,220,1,220,220,0,100,220,1,30
0,156,220,0,13447,220,0,220,220,220,0,93,0,5,0,220,0,0,2,220,0,0,30,0,238,220,0,133,220,0,220,260,254,220,220,0,0,220,0,220,0,146,220,220,220,0,260,0,30,220,0,0,5,0,0,220,29,0,1,0,0,114120,220,220,1,220,220,0,100,220,1,0
0,0,220,0,17823,12,0,12,12,220,0,77,0,231,8,12,0,0,0,220,0,0,2,0,231,12,0,133,220,0,12,260,57,220,12,0,0,12,0,12,0,230,12,12,12,0,260,0,58,12,0,0,13,0,0,220,103,0,1,0,0,114121,12,220,1,220,12,0,97,220,1,101
0,98,220,0,17824,12,0,12,12,220,0,77,0,203,8,12,0,0,2,220,0,0,101,0,203,12,0,133,220,0,12,260,98,220,12,0,0,12,0,12,0,203,12,12,12,0,260,0,101,12,0,0,18,0,0,220,101,0,1,0,0,114121,12,220,1,220,12,0,97,220,1,98
0,9,0,0,13979,220,0,0,220,220,0,95,0,19,7,220,-1,0,0,220,0,0,10,0,49,0,0,1,220,0,220,94,49,36,220,0,0,0,0,220,0,10,0,220,220,0,94,0,49,36,0,0,95,0,0,220,19,0,0,0,0,114122,220,220,1,220,0,0,97,0,1,19
0,30,12,0,13980,220,0,0,220,220,0,95,0,43,7,220,-1,0,2,220,0,0,103,0,69,0,0,6,220,0,220,94,30,12,220,0,0,1,0,220,0,103,44,220,220,0,94,0,69,16,0,0,95,0,0,220,43,0,0,0,0,114122,220,220,1,220,0,0,97,12,1,30
0,0,220,0,15464,220,0,0,220,220,0,65,0,95,7,220,-1,0,0,220,0,0,214,0,65,0,0,133,220,0,220,260,72,220,220,0,0,220,0,220,0,1,220,220,220,0,260,0,214,220,0,0,28,0,0,220,214,0,0,0,0,114123,220,220,1,220,0,0,99,220,1,104
0,247,12,0,15465,12,0,0,12,12,0,59,0,253,0,12,-1,0,2,12,0,0,188,0,86,0,0,133,12,0,12,260,86,12,12,0,0,12,0,12,0,248,12,12,12,0,260,0,27,12,0,0,33,0,0,12,194,0,0,0,0,114123,12,12,1,12,0,0,100,12,1,253
0,231,12,0,14105,12,0,0,12,12,0,99,0,231,7,12,-1,0,0,12,0,0,231,0,231,0,0,133,12,0,12,260,231,12,12,0,0,12,0,12,0,231,12,12,12,0,260,0,231,12,0,0,99,0,0,12,231,0,1,0,0,114124,12,12,1,12,0,0,100,12,1,231
0,173,220,0,14106,220,0,0,220,220,0,59,0,176,0,220,-1,0,2,220,0,0,112,0,179,0,0,133,220,0,220,260,178,220,220,0,0,220,0,220,0,174,220,220,220,0,260,0,117,220,0,0,33,0,0,220,114,0,0,0,0,114124,220,220,1,220,0,0,100,220,1,175
0,211,223,0,14189,223,0,0,75,75,0,96,0,33,7,204,-1,0,0,204,0,0,207,0,97,0,0,133,223,0,75,260,99,75,204,0,0,204,0,204,0,207,223,75,223,0,260,0,97,75,0,0,96,0,0,204,33,0,0,0,0,114125,223,75,1,223,0,0,95,204,1,34
0,247,223,0,14190,223,0,0,75,75,0,59,0,252,7,204,-1,0,2,204,0,0,188,0,86,0,0,133,223,0,75,260,86,75,204,0,0,204,0,204,0,247,223,75,223,0,260,0,27,75,0,0,33,0,0,204,194,0,0,0,0,114125,223,75,1,223,0,0,100,204,1,253
0,7,12,0,14224,12,0,0,12,12,0,45,0,229,7,12,-1,0,0,12,0,0,19,0,231,0,0,51,12,0,12,196,79,12,12,0,0,12,0,12,0,228,12,12,12,0,196,0,142,12,0,0,35,0,0,12,14,0,0,0,0,114126,12,12,1,12,0,0,100,12,1,12
0,173,12,0,14223,12,0,0,12,12,0,59,0,176,1,12,-1,0,2,12,0,0,112,0,179,0,0,51,12,0,12,196,178,12,12,0,0,12,0,12,0,174,12,12,12,0,196,0,117,12,0,0,33,0,0,12,114,0,0,0,0,114126,12,12,1,12,0,0,100,12,1,175
0,35,177,0,13981,177,0,177,177,177,0,51,0,239,7,177,0,0,0,177,0,0,36,0,239,177,0,133,177,0,177,260,35,177,177,0,0,177,0,177,0,239,177,177,177,0,260,0,36,177,0,0,47,0,0,177,36,0,1,0,0,114127,177,177,1,177,177,0,50,177,1,35
0,247,12,0,13982,12,0,12,12,12,0,59,0,253,0,12,0,0,2,12,0,0,188,0,86,12,0,133,12,0,12,260,86,12,12,0,0,12,0,12,0,248,12,12,12,0,260,0,27,12,0,0,33,0,0,12,194,0,1,0,0,114127,12,12,1,12,12,0,100,12,1,253
0,231,221,0,10375,221,0,28,24,24,0,84,0,231,0,28,0,0,0,28,0,0,31,0,231,24,330,1,221,100,24,3,231,24,28,0,0,28,0,28,0,231,221,24,221,0,3,0,34,24,1,0,9,0,8,28,31,0,1,0,0,114147,221,24,0,221,221,0,92,28,1,231
0,232,220,0,10376,220,0,220,220,220,0,84,0,37,0,220,0,0,1,220,0,0,29,0,38,220,330,1,220,100,220,3,37,220,220,0,0,220,0,220,0,232,220,220,220,0,3,0,29,220,1,0,8,0,8,220,29,0,0,0,0,114147,220,220,0,220,220,0,92,220,1,36
0,252,12,0,10377,12,0,12,12,12,0,100,0,218,0,12,0,0,2,12,0,0,254,0,62,12,330,1,12,76,12,1,61,12,12,0,0,12,0,12,0,254,12,12,12,0,1,0,62,12,0,0,100,0,0,12,218,0,0,0,0,114147,12,12,1,12,12,0,100,12,1,217
0,8,12,0,10469,12,0,12,12,12,0,85,0,229,0,12,-1,0,0,12,0,0,144,0,230,12,0,133,12,0,12,260,54,12,12,0,0,12,0,12,0,229,12,12,12,0,260,0,136,12,0,0,9,0,0,12,145,0,1,0,0,114154,12,12,1,12,12,0,98,12,1,27
0,228,220,0,10470,220,0,220,220,220,0,92,0,35,0,220,-1,0,1,220,0,0,13,0,68,220,0,133,220,0,220,260,228,220,220,0,0,220,0,220,0,13,220,220,220,0,260,0,68,220,0,0,92,0,0,220,35,0,0,0,0,114154,220,220,1,220,220,0,98,220,1,228
0,49,12,0,10471,12,0,12,12,12,0,85,0,193,0,12,-1,0,2,12,0,0,47,0,217,12,0,133,12,0,12,260,50,12,12,0,0,12,0,12,0,84,12,12,12,0,260,0,155,12,0,0,6,0,0,12,135,0,0,0,0,114154,12,12,1,12,12,0,98,12,1,49
39,29,48,0,11854,12,0,12,12,80,0,85,0,159,7,12,-1,0,0,146,0,0,29,0,83,12,0,96,48,0,12,182,29,80,12,0,0,12,0,12,0,21,12,12,12,0,182,0,30,12,0,1,14,0,9,146,30,0,0,0,0,114161,12,80,1,48,12,0,89,146,1,29
39,225,12,0,11855,12,0,12,12,12,0,97,0,221,0,12,0,0,1,12,0,0,212,0,215,12,0,96,12,100,12,182,226,12,12,0,0,12,0,12,0,212,12,12,12,0,182,0,215,12,0,1,97,0,0,12,221,0,0,0,0,114161,12,12,1,12,12,0,93,12,1,228
39,35,220,0,11856,220,0,220,220,220,0,79,0,126,0,220,0,0,2,220,0,0,4,0,179,220,0,96,220,87,220,182,181,220,220,0,0,220,0,220,0,78,220,220,220,0,182,0,195,220,0,1,11,0,0,220,135,0,0,0,0,114161,220,220,1,220,220,0,48,220,1,122
39,44,232,0,10550,18,0,27,77,74,0,94,0,210,0,27,0,0,0,224,0,0,229,0,54,77,0,96,232,100,77,182,72,74,26,0,0,26,0,27,0,229,29,77,29,0,182,0,54,77,0,1,94,0,0,224,210,0,0,0,0,114162,18,74,1,232,18,0,82,224,1,49
39,29,221,0,10551,221,0,239,46,46,0,86,0,49,0,239,-1,0,1,239,0,0,235,0,71,46,0,96,221,76,46,182,57,46,239,0,0,239,0,239,0,44,221,46,221,0,182,0,60,46,0,1,12,0,9,239,233,0,0,0,0,114162,221,46,1,221,221,0,89,239,1,24
39,231,220,0,10552,220,0,220,220,220,0,86,0,109,0,220,0,0,2,220,0,0,244,0,81,220,0,96,220,86,220,182,85,220,220,0,0,220,0,220,0,225,220,220,220,0,182,0,122,220,0,1,9,0,0,220,155,0,0,0,0,114162,220,220,1,220,220,0,63,220,1,113
2149,191,220,0,11931,220,0,0,220,220,0,56,0,34,0,220,-1,0,0,220,0,0,37,0,48,0,0,6,220,0,220,49,48,220,220,0,0,220,0,220,0,191,220,220,220,0,49,0,78,220,0,0,34,0,0,220,41,0,0,0,0,114168,220,220,1,220,0,0,89,220,1,32
2149,230,0,0,11932,7,0,0,199,198,0,85,0,231,0,132,-1,0,1,128,0,0,77,0,231,0,0,6,0,0,199,49,231,198,132,0,0,132,0,132,0,231,7,199,7,0,49,0,198,199,0,0,7,0,0,128,131,0,0,0,0,114168,7,198,1,0,0,0,94,128,1,230
2149,252,12,0,11933,12,0,0,12,12,0,91,0,237,0,12,-1,0,2,12,0,0,26,0,0,0,0,1,12,0,12,49,0,12,12,0,0,12,0,12,0,253,12,12,12,0,49,0,25,12,0,0,7,0,0,12,26,0,0,0,0,114168,12,12,1,12,0,0,90,12,1,236
0,0,220,0,10309,220,0,220,220,220,0,95,0,32,7,220,0,0,0,220,0,0,218,0,40,220,66,52,220,100,220,102,162,220,220,0,0,220,0,220,0,218,220,220,220,0,102,0,40,220,1,0,95,0,5,220,32,0,0,0,0,114326,220,220,1,220,220,0,98,220,1,66
0,238,218,0,10310,218,0,11,11,11,0,93,0,238,7,11,0,0,1,11,0,0,238,0,238,11,66,52,218,100,11,102,238,11,11,0,0,11,0,11,0,238,218,11,218,0,102,0,238,11,1,0,93,0,5,11,238,0,0,0,0,114326,218,11,1,218,218,0,97,11,1,238
0,60,224,0,10311,224,0,240,141,141,1,91,0,60,0,240,0,0,2,240,0,0,225,0,60,141,66,52,224,100,141,102,60,141,240,0,0,240,0,240,0,60,224,141,224,0,102,0,141,141,0,0,8,0,0,240,241,0,0,0,0,114326,224,141,1,224,224,0,90,240,1,60
0,142,220,0,10412,220,0,220,220,220,0,98,0,27,0,220,0,0,0,220,0,0,142,0,37,220,330,1,220,100,220,9,37,220,220,0,0,220,0,220,0,142,220,220,220,0,9,0,37,220,1,0,98,0,8,220,27,0,0,0,0,114385,220,220,1,220,220,0,99,220,0,27
0,231,12,0,10413,134,0,12,52,12,0,97,0,231,0,44,0,0,1,12,0,0,231,0,231,12,330,1,12,100,52,9,231,12,44,0,0,44,0,44,0,231,134,52,134,0,9,0,231,52,1,0,97,0,8,12,231,0,0,0,0,114385,134,12,1,12,12,0,100,12,0,231
0,0,220,0,10414,220,0,220,220,220,0,91,0,222,0,220,0,0,2,220,0,0,0,1,120,220,330,1,220,76,220,1,50,220,220,0,0,220,0,220,0,38,220,220,220,0,1,0,50,220,0,0,7,0,0,220,116,0,1,0,0,114385,220,220,1,220,220,0,91,220,0,116
0,77,220,0,13110,153,0,161,162,220,0,50,0,36,14,161,0,0,0,220,0,0,69,0,105,162,0,118,220,0,162,231,115,220,161,0,0,161,0,161,0,68,153,162,153,0,231,0,125,162,0,0,33,0,0,220,91,0,0,0,0,114399,153,220,1,220,153,0,70,220,1,30
0,173,12,0,13109,12,0,12,12,12,0,59,0,175,0,12,0,0,2,12,0,0,113,0,178,12,0,133,12,0,12,260,178,12,12,0,0,12,0,12,0,173,12,12,12,0,260,0,118,12,0,0,33,0,0,12,115,0,0,0,0,114399,12,12,0,12,12,0,100,12,1,175
0,24,220,0,18123,220,0,220,220,220,0,81,0,31,1,220,0,0,0,220,0,0,187,0,44,220,0,133,220,0,220,260,42,220,220,0,0,220,0,220,0,29,220,220,220,0,260,0,45,220,0,2,13,0,0,220,44,0,0,0,0,114400,220,220,1,220,220,0,92,220,1,29
0,189,220,0,18124,220,0,220,220,220,0,78,0,39,1,220,0,0,2,220,0,0,65,0,41,220,0,133,220,0,220,260,40,220,220,0,0,220,0,220,0,188,220,220,220,0,260,0,129,220,0,2,18,0,0,220,50,0,0,0,0,114400,220,220,1,220,220,0,81,220,1,39
0,2,220,0,15848,220,0,0,220,220,0,66,0,20,7,244,-1,0,0,220,0,0,231,0,39,0,0,133,220,0,104,260,149,220,220,0,0,220,0,220,0,187,220,220,220,0,260,0,231,220,0,0,31,0,0,220,231,0,0,0,0,114404,7,220,1,220,0,0,99,220,1,64
0,247,12,0,15849,12,0,0,12,12,0,59,0,252,0,12,-1,0,2,12,0,0,188,0,86,0,0,133,12,0,12,260,86,12,12,0,0,12,0,12,0,247,12,12,12,0,260,0,27,12,0,0,33,0,0,12,194,0,0,0,0,114404,12,12,1,12,0,0,100,12,1,253
0,173,12,0,13984,12,0,0,12,12,0,59,0,176,1,12,-1,0,2,12,0,0,112,0,179,0,0,51,12,0,12,196,178,12,12,0,0,12,0,12,0,174,12,12,12,0,196,0,117,12,0,0,33,0,0,12,114,0,0,0,0,114406,12,12,1,12,0,0,100,12,1,175
0,25,220,0,14011,47,0,0,255,220,0,78,0,27,7,65,-1,0,0,220,0,0,245,0,26,0,0,51,220,0,255,196,25,220,65,0,0,65,0,65,0,28,47,255,47,0,196,0,115,255,0,0,11,0,0,220,214,0,0,0,0,114407,47,220,1,220,0,0,100,220,1,25
0,173,12,0,14012,12,0,0,12,12,0,59,0,175,1,12,-1,0,2,12,0,0,113,0,178,0,0,51,12,0,12,196,178,12,12,0,0,12,0,12,0,173,12,12,12,0,196,0,118,12,0,0,33,0,0,12,115,0,1,0,0,114407,12,12,1,12,0,0,100,12,1,175
0,39,220,0,14013,255,0,0,100,220,0,64,0,40,7,220,-1,0,0,220,0,0,231,0,40,0,0,133,220,0,220,260,39,220,81,0,0,81,0,81,0,40,255,100,255,0,260,0,196,100,0,0,28,0,0,220,221,0,1,0,0,114408,220,220,1,220,0,0,100,220,1,39
0,253,220,0,14014,12,0,0,12,220,0,52,0,82,7,220,-1,0,2,220,0,0,231,0,101,0,0,133,220,0,220,260,100,220,12,0,0,12,0,12,0,254,12,12,12,0,260,0,196,12,0,0,28,0,0,220,221,0,1,0,0,114408,220,220,1,220,0,0,100,220,1,81
0,104,12,0,17831,12,0,12,12,12,0,57,0,97,7,12,0,0,0,12,0,0,170,0,168,12,0,133,12,0,12,260,161,12,12,0,0,12,0,12,0,113,12,12,12,0,260,0,201,12,0,0,20,0,0,12,161,0,1,0,0,114409,12,12,1,12,12,0,91,12,1,87
0,214,12,0,17832,12,0,12,12,12,0,90,0,49,7,12,0,0,2,12,0,0,230,0,66,12,0,133,12,0,12,260,85,12,12,0,0,12,0,12,0,211,12,12,12,0,260,0,228,12,0,0,6,0,0,12,228,0,1,0,0,114409,12,12,1,12,12,0,96,12,1,62
0,49,220,0,14017,220,0,220,220,220,0,71,0,36,14,220,0,0,0,220,0,0,114,0,134,220,0,133,220,0,220,260,130,220,220,0,0,220,0,220,0,48,220,220,220,0,260,0,202,220,0,0,17,0,0,220,15,0,0,0,0,114410,220,220,1,220,220,0,76,220,1,39
0,185,220,0,18099,220,0,220,220,220,0,71,0,78,14,220,0,0,1,220,0,0,118,0,196,220,0,133,220,0,220,260,190,220,220,0,0,220,0,220,0,188,220,220,220,0,260,0,148,220,0,0,16,0,0,220,22,0,0,0,0,114410,220,220,1,220,220,0,76,220,1,78
0,240,43,0,14018,43,0,26,95,95,0,78,0,224,14,26,0,0,2,26,0,0,124,0,248,95,0,133,43,0,95,260,250,95,26,0,0,26,0,26,0,237,43,95,43,0,260,0,197,95,0,0,15,0,0,26,105,0,0,0,0,114410,43,95,1,43,43,0,78,26,1,225
0,231,12,0,14019,12,0,12,12,12,0,39,0,237,7,12,0,0,0,12,0,0,241,0,203,12,0,133,12,0,12,260,231,12,12,0,0,12,0,12,0,233,12,12,12,0,260,0,139,12,0,0,16,0,0,12,25,0,0,0,0,114411,12,12,1,12,12,0,100,12,1,231
0,30,220,0,18100,220,0,220,220,220,0,32,0,26,7,220,0,0,1,220,0,0,231,0,25,220,0,133,220,0,220,260,30,220,220,0,0,220,0,220,0,26,220,220,220,0,260,0,130,220,0,0,18,0,0,220,18,0,0,0,0,114411,220,220,1,220,220,0,100,220,1,30
0,234,12,0,14020,12,0,12,12,12,0,36,0,248,7,12,0,0,2,12,0,0,242,0,77,12,0,133,12,0,12,260,91,12,12,0,0,12,0,12,0,228,12,12,12,0,260,0,133,12,0,0,17,0,0,12,24,0,0,0,0,114411,12,12,1,12,12,0,100,12,1,248
0,231,12,0,13618,12,0,12,12,12,0,78,0,224,11,12,0,0,0,12,0,0,170,0,221,12,0,133,12,0,12,260,231,12,12,0,0,12,0,12,0,225,12,12,12,0,260,0,170,12,0,0,9,0,0,12,171,0,0,0,0,114412,12,12,1,12,12,0,100,12,1,231
0,30,220,0,13619,220,0,220,220,220,0,90,0,32,11,220,0,0,2,220,0,0,32,0,32,220,0,133,220,0,220,260,30,220,220,0,0,220,0,220,0,32,220,220,220,0,260,0,32,220,0,0,90,0,0,220,32,0,0,0,0,114412,220,220,1,220,220,0,100,220,1,30
0,162,251,0,14556,251,0,0,224,224,0,43,0,3,4,195,-1,0,0,195,0,0,229,0,120,0,0,8,251,0,224,260,95,224,195,0,0,195,0,195,0,211,251,224,251,0,260,0,173,224,0,0,24,0,0,195,123,0,0,0,0,114413,251,224,1,251,0,0,100,195,1,25
0,247,12,0,14557,12,0,0,12,12,0,59,0,253,0,12,-1,0,2,12,0,0,188,0,86,0,0,133,12,0,12,260,86,12,12,0,0,12,0,12,0,248,12,12,12,0,260,0,27,12,0,0,33,0,0,12,194,0,0,0,0,114413,12,12,1,12,0,0,100,12,1,253
0,220,8,0,14577,8,0,0,91,91,0,97,0,233,0,0,0,0,0,0,0,0,226,0,226,91,0,133,8,0,91,260,244,91,0,0,0,0,0,0,0,226,8,91,8,0,260,0,226,91,0,0,97,0,0,0,233,0,1,0,0,114414,8,91,1,8,8,0,99,0,1,233
0,128,12,0,14651,12,0,12,12,12,0,94,0,23,0,12,0,0,2,12,0,0,25,0,231,12,0,133,12,0,12,260,230,12,12,0,0,12,0,12,0,113,12,12,12,0,260,0,219,12,0,0,5,0,0,12,0,0,0,0,0,114414,12,12,1,12,12,0,100,12,1,31
0,147,9,0,15223,9,0,0,93,93,0,62,0,122,0,0,0,0,0,0,0,0,114,0,241,93,0,133,9,0,93,260,239,93,0,0,0,0,0,0,0,147,9,93,9,0,260,0,236,93,0,0,18,0,0,0,82,0,0,0,0,114415,9,93,1,9,9,0,99,0,1,124
0,0,12,0,15224,12,0,12,12,12,0,59,0,253,0,12,0,0,2,12,0,0,0,0,253,12,0,133,12,0,12,260,253,12,12,0,0,12,0,12,0,0,12,12,12,0,260,0,172,12,0,0,31,0,0,12,172,0,1,0,0,114415,12,12,1,12,12,0,100,12,1,253
0,32,110,0,15460,110,0,235,255,255,0,71,0,29,0,235,0,0,0,235,0,0,245,0,96,255,0,133,110,0,255,260,94,255,235,0,0,235,0,235,0,33,110,255,110,0,260,0,100,255,0,0,13,0,0,235,207,0,0,0,0,114416,110,255,1,110,110,0,97,235,1,29
0,247,12,0,15461,12,0,12,12,12,0,59,0,253,0,12,0,0,2,12,0,0,188,0,86,12,0,133,12,0,12,260,86,12,12,0,0,12,0,12,0,248,12,12,12,0,260,0,27,12,0,0,33,0,0,12,194,0,1,0,0,114416,12,12,1,12,12,0,100,12,1,253
0,0,0,0,13448,0,0,0,0,0,0,0,0,0,0,0,-1,0,0,0,0,0,0,0,0,0,0,0,0,0,0,0,0,0,0,0,0,0,0,0,0,0,0,0,0,0,0,0,0,0,0,0,0,0,0,0,0,0,0,0,0,114417,0,0,0,0,0,0,0,0,0,0
0,0,0,0,13449,0,0,0,0,0,0,0,0,0,0,0,-1,0,2,0,0,0,0,0,0,0,0,0,0,0,0,0,0,0,0,0,0,0,0,0,0,0,0,0,0,0,0,0,0,0,0,0,0,0,0,0,0,0,0,0,0,114417,0,0,0,0,0,0,0,0,0,0
0,10,220,0,13987,6,0,32,91,220,0,85,0,230,0,32,0,0,0,220,0,0,5,0,231,91,0,6,220,0,91,98,158,220,32,0,0,32,0,32,0,230,6,91,6,0,98,0,91,91,0,0,5,0,0,220,31,0,0,0,1,114418,6,220,1,220,6,0,98,220,1,16
0,215,12,0,15221,12,0,0,12,12,0,51,0,202,7,12,-1,0,1,12,0,0,221,0,197,0,0,133,12,0,12,260,241,12,12,0,0,12,0,12,0,242,12,12,12,0,260,0,240,12,0,0,30,0,0,12,243,0,0,0,0,114418,12,12,1,12,0,0,73,12,1,241
0,30,220,0,13988,220,0,220,220,220,0,88,0,31,0,220,0,0,2,220,0,0,31,0,31,220,0,6,220,0,220,98,30,220,220,0,0,220,0,220,0,31,220,220,220,0,98,0,31,220,0,0,88,0,0,220,31,0,0,0,1,114418,220,220,1,220,220,0,98,220,1,30
0,112,220,0,17897,220,0,220,220,220,0,76,0,3,0,220,0,0,0,220,0,0,116,0,0,220,0,141,220,0,220,190,59,220,220,0,0,220,0,220,0,163,220,220,220,0,190,0,59,220,0,0,18,0,0,220,46,0,0,0,1,114419,220,220,1,220,220,0,89,220,1,48
0,206,12,0,17898,12,0,12,12,12,0,98,0,221,7,12,0,0,2,12,0,0,210,0,56,12,0,141,12,0,12,190,54,12,12,0,0,12,0,12,0,210,12,12,12,0,190,0,56,12,0,0,98,0,0,12,221,0,0,0,1,114419,12,12,1,12,12,0,99,12,1,219
0,32,46,0,14225,12,0,0,12,142,0,31,0,30,7,12,-1,0,0,158,0,0,98,0,31,0,0,133,46,0,12,260,32,142,12,0,0,12,0,12,0,31,12,12,12,0,260,0,146,12,0,0,28,0,0,158,190,0,0,0,0,114420,12,142,1,46,0,0,85,158,1,32
0,247,12,0,14226,12,0,0,12,12,0,59,0,253,0,12,-1,0,2,12,0,0,188,0,86,0,0,133,12,0,12,260,86,12,12,0,0,12,0,12,0,248,12,12,12,0,260,0,27,12,0,0,33,0,0,12,194,0,0,0,0,114420,12,12,1,12,0,0,100,12,1,253
0,123,120,0,17924,174,0,150,220,33,0,97,0,42,0,150,0,0,0,41,0,0,123,0,55,91,0,6,174,0,91,94,55,29,220,0,0,44,0,150,0,123,120,91,220,0,94,0,55,29,0,0,97,0,0,150,42,0,0,0,0,114421,174,91,1,121,174,0,99,44,1,42
0,254,254,0,17925,121,0,41,95,95,0,97,0,225,21,41,0,0,2,230,0,0,254,0,38,33,0,6,121,0,33,94,0,57,230,0,0,231,0,41,0,254,254,33,245,0,94,0,38,57,0,0,97,0,0,41,225,0,1,0,0,114421,121,33,1,245,121,0,98,231,1,210
0,32,220,0,13202,220,0,220,220,220,0,97,0,65,19,220,0,0,0,220,0,0,40,0,60,220,0,1,220,78,220,60,54,220,220,0,0,220,0,220,0,40,220,220,220,0,60,0,60,220,0,1,97,0,0,220,65,0,0,0,1,114422,220,220,1,220,220,0,87,220,1,59
0,219,31,0,17907,31,0,93,96,96,0,94,0,223,0,93,0,0,1,93,0,0,21,0,211,96,0,1,31,78,96,60,190,96,93,0,0,93,0,93,0,227,31,96,31,0,60,0,54,96,0,1,5,0,0,93,73,0,0,0,1,114422,31,96,1,31,31,0,89,93,1,206
0,65,171,0,13201,171,0,171,172,172,0,81,0,26,0,171,0,0,2,171,0,0,67,0,26,172,0,1,171,78,172,60,69,172,171,0,0,171,0,171,0,26,171,172,171,0,60,0,71,172,0,0,16,0,0,171,68,0,0,0,1,114422,171,172,1,171,171,0,53,171,1,66
0,21,12,0,13111,220,0,220,12,220,0,94,0,27,8,220,0,0,0,220,0,0,228,0,41,220,0,22,220,31,220,213,34,12,12,0,0,12,0,220,0,27,12,220,12,0,207,0,229,12,0,0,5,0,0,220,228,0,0,0,0,114423,220,220,1,220,220,0,97,12,1,20
0,249,12,0,17908,12,0,12,220,12,0,93,0,244,8,12,0,0,1,12,0,0,29,0,229,12,0,22,12,31,12,213,231,12,220,0,0,220,0,12,0,247,220,12,220,0,207,0,29,220,0,0,5,0,0,12,29,0,0,0,0,114423,12,12,1,12,12,0,97,12,1,246
0,247,12,0,13112,12,0,12,12,12,0,59,0,253,0,12,0,0,2,12,0,0,188,0,86,12,0,133,12,0,12,260,86,12,12,0,0,12,0,12,0,248,12,12,12,0,260,0,27,12,0,0,33,0,0,12,194,0,0,0,0,114423,12,12,1,12,12,0,100,12,1,253
0,2,220,0,13115,220,0,220,55,220,0,95,0,9,0,220,0,0,0,220,0,0,9,0,8,220,0,19,220,0,220,200,2,220,27,0,0,27,0,220,0,9,20,220,20,0,200,0,8,55,0,0,95,0,5,220,9,0,0,0,0,114425,220,220,1,220,220,0,96,220,1,3
0,11,220,0,13116,220,0,220,83,220,0,81,0,127,0,220,0,0,2,220,0,0,42,0,67,220,0,19,220,0,220,200,67,220,116,0,0,116,0,220,0,11,60,220,60,0,200,0,78,83,0,0,17,0,6,220,191,0,1,0,0,114425,220,220,1,220,220,0,97,220,1,127
0,0,220,0,13119,220,0,220,220,220,0,95,0,35,11,220,0,0,0,220,0,0,0,0,72,220,0,7,220,0,220,2,70,220,220,0,0,220,0,220,0,0,220,220,220,0,2,0,72,220,0,0,95,0,0,220,35,0,0,0,0,114427,220,220,1,220,220,0,99,220,1,34
0,132,215,0,18184,157,0,99,79,138,0,93,0,206,11,99,0,0,1,161,0,0,236,0,170,79,0,7,215,0,79,2,49,138,99,0,0,99,0,99,0,236,157,79,157,0,2,0,170,79,0,0,93,0,0,161,206,0,1,0,0,114427,157,138,1,215,157,0,99,161,1,75
0,246,220,0,13120,220,0,220,220,220,0,95,0,101,11,220,0,0,2,220,0,0,245,0,135,220,0,7,220,0,220,2,136,220,220,0,0,220,0,220,0,245,220,220,220,0,2,0,135,220,0,0,95,0,0,220,101,0,1,0,0,114427,220,220,1,220,220,0,99,220,1,102
0,0,220,0,13122,220,0,0,220,220,0,97,0,0,7,220,-1,0,0,220,0,0,254,0,0,0,0,1,220,0,220,49,205,220,220,0,0,220,0,220,0,254,220,220,220,0,49,0,0,220,0,0,97,0,0,220,0,0,0,0,0,114428,220,220,1,220,0,0,100,220,1,0
0,247,12,0,13121,12,0,0,12,12,0,59,0,253,0,12,-1,0,2,12,0,0,188,0,86,0,0,1,12,0,12,49,86,12,12,0,0,12,0,12,0,248,12,12,12,0,49,0,28,12,0,0,33,0,0,12,194,0,0,0,0,114428,12,12,1,12,0,0,100,12,1,253
0,46,12,0,13123,12,0,12,12,12,0,82,0,224,1,12,0,0,0,12,0,0,29,0,76,12,0,133,12,0,12,260,76,12,12,0,0,12,0,12,0,47,12,12,12,0,260,0,33,12,0,2,8,0,0,12,34,0,0,0,0,114429,12,12,1,12,12,0,86,12,1,223
0,128,12,0,13124,12,0,12,12,12,0,94,0,23,0,12,0,0,2,12,0,0,25,0,231,12,0,133,12,0,12,260,230,12,12,0,0,12,0,12,0,113,12,12,12,0,260,0,219,12,0,0,5,0,0,12,0,0,0,0,0,114429,12,12,1,12,12,0,100,12,1,31
0,226,12,0,13126,12,0,12,12,12,0,54,0,226,1,12,0,0,0,12,0,0,141,0,215,12,0,133,12,0,12,260,218,12,12,0,0,12,0,12,0,219,12,12,12,0,260,0,216,12,0,2,19,0,0,12,160,0,0,0,0,114430,12,12,1,12,12,0,48,12,1,231
0,0,12,0,13125,12,0,12,12,12,0,59,0,253,0,12,0,0,2,12,0,0,0,0,253,12,0,133,12,0,12,260,253,12,12,0,0,12,0,12,0,0,12,12,12,0,260,0,172,12,0,0,31,0,0,12,172,0,0,0,0,114430,12,12,1,12,12,0,100,12,1,253
0,16,220,0,13501,220,0,220,220,220,0,51,0,33,1,220,0,0,0,220,0,0,36,0,32,220,0,133,220,0,220,260,25,220,220,0,0,220,0,220,0,24,220,220,220,0,260,0,113,220,0,2,23,0,0,220,123,0,0,0,0,114431,220,220,1,220,220,0,42,220,1,26
0,247,12,0,13502,12,0,12,12,12,0,59,0,253,0,12,0,0,2,12,0,0,188,0,86,12,0,133,12,0,12,260,86,12,12,0,0,12,0,12,0,248,12,12,12,0,260,0,27,12,0,0,33,0,0,12,194,0,0,0,0,114431,12,12,1,12,12,0,100,12,1,253
0,11,220,0,13503,176,0,0,47,220,0,92,0,231,11,12,-1,0,0,220,0,0,231,0,231,0,0,133,220,0,12,12,170,220,50,0,0,50,0,50,0,231,176,47,176,0,12,0,231,47,0,0,92,0,0,220,231,0,1,0,0,114432,12,220,0,220,0,0,95,220,0,86
0,173,220,0,13504,220,0,0,220,220,0,59,0,176,0,220,-1,0,2,220,0,0,112,0,179,0,0,133,220,0,220,260,178,220,220,0,0,220,0,220,0,174,220,220,220,0,260,0,117,220,0,0,33,0,0,220,114,0,1,0,0,114432,220,220,1,220,0,0,100,220,1,175
0,71,158,0,13505,158,0,158,158,158,0,87,0,71,19,158,0,0,0,158,0,0,130,0,72,158,0,133,158,0,158,260,72,158,158,0,0,158,0,158,0,71,158,158,158,0,260,0,175,158,0,0,11,0,0,158,138,0,0,0,0,114433,158,158,1,158,158,0,100,158,1,71
0,247,12,0,13506,12,0,12,12,12,0,59,0,253,0,12,0,0,2,12,0,0,188,0,86,12,0,133,12,0,12,260,86,12,12,0,0,12,0,12,0,248,12,12,12,0,260,0,27,12,0,0,33,0,0,12,194,0,0,0,0,114433,12,12,1,12,12,0,100,12,1,253
0,1,225,0,13507,225,0,177,79,79,0,99,0,94,8,177,0,0,0,177,0,0,3,0,112,79,0,133,225,0,79,260,111,79,177,0,0,177,0,177,0,3,225,79,225,0,260,0,112,79,0,0,99,0,0,177,94,0,0,0,0,114434,225,79,1,225,225,0,100,177,1,92
0,253,1,0,18096,1,0,92,111,111,0,96,0,254,8,92,0,0,1,92,0,0,254,0,254,111,0,133,1,0,111,260,253,111,92,0,0,92,0,92,0,254,1,111,1,0,260,0,254,111,0,0,96,0,0,92,254,0,1,0,0,114434,1,111,1,1,1,0,100,92,1,253
0,173,12,0,13508,12,0,12,12,12,0,59,0,175,0,12,0,0,2,12,0,0,113,0,178,12,0,133,12,0,12,260,178,12,12,0,0,12,0,12,0,173,12,12,12,0,260,0,118,12,0,0,33,0,0,12,115,0,0,0,0,114434,12,12,1,12,12,0,100,12,1,175
0,240,65,0,13509,65,0,54,55,55,0,94,0,237,0,54,0,0,0,54,0,0,238,0,233,55,0,133,65,0,55,260,235,55,54,0,0,54,0,54,0,238,65,55,65,0,260,0,233,55,0,0,94,0,0,54,237,0,0,0,0,114435,65,55,1,65,65,0,100,54,1,239
0,29,220,0,18097,12,0,12,12,220,0,96,0,25,0,12,0,0,1,220,0,0,59,0,24,12,0,133,220,0,12,260,29,220,12,0,0,12,0,12,0,59,12,12,12,0,260,0,24,12,0,0,96,0,0,220,25,0,0,0,0,114435,12,220,1,220,12,0,100,220,1,29
0,177,220,0,13510,220,0,220,220,220,0,88,0,163,0,220,0,0,2,220,0,0,219,0,163,220,0,133,220,0,220,260,166,220,220,0,0,220,0,220,0,172,220,220,220,0,260,0,216,220,0,0,11,0,0,220,220,0,0,0,0,114435,220,220,1,220,220,0,100,220,1,168
0,30,220,0,15232,220,0,220,220,220,0,89,0,30,0,220,0,0,0,220,0,0,203,0,30,220,0,8,220,0,220,8,30,220,220,0,0,220,0,220,0,30,220,220,220,0,8,0,252,220,0,0,6,0,0,220,175,0,0,0,0,114436,220,220,0,220,220,0,94,220,1,30
0,128,12,0,15234,12,0,12,12,12,0,94,0,23,0,12,0,0,2,12,0,0,25,0,231,12,0,133,12,0,12,260,230,12,12,0,0,12,0,12,0,114,12,12,12,0,260,0,219,12,0,0,5,0,0,12,0,0,0,0,0,114436,12,12,1,12,12,0,100,12,1,31
0,27,220,0,13511,220,0,220,220,220,0,59,0,24,8,220,0,0,0,220,0,0,241,0,46,220,0,1,220,0,220,260,30,220,220,0,0,220,0,220,0,24,220,220,220,0,260,0,215,220,0,0,20,0,0,220,137,0,0,0,0,114437,220,220,1,220,220,0,92,220,1,27
0,128,12,0,13512,12,0,12,12,12,0,94,0,23,0,12,0,0,2,12,0,0,25,0,231,12,0,133,12,0,12,260,230,12,12,0,0,12,0,12,0,114,12,12,12,0,260,0,219,12,0,0,5,0,0,12,0,0,0,0,0,114437,12,12,1,12,12,0,100,12,1,31
0,30,220,0,13513,220,0,220,220,220,0,99,0,33,8,220,0,0,0,220,0,0,33,0,33,220,0,13,220,0,220,7,30,220,220,0,0,220,0,220,0,33,220,220,220,0,7,0,33,220,0,0,99,0,0,220,33,0,0,0,0,114438,220,220,1,220,220,0,100,220,1,30
0,128,12,0,13514,12,0,12,12,12,0,94,0,23,0,12,0,0,2,12,0,0,25,0,231,12,0,133,12,0,12,260,230,12,12,0,0,12,0,12,0,114,12,12,12,0,260,0,219,12,0,0,5,0,0,12,0,0,0,0,0,114438,12,12,1,12,12,0,100,12,1,31
0,36,12,0,13515,12,0,12,12,12,0,75,0,77,11,12,0,0,0,12,0,0,231,0,136,12,0,133,12,0,12,260,135,12,12,0,0,12,0,12,0,36,12,12,12,0,260,0,231,12,0,0,23,0,0,12,231,0,0,0,0,114439,12,12,1,12,12,0,94,12,1,77
0,21,220,0,18098,220,0,220,220,220,0,60,0,22,11,220,0,0,1,220,0,0,63,0,22,220,0,133,220,0,220,260,21,220,220,0,0,220,0,220,0,22,220,220,220,0,260,0,128,220,0,0,38,0,0,220,56,0,0,0,0,114439,220,220,1,220,220,0,84,220,1,21
0,247,12,0,13516,12,0,12,12,12,0,59,0,253,0,12,0,0,2,12,0,0,188,0,86,12,0,133,12,0,12,260,86,12,12,0,0,12,0,12,0,248,12,12,12,0,260,0,27,12,0,0,33,0,0,12,194,0,0,0,0,114439,12,12,1,12,12,0,100,12,1,253
0,29,109,0,13517,109,0,0,199,199,0,87,0,29,21,156,-1,0,0,156,0,0,135,0,29,0,0,1,109,0,199,2,30,199,156,0,0,156,0,156,0,29,109,199,109,0,2,0,218,199,0,0,9,0,0,156,172,0,0,0,0,114440,109,199,1,109,0,0,93,156,1,29
0,247,12,0,13518,12,0,0,12,12,0,59,0,253,0,12,-1,0,2,12,0,0,188,0,86,0,0,133,12,0,12,260,86,12,12,0,0,12,0,12,0,248,12,12,12,0,260,0,27,12,0,0,33,0,0,12,194,0,1,0,0,114440,12,12,1,12,0,0,100,12,1,253
0,230,139,0,13519,220,0,0,220,36,0,70,0,231,11,220,-1,0,0,14,0,0,202,0,231,0,0,133,139,0,220,8,230,36,220,0,0,36,0,220,0,231,17,220,220,0,8,0,71,117,0,0,17,0,0,14,44,0,1,0,0,114441,220,36,1,139,0,0,95,14,1,230
0,247,12,0,13520,12,0,0,12,12,0,59,0,253,0,12,-1,0,2,12,0,0,188,0,86,0,0,133,12,0,12,260,86,12,12,0,0,12,0,12,0,248,12,12,12,0,260,0,27,12,0,0,33,0,0,12,194,0,1,0,0,114441,12,12,1,12,0,0,100,12,1,253
0,231,12,0,13521,12,0,12,12,12,0,68,0,231,7,12,0,0,0,12,0,0,134,0,232,12,0,6,12,0,12,260,231,12,12,0,0,12,0,12,0,232,12,12,12,0,1,0,104,12,0,0,16,0,0,12,13,0,1,0,0,114442,12,12,1,12,12,0,100,12,0,231
0,247,12,0,13522,12,0,12,12,12,0,59,0,253,0,12,0,0,2,12,0,0,188,0,86,12,0,133,12,0,12,260,86,12,12,0,0,12,0,12,0,248,12,12,12,0,260,0,27,12,0,0,33,0,0,12,194,0,1,0,0,114442,12,12,1,12,12,0,100,12,1,253
0,32,251,0,13523,251,0,255,82,82,0,88,0,5,14,255,0,0,0,255,0,0,146,0,86,82,0,118,251,0,82,236,80,82,255,0,0,255,0,255,0,40,251,82,251,0,236,0,160,82,0,0,5,0,0,255,13,0,0,0,0,114443,251,82,1,251,251,0,93,255,1,5
0,247,12,0,13524,12,0,12,12,12,0,59,0,253,0,12,0,0,2,12,0,0,188,0,86,12,0,133,12,0,12,260,86,12,12,0,0,12,0,12,0,248,12,12,12,0,260,0,27,12,0,0,33,0,0,12,194,0,1,0,0,114443,12,12,1,12,12,0,100,12,1,253
0,231,207,0,13525,220,0,220,220,16,0,60,0,31,0,220,0,0,0,15,0,0,230,0,35,220,0,133,207,0,220,260,231,16,220,0,0,220,0,220,0,186,220,220,220,0,260,0,124,220,0,0,34,0,0,15,90,0,0,0,0,114444,220,16,1,207,220,0,71,15,1,231
0,247,12,0,13526,12,0,12,12,12,0,59,0,253,0,12,0,0,2,12,0,0,188,0,86,12,0,133,12,0,12,260,86,12,12,0,0,12,0,12,0,248,12,12,12,0,260,0,27,12,0,0,33,0,0,12,194,0,1,0,0,114444,12,12,1,12,12,0,100,12,1,253
0,27,220,0,15236,220,0,220,12,220,0,80,0,29,0,220,0,0,0,220,0,0,71,0,29,220,0,138,220,0,220,267,27,220,12,0,0,12,0,220,1,29,12,220,12,0,267,0,68,12,0,0,10,0,0,220,70,0,0,0,0,114445,220,220,1,220,220,0,100,220,1,27
0,173,12,0,15237,12,0,12,12,12,0,59,0,175,0,12,0,0,2,12,0,0,113,0,178,12,0,133,12,0,12,260,178,12,12,0,0,12,0,12,0,173,12,12,12,0,260,0,118,12,0,0,33,0,0,12,115,0,1,0,0,114445,12,12,1,12,12,0,100,12,1,175
0,1,220,0,14032,151,0,220,45,45,0,58,0,35,0,220,0,0,0,4,0,0,0,0,108,220,0,1,151,0,220,2,106,220,4,0,0,220,0,4,0,1,220,45,151,0,2,0,221,220,0,0,21,0,0,4,158,0,0,0,0,114446,220,45,1,151,220,0,99,220,1,33
0,173,12,0,14033,12,0,12,12,12,0,59,0,175,0,12,0,0,2,12,0,0,113,0,178,12,0,133,12,0,12,260,178,12,12,0,0,12,0,12,0,173,12,12,12,0,260,0,118,12,0,0,33,0,0,12,115,0,0,0,0,114446,12,12,1,12,12,0,100,12,1,175
0,174,250,0,14036,250,0,245,180,180,0,79,0,25,19,245,0,0,0,245,0,0,252,0,87,180,0,133,250,0,180,260,96,180,245,0,0,245,0,245,0,168,250,180,250,0,260,0,184,180,0,0,9,0,0,245,246,0,0,0,0,114448,250,180,1,250,250,0,97,245,1,36
0,128,220,0,18192,220,0,220,220,220,0,85,0,52,19,220,0,0,1,220,0,0,249,0,188,220,0,133,220,0,220,260,185,220,220,0,0,220,0,220,0,140,220,220,220,0,260,0,189,220,0,0,9,0,0,220,245,0,0,0,0,114448,220,220,1,220,220,0,97,220,1,55
0,231,240,0,14037,240,0,45,145,145,0,66,0,208,19,45,0,0,2,45,0,0,218,0,211,145,0,133,240,0,145,260,231,145,45,0,0,45,0,45,0,196,240,145,240,0,260,0,224,145,0,0,23,0,0,45,164,0,1,0,0,114448,240,145,1,240,240,0,97,45,1,231
0,23,7,0,14039,7,0,0,104,104,0,56,0,16,0,244,-1,0,0,244,0,0,56,0,16,0,0,133,7,0,104,260,28,104,244,0,0,244,0,244,0,16,7,104,7,0,260,0,62,104,0,0,42,0,0,244,56,0,0,0,0,114449,7,104,1,7,0,0,100,244,1,23
0,243,7,0,14660,7,0,0,104,104,0,99,0,226,0,244,-1,0,1,244,0,0,226,0,226,0,0,133,7,0,104,260,243,104,244,0,0,244,0,244,0,226,7,104,7,0,260,0,226,104,0,0,99,0,0,244,226,0,1,0,0,114449,7,104,1,7,0,0,100,244,1,243
0,6,220,0,14038,220,0,0,220,220,0,96,0,226,0,220,-1,0,2,220,0,0,13,0,101,0,0,133,220,0,220,260,104,220,220,0,0,220,0,220,0,13,220,220,220,0,260,0,101,220,0,0,96,0,0,220,226,0,0,0,0,114449,220,220,1,220,0,0,100,220,1,245
0,11,199,0,14661,199,0,164,77,77,0,44,0,160,19,164,-1,0,0,164,0,0,13,0,77,77,0,133,199,0,77,260,16,77,164,0,0,164,0,164,0,24,199,77,199,0,260,0,20,77,0,0,35,0,0,164,28,0,0,0,0,114452,199,77,1,199,199,0,54,164,1,21
0,242,12,0,14929,12,0,12,12,12,0,89,0,235,19,12,-1,0,1,12,0,0,245,0,78,12,0,133,12,0,12,260,235,12,12,0,0,12,0,12,0,73,12,12,12,0,260,0,237,12,0,0,41,0,0,12,237,0,1,0,0,114452,12,12,1,12,12,0,55,12,1,235
0,29,220,0,14662,220,0,220,220,220,0,85,0,100,19,220,-1,0,2,220,0,0,28,0,38,220,0,133,220,0,220,260,29,220,220,0,0,220,0,220,0,232,220,220,220,0,260,0,26,220,0,0,11,0,0,220,27,0,0,0,0,114452,220,220,1,220,220,0,100,220,1,29
0,79,12,0,15490,12,0,0,12,12,0,77,0,245,7,12,-1,0,0,12,0,0,53,0,133,0,0,133,12,0,12,260,141,12,12,0,0,12,0,12,0,34,12,12,12,0,260,0,54,12,0,0,16,0,0,12,59,0,0,0,0,114453,12,12,1,12,0,0,77,12,1,238
0,128,12,0,15491,179,0,0,217,12,0,71,0,201,7,43,-1,0,2,12,0,0,165,0,253,0,0,133,12,0,217,260,245,12,43,0,0,43,0,43,0,153,179,217,179,0,260,0,212,217,0,0,20,0,0,12,51,0,0,0,0,114453,179,12,1,12,0,0,70,12,1,154
0,30,159,0,15483,12,0,0,12,56,0,46,0,10,7,12,-1,0,0,233,0,0,30,0,176,0,0,133,159,0,12,260,30,56,12,0,0,12,0,12,0,234,12,12,12,0,260,0,30,12,0,0,20,0,0,233,29,0,0,0,0,114454,12,56,1,159,0,0,94,233,1,29
0,196,12,0,15484,12,0,0,12,12,0,75,0,247,7,12,-1,0,2,12,0,0,30,0,153,0,0,133,12,0,12,260,111,12,12,0,0,12,0,12,0,209,12,12,12,0,260,0,29,12,0,0,19,0,0,12,30,0,0,0,0,114454,12,12,1,12,0,0,97,12,1,254
0,253,12,0,14664,12,0,0,12,12,0,81,0,254,7,12,-1,0,0,12,0,0,48,0,249,0,0,133,12,0,12,260,249,12,12,0,0,12,0,12,0,252,12,12,12,0,260,0,119,12,0,0,13,0,0,12,237,0,1,0,0,114455,12,12,1,12,0,0,96,12,1,254
0,0,220,0,14663,220,0,0,220,220,0,97,0,111,7,220,-1,0,2,220,0,0,0,0,65,0,0,133,220,0,220,260,65,220,220,0,0,220,0,220,0,0,220,220,220,0,260,0,65,220,0,0,97,0,0,220,111,0,0,0,0,114455,220,220,1,220,0,0,100,220,1,111
0,2,12,0,13140,220,0,12,220,220,0,65,0,158,7,220,0,0,0,220,0,0,250,0,110,12,0,1,220,0,220,2,111,12,220,2,0,12,0,220,0,3,12,220,220,0,2,0,244,12,0,0,6,0,0,220,248,0,0,0,0,114464,220,220,1,220,12,0,100,12,1,159
0,246,220,0,13141,12,0,220,12,12,0,70,0,243,7,12,0,0,2,12,0,0,187,0,243,220,0,1,12,0,12,2,246,220,12,2,0,220,0,12,0,244,220,12,12,0,2,0,51,220,0,0,5,0,0,12,21,0,1,0,0,114464,12,12,1,12,220,0,100,220,1,246
0,24,180,0,13139,220,0,36,220,220,0,53,0,4,0,220,0,0,0,220,0,0,2,0,84,35,0,1,220,0,220,5,102,35,220,2,0,36,0,220,0,19,180,220,220,0,5,0,150,35,0,0,14,0,0,220,65,0,0,0,0,114465,220,220,1,220,180,0,100,36,1,0
0,31,220,0,13138,220,0,0,220,220,0,84,0,31,7,220,-1,0,1,220,0,0,253,0,31,0,0,51,220,0,220,196,31,220,220,0,0,220,0,220,0,31,220,220,220,0,196,0,253,220,0,0,9,0,0,220,253,0,0,0,0,114465,220,220,1,220,0,0,89,220,1,31
0,180,180,0,13137,220,0,36,220,220,0,65,0,34,0,220,0,0,2,220,0,0,45,0,36,35,0,1,220,0,220,5,35,35,220,2,0,36,0,220,0,175,180,220,220,0,5,0,9,35,0,0,11,0,0,220,7,0,0,0,0,114465,220,220,1,220,180,0,100,36,1,36
0,230,132,0,13189,220,0,220,220,38,0,61,0,229,7,220,0,0,0,46,0,0,144,0,229,220,0,133,132,0,220,260,230,38,220,0,0,220,0,220,0,230,220,220,220,0,260,0,36,220,0,0,26,0,0,46,36,0,1,0,0,114466,220,38,1,132,220,0,100,46,1,230
0,74,220,0,13190,220,0,0,220,220,0,90,0,11,7,220,-1,0,1,220,0,0,111,0,58,0,0,51,220,0,220,196,76,220,220,0,0,220,0,220,0,48,220,220,220,0,196,0,111,220,0,0,6,0,0,220,87,0,0,0,0,114466,220,220,1,220,0,0,100,220,1,25
0,128,12,0,13191,12,0,12,12,12,0,94,0,23,0,12,0,0,2,12,0,0,25,0,231,12,0,133,12,0,12,260,230,12,12,0,0,12,0,12,0,114,12,12,12,0,260,0,219,12,0,0,5,0,0,12,0,0,1,0,0,114466,12,12,1,12,12,0,100,12,1,31
0,103,220,0,13206,220,0,220,220,220,0,69,0,36,7,220,0,0,0,220,0,0,232,0,26,220,0,133,220,0,220,260,27,220,220,0,0,220,0,220,0,104,220,220,220,0,260,0,228,220,0,0,15,0,0,220,229,0,0,0,0,114467,220,220,1,220,220,0,100,220,1,37
0,0,12,0,13205,12,0,12,12,12,0,59,0,253,0,12,0,0,2,12,0,0,0,0,253,12,0,133,12,0,12,260,253,12,12,0,0,12,0,12,0,0,12,12,12,0,260,0,172,12,0,0,31,0,0,12,172,0,0,0,0,114467,12,12,1,12,12,0,100,12,1,253
0,46,220,0,14600,220,0,220,220,220,0,75,0,29,7,220,0,0,0,220,0,0,161,0,28,220,0,133,220,0,220,260,26,220,220,0,0,220,0,220,0,46,220,220,220,0,260,0,30,220,0,0,13,0,0,220,31,0,0,0,0,114468,220,220,1,220,220,0,100,220,1,28
0,29,220,0,14601,12,0,0,12,220,0,52,0,231,11,12,-1,0,1,220,0,0,30,0,228,0,0,6,220,0,12,98,29,220,12,0,0,12,0,12,0,231,12,12,12,0,98,0,30,12,0,0,45,0,0,220,30,0,0,0,0,114468,12,220,0,220,0,0,91,220,0,29
0,247,12,0,14602,12,0,12,12,12,0,59,0,253,0,12,0,0,2,12,0,0,188,0,86,12,0,133,12,0,12,260,86,12,12,0,0,12,0,12,0,248,12,12,12,0,260,0,27,12,0,0,33,0,0,12,194,0,1,0,0,114468,12,12,1,12,12,0,100,12,1,253
0,30,12,0,14603,255,0,0,0,0,0,71,0,30,0,111,-1,0,3,111,0,0,231,0,30,0,0,6,255,0,0,98,30,12,111,0,0,12,0,111,0,30,12,0,255,0,98,0,231,12,0,0,24,0,0,111,231,0,0,0,0,114468,255,0,0,255,0,0,100,12,0,30
0,61,0,0,14678,0,0,0,255,255,0,84,0,2,7,255,-1,0,0,255,0,0,64,0,66,0,0,133,0,0,255,260,61,255,255,0,0,255,0,255,0,64,0,255,0,0,260,0,66,255,0,0,84,0,0,255,2,0,0,0,0,114469,0,255,1,0,0,0,100,255,1,1
0,247,12,0,14679,12,0,0,12,12,0,59,0,253,0,12,-1,0,2,12,0,0,188,0,86,0,0,133,12,0,12,260,86,12,12,0,0,12,0,12,0,248,12,12,12,0,260,0,27,12,0,0,33,0,0,12,194,0,0,0,0,114469,12,12,1,12,0,0,100,12,1,253
0,28,12,0,14681,91,0,122,12,12,0,97,0,28,9,122,0,0,0,12,0,0,13,0,45,76,0,133,91,0,76,2,31,12,12,0,0,12,0,77,0,13,12,43,12,0,2,0,45,12,0,0,97,0,0,77,28,0,0,0,0,114470,142,43,0,12,142,0,94,12,1,29
0,28,20,0,14680,12,0,12,12,76,0,84,0,151,9,12,0,0,2,122,0,0,29,0,102,12,0,133,142,0,12,2,31,106,12,0,0,12,0,12,0,172,12,12,12,0,2,0,30,12,0,0,13,0,0,122,29,0,0,0,0,114470,12,76,0,142,12,0,94,5,1,29
0,29,220,0,14682,220,0,220,220,220,0,81,0,29,7,220,0,0,0,220,0,0,28,0,30,220,0,133,220,0,220,260,29,220,220,0,0,220,0,220,0,28,220,220,220,0,260,0,30,220,0,0,81,0,0,220,29,0,0,0,0,114471,220,220,1,220,220,0,100,220,1,29
0,231,12,0,18220,12,0,220,12,12,0,79,0,231,7,12,0,0,1,12,0,0,200,0,231,220,0,133,12,0,12,260,231,12,12,0,0,12,0,12,0,232,12,12,12,0,260,0,38,12,0,0,5,0,0,12,15,0,0,0,0,114471,12,12,1,12,220,0,100,12,1,231
0,231,12,0,14734,12,0,12,12,12,0,78,0,202,7,12,0,0,2,12,0,0,199,0,37,12,0,133,12,0,12,260,37,12,12,0,0,12,0,12,0,231,12,12,12,0,260,0,38,12,0,0,5,0,0,12,15,0,1,0,0,114471,12,12,1,12,12,0,100,12,1,202
0,12,12,0,14683,12,0,12,100,12,0,79,0,234,0,12,0,0,0,12,0,0,30,0,148,12,0,71,12,0,12,73,149,12,168,0,0,168,0,12,0,12,60,12,60,0,73,0,30,100,0,0,16,0,5,12,30,0,0,0,0,114472,12,12,1,12,12,0,82,12,1,233
0,29,220,0,18185,220,0,220,12,220,0,71,0,30,0,220,0,0,1,220,0,0,206,0,30,220,0,71,220,0,220,73,29,220,12,0,0,12,0,220,0,30,12,220,12,0,73,0,126,12,0,0,9,0,5,220,45,0,0,0,0,114472,220,220,1,220,220,0,97,220,1,29
0,41,220,0,14684,220,0,220,176,220,0,53,0,110,0,220,0,0,2,220,0,0,115,0,180,220,0,71,220,0,220,73,179,220,116,0,0,116,0,220,0,42,10,220,10,0,73,0,223,176,0,0,44,0,6,220,180,0,0,0,0,114472,220,220,1,220,220,0,59,220,1,109
0,23,220,0,14824,220,0,220,60,220,0,82,0,94,0,220,0,0,0,220,0,0,123,0,84,220,0,71,220,0,220,73,83,220,72,0,0,72,0,220,0,24,16,220,16,0,73,0,173,60,0,0,17,0,5,220,137,0,0,0,0,114473,220,220,1,220,220,0,82,220,1,93
0,23,220,0,14825,13,0,61,220,220,0,58,0,225,0,61,0,0,1,220,0,0,24,0,207,57,0,71,220,0,57,73,83,220,220,0,0,220,0,61,0,229,220,57,220,0,73,0,84,220,0,0,26,0,5,220,94,0,0,0,0,114473,13,220,1,220,13,0,82,220,1,93
0,199,12,0,14930,12,0,12,236,12,0,99,0,193,0,12,0,0,2,12,0,0,201,0,221,12,0,71,12,0,12,73,219,12,196,0,0,196,0,12,0,201,220,12,220,0,73,0,221,236,0,0,99,0,6,12,193,0,0,0,0,114473,12,12,1,12,12,0,100,12,1,191
0,229,12,0,14578,12,0,0,12,12,0,51,0,233,0,12,-1,0,0,12,0,0,28,0,230,0,0,133,12,0,12,260,229,12,12,0,0,12,0,12,0,230,12,12,12,0,260,0,30,12,0,0,18,0,0,12,31,0,1,0,0,114474,12,12,1,12,0,0,60,12,1,231
0,29,7,0,14579,220,0,0,220,104,0,44,0,5,0,220,-1,0,1,244,0,0,10,0,5,0,0,133,7,0,220,260,29,104,220,0,0,220,0,220,0,5,220,220,220,0,260,0,107,220,0,0,38,0,0,244,245,0,0,0,0,114474,220,104,1,7,0,0,87,244,1,29
0,176,220,0,14580,220,0,0,220,220,0,56,0,63,0,220,-1,0,2,220,0,0,253,0,243,0,0,133,220,0,220,260,253,220,220,0,0,220,0,220,0,184,220,220,220,0,260,0,152,220,0,0,21,0,0,220,44,0,0,0,0,114474,220,220,1,220,0,0,87,220,1,63
0,29,220,0,18299,220,0,220,220,220,0,73,0,32,8,220,0,0,0,220,0,0,92,0,31,220,0,6,220,0,220,12,29,220,220,0,0,220,0,220,0,32,220,220,220,0,12,0,58,220,0,0,16,0,0,220,82,0,0,0,0,114476,220,220,1,220,220,0,96,220,1,29
0,231,12,0,18300,12,0,12,12,12,0,70,0,231,8,12,0,0,1,12,0,0,171,0,231,12,0,6,12,0,12,12,231,12,12,0,0,12,0,12,0,231,12,12,12,0,12,0,96,12,0,0,27,0,0,12,147,0,0,0,0,114476,12,12,1,12,12,0,76,12,1,231
0,218,220,0,18301,220,0,220,220,220,0,78,0,46,0,220,0,0,2,220,0,0,65,0,2,220,0,6,220,0,220,12,0,220,220,0,0,220,0,220,0,211,220,220,220,0,12,0,25,220,0,0,16,0,0,220,34,0,0,0,0,114476,220,220,1,220,220,0,100,220,1,45
0,11,241,0,15269,241,0,226,174,174,0,94,0,17,0,226,0,0,0,226,0,0,8,0,36,174,0,133,241,0,174,260,40,174,226,0,0,226,0,226,0,8,241,174,241,0,260,0,36,174,0,0,94,0,0,226,17,0,0,0,0,114486,241,174,1,241,241,0,94,226,1,19
0,231,172,0,15270,172,0,157,118,118,0,92,0,227,0,157,0,0,1,157,0,0,175,0,226,118,0,133,172,0,118,260,231,118,157,0,0,157,0,157,0,227,172,118,172,0,260,0,147,118,0,0,5,0,0,157,167,0,0,0,0,114486,172,118,1,172,172,0,94,157,1,231
0,78,196,0,15271,196,0,183,148,148,0,94,0,37,0,183,0,0,2,183,0,0,97,0,152,148,0,133,196,0,148,260,124,148,183,0,0,183,0,183,0,97,196,148,196,0,260,0,152,148,0,0,94,0,0,183,37,0,0,0,0,114486,196,148,1,196,196,0,94,183,1,30
0,25,184,0,15423,184,0,166,129,129,0,97,0,29,8,166,-1,0,0,166,0,0,26,0,80,129,0,133,184,0,129,260,81,129,166,0,0,166,0,166,0,26,184,129,184,0,260,0,80,129,0,0,97,0,0,166,29,0,0,0,0,114487,184,129,1,184,184,0,100,166,1,28
0,233,187,0,15424,187,0,167,100,100,0,83,0,232,8,167,-1,0,1,167,0,0,62,0,233,100,0,133,187,0,100,260,233,100,167,0,0,167,0,167,0,232,187,100,187,0,260,0,138,100,0,0,11,0,0,167,80,0,1,0,0,114487,187,100,1,187,187,0,95,167,1,233
0,226,183,0,15425,183,0,124,30,30,0,87,0,200,8,124,-1,0,2,124,0,0,212,0,113,30,0,133,183,0,30,260,115,30,124,0,0,124,0,124,0,225,183,30,183,0,260,0,47,30,0,0,11,0,0,124,158,0,1,0,0,114487,183,30,1,183,183,0,95,124,1,202
0,22,220,0,15272,220,0,220,220,220,0,66,0,27,0,220,0,0,0,220,0,0,224,0,59,220,0,133,220,0,220,260,46,220,220,0,0,220,0,220,0,21,220,220,220,0,260,0,197,220,0,0,11,0,0,220,234,0,0,0,0,114489,220,220,1,220,220,0,95,220,1,24
0,192,21,0,15273,21,0,23,44,44,0,71,0,195,0,23,0,0,1,23,0,0,122,0,231,44,0,133,21,0,44,260,237,44,23,0,0,23,0,23,0,184,21,44,21,0,260,0,214,44,0,0,12,0,0,23,149,0,0,0,0,114489,21,44,1,21,21,0,96,23,1,201
0,235,21,0,15274,21,0,23,44,44,0,87,0,213,0,23,0,0,2,23,0,0,21,0,181,44,0,133,21,0,44,260,180,44,23,0,0,23,0,23,0,225,21,44,21,0,260,0,44,44,0,0,8,0,0,23,23,0,0,0,0,114489,21,44,1,21,21,0,97,23,1,220
0,231,12,0,15492,12,0,12,12,12,0,71,0,148,0,12,0,0,0,12,0,0,231,0,209,12,0,133,12,0,12,260,229,12,12,0,0,12,0,12,0,20,12,12,12,0,260,0,231,12,0,0,25,0,0,12,231,0,0,0,0,114490,12,12,1,12,12,0,55,12,1,231
0,38,59,0,15493,220,0,0,220,192,0,58,0,42,0,220,-1,0,1,146,0,0,25,0,74,0,0,133,59,0,220,260,74,192,220,0,0,220,0,220,0,38,220,220,220,0,260,0,136,220,0,0,21,0,0,146,89,0,0,0,0,114490,220,192,1,59,0,0,73,146,1,41
0,247,12,0,15494,12,0,12,12,12,0,59,0,253,0,12,0,0,2,12,0,0,188,0,86,12,0,133,12,0,12,260,86,12,12,0,0,12,0,12,0,248,12,12,12,0,260,0,27,12,0,0,33,0,0,12,194,0,1,0,0,114490,12,12,1,12,12,0,100,12,1,253
0,0,220,0,15474,220,0,220,220,220,0,47,0,29,11,220,0,0,0,220,0,0,0,0,111,220,0,1,220,0,220,196,110,220,220,0,0,220,0,220,0,0,220,220,220,0,196,0,219,220,0,0,44,0,0,220,65,0,0,0,0,114491,220,220,1,220,220,0,70,220,1,28
0,231,14,0,15475,14,0,0,68,68,0,87,0,230,7,19,-1,0,1,19,0,0,163,0,231,0,0,133,14,0,68,260,231,68,19,0,0,19,0,19,0,229,14,68,14,0,260,0,232,68,0,0,5,0,0,19,181,0,0,0,0,114491,14,68,1,14,0,0,100,19,1,231
0,66,220,0,15476,220,0,220,220,220,0,47,0,9,11,220,0,0,2,220,0,0,145,0,122,220,0,1,220,0,220,196,122,220,220,0,0,220,0,220,0,66,220,220,220,0,196,0,218,220,0,0,45,0,0,220,62,0,0,0,0,114491,220,220,1,220,220,0,70,220,1,9
0,254,179,0,15477,179,0,0,65,65,0,81,0,10,7,145,-1,0,0,145,0,0,132,0,221,0,0,133,179,0,65,260,217,65,145,0,0,145,0,145,0,239,179,65,179,0,260,0,235,65,0,0,10,0,0,145,13,0,0,0,0,114492,179,65,1,179,0,0,94,145,1,9
0,231,179,0,15478,179,0,0,65,65,0,76,0,229,7,145,-1,0,1,145,0,0,219,0,235,0,0,133,179,0,65,260,231,65,145,0,0,145,0,145,0,234,179,65,179,0,260,0,181,65,0,0,12,0,0,145,172,0,1,0,0,114492,179,65,1,179,0,0,94,145,1,231
0,10,179,0,15479,179,0,0,65,65,0,62,0,243,7,145,-1,0,2,145,0,0,106,0,218,0,0,133,179,0,65,260,216,65,145,0,0,145,0,145,0,15,179,65,179,0,260,0,221,65,0,0,19,0,0,145,207,0,0,0,0,114492,179,65,1,179,0,0,94,145,1,243
0,17,220,0,15275,35,0,97,158,220,0,92,0,229,25,97,0,0,0,220,0,0,229,0,229,158,0,133,220,0,158,260,105,220,97,0,0,97,0,97,0,229,35,158,35,0,260,0,229,158,0,0,92,0,0,220,229,0,1,0,0,114493,35,220,1,220,35,0,100,220,1,60
0,230,204,0,15276,204,0,0,206,206,0,73,0,225,7,76,-1,0,1,76,0,0,154,0,226,0,0,133,204,0,206,260,230,206,76,0,0,76,0,76,0,223,204,206,204,0,260,0,219,206,0,0,14,0,0,76,196,0,1,0,0,114493,204,206,1,204,0,0,100,76,1,230
0,128,12,0,15277,12,0,12,12,12,0,94,0,23,0,12,0,0,2,12,0,0,25,0,231,12,0,133,12,0,12,260,230,12,12,0,0,12,0,12,0,114,12,12,12,0,260,0,219,12,0,0,5,0,0,12,0,0,0,0,0,114493,12,12,1,12,12,0,100,12,1,31
0,1,220,0,13215,220,0,220,220,220,0,72,0,9,8,220,0,0,0,220,0,0,112,0,106,220,0,118,220,0,220,236,89,220,220,0,0,220,0,220,0,9,220,220,220,0,236,0,116,220,0,0,11,0,0,220,30,0,0,0,0,114494,220,220,1,220,220,0,100,220,1,0
0,0,12,0,13216,12,0,12,12,12,0,59,0,253,0,12,0,0,2,12,0,0,0,0,253,12,0,133,12,0,12,260,253,12,12,0,0,12,0,12,0,0,12,12,12,0,260,0,172,12,0,0,31,0,0,12,172,0,1,0,0,114494,12,12,1,12,12,0,100,12,1,253
0,30,220,0,13218,220,0,220,220,220,0,48,0,7,8,220,0,0,0,220,0,0,51,0,6,220,0,83,220,0,220,161,30,220,220,0,0,220,0,220,0,6,220,220,220,0,161,0,51,220,0,0,27,0,0,220,53,0,0,0,0,114495,220,220,1,220,220,0,100,220,1,30
0,42,189,0,13225,189,0,0,97,97,0,83,0,0,7,159,-1,0,1,159,0,0,155,0,90,0,0,51,189,0,97,196,80,97,159,0,0,159,0,159,0,49,189,97,189,0,196,0,238,97,0,0,7,0,0,159,21,0,0,0,0,114495,189,97,1,189,0,0,94,159,1,0
0,173,12,0,13217,12,0,12,12,12,0,59,0,175,0,12,0,0,2,12,0,0,113,0,178,12,0,133,12,0,12,260,178,12,12,0,0,12,0,12,0,173,12,12,12,0,260,0,118,12,0,0,33,0,0,12,115,0,1,0,0,114495,12,12,1,12,12,0,100,12,1,175
0,30,220,0,13219,220,0,220,220,220,0,78,0,31,8,220,0,0,0,220,0,0,251,0,30,220,0,83,220,0,220,161,30,220,220,0,0,220,0,220,0,31,220,220,220,0,161,0,0,220,0,0,17,0,0,220,105,0,0,0,0,114496,220,220,1,220,220,0,100,220,1,30
0,173,12,0,13220,12,0,12,12,12,0,59,0,175,0,12,0,0,2,12,0,0,113,0,178,12,0,133,12,0,12,260,178,12,12,0,0,12,0,12,0,173,12,12,12,0,260,0,118,12,0,0,33,0,0,12,115,0,1,0,0,114496,12,12,1,12,12,0,100,12,1,175
0,29,202,0,18199,220,0,220,220,220,0,95,0,19,8,220,0,0,0,220,0,0,193,0,21,220,0,1,220,0,220,10,147,24,220,0,0,22,0,220,0,193,202,220,220,0,232,0,21,24,0,0,95,0,0,220,19,0,0,0,0,114497,220,220,1,220,220,0,95,22,0,84
0,27,220,0,18200,220,0,220,220,220,0,99,0,42,7,220,0,0,2,220,0,0,27,0,80,220,0,1,220,0,220,10,80,220,220,0,0,32,0,220,0,27,32,220,220,0,232,0,80,32,0,0,99,0,0,220,42,0,0,0,0,114497,220,220,1,220,220,0,100,220,0,42
0,30,220,0,18201,220,0,220,220,220,0,90,0,0,11,220,0,0,0,220,0,0,230,0,43,220,0,1,220,0,220,2,30,220,220,0,0,220,0,220,0,229,220,220,220,0,2,0,229,220,0,0,7,0,0,220,229,0,0,0,0,114498,220,220,1,220,220,0,77,220,1,30
0,30,252,0,18202,12,0,0,12,12,0,91,0,29,11,12,0,0,1,12,0,0,226,0,30,0,0,1,12,0,12,2,30,0,12,2,0,0,0,12,0,30,252,12,12,0,2,0,43,0,0,0,6,0,0,12,0,0,0,0,0,114498,12,12,1,12,252,0,77,0,1,30
0,29,220,0,18203,12,0,216,12,220,0,76,0,30,26,12,0,0,2,220,0,0,23,0,30,117,0,1,220,0,12,2,29,220,12,2,0,216,0,12,0,30,0,12,12,0,2,0,93,117,0,0,22,0,0,220,145,0,0,0,0,114498,12,220,1,220,0,0,90,220,1,29
0,230,20,0,13194,220,0,220,220,203,0,57,0,53,22,220,0,0,0,52,0,0,227,0,205,220,0,51,20,0,220,196,230,203,220,0,0,220,0,220,0,20,220,220,220,0,196,0,231,220,0,0,27,0,0,52,228,0,0,0,0,114499,220,203,1,20,220,0,99,52,1,230
0,173,12,0,13195,12,0,12,12,12,0,59,0,175,0,12,0,0,2,12,0,0,113,0,178,12,0,133,12,0,12,260,178,12,12,0,0,12,0,12,0,173,12,12,12,0,260,0,118,12,0,0,33,0,0,12,115,0,1,0,0,114499,12,12,1,12,12,0,100,12,1,175
0,30,12,0,13168,174,0,12,12,12,0,96,0,29,7,138,0,0,0,12,0,0,29,0,29,12,308,44,174,100,89,84,30,12,12,2,0,12,0,138,0,29,12,89,12,0,84,0,29,12,1,0,96,0,0,138,29,0,0,0,0,114510,174,89,1,12,12,0,99,12,1,30
0,231,12,0,13169,174,0,12,12,12,0,97,0,231,7,138,0,0,1,12,0,0,231,0,231,12,308,44,174,100,89,84,231,12,12,2,0,12,0,138,0,231,12,89,12,0,84,0,231,12,1,0,97,0,0,138,231,0,0,0,0,114510,174,89,1,12,12,0,97,12,1,231
0,227,220,0,13170,12,0,220,220,220,1,86,0,221,0,12,0,0,2,220,0,0,226,2,51,220,308,44,12,76,12,84,52,220,220,2,0,220,0,12,0,226,220,12,220,0,84,0,51,220,0,0,13,0,1,12,124,0,0,0,0,114510,12,12,1,220,220,0,76,220,0,221
0,215,217,0,17509,217,0,95,29,29,0,96,0,201,0,95,0,0,0,95,0,0,201,0,201,29,330,1,217,76,29,1,17,29,95,0,0,95,0,95,0,201,217,29,217,0,1,0,201,29,0,0,96,0,0,95,201,0,0,0,0,114545,217,29,1,217,217,0,100,95,0,87
0,21,220,0,17510,220,0,220,220,220,0,89,0,34,0,220,0,0,1,220,0,0,89,0,57,220,330,1,220,76,220,1,57,220,220,0,0,220,0,220,0,21,220,220,220,0,1,0,212,220,0,0,9,0,0,220,163,0,0,0,0,114545,220,220,1,220,220,0,100,220,0,34
0,111,12,0,17511,12,0,12,12,12,0,100,0,182,0,12,0,0,2,12,0,0,112,0,28,12,330,1,12,76,12,1,27,12,12,0,0,12,0,12,0,112,12,12,12,0,1,0,28,12,0,0,100,0,0,12,182,0,0,0,0,114545,12,12,0,12,12,0,100,12,0,182
0,30,220,0,17437,220,0,220,220,220,0,88,0,13,0,220,0,0,0,220,0,0,32,0,13,220,330,1,220,76,220,1,30,220,220,0,0,220,0,220,0,192,220,220,220,0,1,0,30,220,1,0,10,0,0,220,30,0,0,0,0,114546,220,220,0,220,220,0,99,220,0,30
0,231,12,0,17438,12,0,12,12,12,0,85,0,232,0,12,0,0,1,12,0,0,30,0,232,12,330,1,12,76,12,1,231,12,12,0,0,12,0,12,0,232,12,12,12,0,1,0,30,12,1,0,12,0,0,12,30,0,1,0,0,114546,12,12,0,12,12,0,98,12,0,231
0,111,12,0,17439,12,0,12,12,12,0,100,0,182,0,12,0,0,2,12,0,0,112,0,28,12,330,1,12,76,12,1,27,12,12,0,0,12,0,12,0,112,12,12,12,0,1,0,28,12,0,0,100,0,0,12,182,0,0,0,0,114546,12,12,0,12,12,0,100,12,0,182
0,240,12,0,13327,220,0,12,12,12,0,93,0,29,0,220,0,0,0,12,0,0,230,0,65,12,54,138,12,76,220,267,46,12,12,2,0,12,0,220,1,23,12,220,12,0,267,0,230,12,0,0,5,0,8,12,230,0,0,0,0,114554,220,12,1,12,12,0,99,12,1,173
0,16,12,0,13328,25,0,12,220,220,0,92,0,231,0,94,0,0,1,220,0,0,231,0,231,12,54,138,220,76,180,267,176,12,220,2,0,12,0,94,1,231,12,180,220,0,267,0,231,12,0,0,92,0,8,220,231,0,0,0,0,114554,25,220,1,220,12,0,97,12,1,94
0,119,220,0,13329,12,0,220,220,12,0,98,0,210,0,12,0,0,2,12,0,0,121,0,193,220,54,138,12,76,12,267,192,220,220,2,0,220,0,12,1,121,220,12,220,0,267,0,193,220,0,0,98,0,8,12,210,0,0,0,0,114554,12,12,1,12,220,0,99,220,1,210
0,29,220,0,11071,12,0,12,12,220,0,87,0,228,7,12,0,0,0,220,0,0,231,0,228,12,0,1,220,76,12,52,29,220,12,0,0,12,0,12,0,228,12,12,12,0,52,0,38,12,0,0,7,0,0,220,45,0,0,0,0,114577,12,220,1,220,12,3,94,220,1,29
2168,212,220,0,11072,220,0,220,220,220,0,65,0,11,7,220,0,0,1,220,0,0,254,0,14,220,0,1,220,76,220,52,13,220,220,0,0,220,0,220,0,201,220,220,220,0,52,0,112,220,0,0,29,0,0,220,118,0,0,0,0,114577,220,220,1,220,220,3,94,220,1,10
0,56,57,0,11073,220,0,220,220,220,0,100,0,37,0,220,0,0,2,220,0,0,56,0,55,220,0,1,220,76,220,52,55,56,220,0,0,38,0,220,0,56,57,220,220,0,52,0,55,56,0,0,100,0,0,220,37,0,0,0,0,114577,220,220,1,220,220,0,100,38,1,37
0,5,220,0,12087,35,0,53,106,220,0,81,0,185,9,53,0,0,0,220,0,0,9,0,253,106,0,1,220,100,106,6,206,220,53,0,0,53,0,53,0,102,35,106,35,0,6,0,207,106,1,0,16,0,8,220,88,0,0,0,0,114578,35,220,1,220,35,3,88,220,1,85
0,231,153,0,12088,153,0,108,42,42,0,94,0,229,7,108,0,0,1,108,0,0,227,0,229,42,0,1,153,100,42,6,231,42,108,0,0,108,0,108,0,227,153,42,153,0,6,0,229,42,1,0,94,0,8,108,229,0,0,0,0,114578,153,42,1,153,153,3,94,108,1,231
0,37,12,0,12089,12,0,12,12,12,0,100,0,208,0,12,0,0,2,12,0,0,37,0,52,12,0,1,12,76,12,6,52,12,12,0,0,12,0,12,0,37,12,12,12,0,6,0,52,12,0,0,100,0,1,12,208,0,0,0,0,114578,12,12,1,12,12,0,100,12,1,208
0,231,28,0,11044,28,0,29,36,36,0,76,0,201,0,29,0,0,0,29,0,0,231,0,234,36,0,5,28,86,36,7,231,36,29,0,0,29,0,29,0,155,28,36,28,0,7,0,231,36,0,0,20,0,0,29,231,0,0,0,0,114581,28,36,1,28,28,0,100,29,1,231
0,25,220,0,11045,220,0,220,220,220,0,95,0,95,0,220,0,0,1,220,0,0,24,0,188,220,0,5,220,86,220,7,190,220,220,0,0,220,0,220,0,24,220,220,220,0,7,0,188,220,0,0,95,0,0,220,95,0,0,0,0,114581,220,220,1,220,220,0,100,220,1,97
0,156,220,0,11046,220,0,220,220,220,0,85,0,146,0,220,0,0,2,220,0,0,99,0,230,220,0,1,220,86,220,6,230,220,220,0,0,220,0,220,0,157,220,220,220,0,6,0,154,220,0,0,14,0,0,220,91,0,0,0,0,114581,220,220,1,220,220,0,91,220,1,145
0,231,130,0,10979,130,0,1,9,9,0,88,0,228,7,1,0,0,0,1,0,0,194,0,228,9,0,10,130,76,9,6,231,9,1,0,0,1,0,1,0,228,130,9,130,0,6,0,40,9,0,0,7,0,0,1,22,0,0,0,0,114598,130,9,1,130,130,0,98,1,1,231
0,231,130,0,10980,254,0,183,4,9,0,84,0,2,7,183,0,0,1,1,0,0,250,0,12,4,0,10,130,76,4,6,231,9,183,0,0,183,0,183,0,242,254,4,254,0,6,0,6,4,0,0,10,0,8,1,176,0,0,0,0,114598,254,9,1,130,254,0,98,1,1,231
0,71,44,0,10981,220,0,220,220,220,0,58,0,114,0,220,0,0,2,220,0,0,44,0,95,220,0,6,220,76,220,21,95,66,220,0,0,75,0,220,0,71,44,220,220,0,21,0,66,66,0,0,41,0,0,220,76,0,0,0,0,114598,220,220,1,220,220,0,94,75,1,114
0,29,12,0,11418,220,0,220,12,220,0,81,0,30,7,220,0,0,0,220,0,0,234,0,30,220,0,29,220,351,220,27,29,12,12,0,0,12,0,220,0,30,12,220,12,351,27,0,233,12,0,1,15,0,0,220,234,0,0,0,0,114604,220,220,1,220,220,0,99,12,1,29
0,223,220,0,11419,12,0,12,220,12,0,96,0,223,0,12,0,0,1,12,0,0,223,0,223,12,0,29,12,351,12,27,223,220,220,0,0,220,0,12,0,223,220,12,220,351,27,0,223,220,0,1,96,0,0,12,223,0,0,0,0,114604,12,12,1,12,12,0,99,220,1,223
0,231,220,0,11420,12,0,12,220,12,0,92,0,107,7,12,0,0,2,12,0,0,232,0,53,12,0,29,12,351,12,27,38,220,220,0,0,220,0,12,0,232,220,12,220,351,27,0,53,220,0,1,92,0,0,12,107,0,0,0,0,114604,12,12,1,12,12,0,99,220,1,99
0,232,220,0,12081,220,0,220,220,220,0,57,0,42,0,220,0,0,0,220,0,0,232,0,143,220,0,1,220,76,220,1,41,220,220,0,0,220,0,220,0,5,220,220,220,0,1,0,42,220,1,0,38,0,7,220,82,0,0,0,0,114611,220,220,1,220,220,0,90,220,1,81
0,231,8,0,12082,8,0,50,250,250,0,77,0,231,0,50,0,0,1,50,0,0,17,0,231,250,0,1,8,76,250,1,231,250,50,0,0,50,0,50,0,231,8,250,8,0,1,0,149,250,1,0,13,0,7,50,47,0,0,0,0,114611,8,250,1,8,8,0,90,50,1,231
0,242,12,0,12083,12,0,12,12,12,0,100,0,203,0,12,0,0,2,12,0,0,243,0,66,12,0,13,12,87,12,1,66,12,12,0,0,12,0,12,0,243,12,12,12,0,1,0,66,12,0,0,100,0,0,12,203,0,0,0,0,114611,12,12,1,12,12,0,100,12,1,203
2168,181,220,0,12916,220,0,220,220,220,0,90,0,29,10,220,0,0,0,220,0,0,135,0,52,220,0,1,220,84,220,1,50,220,220,0,0,220,0,220,0,135,220,220,220,0,1,0,52,220,1,0,90,0,0,220,29,0,0,0,0,114615,220,220,1,220,220,6,97,220,1,17
2168,231,12,0,12917,12,0,12,12,12,0,88,0,215,10,12,0,0,1,12,0,0,20,0,214,12,0,1,12,84,12,1,231,12,12,0,0,12,0,12,0,216,12,12,12,0,1,0,60,12,1,0,5,0,0,12,50,0,0,0,0,114615,12,12,1,12,12,2,84,12,1,231
0,33,170,0,12918,170,0,160,119,119,0,85,0,69,0,160,0,0,2,160,0,0,160,0,81,119,0,1,170,84,119,1,94,119,160,0,0,160,0,160,0,29,170,119,170,0,1,0,112,119,0,0,14,0,0,160,151,0,0,0,0,114615,170,119,1,170,170,0,91,160,1,80
2012,188,220,0,12919,220,0,220,0,220,0,99,0,45,0,220,0,0,0,220,0,0,237,0,47,220,0,103,220,76,220,215,25,220,0,0,0,220,0,220,0,237,220,220,255,0,170,0,47,220,0,0,99,0,5,220,45,0,0,0,0,114628,220,220,1,220,220,0,89,220,1,17
2012,230,21,0,12920,21,0,38,220,73,0,82,0,231,0,38,0,0,1,38,0,0,7,0,231,73,0,103,21,76,73,215,230,73,220,0,0,38,0,38,0,231,21,73,220,0,170,0,130,73,0,0,16,0,5,38,39,0,0,0,0,114628,21,73,1,21,21,0,88,38,1,230
2012,29,220,0,12921,220,0,0,12,220,0,100,0,30,0,220,-1,0,2,220,0,0,30,0,30,0,0,103,220,0,220,215,29,220,12,0,0,220,0,220,0,30,220,220,12,0,170,0,30,220,0,0,100,0,0,220,30,0,0,0,0,114628,220,220,1,220,0,0,100,220,1,29
39,228,0,0,12599,220,0,220,220,202,0,70,0,165,0,220,0,0,0,131,0,0,231,0,218,220,0,96,0,100,220,182,228,202,220,0,0,220,0,220,0,76,220,220,220,0,182,0,231,220,0,1,28,0,0,131,231,0,0,0,0,114640,220,202,1,0,220,0,92,131,1,228
39,24,111,0,12600,111,0,113,115,115,0,95,0,26,7,113,-1,0,1,113,0,0,26,0,26,115,0,96,111,0,115,182,24,115,113,0,0,113,0,113,0,26,111,115,111,0,182,0,26,115,0,1,95,0,9,113,26,0,0,0,0,114640,111,115,1,111,111,0,89,113,1,24
39,236,12,0,12601,12,0,12,12,12,0,90,0,220,0,12,0,0,2,12,0,0,205,0,75,12,0,96,12,100,12,182,108,12,12,0,0,12,0,12,0,231,12,12,12,0,182,0,51,12,0,1,5,0,0,12,176,0,0,0,0,114640,12,12,1,12,12,0,82,12,1,227
0,30,220,0,10936,220,0,220,220,220,0,91,0,30,0,220,0,0,0,220,0,0,206,0,30,220,0,53,220,78,220,194,29,220,220,0,0,220,0,220,0,30,220,220,220,0,194,0,146,220,0,1,6,0,0,220,53,0,0,0,0,114815,220,220,1,220,220,0,98,220,0,29
0,144,12,0,10937,12,0,12,12,12,0,90,0,172,0,12,0,0,1,12,0,0,31,0,202,12,0,53,12,79,12,194,202,12,12,0,0,12,0,12,0,144,12,12,12,0,194,0,31,12,0,1,7,0,0,12,30,0,0,0,0,114815,12,12,1,12,12,0,98,12,0,172
0,240,12,0,10938,12,0,12,12,12,0,95,0,189,0,12,0,0,2,12,0,0,239,0,208,12,0,53,12,78,12,194,206,12,12,0,0,12,0,12,0,239,12,12,12,0,194,0,208,12,0,2,95,0,0,12,189,0,0,0,0,114815,12,12,1,12,12,0,92,12,0,186
0,30,12,0,10850,12,0,12,12,12,0,31,0,162,7,12,0,0,0,12,0,0,30,0,14,12,0,51,12,0,12,196,30,12,12,0,0,12,0,12,0,244,12,12,12,0,1,0,30,12,0,0,30,0,0,12,30,0,0,0,0,114816,12,12,0,12,12,0,100,12,0,30
0,9,195,0,10860,195,0,0,89,89,0,83,0,40,7,153,-1,0,0,153,0,0,152,0,69,0,0,133,195,0,89,260,56,89,153,0,0,153,0,153,0,13,195,89,195,0,260,0,91,89,0,0,10,0,0,153,142,0,0,0,0,114843,195,89,1,195,0,0,95,153,1,29
0,234,8,0,15364,8,0,0,42,42,0,81,0,238,7,21,-1,0,1,21,0,0,170,0,254,0,0,133,8,0,42,260,254,42,21,0,0,21,0,21,0,233,8,42,8,0,260,0,254,42,0,0,6,0,0,21,226,0,1,0,0,114843,8,42,1,8,0,0,80,21,1,235
0,29,31,0,10861,31,0,0,81,81,0,64,0,217,7,38,-1,0,2,38,0,0,100,0,211,0,0,133,31,0,81,260,219,81,38,0,0,38,0,38,0,21,31,81,31,0,260,0,206,81,0,0,24,0,0,38,183,0,0,0,0,114843,31,81,1,31,0,0,76,38,1,206
0,39,217,0,10862,217,0,0,4,4,0,95,0,38,7,201,-1,0,0,201,0,0,38,0,38,0,0,133,217,0,4,260,39,4,201,0,0,201,0,201,0,38,217,4,217,0,260,0,38,4,0,0,95,0,0,201,38,0,0,0,0,114844,217,4,1,217,0,0,96,201,1,39
0,231,12,0,15365,12,0,0,12,12,0,85,0,231,7,12,-1,0,1,12,0,0,247,0,216,0,0,133,12,0,12,260,231,12,12,0,0,12,0,12,0,231,12,12,12,0,260,0,11,12,0,0,13,0,0,12,247,0,1,0,0,114844,12,12,1,12,0,0,100,12,1,231
0,229,12,0,10863,12,0,0,12,12,0,92,0,225,7,12,-1,0,2,12,0,0,224,0,2,0,0,133,12,0,12,260,0,12,12,0,0,12,0,12,0,224,12,12,12,0,260,0,2,12,0,0,92,0,0,12,225,0,0,0,0,114844,12,12,1,12,0,0,96,12,1,230
0,6,220,0,10927,12,0,0,12,220,0,78,0,7,7,12,-1,0,0,220,0,0,238,0,166,0,0,51,220,0,12,196,188,220,12,0,0,12,0,12,0,6,12,12,12,0,196,0,194,12,0,0,6,0,0,220,7,0,0,0,0,114845,12,220,1,220,0,0,100,220,1,4
0,57,220,0,10928,220,0,0,220,220,0,87,0,253,7,220,-1,0,2,220,0,0,4,0,91,0,0,51,220,0,220,196,91,220,220,0,0,220,0,220,0,57,220,220,220,0,196,0,71,220,0,0,8,0,0,220,13,0,0,0,0,114845,220,220,1,220,0,0,94,220,1,253
0,29,220,0,11003,220,0,0,220,220,0,80,0,31,7,220,-1,0,0,220,0,0,254,0,30,0,0,133,220,0,220,260,29,220,220,0,0,220,0,220,0,32,220,220,220,0,260,0,191,220,0,0,10,0,0,220,253,0,0,0,0,114846,220,220,1,220,0,0,100,220,1,29
0,240,12,0,15373,12,0,0,12,12,0,80,0,42,7,12,-1,0,1,12,0,0,254,0,34,0,0,133,12,0,12,260,34,12,12,0,0,12,0,12,0,238,12,12,12,0,260,0,191,12,0,0,10,0,0,12,253,0,0,0,0,114846,12,12,1,12,0,0,100,12,1,40
0,156,12,0,11004,12,0,0,12,12,0,84,0,224,7,12,-1,0,2,12,0,0,155,0,249,0,0,133,12,0,12,260,248,12,12,0,0,12,0,12,0,155,12,12,12,0,260,0,249,12,0,0,84,0,0,12,224,0,0,0,0,114846,12,12,1,12,0,0,100,12,1,223
0,30,220,0,14027,220,0,220,220,220,0,73,0,30,7,220,0,0,0,220,0,0,91,0,30,220,0,133,220,0,220,260,30,220,220,0,0,220,0,220,0,30,220,220,220,0,260,0,91,220,0,0,24,0,0,220,91,0,0,0,0,114923,220,220,1,220,220,0,100,220,1,30
0,0,220,0,14028,220,0,220,220,220,0,68,0,119,7,220,0,0,2,220,0,0,21,0,183,220,0,133,220,0,220,260,182,220,220,0,0,220,0,220,0,0,220,220,220,0,260,0,23,220,0,0,28,0,0,220,23,0,0,0,0,114923,220,220,1,220,220,0,100,220,1,119
0,6,220,0,14029,220,0,220,220,220,0,85,0,34,8,220,0,0,0,220,0,0,77,0,78,220,0,51,220,0,220,196,59,220,220,0,0,220,0,220,0,7,220,220,220,0,196,0,190,220,0,0,7,0,0,220,127,0,0,0,0,114924,220,220,1,220,220,0,100,220,1,25
0,205,220,0,14030,220,0,220,220,220,0,85,0,107,8,220,0,0,2,220,0,0,246,0,45,220,0,51,220,0,220,196,44,220,220,0,0,220,0,220,0,206,220,220,220,0,196,0,145,220,0,0,8,0,0,220,212,0,0,0,0,114924,220,220,1,220,220,0,100,220,1,106
0,26,220,0,14040,220,0,220,220,220,0,68,0,27,0,220,0,0,0,220,0,0,63,0,27,220,0,133,220,0,220,260,26,220,220,0,0,220,0,220,0,27,220,220,220,0,260,0,63,220,0,0,23,0,0,220,63,0,0,0,0,114925,220,220,1,220,220,0,95,220,1,26
0,126,220,0,14041,126,0,131,136,220,0,99,0,254,0,131,0,0,2,220,0,0,254,0,254,136,0,133,220,0,136,260,136,220,131,0,0,131,0,131,0,254,126,136,126,0,260,0,254,136,0,0,99,0,0,220,254,0,0,0,0,114925,126,220,1,220,126,0,95,220,1,131
0,29,220,0,14043,220,0,220,220,220,0,97,0,29,0,220,0,0,0,220,0,0,29,0,29,220,0,133,220,0,220,260,29,220,220,0,0,220,0,220,0,29,220,220,220,0,260,0,29,220,0,0,97,0,0,220,29,0,0,0,0,114926,220,220,1,220,220,0,98,220,1,29
0,231,12,0,14042,12,0,12,12,12,0,91,0,231,0,12,0,0,2,12,0,0,143,0,231,12,0,133,12,0,12,260,231,12,12,0,0,12,0,12,0,231,12,12,12,0,260,0,123,12,0,0,5,0,0,12,139,0,0,0,0,114926,12,12,1,12,12,0,98,12,1,231
0,1,220,0,14044,220,0,220,220,220,0,76,0,47,7,220,0,0,0,220,0,0,27,0,194,220,0,133,220,0,220,260,195,220,220,0,0,220,0,220,0,1,220,220,220,0,260,0,33,220,0,0,19,0,0,220,30,0,0,0,0,114927,220,220,1,220,220,0,84,220,1,47
0,29,220,0,14045,12,0,48,12,220,0,74,0,231,7,48,0,0,2,220,0,0,30,0,231,200,0,133,220,0,200,260,37,220,12,0,0,12,0,12,0,231,12,12,12,0,260,0,37,12,0,0,20,0,0,220,33,0,1,0,0,114927,0,220,1,220,0,0,100,220,1,32
0,30,220,0,14047,12,0,220,12,220,0,51,0,26,7,12,-1,0,0,220,0,0,0,0,31,220,0,1,220,89,12,2,30,220,12,2,0,220,0,12,0,26,220,12,12,0,2,0,0,220,0,1,38,0,0,220,197,0,0,0,0,114928,12,220,1,220,220,0,97,220,1,30
0,201,12,0,14046,12,0,220,12,12,0,67,0,210,7,12,-1,0,2,12,0,0,19,0,190,220,0,1,12,89,12,2,190,12,12,2,0,220,0,12,0,201,220,12,12,0,2,0,38,220,0,0,26,0,0,12,19,0,1,0,0,114928,12,12,1,12,220,0,97,12,1,210
0,30,220,0,14071,220,0,220,12,12,0,68,0,29,7,220,-1,0,0,12,0,0,220,0,33,220,0,138,220,89,220,267,30,220,12,0,0,220,0,220,1,45,220,220,12,0,267,0,104,220,0,0,21,0,0,220,22,0,0,0,0,114929,220,220,1,12,220,0,86,220,1,30
0,231,12,0,14072,12,0,12,220,220,0,45,0,232,7,12,-1,0,2,220,0,0,53,0,224,12,0,138,12,0,12,267,231,12,220,0,0,12,0,12,1,218,12,12,220,0,267,0,129,12,0,0,36,0,0,12,242,0,1,0,0,114929,12,12,1,220,12,0,86,12,1,231
0,22,220,0,14073,220,0,220,220,220,0,49,0,118,19,220,0,0,0,220,0,0,20,0,148,220,0,133,220,0,220,260,88,220,220,0,0,220,0,220,0,39,220,220,220,0,260,0,32,220,0,0,37,0,0,220,30,0,0,0,0,114930,220,220,1,220,220,0,100,220,1,27
0,46,220,0,14074,220,0,220,220,220,0,52,0,26,19,220,0,0,2,220,0,0,95,0,25,220,0,133,220,0,220,260,46,220,220,0,0,220,0,220,0,26,220,220,220,0,260,0,74,220,0,0,42,0,0,220,87,0,0,0,0,114930,220,220,1,220,220,0,100,220,1,46
0,30,220,0,17821,220,0,220,220,220,0,78,0,30,7,220,0,0,0,220,0,0,153,0,30,220,0,133,220,0,220,260,30,220,220,0,0,220,0,220,0,30,220,220,220,0,260,0,132,220,0,0,8,0,0,220,126,0,0,0,0,114931,220,220,1,220,220,0,94,220,1,30
0,183,220,0,17822,220,0,220,220,220,0,81,0,17,7,220,0,0,2,220,0,0,108,0,23,220,0,133,220,0,220,260,23,220,220,0,0,220,0,220,0,182,220,220,220,0,260,0,14,220,0,0,11,0,0,220,11,0,0,0,0,114931,220,220,1,220,220,0,95,220,1,17
0,230,12,0,15495,220,0,220,220,12,0,95,0,30,7,220,-1,0,0,12,0,0,30,0,31,220,0,96,12,0,220,182,230,12,220,0,0,220,0,220,0,30,220,220,220,0,182,0,31,220,0,0,95,0,0,12,30,0,0,0,0,114932,220,12,1,12,220,0,100,12,1,230
0,228,12,0,15496,12,0,12,12,12,0,54,0,226,7,12,-1,0,2,12,0,0,186,0,228,12,0,96,12,0,12,182,228,12,12,0,0,12,0,12,0,228,12,12,12,0,182,0,200,12,0,0,13,0,0,12,173,0,1,0,0,114932,12,12,1,12,12,0,86,12,1,227
0,20,220,0,15413,12,0,0,12,220,0,31,0,184,7,12,-1,0,0,220,0,0,20,0,71,0,0,133,220,0,12,260,40,220,12,0,0,12,0,12,0,76,12,12,12,0,260,0,41,12,0,0,24,0,0,220,21,0,0,0,0,114933,12,220,1,220,0,0,97,220,1,21
0,231,42,0,15414,220,0,0,220,85,0,80,0,38,7,220,-1,0,2,49,0,0,55,0,62,0,0,133,42,0,220,260,231,85,220,0,0,220,0,220,0,29,220,220,220,0,260,0,117,220,0,0,18,0,0,49,78,0,0,0,0,114933,220,85,1,42,0,0,97,49,1,231
0,103,220,0,15376,220,0,0,156,220,0,90,0,23,7,220,0,0,0,220,0,0,245,0,205,156,0,22,220,0,220,213,222,220,0,2,0,0,0,220,0,102,85,220,85,0,207,0,174,156,0,0,8,0,0,220,33,0,0,0,0,114934,220,220,1,220,85,0,100,220,1,32
0,218,220,0,15377,220,0,18,89,220,0,76,0,26,7,220,0,0,2,220,0,0,120,0,139,89,0,22,220,0,220,213,148,220,18,2,0,18,0,220,0,205,130,220,130,0,207,0,135,89,0,0,22,0,0,220,20,0,0,0,0,114934,220,220,1,220,130,0,100,220,1,28
0,29,220,0,14494,210,0,220,21,21,0,73,0,39,7,220,-1,0,0,5,0,0,83,0,39,220,0,133,210,0,220,49,29,220,5,0,0,220,0,5,0,39,220,21,210,0,49,0,83,220,0,0,18,0,0,5,83,0,0,0,0,114935,220,21,1,210,220,0,99,220,1,29
0,0,220,0,14496,12,0,220,12,12,0,53,0,200,7,220,-1,0,2,12,0,0,61,0,180,220,0,133,12,0,220,49,180,220,12,0,0,220,0,12,0,5,220,12,12,0,49,0,158,220,0,0,36,0,0,12,168,0,1,0,0,114935,220,12,1,12,220,0,99,220,1,201
0,241,35,0,14497,35,0,0,53,53,0,79,0,241,7,39,-1,0,0,39,0,0,23,0,241,0,0,19,35,0,53,202,241,53,232,0,0,39,0,39,0,241,35,53,195,0,202,0,88,53,0,0,13,0,0,39,36,0,1,0,0,114936,35,53,1,35,0,0,99,39,1,241
0,251,220,0,18204,0,0,220,225,225,0,81,0,195,22,45,0,0,1,45,0,0,232,0,31,220,0,51,0,0,225,196,33,220,45,0,0,220,0,45,0,252,220,225,0,0,196,0,223,220,0,0,17,0,0,45,230,0,1,0,0,114936,0,225,1,0,220,0,92,220,1,194
0,0,12,0,14498,12,0,12,12,12,0,59,0,253,0,12,0,0,2,12,0,0,0,0,253,12,0,133,12,0,12,260,253,12,12,0,0,12,0,12,0,0,12,12,12,0,260,0,172,12,0,0,31,0,0,12,172,0,1,0,0,114936,12,12,1,12,12,0,100,12,1,253
0,231,0,0,14530,220,0,0,0,0,0,98,0,30,7,220,-1,0,0,0,0,0,30,0,30,0,0,96,12,0,220,182,231,0,0,0,0,0,0,220,0,30,0,220,0,0,182,0,30,0,0,0,98,0,0,12,30,0,0,0,0,114937,220,12,1,0,0,0,100,0,1,231
0,228,12,0,14531,12,0,0,12,12,0,53,0,226,7,12,-1,0,2,12,0,0,194,0,228,0,0,96,12,0,12,182,228,12,12,0,0,12,0,12,0,228,12,12,12,0,182,0,195,12,0,0,11,0,0,12,175,0,1,0,0,114937,12,12,1,12,0,0,87,12,1,228
0,58,12,0,15392,220,0,0,220,220,0,80,0,5,0,220,-1,0,0,220,0,0,48,0,67,0,0,18,220,13,220,262,63,12,220,0,0,12,0,220,1,60,12,220,220,0,262,0,94,12,0,0,8,0,0,220,221,0,0,0,0,114938,220,220,1,220,0,0,97,12,1,4
0,200,220,0,15393,12,0,0,12,12,0,51,0,254,0,12,-1,0,2,12,0,0,169,0,112,0,0,18,12,13,12,265,20,220,12,0,0,220,0,12,1,40,220,12,12,0,265,0,40,220,0,0,34,0,0,12,254,0,0,0,0,114938,12,12,1,12,0,0,74,220,1,254
0,108,220,0,14499,220,0,220,220,220,0,57,0,53,0,220,0,0,0,220,0,0,171,0,223,220,0,133,220,0,220,260,219,220,220,0,0,220,0,220,0,116,220,220,220,0,260,0,245,220,0,0,34,0,0,220,103,0,0,0,0,114939,220,220,1,220,220,0,100,220,1,46
0,19,12,0,18224,12,0,12,12,12,0,70,0,224,0,12,0,0,1,12,0,0,130,0,109,12,0,133,12,0,12,260,104,12,12,0,0,12,0,12,0,28,12,12,12,0,260,0,174,12,0,0,21,0,0,12,238,0,1,0,0,114939,12,12,1,12,12,0,100,12,1,223
0,254,12,0,14500,12,0,12,12,12,0,87,0,254,0,12,0,0,2,12,0,0,173,0,254,12,0,133,12,0,12,260,254,12,12,0,0,12,0,12,0,254,12,12,12,0,260,0,220,12,0,0,8,0,0,12,113,0,1,0,0,114939,12,12,1,12,12,0,99,12,1,254
0,234,0,0,14501,220,0,220,220,93,0,98,0,40,0,220,0,0,0,43,0,0,0,0,87,220,0,133,0,0,220,260,234,93,220,0,0,220,0,220,0,0,220,220,220,0,260,0,87,220,0,0,98,0,0,43,40,0,1,0,0,114940,220,93,1,0,220,0,100,43,1,234
0,164,220,0,14502,220,0,220,220,220,0,98,0,108,0,220,0,0,2,220,0,0,163,0,81,220,0,133,220,0,220,260,81,220,220,0,0,220,0,220,0,163,220,220,220,0,260,0,81,220,0,0,98,0,0,220,108,0,1,0,0,114940,220,220,1,220,220,0,100,220,1,108
0,253,0,0,18228,220,0,220,220,58,0,98,0,120,0,220,0,0,0,110,0,0,1,0,64,220,0,133,0,0,220,260,253,58,220,0,0,220,0,220,0,1,220,220,220,0,260,0,64,220,0,0,98,0,0,110,120,0,0,0,0,114941,220,58,1,0,220,0,100,110,1,253
0,173,12,0,18229,12,0,12,12,12,0,59,0,175,0,12,0,0,2,12,0,0,113,0,178,12,0,133,12,0,12,260,178,12,12,0,0,12,0,12,0,173,12,12,12,0,260,0,118,12,0,0,33,0,0,12,115,0,0,0,0,114941,12,12,1,12,12,0,100,12,1,175
0,0,220,0,15433,220,0,220,220,220,0,66,0,27,7,220,0,0,0,220,0,0,219,0,88,220,0,1,220,0,220,5,85,220,220,0,0,220,0,220,0,0,220,220,220,0,5,0,239,220,0,0,16,0,0,220,232,0,0,0,0,114942,220,220,1,220,220,0,93,220,1,26
0,0,220,0,15432,0,0,30,96,220,0,60,0,231,7,30,0,0,2,220,0,0,1,0,234,96,0,1,220,0,96,5,185,220,30,0,0,30,0,30,0,227,0,96,0,0,5,0,100,96,0,0,21,0,0,220,32,0,0,0,0,114942,0,220,1,220,0,0,82,220,1,69
0,0,220,0,15434,220,0,220,220,220,0,70,0,0,24,220,0,0,0,220,0,0,0,0,0,220,0,118,220,0,220,196,162,220,220,0,0,220,0,220,0,176,220,220,220,0,196,0,162,220,0,0,20,0,0,220,118,0,0,0,0,114943,220,220,1,220,220,0,99,220,1,118
0,176,220,0,18302,220,0,220,220,220,0,70,0,118,24,220,0,0,1,220,0,0,178,0,162,220,0,118,220,0,220,196,0,220,220,0,0,220,0,220,0,0,220,220,220,0,196,0,0,220,0,0,21,0,0,220,0,0,0,0,0,114943,220,220,1,220,220,0,99,220,1,0
0,16,123,0,15435,123,0,98,32,32,0,91,0,15,24,98,0,0,2,98,0,0,187,0,15,32,0,118,123,0,32,196,16,32,98,0,0,98,0,98,0,15,123,32,123,0,196,0,50,32,0,0,8,0,0,98,146,0,0,0,0,114943,123,32,1,123,123,0,99,98,1,16
0,0,220,0,15437,220,0,220,220,220,0,52,0,18,7,220,0,0,0,220,0,0,21,0,154,220,0,118,220,0,220,260,166,220,220,0,0,220,0,220,0,3,220,220,220,0,260,0,173,220,0,0,29,0,0,220,84,0,0,0,0,114944,220,220,1,220,220,0,100,220,1,18
0,157,12,0,15436,12,0,12,12,12,0,60,0,231,7,12,0,0,2,12,0,0,176,0,231,12,0,118,12,0,12,260,159,12,12,0,0,12,0,12,0,231,12,12,12,0,260,0,178,12,0,0,36,0,0,12,176,0,0,0,0,114944,12,12,1,12,12,0,55,12,1,157
0,33,137,0,15438,137,0,0,136,136,0,78,0,29,7,137,-1,0,0,137,0,0,116,0,36,0,0,133,137,0,136,260,36,136,137,0,0,137,0,137,0,33,137,136,137,0,260,0,175,136,0,0,10,0,0,137,10,0,0,0,0,114945,137,136,1,137,0,0,95,137,1,29
0,173,220,0,15439,220,0,0,220,220,0,59,0,176,0,220,-1,0,2,220,0,0,112,0,179,0,0,133,220,0,220,260,178,220,220,0,0,220,0,220,0,174,220,220,220,0,260,0,117,220,0,0,33,0,0,220,114,0,0,0,0,114945,220,220,1,220,0,0,100,220,1,175
0,33,137,0,15441,137,0,0,136,136,0,77,0,31,7,137,-1,0,0,137,0,0,120,0,51,0,0,133,137,0,136,260,51,136,137,0,0,137,0,137,0,32,137,136,137,0,260,0,183,136,0,0,7,0,0,137,10,0,0,0,0,114946,137,136,1,137,0,0,75,137,1,32
0,173,220,0,15440,220,0,0,220,220,0,59,0,176,0,220,-1,0,2,220,0,0,112,0,179,0,0,133,220,0,220,260,178,220,220,0,0,220,0,220,0,174,220,220,220,0,260,0,117,220,0,0,33,0,0,220,114,0,0,0,0,114946,220,220,1,220,0,0,100,220,1,175
0,32,137,0,15442,137,0,0,136,136,0,66,0,32,7,137,-1,0,0,137,0,0,141,0,39,0,0,133,137,0,136,260,41,136,137,0,0,137,0,137,0,34,137,136,137,0,260,0,205,136,0,0,9,0,0,137,30,0,0,0,0,114947,137,136,1,137,0,0,55,137,1,32
0,173,220,0,15443,220,0,0,220,220,0,59,0,176,0,220,-1,0,2,220,0,0,112,0,179,0,0,133,220,0,220,260,178,220,220,0,0,220,0,220,0,174,220,220,220,0,260,0,117,220,0,0,33,0,0,220,114,0,0,0,0,114947,220,220,1,220,0,0,100,220,1,175
0,29,7,0,15445,7,0,244,104,104,0,97,0,30,0,244,0,0,0,244,0,0,30,0,30,104,0,133,7,0,104,260,29,104,244,0,0,244,0,244,0,30,7,104,7,0,260,0,30,104,0,0,97,0,0,244,30,0,0,0,0,114948,7,104,1,7,7,0,99,244,1,29
0,23,12,0,15444,12,0,12,12,12,0,93,0,232,7,12,0,0,2,12,0,0,227,0,118,12,0,133,12,0,12,260,110,12,12,0,0,12,0,12,0,38,12,12,12,0,260,0,228,12,0,0,6,0,0,12,228,0,0,0,0,114948,12,12,1,12,12,0,100,12,1,231
0,36,215,0,15446,215,0,244,254,254,0,79,0,29,7,244,0,0,0,244,0,0,140,0,39,254,0,133,215,0,254,260,41,254,244,0,0,244,0,244,0,35,215,254,215,0,260,0,213,254,0,0,20,0,0,244,21,0,0,0,0,114949,215,254,1,215,215,0,63,244,1,28
0,231,12,0,15447,12,0,12,12,12,0,91,0,226,7,12,0,0,2,12,0,0,158,0,226,12,0,133,12,0,12,260,231,12,12,0,0,12,0,12,0,226,12,12,12,0,260,0,242,12,0,0,8,0,0,12,7,0,0,0,0,114949,12,12,1,12,12,0,95,12,1,231
0,29,202,0,15448,202,0,0,55,55,0,34,0,245,7,160,-1,0,0,160,0,0,30,0,105,0,0,133,202,0,55,260,30,55,160,0,0,160,0,160,0,7,202,55,202,0,260,0,30,55,0,0,34,0,0,160,30,0,0,0,0,114950,202,55,1,202,0,0,61,160,1,29
0,173,220,0,15449,220,0,0,220,220,0,59,0,175,0,220,-1,0,2,220,0,0,113,0,178,0,0,133,220,0,220,260,178,220,220,0,0,220,0,220,0,173,220,220,220,0,260,0,118,220,0,0,33,0,0,220,115,0,0,0,0,114950,220,220,1,220,0,0,100,220,1,175
0,22,220,0,15454,220,0,0,220,220,0,82,0,23,7,220,-1,0,0,220,0,0,254,0,26,0,0,133,220,0,220,260,25,220,220,0,0,220,0,220,0,23,220,220,220,0,260,0,0,220,0,0,14,0,0,220,89,0,0,0,0,114951,220,220,1,220,0,0,91,220,1,22
0,169,220,0,15455,220,0,0,220,220,0,96,0,157,7,220,-1,0,2,220,0,0,168,0,196,0,0,133,220,0,220,260,197,220,220,0,0,220,0,220,0,168,220,220,220,0,260,0,196,220,0,0,96,0,0,220,157,0,0,0,0,114951,220,220,0,220,0,0,97,220,1,158
0,13,220,0,15417,220,0,0,220,220,0,95,0,39,0,220,-1,0,0,220,0,0,13,0,71,0,0,51,220,0,220,196,67,220,220,0,0,220,0,220,0,13,220,220,220,0,196,0,71,220,0,0,95,0,0,220,39,0,0,0,0,114952,220,220,1,220,0,0,100,220,0,37
0,77,12,0,15418,12,0,0,12,12,0,77,0,221,0,12,-1,0,2,12,0,0,53,0,219,0,0,51,12,0,12,196,220,12,12,0,0,12,0,12,0,76,12,12,12,0,196,0,161,12,0,0,18,0,0,12,157,0,1,0,0,114952,12,12,1,12,0,0,100,12,0,223
0,231,12,0,15411,12,0,0,12,12,0,93,0,231,7,12,-1,0,0,12,0,0,29,0,231,0,0,133,12,0,12,260,231,12,12,0,0,12,0,12,0,231,12,12,12,0,260,0,29,12,0,0,5,0,0,12,29,0,1,0,0,114953,12,12,1,12,0,0,100,12,1,231
0,0,220,0,15412,220,0,0,220,220,0,86,0,98,7,220,-1,0,2,220,0,0,21,0,175,0,0,133,220,0,220,260,178,220,220,0,0,220,0,220,0,7,220,220,220,0,260,0,61,220,0,0,11,0,0,220,41,0,0,0,0,114953,220,220,1,220,0,0,100,220,1,99
0,231,12,0,15409,12,0,0,12,12,0,87,0,228,7,12,-1,0,0,12,0,0,187,0,228,0,0,1,12,0,12,1,231,12,12,0,0,12,0,12,0,228,12,12,12,0,1,0,187,12,0,0,10,0,0,12,187,0,1,0,0,114954,12,12,1,12,0,0,100,12,1,231
0,30,220,0,15410,220,0,0,220,220,0,86,0,32,7,220,-1,0,2,220,0,0,72,0,32,0,0,1,220,0,220,1,30,220,220,0,0,220,0,220,0,32,220,220,220,0,1,0,72,220,0,0,11,0,0,220,72,0,0,0,0,114954,220,220,1,220,0,0,100,220,1,30
0,30,220,0,15407,220,0,0,220,220,0,87,0,30,0,220,-1,0,0,220,0,0,169,0,30,0,0,1,220,0,220,196,30,220,220,0,0,220,0,220,0,30,220,220,220,0,196,0,2,220,0,0,10,0,0,220,253,0,0,0,0,114955,220,220,1,220,0,0,95,220,1,30
0,182,220,0,15408,220,0,0,220,220,0,59,0,140,0,220,-1,0,2,220,0,0,142,0,250,0,0,1,220,0,220,196,253,220,220,0,0,220,0,220,0,177,220,220,220,0,196,0,230,220,0,0,29,0,0,220,99,0,0,0,0,114955,220,220,1,220,0,0,95,220,1,146
0,25,7,0,15405,7,0,244,104,104,0,93,0,25,0,244,0,0,0,244,0,0,22,0,25,104,0,133,7,0,104,260,25,104,244,0,0,244,0,244,0,25,7,104,7,0,260,0,104,104,0,0,6,0,0,244,219,0,0,0,0,114956,7,104,1,7,7,0,88,244,1,25
0,23,12,0,15406,12,0,12,12,12,0,93,0,232,7,12,0,0,2,12,0,0,227,0,118,12,0,133,12,0,12,260,110,12,12,0,0,12,0,12,0,38,12,12,12,0,260,0,228,12,0,0,6,0,0,12,228,0,1,0,0,114956,12,12,1,12,12,0,100,12,1,231
0,28,7,0,15403,7,0,244,104,104,0,88,0,35,7,244,0,0,0,244,0,0,11,0,35,104,0,133,7,0,104,260,28,104,244,0,0,244,0,244,0,35,7,104,7,0,260,0,105,104,0,0,11,0,0,244,246,0,1,0,0,114957,7,104,1,7,7,0,85,244,1,28
0,23,12,0,15404,12,0,12,12,12,0,93,0,232,7,12,0,0,2,12,0,0,227,0,118,12,0,133,12,0,12,260,110,12,12,0,0,12,0,12,0,38,12,12,12,0,260,0,228,12,0,0,6,0,0,12,228,0,1,0,0,114957,12,12,1,12,12,0,100,12,1,231
0,31,7,0,15401,7,0,244,104,104,0,73,0,32,2,244,0,0,0,244,0,0,23,0,30,104,0,133,7,0,104,260,33,104,244,0,0,244,0,244,0,30,7,104,7,0,260,0,109,104,0,0,12,0,0,244,228,0,0,0,0,114958,7,104,1,7,7,0,49,244,1,40
0,23,12,0,15402,12,0,12,12,12,0,93,0,232,7,12,0,0,2,12,0,0,227,0,118,12,0,133,12,0,12,260,110,12,12,0,0,12,0,12,0,38,12,12,12,0,260,0,228,12,0,0,6,0,0,12,228,0,1,0,0,114958,12,12,1,12,12,0,100,12,1,231
0,21,7,0,15399,7,0,244,104,104,0,74,0,29,8,244,0,0,0,244,0,0,22,0,25,104,0,133,7,0,104,260,30,104,244,0,0,244,0,244,0,22,7,104,7,0,260,0,109,104,0,0,13,0,0,244,231,0,0,0,0,114959,7,104,1,7,7,0,43,244,1,40
0,23,12,0,15400,12,0,12,12,12,0,93,0,232,7,12,0,0,2,12,0,0,227,0,118,12,0,133,12,0,12,260,110,12,12,0,0,12,0,12,0,38,12,12,12,0,260,0,228,12,0,0,6,0,0,12,228,0,1,0,0,114959,12,12,1,12,12,0,100,12,1,231
0,247,220,0,15397,220,0,220,220,220,0,97,0,74,0,220,-1,0,0,220,0,0,249,0,13,220,0,51,220,0,220,196,11,220,220,0,0,220,0,220,1,249,220,220,220,0,196,0,13,220,0,0,97,0,0,220,74,0,0,0,0,114960,220,220,1,220,220,0,100,220,0,71
0,19,220,0,15398,220,0,220,220,220,0,97,0,208,0,220,-1,0,2,220,0,0,27,0,205,220,0,51,220,0,220,196,201,220,220,0,0,220,0,220,1,27,220,220,220,0,196,0,205,220,0,0,97,0,0,220,208,0,1,0,0,114960,220,220,1,220,220,0,100,220,0,204
0,231,12,0,16617,12,0,12,12,12,0,81,0,231,7,12,-1,0,0,12,0,0,169,0,231,12,0,133,12,0,12,260,231,12,12,0,0,12,0,12,0,231,12,12,12,0,260,0,170,12,0,0,16,0,0,12,171,0,1,0,0,114961,12,12,1,12,12,0,100,12,1,231
0,3,220,0,16618,220,0,220,220,220,0,85,0,93,7,220,-1,0,2,220,0,0,24,0,205,220,0,133,220,0,220,260,205,220,220,0,0,220,0,220,0,3,220,220,220,0,260,0,30,220,0,0,12,0,0,220,27,0,0,0,0,114961,220,220,1,220,220,0,100,220,1,94
0,231,12,0,15457,12,0,12,12,12,0,84,0,231,0,12,-1,0,0,12,0,0,171,0,231,12,0,133,12,0,12,260,231,12,12,0,0,12,0,12,0,231,12,12,12,0,260,0,171,12,0,0,12,0,0,12,171,0,1,0,0,114962,12,12,1,12,12,0,84,12,1,231
0,228,220,0,15456,220,0,220,220,220,0,86,0,22,0,220,-1,0,2,220,0,0,159,0,59,220,0,133,220,0,220,260,59,220,220,0,0,220,0,220,0,226,220,220,220,0,260,0,29,220,0,0,9,0,0,220,0,0,0,0,0,114962,220,220,1,220,220,0,84,220,1,22
0,33,220,0,15451,220,0,220,220,220,0,85,0,32,0,220,-1,0,0,220,0,0,154,0,32,220,0,1,220,0,220,1,33,220,220,0,0,220,0,220,0,32,220,220,220,0,1,0,2,220,0,0,11,0,0,220,231,0,0,0,0,114963,220,220,1,220,220,0,94,220,1,33
0,195,220,0,15450,220,0,51,220,220,0,40,0,120,0,220,-1,0,2,220,0,0,118,0,232,204,0,1,220,0,220,1,236,220,220,4,0,220,0,220,0,197,220,220,220,0,1,0,234,220,0,0,32,0,0,220,24,0,0,0,0,114963,220,220,1,220,102,0,40,220,1,110
0,231,41,0,15452,41,0,9,75,75,0,90,0,229,11,9,-1,0,0,9,0,0,229,0,229,75,0,133,41,0,75,260,231,75,9,0,0,9,0,9,0,229,41,75,41,0,260,0,229,75,0,0,90,0,0,9,229,0,1,0,0,114964,41,75,1,41,41,0,88,9,1,231
0,231,220,0,15453,220,0,220,220,220,0,89,0,0,0,220,-1,0,2,220,0,0,42,0,60,220,0,133,220,0,220,260,61,220,220,0,0,220,0,220,0,231,220,220,220,0,260,0,74,220,0,0,9,0,0,220,7,0,0,0,0,114964,220,220,1,220,220,0,95,220,1,0
0,24,220,0,14491,220,0,220,220,220,0,93,0,42,7,220,-1,0,0,220,0,0,43,0,43,220,0,133,220,0,220,260,24,220,220,0,0,220,0,220,0,43,220,220,220,0,260,0,43,220,0,0,93,0,0,220,42,0,0,0,0,114965,220,220,1,220,220,0,98,220,1,24
0,229,104,0,14492,104,0,0,18,18,0,99,0,227,7,18,-1,0,1,18,0,0,227,0,227,0,0,133,104,0,18,260,229,18,18,0,0,18,0,18,0,227,104,18,104,0,260,0,227,18,0,0,99,0,0,18,227,0,1,0,0,114965,104,18,1,104,0,0,95,18,1,229
0,231,12,0,14493,12,0,12,12,12,0,55,0,231,7,12,-1,0,2,12,0,0,30,0,231,12,0,133,12,0,12,260,231,12,12,0,0,12,0,12,0,231,12,12,12,0,260,0,30,12,0,0,37,0,0,12,30,0,0,0,0,114965,12,12,1,12,12,0,91,12,1,231
0,232,12,0,15415,220,0,12,178,12,0,84,0,31,0,220,-1,0,0,12,0,0,244,0,31,12,0,22,12,0,220,28,230,12,178,2,0,12,0,220,0,31,12,220,178,0,28,0,117,12,0,0,9,0,0,12,233,0,0,0,0,114966,220,12,1,12,12,0,96,12,1,231
0,231,12,0,15416,12,0,220,25,12,0,74,0,22,0,12,-1,0,2,12,0,0,231,0,183,220,0,22,12,0,12,28,209,12,22,2,0,220,0,12,0,226,220,12,19,0,28,0,209,220,0,0,12,0,0,12,114,0,1,0,0,114966,12,12,1,12,220,0,82,12,1,116
0,30,12,0,15421,220,0,12,220,220,0,91,0,49,0,220,-1,0,0,220,0,0,22,0,60,12,0,135,220,0,220,262,77,12,220,2,0,12,0,220,1,22,12,220,220,0,262,0,60,12,0,0,91,0,0,220,49,0,0,0,0,114967,220,220,1,220,12,0,95,12,1,48
0,237,220,0,15422,12,0,220,25,25,0,93,0,111,0,12,-1,0,2,25,0,0,30,0,90,220,0,135,12,0,12,265,85,220,25,2,0,220,0,12,1,239,220,12,25,0,265,0,30,220,0,0,5,0,0,12,30,0,0,0,0,114967,12,12,1,25,220,0,99,220,1,107
0,0,196,0,14532,196,0,147,47,47,0,89,0,19,7,147,-1,0,0,147,0,0,0,0,64,47,0,133,196,0,47,260,66,47,147,0,0,147,0,147,0,0,196,47,196,0,260,0,138,47,0,0,10,0,0,147,71,0,0,0,0,114968,196,47,1,196,196,0,91,147,1,20
0,191,138,0,16619,138,0,120,77,77,0,82,0,200,7,120,-1,0,2,120,0,0,236,0,224,77,0,133,138,0,77,260,223,77,120,0,0,120,0,120,0,192,138,77,138,0,260,0,236,77,0,0,10,0,0,120,236,0,1,0,0,114968,138,77,1,138,138,0,91,120,1,199
0,14,220,0,14534,220,0,220,220,220,0,90,0,153,7,220,-1,0,0,220,0,0,7,0,191,220,0,133,220,0,220,260,136,220,220,0,0,220,0,220,0,6,220,220,220,0,260,0,136,220,0,0,6,0,0,220,105,0,0,0,0,114970,220,220,1,220,220,0,100,220,1,65
0,40,220,0,16620,220,0,220,220,220,0,50,0,141,7,220,-1,0,2,220,0,0,103,0,124,220,0,133,220,0,220,260,46,220,220,0,0,220,0,220,0,145,220,220,220,0,260,0,80,220,0,0,29,0,0,220,98,0,0,0,0,114970,220,220,1,220,220,0,100,220,1,42
0,29,220,0,14558,220,0,220,220,220,0,95,0,31,8,220,-1,0,0,220,0,0,31,0,31,220,0,51,220,0,220,196,29,220,220,0,0,220,0,220,0,31,220,220,220,0,196,0,31,220,0,0,95,0,0,220,31,0,0,0,0,114971,220,220,1,220,220,0,91,220,1,29
0,78,220,0,16621,220,0,220,220,220,0,95,0,135,8,220,-1,0,2,220,0,0,135,0,135,220,0,51,220,0,220,196,78,220,220,0,0,220,0,220,0,135,220,220,220,0,196,0,135,220,0,0,95,0,0,220,135,0,0,0,0,114971,220,220,1,220,220,0,100,220,1,78
0,54,220,0,14535,220,0,220,220,220,0,97,0,69,7,220,-1,0,0,220,0,0,57,0,82,220,0,133,220,0,220,260,79,220,220,0,0,220,0,220,0,57,220,220,220,0,260,0,82,220,0,0,97,0,0,220,69,0,0,0,0,114972,220,220,1,220,220,0,100,220,1,67
0,38,220,0,16622,220,0,220,220,220,0,56,0,46,7,220,-1,0,2,220,0,0,217,0,104,220,0,133,220,0,220,260,123,220,220,0,0,220,0,220,0,32,220,220,220,0,260,0,65,220,0,0,27,0,0,220,10,0,0,0,0,114972,220,220,1,220,220,0,100,220,1,54
0,24,220,0,14536,220,0,220,220,220,0,91,0,29,7,220,-1,0,0,220,0,0,127,0,29,220,0,133,220,0,220,260,25,220,220,0,0,220,0,220,0,29,220,220,220,0,260,0,213,220,0,0,6,0,0,220,29,0,0,0,0,114973,220,220,1,220,220,0,96,220,1,24
0,154,220,0,16623,220,0,220,220,220,0,76,0,55,7,220,-1,0,2,220,0,0,81,0,233,220,0,133,220,0,220,260,233,220,220,0,0,220,0,220,0,154,220,220,220,0,260,0,150,220,0,0,14,0,0,220,31,0,1,0,0,114973,220,220,1,220,220,0,96,220,1,55
0,77,220,0,14537,220,0,220,220,220,0,78,0,16,24,220,-1,0,0,220,0,0,218,0,42,220,0,133,220,0,220,260,38,220,220,0,0,220,0,220,0,84,220,220,220,0,260,0,22,220,0,0,15,0,0,220,179,0,0,0,0,114974,220,220,1,220,220,0,98,220,1,15
0,222,50,0,16624,50,0,50,50,50,0,65,0,252,24,50,-1,0,2,50,0,0,48,0,0,50,0,133,50,0,50,260,0,50,50,0,0,50,0,50,0,227,50,50,50,0,260,0,48,50,0,0,18,0,0,50,48,0,0,0,0,114974,50,50,1,50,50,0,81,50,1,248
0,27,220,0,14559,220,0,220,220,220,0,97,0,27,0,220,-1,0,0,220,0,0,27,0,27,220,0,133,220,0,220,260,27,220,220,0,0,220,0,220,0,27,220,220,220,0,260,0,27,220,0,0,97,0,0,220,27,0,0,0,0,114975,220,220,1,220,220,0,94,220,1,27
0,210,180,0,16625,238,0,45,36,180,0,96,0,196,0,45,-1,0,2,180,0,0,196,0,196,36,0,133,180,0,36,260,30,180,45,0,0,45,0,45,0,196,238,36,238,0,260,0,196,36,0,0,96,0,0,180,196,0,1,0,0,114975,238,180,1,180,238,0,94,180,1,39
0,230,38,0,14605,220,0,220,220,54,0,94,0,91,11,220,-1,0,0,78,0,0,220,0,2,220,0,8,38,0,220,94,230,54,220,0,0,220,0,220,0,29,220,220,220,0,94,0,220,220,0,0,5,0,0,78,222,0,0,0,0,114977,220,54,1,38,220,0,85,78,1,230
0,229,220,0,16246,220,0,220,220,220,0,74,0,37,0,220,-1,0,2,220,0,0,160,0,40,220,0,8,220,0,220,94,40,220,220,0,0,220,0,220,0,230,220,220,220,0,94,0,47,220,0,0,23,0,0,220,23,0,0,0,0,114977,220,220,1,220,220,0,99,220,1,38
0,0,220,0,14606,220,0,220,137,220,0,90,0,79,0,220,-1,0,0,220,0,0,227,0,152,220,0,1,220,0,220,52,165,220,64,0,0,64,0,220,0,12,26,220,26,0,52,0,228,137,0,0,7,0,0,220,228,0,0,0,0,114978,220,220,1,220,220,0,100,220,1,92
0,237,45,0,14608,220,0,220,64,220,0,81,0,97,7,220,-1,0,2,220,0,0,247,0,14,220,0,1,220,0,220,52,7,64,47,0,0,47,0,220,0,237,45,220,45,0,52,0,29,64,0,0,17,0,0,220,158,0,0,0,0,114978,220,220,1,220,220,0,100,47,1,93
0,204,220,0,14607,220,0,220,220,220,0,92,1,31,0,220,-1,0,0,220,0,0,203,0,38,220,0,17,220,0,220,2,38,220,220,0,0,220,0,220,0,203,220,220,220,0,2,0,38,220,0,0,92,0,0,220,31,0,0,0,0,114979,220,220,1,220,220,0,93,220,1,32
0,155,12,0,14609,12,0,12,12,12,0,59,1,152,0,12,-1,0,2,12,0,0,123,0,159,12,0,17,12,0,12,2,199,12,12,0,0,12,0,12,0,85,12,12,12,0,2,0,187,12,0,0,38,0,0,12,202,0,1,0,0,114979,12,12,1,12,12,0,100,12,1,215
0,30,220,0,14808,220,0,220,12,220,0,94,0,30,0,220,-1,0,0,220,0,0,30,0,30,220,0,60,220,0,220,109,30,220,12,0,0,220,0,220,0,30,220,220,12,0,109,0,30,220,0,0,94,0,0,220,30,0,0,0,0,114980,220,220,1,220,220,0,90,220,1,30
0,254,220,0,14809,220,0,220,12,220,0,96,0,99,0,220,-1,0,2,220,0,0,248,0,14,220,0,60,220,0,220,109,17,220,12,0,0,220,0,220,0,248,220,220,12,0,109,0,14,220,0,0,96,0,0,220,99,0,0,0,0,114980,220,220,1,220,220,0,100,220,1,105
0,29,204,0,14810,204,0,220,12,12,0,80,0,31,0,220,-1,0,0,12,0,0,82,0,31,54,0,0,204,0,54,222,29,54,12,0,0,220,0,220,0,31,204,54,12,0,222,0,79,54,0,1,10,0,0,220,84,0,0,0,0,114981,204,54,1,12,204,0,100,220,1,29
0,238,12,0,14811,12,0,12,12,12,0,91,0,111,0,12,-1,0,2,12,0,0,31,0,90,12,0,0,12,0,12,222,86,12,12,0,0,209,0,12,0,239,244,12,12,0,222,0,30,38,0,0,7,0,0,12,30,0,0,0,0,114981,12,12,1,12,12,0,98,12,1,109
0,30,220,0,14812,220,0,220,12,220,0,87,0,31,0,220,-1,0,0,220,0,0,31,0,31,220,0,0,220,0,220,275,30,220,12,0,0,220,0,220,0,31,220,220,12,0,240,0,31,220,0,1,87,0,0,220,31,0,0,0,0,114982,220,220,1,220,220,0,100,220,1,30
0,211,12,0,14813,12,0,12,12,12,0,84,0,211,0,12,-1,0,2,12,0,0,193,0,193,12,0,0,12,0,12,275,183,12,12,0,0,12,0,12,0,218,12,12,12,0,275,0,147,12,0,0,9,0,0,12,175,0,1,0,0,114982,12,12,1,12,12,0,97,12,1,202
0,30,12,0,16220,220,0,220,220,220,0,89,0,31,0,220,-1,0,0,220,0,0,77,0,31,220,0,1,220,0,220,94,30,12,220,0,0,12,0,220,0,31,12,220,220,0,94,0,80,12,0,0,9,0,0,220,78,0,0,0,0,114983,220,220,1,220,220,0,99,12,1,30
0,34,220,0,14911,220,0,220,220,220,0,77,0,47,7,220,-1,0,2,220,0,0,222,0,49,220,0,1,220,0,220,13,31,220,220,0,0,220,0,220,0,50,220,220,220,0,13,0,133,220,0,0,4,0,0,220,3,0,0,0,0,114983,220,220,1,220,220,0,100,220,1,30
0,52,220,0,16237,220,0,220,79,220,0,93,0,71,0,220,-1,0,0,220,0,0,55,0,83,220,0,100,220,0,220,159,78,220,70,0,0,70,0,220,0,55,60,220,60,0,159,0,83,79,0,0,93,0,0,220,71,0,0,0,0,114984,220,220,1,220,220,0,100,220,1,68
0,231,12,0,14906,12,0,12,59,12,0,92,0,206,19,12,-1,0,2,12,0,0,30,0,39,12,0,100,12,0,12,159,31,12,210,0,0,12,0,12,0,233,12,12,237,0,159,0,29,12,0,0,5,0,0,12,30,0,0,0,0,114984,12,12,1,12,12,0,99,12,1,200
0,220,12,0,16647,12,0,12,12,12,0,0,0,220,0,12,-1,0,0,12,0,0,220,0,220,12,0,133,12,0,12,260,24,12,12,0,0,12,0,12,0,220,12,12,12,0,260,0,220,12,0,0,0,0,0,12,220,0,0,0,0,115008,12,12,1,12,12,0,0,12,1,101
0,12,220,0,16648,220,0,220,220,220,0,0,0,41,13,220,-1,0,1,220,0,0,216,0,46,220,0,133,220,0,220,260,12,220,220,0,0,220,0,220,0,216,220,220,220,0,260,0,46,220,0,0,0,0,0,220,41,0,0,0,0,115008,220,220,1,220,220,0,0,220,1,12
0,220,220,0,16646,220,0,220,220,220,0,0,0,140,0,220,-1,0,2,220,0,0,225,0,34,220,0,133,220,0,220,260,220,220,220,0,0,220,0,220,0,225,220,220,220,0,260,0,34,220,0,0,0,0,0,220,140,0,0,0,0,115008,220,220,1,220,220,0,0,220,1,220
0,223,12,0,17634,12,0,12,12,12,0,0,0,196,20,12,0,0,0,12,0,0,29,0,33,12,0,133,12,0,12,260,32,12,12,0,0,12,0,12,0,251,12,12,12,0,260,0,203,12,0,0,0,0,0,12,226,0,0,0,0,115010,12,12,1,12,12,0,0,12,1,174
0,99,220,0,17636,220,0,220,220,220,0,0,0,45,20,220,0,0,1,220,0,0,125,0,239,220,0,133,220,0,220,260,186,220,220,0,0,220,0,220,0,148,220,220,220,0,260,0,221,220,0,0,0,0,0,220,33,0,0,0,0,115010,220,220,1,220,220,0,0,220,1,58
0,228,12,0,17635,12,0,12,12,12,0,0,0,42,20,12,0,0,2,12,0,0,222,0,201,12,0,133,12,0,12,260,25,12,12,0,0,12,0,12,0,232,12,12,12,0,260,0,203,12,0,0,0,0,0,12,36,0,0,0,0,115010,12,12,1,12,12,0,0,12,1,227
0,95,254,0,17661,254,0,191,57,57,0,0,0,47,7,191,0,0,0,191,0,0,130,0,50,57,0,133,254,0,57,260,42,57,191,0,0,191,0,191,0,229,254,57,254,0,260,0,35,57,0,0,0,0,0,191,34,0,0,0,0,115011,254,57,1,254,254,0,0,191,1,43
0,202,195,0,17662,195,0,21,28,28,0,0,0,248,7,21,0,0,1,21,0,0,236,0,246,28,0,133,195,0,28,260,202,28,21,0,0,21,0,21,0,250,195,28,195,0,260,0,234,28,0,0,0,0,0,21,235,0,0,0,0,115011,195,28,1,195,195,0,0,21,1,202
0,240,195,0,17663,195,0,21,28,28,0,0,0,189,7,21,0,0,2,21,0,0,233,0,64,28,0,133,195,0,28,260,44,28,21,0,0,21,0,21,0,229,195,28,195,0,260,0,63,28,0,0,0,0,0,21,172,0,0,0,0,115011,195,28,1,195,195,0,0,21,1,147
0,128,220,0,17790,220,0,220,220,220,0,0,0,12,7,220,0,0,0,220,0,0,52,0,12,220,0,133,220,0,220,260,204,220,220,0,0,220,0,220,0,12,220,220,220,0,260,0,49,220,0,0,0,0,0,220,49,0,0,0,0,115012,220,220,1,220,220,0,0,220,1,51
0,219,12,0,17791,12,0,12,12,12,0,0,0,222,7,12,0,0,1,12,0,0,250,0,217,12,0,133,12,0,12,260,253,12,12,0,0,12,0,12,0,221,12,12,12,0,260,0,250,12,0,0,0,0,0,12,250,0,0,0,0,115012,12,12,1,12,12,0,0,12,1,144
0,12,220,0,17792,220,0,220,220,220,0,0,0,144,7,220,0,0,2,220,0,0,212,0,252,220,0,133,220,0,220,260,12,220,220,0,0,220,0,220,0,217,220,220,220,0,260,0,252,220,0,0,0,0,0,220,129,0,0,0,0,115012,220,220,1,220,220,0,0,220,1,12
0,0,196,0,18104,196,0,12,14,14,0,32,0,200,0,12,0,0,0,13,0,0,250,0,110,12,0,133,196,0,12,260,0,14,13,0,0,13,0,13,0,236,196,14,196,0,260,0,135,14,0,0,21,0,0,13,218,0,0,0,0,115013,12,14,1,196,12,0,0,13,1,0
0,12,245,0,18105,245,0,220,189,189,0,26,0,11,0,220,0,0,1,228,0,0,119,0,11,220,0,133,245,0,220,260,12,189,228,0,0,228,0,228,0,143,245,189,245,0,260,0,8,189,0,0,12,0,0,228,8,0,0,0,0,115013,220,189,1,245,220,0,0,228,1,12
0,250,196,0,18106,196,0,12,14,14,0,44,0,229,0,12,0,0,2,13,0,0,219,0,229,12,0,133,196,0,12,260,250,14,13,0,0,13,0,13,0,229,196,14,196,0,260,0,219,14,0,0,16,0,0,13,219,0,0,0,0,115013,12,14,1,196,12,0,0,13,1,250
0,134,12,0,18109,225,0,166,62,12,0,58,0,29,7,166,0,0,0,12,0,0,155,0,38,62,0,133,12,0,62,260,25,12,166,0,0,166,0,166,0,35,225,62,225,0,260,0,58,62,0,0,20,0,0,12,83,0,0,0,0,115014,225,12,1,12,225,0,100,12,1,53
0,29,220,0,18110,220,0,220,220,220,0,80,0,21,7,220,0,0,1,220,0,0,130,0,65,220,0,133,220,0,220,260,29,220,220,0,0,220,0,220,0,46,220,220,220,0,260,0,96,220,0,0,8,0,0,220,60,0,0,0,0,115014,220,220,1,220,220,0,100,220,1,29
0,254,55,0,18111,55,0,0,60,60,0,15,0,42,7,0,0,0,0,0,0,0,68,0,121,60,0,133,55,0,60,260,130,60,0,0,0,0,0,0,0,245,55,60,55,0,260,0,39,60,0,0,11,0,0,0,158,0,0,0,0,115015,55,60,1,55,55,0,80,0,1,39
0,54,55,0,18112,55,0,0,60,60,0,92,0,241,7,0,0,0,2,0,0,0,254,0,254,60,0,133,55,0,60,260,59,60,0,0,0,0,0,0,0,5,55,60,55,0,260,0,131,60,0,0,6,0,0,0,40,0,0,0,0,115015,55,60,1,55,55,0,88,0,1,0
0,30,220,0,15458,220,0,0,220,220,0,83,0,24,7,220,-1,0,0,220,0,0,21,0,50,0,0,133,220,0,220,260,30,220,220,0,0,220,0,220,0,11,220,220,220,0,260,0,179,220,0,0,10,0,0,220,71,0,0,0,0,115017,220,220,1,220,0,0,100,220,1,30
0,30,220,0,15459,220,0,0,220,220,0,88,0,72,7,220,-1,0,2,220,0,0,25,0,186,0,0,133,220,0,220,260,30,220,220,0,0,220,0,220,0,25,220,220,220,0,260,0,186,220,0,0,88,0,0,220,72,0,0,0,0,115017,220,220,1,220,0,0,100,220,1,30
0,30,220,0,15419,220,0,0,220,220,0,94,0,31,0,220,-1,0,0,220,0,0,30,0,30,0,0,133,220,0,220,260,30,220,220,0,0,220,0,220,0,30,220,220,220,0,260,0,30,220,0,0,94,0,0,220,31,0,0,0,0,115018,220,220,1,220,0,0,100,220,1,30
0,82,220,0,15420,220,0,0,220,220,0,48,0,127,0,220,-1,0,2,220,0,0,159,0,127,0,0,133,220,0,220,260,82,220,220,0,0,220,0,220,0,127,220,220,220,0,260,0,159,220,0,0,40,0,0,220,159,0,0,0,0,115018,220,220,1,220,0,0,86,220,1,82
0,30,220,0,15358,220,0,0,220,220,0,82,0,39,7,220,-1,0,0,220,0,0,30,0,39,0,0,133,220,0,220,260,30,220,220,0,0,220,0,220,0,202,220,220,220,0,260,0,30,220,0,0,14,0,0,220,30,0,0,0,0,115047,220,220,1,220,0,0,83,220,1,30
0,138,220,0,15357,220,0,0,220,220,0,61,0,139,7,220,-1,0,2,220,0,0,33,0,139,0,0,133,220,0,220,260,138,220,220,0,0,220,0,220,0,139,220,220,220,0,260,0,33,220,0,0,24,0,0,220,33,0,0,0,0,115047,220,220,1,220,0,0,78,220,1,138
0,29,220,0,15359,220,0,0,220,220,0,82,0,23,0,220,-1,0,2,220,0,0,23,0,23,0,0,1,220,0,220,1,29,220,220,0,0,220,0,220,0,23,220,220,220,0,1,0,23,220,0,0,82,0,0,220,23,0,0,0,0,115048,220,220,1,220,0,0,97,220,1,29
0,30,220,0,15360,220,0,0,220,220,0,56,0,32,0,220,-1,0,3,220,0,0,143,0,33,0,0,1,220,0,220,1,29,220,220,0,0,220,0,220,0,40,220,220,220,0,1,0,51,220,0,0,41,0,0,220,40,0,0,0,0,115048,220,220,1,220,0,0,98,220,1,29
0,97,193,0,15503,193,0,0,124,124,0,84,0,82,7,193,-1,0,2,193,0,0,228,0,106,0,0,1,193,0,124,209,102,124,193,0,0,12,0,193,0,101,12,124,193,0,209,0,135,12,0,0,11,0,0,193,35,0,0,0,0,115049,193,124,1,193,0,0,88,193,1,78
0,29,216,0,15502,216,0,0,12,0,0,97,0,43,0,255,-1,0,3,255,0,0,43,0,43,0,0,1,216,0,0,209,29,0,12,0,0,255,0,255,0,43,216,0,12,0,209,0,43,0,0,0,97,0,0,255,43,0,0,0,0,115049,216,0,1,216,0,0,100,255,0,29
0,253,12,0,15361,12,0,0,12,12,0,98,0,230,0,12,-1,0,2,12,0,0,253,0,66,0,0,91,12,0,12,176,65,12,12,0,0,12,0,12,0,253,12,12,12,0,176,0,66,12,0,0,98,0,0,12,230,0,0,0,0,115050,12,12,1,12,0,7,100,12,1,230
0,30,220,0,15362,220,0,0,12,220,0,95,0,29,0,220,-1,0,3,220,0,0,30,0,30,0,0,91,220,0,220,176,30,220,12,0,0,220,0,220,0,30,220,220,12,0,176,0,30,220,0,0,95,0,0,220,29,0,0,0,0,115050,220,220,1,220,0,7,100,220,1,30
0,0,220,0,15238,220,0,0,12,12,0,76,0,0,7,220,-1,0,0,12,0,0,28,0,77,0,0,83,220,0,220,231,76,220,12,0,0,220,0,220,0,1,220,220,12,0,231,0,246,220,0,0,8,0,0,220,70,0,0,0,0,115051,220,220,1,12,0,0,100,220,1,0
0,230,0,0,15239,0,0,0,79,79,0,71,0,231,7,39,-1,0,2,39,0,0,16,0,231,0,0,83,0,0,79,231,230,79,39,0,0,39,0,39,0,230,0,79,0,0,231,0,240,79,0,0,8,0,0,39,66,0,0,0,0,115051,0,79,1,0,0,0,99,39,1,230
0,22,14,0,15363,14,0,0,208,103,0,98,0,173,0,54,-1,0,2,54,0,0,22,0,207,0,0,6,14,0,103,52,208,103,179,0,0,179,0,54,0,22,24,103,24,0,52,0,207,208,0,0,98,0,0,54,173,0,0,0,0,115052,14,103,1,14,0,0,99,54,1,174
0,30,220,0,15366,220,0,0,12,220,0,98,0,32,0,220,-1,0,3,220,0,0,32,0,32,0,0,6,220,0,220,52,30,220,12,0,0,12,0,220,0,32,12,220,12,0,52,0,32,12,0,0,98,0,0,220,32,0,0,0,0,115052,220,220,1,220,0,0,100,220,1,30
0,104,220,0,15367,220,0,0,220,220,0,71,0,197,5,220,-1,0,2,220,0,0,102,0,65,0,0,1,220,0,220,5,70,220,220,0,0,220,0,220,0,90,220,220,220,0,5,0,65,220,0,0,26,0,0,220,254,0,0,0,0,115053,220,220,1,220,0,3,100,220,1,250
0,230,215,0,15368,215,0,0,38,38,0,77,0,231,5,37,-1,0,3,37,0,0,54,0,228,0,0,1,215,0,38,5,230,38,37,0,0,37,0,37,0,231,215,38,215,0,5,0,153,38,0,0,7,0,0,37,66,0,1,0,0,115053,215,38,1,215,0,3,99,37,1,230
0,253,35,0,15370,35,0,0,47,32,0,98,0,229,0,31,-1,0,2,31,0,0,252,0,66,0,0,127,35,0,32,149,65,32,211,0,0,31,0,31,0,252,35,32,53,0,149,0,66,32,0,0,98,0,0,31,229,0,0,0,0,115054,35,32,1,35,0,0,100,31,1,230
0,44,52,0,15369,52,0,0,79,56,0,85,0,236,0,51,-1,0,3,51,0,0,253,0,1,0,0,127,52,0,56,149,0,56,237,0,0,51,0,51,0,45,52,56,108,0,149,0,250,56,0,0,12,0,0,51,250,0,0,0,0,115054,52,56,1,52,0,0,99,51,1,236
0,231,12,0,15371,220,0,0,220,12,0,94,0,14,7,220,-1,0,0,12,0,0,13,0,14,0,0,6,12,0,220,1,231,12,220,0,0,220,0,220,0,13,220,220,220,0,1,0,14,220,0,0,94,0,0,12,14,0,0,0,0,115055,220,12,1,12,0,0,86,12,1,231
0,30,220,0,15372,220,0,0,220,220,0,94,0,171,7,220,-1,0,2,220,0,0,179,0,132,0,0,6,220,0,220,1,30,220,220,0,0,220,0,220,0,179,220,220,220,0,1,0,132,220,0,0,94,0,0,220,171,0,0,0,0,115055,220,220,1,220,0,0,86,220,1,30
0,30,220,0,15375,220,0,0,220,220,0,83,0,30,5,220,-1,0,3,220,0,0,229,0,30,0,0,1,220,0,220,8,30,220,220,0,0,12,0,220,0,30,12,220,220,0,8,0,228,12,0,0,14,0,0,220,229,0,0,0,0,115056,220,220,1,220,0,0,98,220,1,30
0,15,220,0,15240,220,0,0,220,220,0,84,0,15,24,220,-1,0,0,220,0,0,231,0,15,0,0,133,220,0,220,260,15,220,220,0,0,220,0,220,0,15,220,220,220,0,260,0,231,220,0,0,10,0,0,220,231,0,0,0,0,115057,220,220,1,220,0,0,86,220,0,15
0,247,12,0,15241,12,0,0,12,12,0,59,0,253,0,12,-1,0,2,12,0,0,188,0,86,0,0,133,12,0,12,260,86,12,12,0,0,12,0,12,0,248,12,12,12,0,260,0,27,12,0,0,33,0,0,12,194,0,1,0,0,115057,12,12,1,12,0,0,100,12,1,253
0,30,220,0,15534,12,0,0,12,220,0,75,0,231,7,12,-1,0,0,220,0,0,22,0,230,0,0,133,220,0,12,260,29,220,12,0,0,12,0,12,0,231,12,12,12,0,260,0,23,12,0,0,16,0,0,220,22,0,0,0,0,115061,12,220,1,220,0,0,94,220,1,30
0,218,220,0,15533,220,0,0,220,220,0,75,0,177,7,12,-1,0,1,220,0,0,22,0,94,0,0,133,220,0,12,260,94,220,220,0,0,220,0,220,0,218,220,220,220,0,260,0,23,220,0,0,16,0,0,220,22,0,0,0,0,115061,12,220,1,220,0,0,94,220,1,177
0,254,220,0,15532,220,0,0,220,220,0,76,0,116,7,220,-1,0,2,220,0,0,23,0,47,0,0,133,220,0,220,260,47,220,220,0,0,220,0,220,0,253,220,220,220,0,260,0,22,220,0,0,16,0,0,220,22,0,0,0,0,115061,220,220,1,220,0,0,91,220,1,116
0,29,220,0,15520,220,0,0,220,220,0,37,0,48,9,220,-1,0,0,220,0,0,233,0,189,0,0,133,220,0,220,260,29,220,220,0,0,220,0,220,0,1,220,220,220,0,260,0,20,220,0,0,30,0,0,220,20,0,0,0,0,115062,220,220,1,220,0,0,99,220,1,29
0,231,12,0,15521,12,0,0,12,12,0,43,0,230,9,12,-1,0,1,12,0,0,12,0,230,0,0,133,12,0,12,260,231,12,12,0,0,12,0,12,0,230,12,12,12,0,260,0,228,12,0,0,28,0,0,12,227,0,1,0,0,115062,12,12,1,12,0,0,99,12,1,231
0,74,12,0,15522,12,0,0,12,12,0,70,0,242,9,12,-1,0,2,12,0,0,241,0,2,0,0,133,12,0,12,260,2,12,12,0,0,12,0,12,0,77,12,12,12,0,260,0,0,12,0,0,19,0,0,12,254,0,0,0,0,115062,12,12,1,12,0,0,86,12,1,241
0,0,10,0,15383,220,0,0,12,66,0,51,0,7,0,220,-1,0,0,23,0,0,244,0,73,0,0,138,220,0,220,267,78,66,12,0,0,12,0,220,1,3,12,220,12,0,267,0,2,12,0,0,9,0,0,220,57,0,0,0,0,115063,220,220,1,10,0,0,100,23,1,4
0,247,12,0,15384,12,0,0,12,12,0,57,0,253,0,12,-1,0,2,12,0,0,189,0,86,0,0,133,12,0,12,260,86,12,12,0,0,12,0,12,0,247,12,12,12,0,260,0,30,12,0,0,34,0,0,12,195,0,0,0,0,115063,12,12,1,12,0,0,100,12,1,253
0,29,16,0,15628,16,0,0,203,203,0,39,0,198,7,27,-1,0,0,27,0,0,39,0,1,0,0,73,16,0,203,144,29,203,27,0,0,27,0,27,0,1,16,203,16,0,144,0,25,203,0,0,32,0,0,27,26,0,0,0,0,115064,16,203,1,16,0,0,100,27,0,29
0,231,0,0,15629,0,0,0,48,48,0,64,0,7,23,250,-1,0,1,250,0,0,228,0,114,0,0,73,0,0,48,144,232,48,250,0,0,250,0,250,0,12,0,48,0,0,144,0,138,48,0,0,20,0,0,250,14,0,0,0,0,115064,0,48,1,0,0,0,82,250,0,232
0,171,12,0,15630,12,0,0,12,12,0,63,0,220,23,12,-1,0,2,12,0,0,171,0,220,0,0,73,12,0,12,144,191,12,12,0,0,12,0,12,0,220,12,12,12,0,144,0,190,12,0,0,34,0,0,12,178,0,0,0,0,115064,12,12,1,12,0,0,85,12,0,178
0,238,0,0,15631,0,0,0,48,48,0,41,0,13,7,13,-1,0,3,250,0,0,238,0,227,0,0,73,0,0,223,144,213,48,250,0,0,250,0,250,1,3,0,48,0,0,144,0,214,48,0,0,32,0,0,250,12,0,0,0,1,115064,0,48,1,0,0,0,49,250,0,12
0,41,220,0,15632,220,0,220,220,220,0,34,0,32,0,220,0,0,0,220,0,0,249,0,31,220,0,133,220,0,220,260,40,220,220,0,0,220,0,220,0,38,220,220,220,0,260,0,32,220,0,0,14,0,0,220,4,0,0,0,0,115065,220,220,1,220,220,0,76,220,1,40
0,205,12,0,15633,12,0,12,12,12,0,39,0,37,0,12,0,0,1,12,0,0,196,0,28,12,0,133,12,0,12,260,89,12,12,0,0,12,0,12,0,34,12,12,12,0,260,0,15,12,0,0,17,0,0,12,236,0,0,0,0,115065,12,12,1,12,12,0,85,12,1,237
0,171,12,0,15634,12,0,12,12,12,0,66,0,220,0,12,0,0,2,12,0,0,171,0,220,12,0,133,12,0,12,260,191,12,12,0,0,12,0,12,0,220,12,12,12,0,260,0,190,12,0,0,32,0,0,12,178,0,0,0,0,115065,12,12,1,12,12,0,85,12,1,178
0,33,169,0,15635,169,0,0,174,174,0,50,0,15,0,171,-1,0,3,171,0,0,123,0,57,0,0,73,169,0,174,144,33,174,171,0,0,171,0,171,1,41,169,174,169,0,144,0,165,174,0,0,21,0,0,171,5,0,0,0,0,115065,169,174,1,169,0,0,77,171,0,33
0,91,220,0,15523,220,0,220,220,220,0,84,0,26,19,220,0,0,0,220,0,0,92,0,176,220,0,133,220,0,220,260,176,220,220,0,0,220,0,220,0,92,220,220,220,0,260,0,176,220,0,0,84,0,0,220,26,0,0,0,0,115066,220,220,1,220,220,0,97,220,1,25
0,231,12,0,15524,12,0,12,12,12,0,84,0,231,19,12,0,0,1,12,0,0,116,0,231,12,0,133,12,0,12,260,231,12,12,0,0,12,0,12,0,231,12,12,12,0,260,0,183,12,0,0,5,0,0,12,203,0,1,0,0,115066,12,12,1,12,12,0,90,12,1,231
0,253,12,0,15525,12,0,12,12,12,0,84,0,247,19,12,0,0,2,12,0,0,29,0,56,12,0,133,12,0,12,260,55,12,12,0,0,12,0,12,0,254,12,12,12,0,260,0,28,12,0,0,5,0,0,12,29,0,0,0,0,115066,12,12,1,12,12,0,90,12,1,245
0,212,12,0,15526,12,0,12,12,12,0,93,0,184,19,12,0,0,0,12,0,0,30,0,124,12,0,133,12,0,12,260,124,12,12,0,0,12,0,12,0,212,12,12,12,0,260,0,30,12,0,0,6,0,0,12,30,0,0,0,0,115067,12,12,1,12,12,0,88,12,1,184
0,36,249,0,18293,249,0,206,89,89,0,92,0,34,19,206,0,0,1,206,0,0,249,0,27,89,0,133,249,0,89,260,27,89,206,0,0,206,0,206,0,37,249,89,249,0,260,0,101,89,0,0,7,0,0,206,208,0,0,0,0,115067,249,89,1,249,249,0,88,206,1,33
0,110,255,0,15527,255,0,196,54,54,0,93,0,60,19,196,0,0,2,196,0,0,250,0,196,54,0,133,255,0,54,260,196,54,196,0,0,196,0,196,0,111,255,54,255,0,260,0,105,54,0,0,5,0,0,196,210,0,0,0,0,115067,255,54,1,255,255,0,88,196,1,59
0,231,12,0,18295,12,0,12,12,12,0,85,0,231,19,12,0,0,0,12,0,0,179,0,231,12,0,133,12,0,12,260,231,12,12,0,0,12,0,12,0,231,12,12,12,0,260,0,113,12,0,0,12,0,0,12,154,0,0,0,0,115068,12,12,1,12,12,0,91,12,1,231
0,30,249,0,18294,249,0,206,89,89,0,85,0,29,19,206,0,0,1,206,0,0,158,0,29,89,0,133,249,0,89,260,30,89,206,0,0,206,0,206,0,29,249,89,249,0,260,0,94,89,0,0,11,0,0,206,132,0,0,0,0,115068,249,89,1,249,249,0,93,206,1,30
0,253,12,0,15531,12,0,12,12,12,0,80,0,198,19,12,0,0,2,12,0,0,144,0,57,12,0,133,12,0,12,260,53,12,12,0,0,12,0,12,0,254,12,12,12,0,260,0,48,12,0,0,8,0,0,12,101,0,0,0,0,115068,12,12,1,12,12,0,91,12,1,196
0,30,106,0,15530,106,0,0,222,222,0,47,0,30,7,173,-1,0,3,173,0,0,10,0,31,0,0,126,106,0,222,190,30,222,173,0,0,173,0,173,0,31,106,222,106,0,190,0,179,222,0,0,22,0,0,173,104,0,0,0,0,115068,106,222,1,106,0,0,83,173,1,30
0,232,12,0,18298,220,0,220,220,12,0,77,0,30,19,220,0,0,0,12,0,0,211,0,30,220,0,133,12,0,220,260,232,12,220,0,0,220,0,220,0,30,220,220,220,0,260,0,2,220,0,0,4,0,0,12,4,0,0,0,0,115069,220,12,1,12,220,0,81,12,1,232
0,30,220,0,18297,12,0,12,12,220,0,78,0,231,19,12,0,0,1,220,0,0,126,0,231,12,0,133,220,0,12,260,30,220,12,0,0,12,0,12,0,231,12,12,12,0,260,0,254,12,0,0,5,0,0,220,54,0,0,0,0,115069,12,220,1,220,12,0,81,220,1,30
0,121,220,0,15528,220,0,220,220,220,0,77,0,39,19,220,0,0,2,220,0,0,212,0,183,220,0,133,220,0,220,260,183,220,220,0,0,220,0,220,0,121,220,220,220,0,260,0,2,220,0,0,4,0,0,220,4,0,0,0,0,115069,220,220,1,220,220,0,79,220,1,39
0,0,174,0,15529,174,0,0,255,255,0,0,0,0,0,97,-1,0,3,97,0,0,0,0,0,0,0,55,174,0,255,267,0,255,97,0,0,97,0,97,0,0,174,255,174,0,267,0,0,255,0,0,0,0,0,97,0,0,0,0,0,115069,174,255,1,174,0,0,0,97,1,0
0,23,131,0,15537,220,0,0,220,220,0,61,0,196,7,220,-1,0,0,220,0,0,23,0,54,0,0,7,220,0,220,98,26,79,220,0,0,79,0,220,0,251,131,220,220,0,98,0,26,79,0,0,21,0,0,220,22,0,0,0,0,115070,220,220,1,220,0,0,83,79,0,21
0,160,220,0,15538,206,0,0,202,202,0,98,0,72,7,206,-1,0,2,206,0,0,144,0,78,0,0,7,206,0,202,98,83,220,206,0,0,220,0,206,0,144,220,202,206,0,98,0,78,220,0,0,98,0,0,206,72,0,0,0,0,115070,206,202,1,206,0,0,100,220,0,80
0,180,208,0,15540,12,0,0,12,12,0,61,0,228,7,12,-1,0,0,12,0,0,182,0,229,0,0,8,12,0,12,7,141,112,12,0,0,0,0,12,0,229,208,12,12,0,7,0,142,112,0,0,22,0,0,12,1,0,0,0,0,115071,12,12,1,12,0,0,100,0,0,0
0,247,12,0,15539,12,0,0,12,12,0,59,0,252,0,12,-1,0,2,12,0,0,188,0,86,0,0,133,12,0,12,260,86,12,12,0,0,12,0,12,0,247,12,12,12,0,260,0,27,12,0,0,33,0,0,12,194,0,0,0,0,115071,12,12,1,12,0,0,100,12,1,253
0,28,12,0,15650,220,0,0,220,220,0,52,0,86,0,220,-1,0,0,220,0,0,40,0,131,0,0,18,220,0,220,262,28,12,220,0,0,12,0,220,1,239,12,220,220,0,262,0,125,12,0,0,27,0,0,220,128,0,0,0,0,115072,220,220,1,220,0,0,94,12,1,28
0,247,12,0,15651,12,0,0,12,12,0,59,0,253,0,12,-1,0,2,12,0,0,188,0,86,0,0,133,12,0,12,260,86,12,12,0,0,12,0,12,0,248,12,12,12,0,260,0,27,12,0,0,33,0,0,12,194,0,0,0,0,115072,12,12,1,12,0,0,100,12,1,253
0,52,7,0,15723,220,0,0,220,84,0,69,0,3,7,220,-1,0,0,21,0,0,61,0,78,0,0,82,7,0,220,231,209,84,220,0,0,220,0,220,0,1,220,220,220,0,231,0,182,220,0,0,13,0,0,21,185,0,0,0,0,115073,220,84,1,7,0,0,100,21,1,235
0,173,220,0,15724,220,0,0,220,220,0,59,0,175,0,220,-1,0,2,220,0,0,113,0,178,0,0,133,220,0,220,260,178,220,220,0,0,220,0,220,0,173,220,220,220,0,260,0,118,220,0,0,33,0,0,220,115,0,0,0,0,115073,220,220,1,220,0,0,100,220,1,175
0,254,220,0,15725,220,0,0,220,220,0,55,0,27,7,220,-1,0,0,220,0,0,68,0,27,0,0,83,220,0,220,161,0,220,220,0,0,220,0,220,0,27,220,220,220,0,161,0,68,220,0,0,37,0,0,220,68,0,0,0,0,115074,220,220,1,220,0,0,100,220,1,105
0,173,220,0,15726,220,0,0,220,220,0,59,0,175,0,220,-1,0,2,220,0,0,113,0,178,0,0,133,220,0,220,260,178,220,220,0,0,220,0,220,0,173,220,220,220,0,260,0,118,220,0,0,33,0,0,220,115,0,0,0,0,115074,220,220,1,220,0,0,100,220,1,175
0,0,220,0,15728,220,0,0,220,220,0,71,0,34,7,220,-1,0,0,220,0,0,66,0,34,0,0,83,220,0,220,161,19,220,220,0,0,220,0,220,0,34,220,220,220,0,161,0,66,220,0,0,20,0,0,220,66,0,0,0,0,115075,220,220,1,220,0,0,99,220,1,190
0,173,220,0,15727,220,0,0,220,220,0,59,0,175,0,220,-1,0,2,220,0,0,113,0,178,0,0,133,220,0,220,260,178,220,220,0,0,220,0,220,0,173,220,220,220,0,260,0,118,220,0,0,33,0,0,220,115,0,0,0,0,115075,220,220,1,220,0,0,100,220,1,175
0,126,12,0,15729,220,0,0,220,220,0,64,0,37,7,220,-1,0,0,220,0,0,30,0,211,0,0,1,220,0,220,2,213,12,220,0,0,12,0,220,0,125,12,220,220,0,2,0,31,12,0,0,31,0,0,220,29,0,0,0,0,115076,220,220,1,220,0,0,88,12,1,38
0,231,12,0,15730,205,0,0,79,79,0,71,0,229,7,140,-1,0,1,140,0,0,128,0,231,0,0,1,205,0,79,2,231,12,140,0,0,12,0,140,0,230,12,79,205,0,2,0,213,12,0,0,12,0,0,140,40,0,1,0,0,115076,205,79,1,205,0,0,88,12,1,231
0,246,12,0,15731,220,0,0,220,220,0,62,0,176,7,220,-1,0,2,220,0,0,31,0,111,0,0,1,220,0,220,2,112,12,220,0,0,12,0,220,0,246,12,220,220,0,2,0,30,12,0,0,31,0,0,220,30,0,0,0,0,115076,220,220,1,220,0,0,88,12,1,176
0,57,220,0,15850,220,0,0,220,220,0,80,0,44,0,220,-1,0,0,220,0,0,53,0,48,0,0,33,220,0,220,60,47,220,220,0,0,12,0,220,0,74,12,220,220,0,60,0,59,12,0,0,15,0,0,220,76,0,0,0,1,115077,220,220,1,220,0,0,89,220,1,40
0,212,207,0,15851,207,0,0,48,48,0,80,0,217,7,74,-1,0,2,74,0,0,152,0,32,0,0,33,207,0,48,60,29,48,74,0,0,220,0,74,0,210,220,48,207,0,60,0,43,220,0,0,8,0,0,74,185,0,0,0,1,115077,207,48,1,207,0,0,96,74,1,218
0,0,49,0,15837,49,0,0,222,222,0,0,0,0,0,142,-1,0,0,142,0,0,0,0,0,0,0,133,49,0,222,260,0,222,142,0,0,142,0,142,0,0,49,222,49,0,260,0,0,222,0,0,0,0,0,142,0,0,0,0,0,115080,49,222,1,49,0,0,0,142,1,0
0,0,255,0,15836,255,0,0,0,0,0,0,0,0,0,235,-1,0,1,235,0,0,0,0,0,0,0,133,255,0,0,260,0,0,235,0,0,235,0,235,0,0,255,0,255,0,260,0,0,0,0,0,0,0,0,235,0,0,0,0,0,115080,255,0,1,255,0,0,0,235,1,0
0,0,12,0,15835,12,0,0,12,12,0,0,0,0,0,12,-1,0,2,12,0,0,0,0,0,0,0,133,12,0,12,260,0,12,12,0,0,12,0,12,0,0,12,12,12,0,260,0,0,12,0,0,0,0,0,12,0,0,0,0,0,115080,12,12,1,12,0,0,0,12,1,0
0,241,220,0,15734,12,0,0,25,25,0,92,0,178,7,12,-1,0,0,25,0,0,29,0,29,0,0,18,12,0,12,265,28,220,25,0,0,220,0,12,0,241,220,12,25,0,265,0,29,220,0,0,6,0,0,12,29,0,1,0,0,115081,12,12,1,25,0,0,91,220,1,178
0,173,220,0,15735,220,0,0,220,220,0,59,0,175,0,220,-1,0,2,220,0,0,113,0,178,0,0,133,220,0,220,260,178,220,220,0,0,220,0,220,0,173,220,220,220,0,260,0,118,220,0,0,33,0,0,220,115,0,0,0,0,115081,220,220,1,220,0,0,100,220,1,175
0,0,12,0,15838,12,0,0,12,12,0,0,0,0,0,12,-1,0,0,12,0,0,0,0,0,0,0,133,12,0,12,260,0,12,12,0,0,12,0,12,0,0,12,12,12,0,260,0,0,12,0,0,0,0,0,12,0,0,0,0,0,115082,12,12,1,12,0,0,0,12,1,0
0,0,220,0,15839,220,0,0,220,220,0,0,0,0,0,220,-1,0,2,220,0,0,0,0,0,0,0,133,220,0,220,260,0,220,220,0,0,220,0,220,0,0,220,220,220,0,260,0,0,220,0,0,0,0,0,220,0,0,0,0,0,115082,220,220,1,220,0,0,0,220,1,0
0,30,164,0,15841,164,0,0,206,206,0,62,0,30,7,217,-1,0,0,217,0,0,185,0,29,0,0,133,164,0,206,260,30,206,217,0,0,217,0,217,0,33,164,206,164,0,260,0,66,206,0,0,5,0,0,217,113,0,0,0,0,115083,164,206,1,164,0,0,90,217,1,30
0,164,29,0,15840,29,0,0,98,98,0,64,0,217,7,78,-1,0,2,78,0,0,235,0,205,0,0,133,29,0,98,260,207,98,78,0,0,78,0,78,0,165,29,98,29,0,260,0,117,98,0,0,9,0,0,78,174,0,0,0,0,115083,29,98,1,29,0,0,89,78,1,218
0,237,220,0,15845,27,0,0,100,220,0,34,0,226,0,20,-1,0,0,220,0,0,239,0,26,0,0,133,220,0,100,260,43,220,20,0,0,20,0,20,0,247,27,100,27,0,260,0,236,100,0,0,19,0,0,220,239,0,0,0,0,115084,27,220,1,220,0,0,19,220,1,222
0,235,220,0,15846,0,0,0,118,220,0,54,0,254,0,39,-1,0,1,220,0,0,59,0,254,0,0,133,220,0,118,260,241,220,39,0,0,39,0,39,0,238,0,118,0,0,260,0,255,118,0,0,12,0,0,220,0,0,0,0,0,115084,0,220,1,220,0,0,39,220,1,239
0,29,226,0,15847,226,0,0,117,117,0,92,0,30,0,198,-1,0,2,198,0,0,30,0,30,0,0,133,226,0,117,260,29,117,198,0,0,198,0,198,0,30,226,117,226,0,260,0,30,117,0,0,92,0,0,198,30,0,0,0,0,115084,226,117,1,226,0,0,100,198,1,29
0,30,220,0,15852,12,0,0,12,220,0,75,0,230,7,12,-1,0,0,220,0,0,32,0,229,0,0,6,220,0,12,12,29,220,12,0,0,12,0,12,0,230,12,12,12,0,12,0,30,12,0,0,11,0,0,220,31,0,0,0,0,115085,12,220,1,220,0,0,94,220,1,30
0,173,220,0,15853,220,0,0,220,220,0,59,0,175,0,220,-1,0,2,220,0,0,113,0,178,0,0,133,220,0,220,260,178,220,220,0,0,220,0,220,0,173,220,220,220,0,260,0,118,220,0,0,33,0,0,220,115,0,0,0,0,115085,220,220,1,220,0,0,100,220,1,175
0,216,220,0,15854,220,0,0,220,220,0,28,0,19,7,220,-1,0,0,220,0,0,8,0,27,0,0,6,220,0,220,12,41,220,220,0,0,220,0,220,0,110,220,220,220,0,12,0,10,220,0,0,26,0,0,220,9,0,0,0,0,115086,220,220,1,220,0,0,43,220,1,40
0,1,220,0,15855,220,0,0,220,220,0,29,0,87,7,220,-1,0,2,220,0,0,11,0,241,0,0,6,220,0,220,12,246,220,220,0,0,220,0,220,0,1,220,220,220,0,12,0,11,220,0,0,27,0,0,220,12,0,0,0,0,115086,220,220,1,220,0,0,47,220,1,88
0,0,220,0,11232,220,0,0,220,220,0,0,0,16,7,220,-1,0,0,220,0,0,111,0,16,0,0,51,220,0,220,145,0,220,220,0,0,220,0,220,0,111,220,220,220,0,145,0,16,220,0,0,0,0,0,220,16,0,0,0,0,115127,220,220,1,220,0,0,0,220,1,0
0,0,237,0,11233,237,0,0,37,37,0,0,0,0,7,28,-1,0,2,28,0,0,0,0,0,0,0,51,237,0,37,145,0,37,28,0,0,28,0,28,0,0,237,37,237,0,145,0,0,37,0,0,0,0,0,28,0,0,0,0,0,115127,237,37,1,237,0,0,0,28,1,0
0,0,0,0,11234,0,0,0,0,0,0,0,0,0,0,0,-1,0,0,0,0,0,0,0,0,0,0,0,0,0,0,0,0,0,0,0,0,0,0,0,0,0,0,0,0,0,0,0,0,0,0,0,0,0,0,0,0,0,0,0,0,115128,0,0,0,0,0,0,0,0,0,0
0,0,0,0,11235,0,0,0,0,0,0,0,0,0,0,0,-1,0,1,0,0,0,0,0,0,0,0,0,0,0,0,0,0,0,0,0,0,0,0,0,0,0,0,0,0,0,0,0,0,0,0,0,0,0,0,0,0,0,0,0,0,115128,0,0,0,0,0,0,0,0,0,0
0,0,0,0,11236,0,0,0,0,0,0,0,0,0,0,0,-1,0,2,0,0,0,0,0,0,0,0,0,0,0,0,0,0,0,0,0,0,0,0,0,0,0,0,0,0,0,0,0,0,0,0,0,0,0,0,0,0,0,0,0,0,115128,0,0,0,0,0,0,0,0,0,0
0,0,0,0,11237,0,0,0,0,0,0,0,0,0,0,0,-1,0,0,0,0,0,0,0,0,0,0,0,0,0,0,0,0,0,0,0,0,0,0,0,0,0,0,0,0,0,0,0,0,0,0,0,0,0,0,0,0,0,0,0,0,115129,0,0,0,0,0,0,0,0,0,0
0,0,0,0,11238,0,0,0,0,0,0,0,0,0,0,0,-1,0,1,0,0,0,0,0,0,0,0,0,0,0,0,0,0,0,0,0,0,0,0,0,0,0,0,0,0,0,0,0,0,0,0,0,0,0,0,0,0,0,0,0,0,115129,0,0,0,0,0,0,0,0,0,0
0,0,0,0,11241,0,0,0,0,0,0,0,0,0,0,0,-1,0,2,0,0,0,0,0,0,0,0,0,0,0,0,0,0,0,0,0,0,0,0,0,0,0,0,0,0,0,0,0,0,0,0,0,0,0,0,0,0,0,0,0,0,115129,0,0,0,0,0,0,0,0,0,0
0,0,0,0,11239,0,0,0,0,0,0,0,0,0,0,0,-1,0,3,0,0,0,0,0,0,0,0,0,0,0,0,0,0,0,0,0,0,0,0,0,0,0,0,0,0,0,0,0,0,0,0,0,0,0,0,0,0,0,0,0,0,115129,0,0,0,0,0,0,0,0,0,0
0,0,0,0,11240,0,0,0,0,0,0,0,0,0,0,0,-1,0,4,0,0,0,0,0,0,0,0,0,0,0,0,0,0,0,0,0,0,0,0,0,0,0,0,0,0,0,0,0,0,0,0,0,0,0,0,0,0,0,0,0,0,115129,0,0,0,0,0,0,0,0,0,0
0,0,0,0,11242,0,0,0,0,0,0,0,0,0,0,0,-1,0,0,0,0,0,0,0,0,0,0,0,0,0,0,0,0,0,0,0,0,0,0,0,0,0,0,0,0,0,0,0,0,0,0,0,0,0,0,0,0,0,0,0,0,115130,0,0,0,0,0,0,0,0,0,0
0,0,0,0,11243,0,0,0,0,0,0,0,0,0,0,0,-1,0,2,0,0,0,0,0,0,0,0,0,0,0,0,0,0,0,0,0,0,0,0,0,0,0,0,0,0,0,0,0,0,0,0,0,0,0,0,0,0,0,0,0,0,115130,0,0,0,0,0,0,0,0,0,0
0,10,255,0,11244,12,0,0,12,0,0,0,0,212,7,12,-1,0,0,212,0,0,255,0,0,0,0,51,255,0,12,145,10,0,12,0,0,12,0,12,0,255,12,12,12,0,145,0,0,12,0,0,0,0,0,212,212,0,0,0,0,115131,12,0,1,255,0,0,0,212,1,10
0,228,12,0,11245,12,0,0,12,12,0,0,0,68,7,12,-1,0,2,12,0,0,228,0,139,0,0,51,12,0,12,145,139,12,12,0,0,12,0,12,0,228,12,12,12,0,145,0,139,12,0,0,0,0,0,12,68,0,0,0,0,115131,12,12,1,12,0,0,0,12,1,68
0,0,34,0,11246,34,0,0,255,255,0,0,0,0,7,202,-1,0,0,202,0,0,251,0,0,0,0,51,34,0,255,145,0,255,202,0,0,202,0,202,0,0,34,255,34,0,145,0,33,255,0,0,0,0,0,202,86,0,0,0,0,115132,34,255,1,34,0,0,0,202,1,0
0,0,220,0,11247,220,0,0,220,220,0,0,0,2,14,220,-1,0,2,220,0,0,254,0,106,0,0,51,220,0,220,145,0,220,220,0,0,220,0,220,0,61,220,220,220,0,145,0,133,220,0,0,0,0,0,220,19,0,0,0,0,115132,220,220,1,220,0,0,0,220,1,254
0,0,0,0,11248,0,0,0,0,0,0,0,0,0,0,0,-1,0,0,0,0,0,0,0,0,0,0,0,0,0,0,0,0,0,0,0,0,0,0,0,0,0,0,0,0,0,0,0,0,0,0,0,0,0,0,0,0,0,0,0,0,115133,0,0,0,0,0,0,0,0,0,0
0,0,0,0,11249,0,0,0,0,0,0,0,0,0,0,0,-1,0,1,0,0,0,0,0,0,0,0,0,0,0,0,0,0,0,0,0,0,0,0,0,0,0,0,0,0,0,0,0,0,0,0,0,0,0,0,0,0,0,0,0,0,115133,0,0,0,0,0,0,0,0,0,0
0,0,0,0,11250,0,0,0,0,0,0,0,0,0,0,0,-1,0,2,0,0,0,0,0,0,0,0,0,0,0,0,0,0,0,0,0,0,0,0,0,0,0,0,0,0,0,0,0,0,0,0,0,0,0,0,0,0,0,0,0,0,115133,0,0,0,0,0,0,0,0,0,0
0,0,0,0,11251,0,0,0,0,0,0,0,0,0,0,0,-1,0,0,0,0,0,0,0,0,0,0,0,0,0,0,0,0,0,0,0,0,0,0,0,0,0,0,0,0,0,0,0,0,0,0,0,0,0,0,0,0,0,0,0,0,115134,0,0,0,0,0,0,0,0,0,0
0,0,0,0,11252,0,0,0,0,0,0,0,0,0,0,0,-1,0,2,0,0,0,0,0,0,0,0,0,0,0,0,0,0,0,0,0,0,0,0,0,0,0,0,0,0,0,0,0,0,0,0,0,0,0,0,0,0,0,0,0,0,115134,0,0,0,0,0,0,0,0,0,0
0,0,0,0,11253,0,0,0,0,0,0,0,0,0,0,0,-1,0,0,0,0,0,0,0,0,0,0,0,0,0,0,0,0,0,0,0,0,0,0,0,0,0,0,0,0,0,0,0,0,0,0,0,0,0,0,0,0,0,0,0,0,115135,0,0,0,0,0,0,0,0,0,0
0,0,0,0,11254,0,0,0,0,0,0,0,0,0,0,0,-1,0,2,0,0,0,0,0,0,0,0,0,0,0,0,0,0,0,0,0,0,0,0,0,0,0,0,0,0,0,0,0,0,0,0,0,0,0,0,0,0,0,0,0,0,115135,0,0,0,0,0,0,0,0,0,0
0,0,220,0,11255,10,0,0,63,220,0,0,0,229,17,32,-1,0,0,220,0,0,144,0,230,0,0,51,220,0,63,145,0,220,32,0,0,32,0,32,0,229,10,63,10,0,145,0,136,63,0,0,0,0,0,220,145,0,0,0,0,115136,10,220,1,220,0,0,0,220,1,0
0,0,0,0,11256,0,0,0,0,0,0,0,0,0,0,0,-1,0,2,0,0,0,0,0,0,0,0,0,0,0,0,0,0,0,0,0,0,0,0,0,0,0,0,0,0,0,0,0,0,0,0,0,0,0,0,0,0,0,0,0,0,115136,0,0,0,0,0,0,0,0,0,0
0,0,0,0,11259,0,0,0,0,0,0,0,0,0,0,0,-1,0,0,0,0,0,0,0,0,0,0,0,0,0,0,0,0,0,0,0,0,0,0,0,0,0,0,0,0,0,0,0,0,0,0,0,0,0,0,0,0,0,0,0,0,115138,0,0,0,0,0,0,0,0,0,0
0,0,0,0,11260,0,0,0,0,0,0,0,0,0,0,0,-1,0,2,0,0,0,0,0,0,0,0,0,0,0,0,0,0,0,0,0,0,0,0,0,0,0,0,0,0,0,0,0,0,0,0,0,0,0,0,0,0,0,0,0,0,115138,0,0,0,0,0,0,0,0,0,0
0,0,0,0,11261,0,0,0,0,0,0,0,0,0,0,0,-1,0,0,0,0,0,0,0,0,0,0,0,0,0,0,0,0,0,0,0,0,0,0,0,0,0,0,0,0,0,0,0,0,0,0,0,0,0,0,0,0,0,0,0,0,115139,0,0,0,0,0,0,0,0,0,0
0,0,0,0,11262,0,0,0,0,0,0,0,0,0,0,0,-1,0,2,0,0,0,0,0,0,0,0,0,0,0,0,0,0,0,0,0,0,0,0,0,0,0,0,0,0,0,0,0,0,0,0,0,0,0,0,0,0,0,0,0,0,115139,0,0,0,0,0,0,0,0,0,0
0,0,224,0,11263,224,0,0,36,36,0,0,0,0,0,36,-1,0,0,36,0,0,0,0,0,0,0,51,224,0,36,196,0,36,36,0,0,36,0,36,0,0,224,36,224,0,196,0,0,36,0,0,0,0,0,36,0,0,0,0,0,115140,224,36,1,224,0,0,0,36,1,0
0,0,224,0,11264,224,0,0,36,36,0,0,0,117,0,36,-1,0,2,36,0,0,0,0,55,0,0,51,224,0,36,0,0,36,36,0,0,36,0,36,0,56,224,36,224,0,196,0,0,36,0,0,0,0,0,36,0,0,0,0,0,115140,224,36,1,224,0,0,0,36,1,0
0,28,10,0,11265,10,0,0,10,10,0,0,0,247,0,10,-1,0,0,10,0,0,255,0,247,0,0,51,10,0,10,196,46,10,10,0,0,10,0,10,0,255,10,10,10,0,196,0,247,10,0,0,0,0,0,10,247,0,0,0,0,115141,10,10,1,10,0,0,0,10,1,135
0,59,52,0,11266,52,0,0,58,58,0,0,0,56,0,163,-1,0,2,163,0,0,214,0,56,0,0,51,52,0,58,196,64,58,163,0,0,163,0,163,0,61,52,58,52,0,196,0,32,58,0,0,0,0,0,163,32,0,0,0,0,115141,52,58,1,52,0,0,0,163,1,128
0,62,220,0,11267,220,0,0,220,220,0,0,0,62,0,220,-1,0,0,220,0,0,62,0,230,0,0,51,220,0,220,196,230,220,220,0,0,220,0,220,0,62,220,220,220,0,196,0,230,220,0,0,0,0,0,220,62,0,0,0,0,115142,220,220,1,220,0,0,0,220,1,62
0,0,12,0,11268,12,0,0,12,12,0,0,0,0,0,12,-1,0,2,12,0,0,0,0,0,0,0,51,12,0,12,196,0,12,12,0,0,12,0,12,0,0,12,12,12,0,196,0,0,12,0,0,0,0,0,12,0,0,0,0,0,115142,12,12,1,12,0,0,0,12,1,0
0,15,220,0,11269,220,0,0,220,220,0,0,0,235,0,220,-1,0,0,220,0,0,196,0,235,0,0,51,220,0,220,196,14,220,220,0,0,220,0,220,0,245,220,220,220,0,196,0,199,220,0,0,0,0,0,220,163,0,0,0,0,115143,220,220,1,220,0,0,0,220,1,14
0,0,12,0,11270,12,0,0,12,12,0,0,1,0,0,12,-1,0,2,12,0,0,0,0,0,0,0,51,12,0,12,196,0,12,12,0,0,12,0,12,0,0,12,12,12,0,196,0,0,12,0,0,0,0,0,12,0,0,0,0,0,115143,12,12,1,12,0,0,0,12,1,0
0,0,0,0,11271,0,0,0,0,0,0,0,0,0,0,0,-1,0,0,0,0,0,0,0,0,0,0,0,0,0,0,0,0,0,0,0,0,0,0,0,0,0,0,0,0,0,0,0,0,0,0,0,0,0,0,0,0,0,0,0,0,115144,0,0,0,0,0,0,0,0,0,0
0,0,0,0,11272,0,0,0,0,0,0,0,0,0,0,0,-1,0,2,0,0,0,0,0,0,0,0,0,0,0,0,0,0,0,0,0,0,0,0,0,0,0,0,0,0,0,0,0,0,0,0,0,0,0,0,0,0,0,0,0,0,115144,0,0,0,0,0,0,0,0,0,0
0,0,0,0,11273,0,0,0,0,0,0,0,0,0,0,0,-1,0,0,0,0,0,0,0,0,0,0,0,0,0,0,0,0,0,0,0,0,0,0,0,0,0,0,0,0,0,0,0,0,0,0,0,0,0,0,0,0,0,0,0,0,115145,0,0,0,0,0,0,0,0,0,0
0,0,0,0,11274,0,0,0,0,0,0,0,0,0,0,0,-1,0,2,0,0,0,0,0,0,0,0,0,0,0,0,0,0,0,0,0,0,0,0,0,0,0,0,0,0,0,0,0,0,0,0,0,0,0,0,0,0,0,0,0,0,115145,0,0,0,0,0,0,0,0,0,0
0,55,254,0,11275,254,0,0,0,0,0,0,0,15,0,224,-1,0,0,224,0,0,241,0,114,0,0,51,254,0,0,196,114,0,224,0,0,224,0,224,0,55,254,0,254,0,196,0,197,0,0,0,0,0,0,224,5,0,0,0,0,115146,254,0,1,254,0,0,0,224,1,15
0,253,255,0,11276,255,0,0,234,234,0,0,0,217,0,11,-1,0,2,11,0,0,255,0,12,0,0,51,255,0,234,196,12,234,11,0,0,11,0,11,0,253,255,234,255,0,196,0,234,234,0,0,0,0,0,11,11,0,0,0,0,115146,255,234,1,255,0,0,0,11,1,217
0,0,220,0,11279,220,0,0,220,220,0,0,0,0,0,220,-1,0,0,220,0,0,93,0,0,0,0,51,220,0,220,145,0,220,220,0,0,220,0,220,0,0,220,220,220,0,145,0,102,220,0,0,0,0,0,220,90,0,0,0,0,115148,220,220,1,220,0,0,0,220,1,0
0,0,12,0,11280,12,0,0,12,12,0,0,0,215,0,12,-1,0,2,12,0,0,139,0,50,0,0,51,12,0,12,145,0,12,12,0,0,12,0,12,0,139,12,12,12,0,145,0,50,12,0,0,0,0,0,12,215,0,0,0,0,115148,12,12,1,12,0,0,0,12,1,0
0,82,254,0,11281,254,0,0,132,132,0,0,0,86,0,249,-1,0,0,249,0,0,127,0,177,0,0,51,254,0,132,196,243,132,249,0,0,249,0,249,0,53,254,132,254,0,196,0,253,132,0,0,0,0,0,249,224,0,0,0,0,115149,254,132,1,254,0,0,0,249,1,203
0,104,255,0,11282,255,0,0,160,160,0,0,0,20,0,193,-1,0,2,193,0,0,145,0,54,0,0,51,255,0,160,196,94,160,193,0,0,193,0,193,0,45,255,160,255,0,196,0,124,160,0,0,0,0,0,193,59,0,0,0,0,115149,255,160,1,255,0,0,0,193,1,36
0,0,0,0,11283,0,0,0,0,0,0,0,0,0,0,0,-1,0,0,0,0,0,0,0,0,0,0,0,0,0,0,0,0,0,0,0,0,0,0,0,0,0,0,0,0,0,0,0,0,0,0,0,0,0,0,0,0,0,0,0,0,115150,0,0,0,0,0,0,0,0,0,0
0,0,0,0,11284,0,0,0,0,0,0,0,0,0,0,0,-1,0,2,0,0,0,0,0,0,0,0,0,0,0,0,0,0,0,0,0,0,0,0,0,0,0,0,0,0,0,0,0,0,0,0,0,0,0,0,0,0,0,0,0,0,115150,0,0,0,0,0,0,0,0,0,0
2149,198,220,0,14841,220,0,220,220,220,0,47,0,140,0,220,0,0,0,220,0,0,121,0,48,220,0,1,220,86,220,1,16,220,220,0,0,220,0,220,0,224,220,220,220,0,1,0,18,220,0,0,28,0,8,220,17,0,0,0,0,115202,220,220,1,220,220,0,62,220,1,85
2149,228,12,0,14843,12,0,12,12,12,0,77,0,229,0,12,0,0,1,12,0,0,184,0,229,12,0,1,12,86,12,1,228,12,12,0,0,12,0,12,0,229,12,12,12,0,1,0,184,12,0,0,16,0,4,12,184,0,0,0,0,115202,12,12,1,12,12,0,63,12,1,228
2149,230,12,0,14842,12,0,220,12,12,0,91,0,210,0,12,-1,0,2,12,0,0,29,0,23,220,0,6,12,0,12,7,22,12,12,0,0,12,0,12,0,231,12,12,12,0,7,0,29,12,0,0,7,0,0,12,29,0,1,0,0,115202,12,12,1,12,220,0,90,12,1,209
0,30,220,0,11541,220,0,0,220,220,0,76,0,30,7,220,-1,0,0,220,0,0,62,0,31,0,0,51,220,0,220,196,30,220,220,0,0,220,0,220,0,30,220,220,220,0,196,0,202,220,0,0,5,0,0,220,86,0,0,0,0,115260,220,220,1,220,0,0,93,220,1,30
0,30,220,0,11542,220,0,0,220,220,0,86,0,204,0,220,-1,0,2,220,0,0,28,0,38,0,0,51,220,0,220,196,30,220,220,0,0,220,0,220,0,225,220,220,220,0,196,0,28,220,0,0,12,0,0,220,28,0,0,0,0,115260,220,220,1,220,0,0,99,220,1,30
0,18,220,0,11547,237,0,0,47,220,0,71,0,197,0,27,-1,0,0,220,0,0,19,0,232,0,0,51,220,0,47,196,42,220,27,0,0,27,0,27,0,22,237,47,237,0,196,0,42,47,0,0,23,0,0,220,18,0,0,0,0,115263,237,220,1,220,0,0,88,220,1,18
0,30,220,0,11548,12,0,0,12,220,0,86,0,204,0,12,-1,0,2,220,0,0,28,0,38,0,0,51,220,0,12,196,30,220,12,0,0,12,0,12,0,225,12,12,12,0,196,0,28,12,0,0,12,0,0,220,28,0,0,0,0,115263,12,220,1,220,0,0,99,220,1,30
0,151,220,0,14157,220,0,220,220,220,0,98,0,28,10,220,0,0,0,220,0,0,147,0,48,220,0,1,220,78,220,138,48,220,220,0,0,220,0,220,1,147,220,220,220,0,138,0,48,220,0,0,98,0,0,220,28,0,0,0,1,115362,220,220,1,220,220,0,98,220,1,28
0,222,161,0,14156,161,0,22,47,47,0,98,0,224,0,22,0,0,1,22,0,0,224,0,224,47,0,1,161,78,47,138,222,47,22,0,0,22,0,22,1,224,161,47,161,0,138,0,224,47,0,0,98,0,0,22,224,0,0,0,1,115362,161,47,1,161,161,0,98,22,1,222
0,3,220,0,14158,220,0,220,220,220,0,92,0,128,0,220,0,0,2,220,0,0,218,0,88,220,0,1,220,78,220,138,87,220,220,0,0,220,0,220,1,3,220,220,220,0,138,0,218,220,0,0,7,0,0,220,218,0,0,0,1,115362,220,220,1,220,220,0,98,220,1,126
0,222,28,0,13651,28,0,0,160,160,0,0,0,224,11,81,-1,0,0,81,0,0,222,0,54,0,0,51,28,0,160,98,54,160,81,0,0,81,0,81,0,222,28,160,28,0,98,0,54,160,0,0,0,0,0,81,224,0,0,0,0,115364,28,160,0,28,0,3,0,81,0,224
0,66,220,0,13652,220,0,0,220,220,0,0,0,245,0,220,-1,0,2,220,0,0,66,0,173,0,0,51,220,0,220,0,173,220,220,0,0,220,0,220,0,66,220,220,220,0,98,0,173,220,0,0,0,0,0,220,245,0,0,0,0,115364,220,220,1,220,0,3,0,220,0,245
0,186,220,0,13649,220,0,0,220,220,0,0,0,32,7,220,-1,0,0,220,0,0,186,0,32,0,0,1,220,0,220,98,32,220,220,0,0,220,0,220,0,186,220,220,220,0,98,0,32,220,0,0,0,0,0,220,32,0,0,0,0,115365,220,220,1,220,0,0,0,220,0,32
0,186,220,0,13650,220,0,0,220,220,0,0,0,153,11,220,-1,0,2,220,0,0,43,0,45,0,0,1,220,0,220,98,32,220,220,0,0,220,0,220,0,43,220,220,220,0,98,0,45,220,0,0,0,0,0,220,153,0,0,0,0,115365,220,220,1,220,0,2,0,220,0,32
0,30,220,0,15821,220,0,220,220,220,0,94,0,30,0,220,0,0,0,220,0,0,232,0,30,220,353,1,220,87,220,251,30,220,220,0,0,220,0,220,0,30,220,220,220,0,251,0,232,220,0,0,5,0,0,220,232,0,0,0,0,115472,220,220,1,220,220,0,95,220,1,30
0,231,12,0,15822,12,0,12,12,12,0,91,0,231,0,12,0,0,1,12,0,0,20,0,231,12,353,1,12,86,12,251,231,12,12,0,0,12,0,12,0,231,12,12,12,0,251,0,20,12,0,0,7,0,0,12,20,0,1,0,0,115472,12,12,1,12,12,0,95,12,1,231
0,30,220,0,15823,12,0,220,220,220,0,100,0,233,0,12,0,0,2,220,0,0,245,0,87,220,353,1,220,86,12,1,30,220,220,0,0,220,0,12,0,245,220,12,220,0,1,0,87,220,0,0,100,0,0,220,233,0,0,0,0,115472,12,220,1,220,220,0,91,220,1,30
100013,9,9,0,11724,9,0,0,13,13,0,84,0,242,0,10,-1,0,0,10,0,0,41,0,242,0,100013,0,9,13,13,0,13,13,10,0,0,10,0,10,0,242,9,13,9,0,0,0,158,13,0,0,13,0,0,10,68,0,0,0,0,115486,9,13,0,9,0,0,90,10,0,10
100013,54,217,0,11725,217,0,0,217,217,0,96,0,68,0,217,-1,0,1,217,0,0,219,0,158,0,100013,0,217,13,217,0,64,217,217,0,0,217,0,217,0,41,217,217,217,0,0,0,18,217,0,0,96,0,0,217,24,0,0,0,0,115486,217,217,0,217,0,0,85,217,0,59
100013,30,220,0,11726,220,0,0,220,220,0,90,0,86,0,220,-1,0,2,220,0,0,25,0,88,0,100013,0,220,13,220,0,30,220,220,0,0,220,0,220,0,11,220,220,220,0,0,0,26,220,0,0,9,0,0,220,26,0,0,0,0,115486,220,220,0,220,0,0,100,220,0,30
100013,153,194,0,13078,194,0,0,172,172,0,86,0,34,0,187,-1,0,3,187,0,0,242,0,48,0,100013,0,194,13,172,0,153,172,187,0,0,187,0,187,0,29,194,172,194,0,0,0,242,172,0,0,8,0,0,187,242,0,0,0,0,115486,194,172,0,194,0,0,100,187,0,153
0,230,12,0,12878,12,0,12,12,12,0,51,0,231,0,12,0,0,0,12,0,0,194,0,231,12,0,6,12,76,12,12,230,12,12,0,0,12,0,12,0,231,12,12,12,0,12,0,18,12,0,0,47,0,8,12,18,0,1,0,0,115517,12,12,1,12,12,0,91,12,0,230
0,29,167,0,12879,91,0,91,91,167,0,84,0,231,7,91,0,0,1,167,0,0,32,0,231,91,0,6,167,76,91,12,29,167,91,0,0,91,0,91,0,231,91,91,91,0,12,0,32,91,0,0,6,0,8,167,32,0,0,0,0,115517,91,167,1,167,91,0,86,167,0,29
0,227,12,0,12880,12,0,12,12,12,0,96,0,19,0,12,0,0,2,12,0,0,228,0,19,12,0,1,12,76,12,1,18,12,12,0,0,12,0,12,0,228,12,12,12,0,1,0,19,12,0,0,96,0,0,12,19,0,0,0,0,115517,12,12,1,12,12,0,100,12,0,18
0,172,220,0,13644,220,0,0,220,220,0,0,0,12,7,220,-1,0,0,220,0,0,11,0,135,0,0,51,220,0,220,196,186,220,220,0,0,220,0,220,0,18,220,220,220,0,196,0,186,220,0,0,0,0,0,220,34,0,0,0,0,115524,220,220,1,220,0,0,0,220,1,15
0,0,220,0,13645,12,0,0,12,220,0,0,0,215,0,12,-1,0,2,220,0,0,230,0,11,0,0,51,220,0,12,196,0,220,12,0,0,12,0,12,0,230,12,12,12,0,196,0,11,12,0,0,0,0,0,220,215,0,0,0,0,115524,12,220,1,220,0,0,0,220,1,0
2168,231,11,0,12165,12,0,12,12,151,0,51,0,53,7,12,0,0,0,56,0,0,231,0,169,12,0,1,11,86,12,12,231,151,12,0,0,12,0,12,0,2,12,12,12,0,12,0,231,12,0,0,47,0,0,56,231,0,0,0,0,115536,12,151,1,11,12,0,100,56,1,231
2168,0,220,0,12166,220,0,220,220,220,0,78,0,54,0,220,0,0,1,220,0,0,38,0,209,220,0,1,220,86,220,12,224,220,220,0,0,220,0,220,0,3,220,220,220,0,12,0,246,220,0,0,17,0,0,220,150,0,0,0,0,115536,220,220,1,220,220,0,100,220,1,56
0,114,220,0,12167,220,0,220,220,220,0,59,0,66,0,220,0,0,2,220,0,0,97,0,66,220,0,1,220,86,220,10,36,220,220,0,0,10,0,220,0,215,112,220,220,0,10,0,31,36,0,0,40,0,0,220,9,0,0,0,0,115536,220,220,1,220,220,0,94,220,1,10
0,8,220,0,12120,220,0,220,58,220,0,83,0,38,0,220,0,0,0,220,0,0,11,0,58,220,0,151,220,78,220,287,76,220,44,0,0,44,0,220,0,204,205,220,205,0,287,0,76,58,0,0,10,0,0,220,87,0,0,0,1,115682,220,220,1,220,220,0,87,220,1,87
0,209,12,0,12121,12,0,12,220,12,0,89,0,230,0,12,0,0,1,12,0,0,208,0,204,12,0,151,12,78,12,287,205,12,220,0,0,220,0,12,0,208,220,12,220,0,287,0,204,220,0,0,89,0,0,12,230,0,0,0,1,115682,12,12,1,12,12,0,100,12,1,230
0,152,12,0,12122,12,0,12,220,12,0,95,0,152,0,12,0,0,2,12,0,0,150,0,150,12,0,151,12,78,12,287,152,12,220,0,0,220,0,12,0,150,220,12,220,0,287,0,150,220,0,0,95,0,0,12,152,0,0,0,1,115682,12,12,1,12,12,0,93,12,1,154
0,51,220,0,18193,220,0,220,220,220,0,64,0,64,19,220,0,0,0,220,0,0,246,0,183,220,0,6,220,100,220,9,182,220,220,0,0,220,0,220,0,52,220,220,220,0,9,0,31,220,0,0,17,0,0,220,203,0,0,0,0,115693,220,220,1,220,220,0,87,220,1,63
0,231,16,0,18194,16,0,75,158,158,0,59,0,226,0,75,0,0,1,75,0,0,2,0,226,158,0,6,16,85,158,9,231,158,75,0,0,75,0,75,0,226,16,158,16,0,9,0,154,158,0,0,39,0,5,75,52,0,0,0,0,115693,16,158,1,16,16,0,92,75,1,231
0,1,220,0,18195,220,0,220,220,220,0,92,0,126,0,220,0,0,2,220,0,0,0,0,80,220,0,6,220,76,220,9,80,220,220,0,0,220,0,220,0,1,220,220,220,0,9,0,45,220,0,0,7,0,0,220,57,0,0,0,0,115693,220,220,1,220,220,0,94,220,1,125
0,0,12,0,12138,12,0,12,12,12,0,54,0,92,0,12,0,0,0,12,0,0,254,0,162,12,0,1,12,0,12,1,163,12,12,0,0,12,0,12,0,0,12,12,12,0,1,0,20,12,0,0,36,0,0,12,241,0,0,0,0,115700,12,12,0,12,12,0,89,12,0,92
0,0,12,0,12139,12,0,12,12,12,0,58,0,92,0,12,0,0,0,12,0,0,254,0,163,12,0,1,12,0,12,1,163,12,12,0,0,12,0,12,0,0,12,12,12,0,1,0,0,12,0,0,33,0,0,12,243,0,0,0,0,115701,12,12,0,12,12,0,89,12,0,92
0,30,12,0,12160,12,0,12,12,12,0,34,0,29,7,12,0,0,0,12,0,0,243,0,30,12,0,1,12,0,12,1,30,12,12,0,0,12,0,12,0,29,12,12,12,0,1,0,13,12,0,0,30,0,0,12,162,0,0,0,0,115702,12,12,0,12,12,0,100,12,0,30
0,29,0,0,12161,0,0,0,0,0,0,58,0,29,0,0,-1,0,0,0,0,0,230,0,29,0,0,0,0,0,0,0,29,0,0,0,0,0,0,0,0,29,0,0,0,0,0,0,45,0,0,0,40,0,0,0,38,0,0,0,0,115703,0,0,0,0,0,0,100,0,0,29
0,29,0,0,12162,0,0,0,0,0,0,99,0,108,0,0,-1,0,2,0,0,0,74,0,83,0,0,0,0,0,0,0,29,0,0,0,0,0,0,0,0,74,0,0,0,0,0,0,83,0,0,0,99,0,0,0,108,0,0,0,0,115703,0,0,0,0,0,0,100,0,0,29
0,221,12,0,12315,12,0,12,12,12,0,95,0,222,7,12,0,0,0,12,0,0,106,0,233,12,0,1,12,76,12,1,221,12,12,0,0,12,0,12,0,106,12,12,12,0,1,0,233,12,0,0,95,0,0,12,222,0,0,0,1,115841,12,12,1,12,12,0,100,12,1,221
0,221,12,0,12316,12,0,12,12,12,0,97,0,219,7,12,0,0,1,12,0,0,219,0,219,12,0,1,12,76,12,1,221,12,12,0,0,12,0,12,0,219,12,12,12,0,1,0,219,12,0,0,97,0,0,12,219,0,0,0,1,115841,12,12,1,12,12,0,100,12,1,221
0,166,220,0,12317,220,0,220,220,220,0,76,0,17,7,220,0,0,2,220,0,0,191,0,241,220,0,1,220,76,220,1,227,220,220,0,0,220,0,220,0,174,220,220,220,0,1,0,252,220,0,0,13,0,0,220,46,0,0,0,1,115841,220,220,1,220,220,0,100,220,1,24
0,52,220,0,12318,220,0,220,220,220,0,70,0,57,7,220,0,0,0,220,0,0,14,0,64,220,0,1,220,76,220,1,64,220,220,0,0,220,0,220,0,52,220,220,220,0,1,0,152,220,0,0,14,0,0,220,101,0,0,0,1,115845,220,220,1,220,220,0,100,220,1,57
0,30,220,0,12319,12,0,12,12,220,0,39,0,231,7,12,0,0,1,220,0,0,97,0,231,12,0,1,220,76,12,1,30,220,12,0,0,12,0,12,0,231,12,12,12,0,1,0,217,12,0,0,26,0,0,220,112,0,0,0,1,115845,12,220,1,220,12,0,100,220,1,30
0,254,12,0,12320,12,0,12,42,12,0,85,0,163,7,12,0,0,2,12,0,0,32,0,0,12,0,1,12,76,12,1,0,12,139,0,0,139,0,12,0,251,227,12,227,0,1,0,29,42,0,0,5,0,0,12,31,0,0,0,1,115845,12,12,1,12,12,0,100,12,1,166
0,0,0,0,18308,0,0,0,0,0,0,0,0,0,0,0,-1,0,0,0,0,0,0,0,0,0,0,0,0,0,0,0,0,0,0,0,0,0,0,0,0,0,0,0,0,0,0,0,0,0,0,0,0,0,0,0,0,0,0,0,0,115891,0,0,0,0,0,0,0,0,0,0
350,30,12,0,17404,220,0,12,220,220,0,77,0,138,0,220,0,0,0,220,0,0,43,0,111,12,0,6,220,76,220,51,30,12,220,2,0,12,0,220,0,79,12,220,220,0,51,0,62,12,0,0,16,0,0,220,77,0,0,0,0,115892,220,220,1,220,12,0,100,12,0,30
350,231,12,0,17405,12,0,12,12,12,0,86,0,231,0,12,0,0,1,12,0,0,79,0,231,12,0,6,12,76,12,51,231,12,12,2,0,12,0,12,0,231,12,12,12,0,51,0,77,12,0,0,5,0,0,12,128,0,0,0,0,115892,12,12,1,12,12,0,99,12,0,231
350,219,12,0,17406,12,0,220,220,12,0,95,0,222,0,12,0,0,2,12,0,0,219,0,43,220,0,6,12,76,12,51,42,12,220,2,0,220,0,12,0,219,220,12,220,0,51,0,43,220,0,0,95,0,0,12,222,0,0,0,0,115892,12,12,1,12,220,0,100,12,0,222
0,245,0,0,13642,220,0,0,220,220,0,0,0,30,0,220,-1,0,0,220,0,0,232,0,74,0,0,51,220,0,220,0,44,220,220,0,0,220,0,220,0,232,220,220,220,0,196,0,74,220,0,0,0,0,0,220,30,0,0,0,0,115936,220,220,1,220,0,0,0,220,1,148
0,47,12,0,13643,12,0,0,12,12,0,0,0,241,0,12,-1,0,2,12,0,0,47,0,245,0,0,51,12,0,12,51,245,12,12,0,0,12,0,12,0,47,12,12,12,0,196,0,245,12,0,0,0,0,0,12,241,0,0,0,0,115936,12,12,1,12,0,0,0,12,1,241
0,169,220,0,14685,220,0,220,40,220,0,77,0,24,0,220,0,0,0,220,0,0,235,0,36,220,2215,79,220,100,220,272,36,220,22,0,0,75,0,220,0,167,9,220,175,0,272,0,235,153,0,0,20,0,0,220,235,0,0,0,0,115995,220,220,1,220,220,0,99,220,1,24
0,231,230,0,14686,230,0,85,92,64,0,73,0,225,3,85,0,0,1,82,0,0,189,0,225,92,2215,79,230,100,92,285,231,64,85,0,0,85,0,82,0,226,73,64,73,0,285,0,187,92,0,0,14,0,0,82,182,0,1,0,0,115995,73,64,1,230,73,0,97,82,1,231
0,170,12,0,14687,12,0,12,161,12,0,57,0,214,0,12,0,0,2,12,0,0,117,0,159,12,2215,79,12,100,12,285,161,12,215,0,0,12,0,12,0,167,12,12,170,0,285,0,121,12,0,0,36,0,0,12,189,0,0,0,0,115995,12,12,1,12,12,0,95,12,1,216
0,14,12,0,14690,175,0,29,12,12,0,95,0,17,0,29,0,0,0,12,0,0,23,0,17,42,2215,60,175,85,42,109,14,12,12,0,0,12,0,29,0,23,12,42,12,0,109,0,17,12,1,1,95,0,0,29,17,0,0,0,0,115996,175,42,1,12,175,3,99,12,1,14
0,253,57,0,14689,27,0,35,220,220,0,58,0,243,0,24,0,0,1,220,0,0,176,0,225,74,2215,60,27,85,41,109,228,126,220,0,0,81,0,24,0,251,57,41,220,0,109,0,105,126,1,1,24,0,0,24,97,0,0,0,0,115996,27,41,1,220,13,3,94,81,1,247
0,67,220,0,14688,220,0,220,12,12,0,98,0,149,7,220,0,0,2,12,0,0,67,0,93,220,2215,60,220,85,220,109,93,220,12,0,0,220,0,220,0,67,220,220,12,0,109,0,93,220,1,1,98,0,0,220,149,0,0,0,0,115996,220,220,1,12,220,3,97,220,1,150
0,29,220,0,13753,220,0,220,12,220,0,58,0,30,3,220,0,0,0,220,0,0,183,0,30,220,2215,91,220,76,220,176,29,220,12,0,0,220,0,220,0,30,220,220,12,0,176,0,60,220,1,1,36,0,0,220,46,0,0,0,0,115997,220,220,1,220,220,0,98,220,1,29
0,231,12,0,13754,12,0,12,220,12,0,92,0,231,7,12,0,0,1,12,0,0,180,0,231,12,2215,91,12,76,12,176,231,12,220,0,0,12,0,12,0,231,12,12,220,0,176,0,59,12,1,1,5,0,0,12,45,0,0,0,0,115997,12,12,1,12,12,0,98,12,1,231
0,170,12,0,13755,12,0,12,12,12,0,57,0,214,0,12,0,0,2,12,0,0,117,0,159,12,2215,91,12,76,12,176,161,12,12,0,0,220,0,12,0,167,220,12,12,0,176,0,121,220,1,0,36,0,0,12,188,0,0,0,0,115997,12,12,1,12,12,0,96,12,1,215
0,18,220,0,13789,220,0,220,0,0,0,79,0,84,0,220,0,0,0,235,0,0,89,0,50,220,2215,127,220,100,220,149,50,220,235,0,0,220,0,220,0,22,220,220,43,0,149,0,37,220,0,0,17,0,5,220,134,0,0,0,0,115998,220,220,1,43,220,0,95,220,1,82
0,230,43,0,13790,12,0,12,0,0,0,63,0,212,0,12,0,0,1,235,0,0,170,0,214,12,2215,127,12,100,12,149,230,0,235,0,0,235,0,12,0,212,43,12,43,0,149,0,175,0,0,0,34,0,5,12,172,0,0,0,0,115998,12,12,1,43,12,0,95,235,1,230
0,39,220,0,13791,220,0,220,0,0,0,83,0,113,0,220,0,0,2,235,0,0,101,0,193,220,2215,127,220,100,220,149,193,220,235,0,0,220,0,220,0,39,220,220,43,0,149,0,217,220,0,0,15,0,5,220,175,0,0,0,0,115998,220,220,1,43,220,0,95,220,1,113
0,43,220,0,14709,220,0,220,220,220,4,93,0,52,0,220,0,0,0,220,0,0,228,0,73,220,2215,1,220,87,220,13,67,220,220,0,0,220,0,220,0,43,220,220,220,0,13,0,227,220,0,0,5,0,9,220,228,0,0,0,0,115999,220,220,1,220,220,0,99,220,1,49
0,225,220,0,14710,91,0,41,91,220,4,76,0,140,0,41,0,0,1,220,0,0,224,0,160,91,2215,1,220,76,91,138,142,220,41,0,0,41,0,41,0,248,91,91,91,0,13,0,136,91,0,0,13,0,9,220,72,0,0,0,0,115999,91,220,1,220,91,0,96,220,1,96
0,176,49,0,14711,49,0,52,65,65,4,81,0,195,0,52,0,0,2,52,0,0,86,0,1,65,2215,1,49,76,65,138,1,65,52,0,0,52,0,52,0,176,49,65,49,0,138,0,68,65,0,0,15,0,9,52,121,0,0,0,0,115999,49,65,1,49,49,0,91,52,1,195
0,96,220,0,14712,12,0,12,12,220,0,83,0,229,7,12,0,0,0,220,0,0,98,0,230,12,2215,1,220,100,12,1,150,220,12,0,0,12,0,12,0,229,12,12,12,0,1,0,152,12,0,0,8,0,0,220,71,0,0,0,0,116001,12,220,1,220,12,0,100,220,1,68
0,110,220,0,14713,220,0,220,220,220,0,88,0,159,7,220,0,0,1,220,0,0,95,0,210,220,2215,1,220,100,220,1,213,220,220,0,0,220,0,220,0,110,220,220,220,0,1,0,156,220,0,0,9,0,0,220,104,0,0,0,0,116001,220,220,1,220,220,0,100,220,1,161
0,190,12,0,14714,12,0,12,12,12,0,92,0,47,0,12,0,0,2,12,0,0,239,0,43,12,2215,1,12,100,12,1,42,12,12,0,0,12,0,12,0,191,12,12,12,0,1,0,49,12,0,0,6,0,0,12,111,0,0,0,0,116001,12,12,1,12,12,0,100,12,1,46
0,183,12,0,14715,12,0,12,12,12,0,69,1,231,5,12,0,0,0,12,0,0,173,0,231,12,2215,12,12,100,12,92,34,12,12,0,0,12,0,12,0,231,12,12,12,0,41,0,47,12,0,0,22,0,0,12,36,0,0,0,0,116002,12,12,1,12,12,0,100,12,1,28
0,29,220,0,14716,220,0,220,12,220,0,87,1,35,0,220,0,0,1,220,0,0,229,0,36,220,2215,12,220,100,220,92,29,220,12,0,0,12,0,220,0,34,12,220,12,0,41,0,229,12,0,0,11,0,0,220,229,0,0,0,0,116002,220,220,1,220,220,0,100,220,1,29
0,0,220,0,14717,220,0,220,12,220,0,54,1,107,0,220,0,0,2,220,0,0,82,0,77,220,2215,12,220,100,220,92,76,220,12,0,0,12,0,220,0,58,12,220,12,0,41,0,96,12,0,0,41,0,6,220,194,0,0,0,0,116002,220,220,1,220,220,0,100,220,1,126
0,230,236,0,14718,236,0,31,41,41,0,81,0,226,7,31,0,0,0,31,0,0,207,0,226,41,2215,1,236,100,41,137,230,41,31,0,0,31,0,31,0,226,236,41,236,0,137,0,48,41,0,0,17,0,0,31,44,0,0,0,0,116003,236,41,1,236,236,0,98,31,1,230
0,163,220,0,14719,220,0,220,220,220,0,76,0,36,7,220,0,0,1,220,0,0,218,0,14,220,2215,1,220,100,220,137,7,220,220,0,0,220,0,220,0,161,220,220,220,0,137,0,23,220,0,0,19,0,0,220,29,0,0,0,0,116003,220,220,1,220,220,0,99,220,1,21
0,47,220,0,14720,220,0,220,220,220,0,76,0,116,0,220,0,0,2,220,0,0,253,0,184,220,2215,1,220,100,220,137,183,220,220,0,0,220,0,220,0,48,220,220,220,0,137,0,22,220,0,0,14,0,0,220,235,0,0,0,0,116003,220,220,1,220,220,0,98,220,1,115
0,0,1,0,14721,220,0,220,220,57,0,84,0,92,0,220,0,0,0,99,0,0,228,0,53,220,2215,1,220,100,220,3,47,57,220,0,0,220,0,220,0,3,220,220,220,0,3,0,229,220,0,0,12,0,0,220,229,0,0,0,0,116004,220,220,1,1,220,0,98,99,1,84
0,196,12,0,14722,12,0,12,12,12,0,52,0,231,0,12,0,0,1,12,0,0,194,0,230,12,2215,1,12,100,12,3,171,12,12,0,0,12,0,12,0,231,12,12,12,0,3,0,170,12,0,0,44,0,0,12,189,0,0,0,0,116004,12,12,1,12,12,0,95,12,1,190
0,234,239,0,14723,239,0,236,104,104,0,97,0,84,7,236,0,0,2,236,0,0,236,0,80,104,2215,1,239,100,104,3,79,104,236,0,0,236,0,236,0,236,239,104,239,0,3,0,80,104,0,0,97,0,0,236,84,0,0,0,0,116004,239,104,1,239,239,0,99,236,1,83
0,14,220,0,16157,220,0,220,220,220,0,85,0,64,7,220,0,0,0,220,0,0,241,0,143,220,2215,6,220,76,220,137,150,220,220,0,0,220,0,220,0,15,220,220,220,0,137,0,8,220,1,0,13,0,0,220,179,0,0,0,0,116005,220,220,1,220,220,0,96,220,1,65
0,230,48,0,16158,48,0,67,140,140,0,82,0,164,19,67,0,0,1,67,0,0,14,0,0,140,2215,6,48,76,140,137,230,140,67,0,0,67,0,67,0,230,48,140,48,0,137,0,147,140,1,0,14,0,0,67,65,0,0,0,0,116005,48,140,1,48,48,0,100,67,1,230
0,30,220,0,16159,220,0,220,220,220,0,85,0,30,0,220,0,0,2,220,0,0,231,0,30,220,2215,6,220,76,220,137,30,220,220,0,0,220,0,220,0,30,220,220,220,0,137,0,231,220,1,0,12,0,0,220,231,0,0,0,0,116005,220,220,1,220,220,0,100,220,1,30
0,231,220,0,12605,220,0,12,12,45,0,70,0,26,0,220,0,0,0,30,0,0,231,0,44,12,2216,154,234,356,220,293,231,220,12,2,0,12,0,220,1,147,12,220,12,0,293,0,231,12,0,0,28,0,0,30,231,0,0,0,0,116009,220,45,1,234,12,0,97,220,1,231
0,53,12,0,12606,220,0,12,12,220,0,98,0,58,0,220,0,0,1,220,0,0,55,0,85,12,2216,154,220,356,220,293,69,12,12,2,0,12,0,220,0,55,12,220,12,0,293,0,85,12,0,0,98,0,0,220,58,0,0,0,0,116009,220,220,1,220,12,0,99,12,1,53
0,233,220,0,12607,12,0,12,220,12,0,93,0,233,0,12,0,0,2,12,0,0,132,0,125,12,2216,154,12,356,12,293,152,220,220,0,0,220,0,12,0,239,220,12,220,0,293,0,48,220,0,1,6,0,0,12,34,0,0,0,0,116009,12,12,1,12,12,0,96,220,1,236
0,45,12,0,12608,220,0,12,12,220,0,96,0,65,7,220,0,0,0,220,0,0,47,0,125,12,102216,154,220,356,220,293,120,12,12,2,0,12,0,220,1,47,12,220,12,0,293,0,125,12,0,0,96,0,5,220,65,0,0,0,0,116010,220,220,1,220,12,0,95,12,1,62
0,227,220,0,12609,12,0,220,220,12,0,93,0,226,0,12,0,0,1,12,0,0,230,0,211,220,102216,154,12,356,12,293,208,220,220,2,0,220,0,12,1,230,220,12,220,0,293,0,211,220,0,0,93,0,5,12,226,0,0,0,0,116010,12,12,1,12,220,0,95,220,1,223
0,232,220,0,12610,12,0,220,220,12,0,82,0,118,0,12,0,0,2,12,0,0,252,0,51,220,102216,154,12,356,12,293,50,220,220,2,0,220,0,12,1,231,220,12,220,0,293,0,139,220,0,0,14,0,6,12,210,0,0,0,0,116010,12,12,1,12,220,0,95,220,1,117
0,34,12,0,12611,0,0,220,220,220,0,69,0,226,0,28,0,0,0,220,0,0,33,0,226,220,2216,154,220,356,78,293,64,12,220,2,0,220,0,28,1,226,220,78,220,0,293,0,60,220,1,0,11,0,5,220,36,0,0,0,0,116011,0,220,1,220,220,0,91,12,1,37
0,30,12,0,12612,220,0,12,12,220,0,97,0,31,0,220,0,0,1,220,0,0,31,0,31,12,2216,154,220,356,220,293,30,12,12,2,0,12,0,220,1,31,12,220,12,0,293,0,31,12,1,0,97,0,5,220,31,0,0,0,0,116011,220,220,1,220,12,0,97,12,1,30
0,119,12,0,12613,220,0,12,12,220,0,83,0,0,0,220,0,0,2,220,0,0,210,0,102,12,2216,154,220,356,220,293,102,220,12,2,0,12,0,220,1,120,12,220,12,0,293,0,149,12,1,0,14,0,6,220,75,0,0,0,0,116011,220,220,1,220,12,0,95,12,1,0
0,30,12,0,12620,220,0,12,12,220,0,91,0,26,7,220,0,0,0,220,0,0,27,0,37,12,2216,154,220,356,220,293,30,12,12,2,0,12,0,220,0,198,12,220,12,0,293,0,27,12,0,0,6,0,0,220,27,0,0,0,0,116012,220,220,1,220,12,0,99,12,1,30
0,59,12,0,12621,12,0,12,220,220,0,80,0,229,7,12,0,0,1,220,0,0,201,0,230,12,2216,154,220,356,12,293,67,12,220,0,0,220,0,12,0,229,220,12,220,0,293,0,219,220,0,0,16,0,0,220,194,0,0,0,0,116012,12,220,1,220,12,0,99,12,1,45
0,85,12,0,12622,220,0,12,12,220,0,67,0,72,0,220,0,0,2,220,0,0,38,0,75,12,2216,154,220,356,220,293,89,12,12,2,0,12,0,220,1,72,12,220,12,0,293,0,40,12,0,0,26,0,0,220,38,0,0,0,0,116012,220,220,1,220,12,0,92,12,1,85
0,50,12,0,12614,0,0,220,220,220,0,50,0,84,7,28,0,0,0,220,0,0,231,0,159,220,2216,154,220,356,78,293,159,12,220,2,0,220,0,28,0,50,220,78,220,0,293,0,231,220,0,0,47,0,8,220,231,0,0,0,0,116013,0,220,1,220,220,0,97,12,1,84
0,138,12,0,12615,220,0,12,12,220,0,69,0,167,0,220,0,0,1,220,0,0,138,0,203,12,2216,154,220,356,220,293,180,12,12,2,0,12,0,220,0,177,12,220,12,0,293,0,179,12,0,0,29,0,8,220,125,0,0,0,0,116013,220,220,1,220,12,0,99,12,1,125
0,29,12,0,12616,220,0,12,12,220,0,83,0,30,0,220,0,0,2,220,0,0,105,0,30,12,2216,154,220,356,220,293,29,12,12,2,0,12,0,220,0,30,12,220,12,0,293,0,109,12,0,0,13,0,9,220,107,0,0,0,0,116013,220,220,1,220,12,0,100,12,1,29
0,124,12,0,12617,220,0,12,12,220,0,94,0,42,7,220,0,0,0,220,0,0,124,0,63,12,2216,154,220,356,220,293,63,12,12,2,0,12,0,220,1,124,12,220,12,0,293,0,63,12,1,0,94,0,0,220,42,0,0,0,0,116014,220,220,1,220,12,0,99,12,1,42
0,41,12,0,12618,12,0,220,220,220,0,91,0,216,0,12,0,0,1,220,0,0,47,0,192,220,2216,154,220,356,12,293,61,12,220,2,0,220,0,12,1,238,220,12,220,0,293,0,64,220,1,0,7,0,0,220,48,0,0,0,0,116014,12,220,1,220,220,0,96,12,1,46
0,185,220,0,12619,12,0,12,220,12,0,86,0,214,0,12,0,0,2,12,0,0,47,0,69,12,2216,154,12,356,12,293,58,220,220,0,0,220,0,12,1,187,220,12,220,0,293,0,99,220,1,0,11,0,0,12,79,0,0,0,0,116014,12,12,1,12,12,0,90,220,1,212
0,231,220,0,12632,220,0,12,12,12,0,80,0,33,0,220,0,0,0,12,0,0,151,0,47,12,2216,154,12,356,220,293,231,220,12,2,0,12,0,220,1,58,12,220,12,0,293,0,218,12,1,0,15,0,0,12,177,0,0,0,0,116015,220,12,1,12,12,0,97,220,1,231
0,30,12,0,12633,220,0,12,12,220,0,89,0,31,0,220,0,0,1,220,0,0,82,0,31,12,2216,154,220,356,220,293,30,12,12,2,0,12,0,220,1,31,12,220,12,0,293,0,86,12,1,0,5,0,0,220,83,0,0,0,0,116015,220,220,1,220,12,0,98,12,1,30
0,233,220,0,12634,239,0,220,220,39,0,93,0,232,0,0,0,0,2,0,0,0,130,0,113,220,2216,154,239,356,39,293,152,220,220,2,0,220,0,0,1,241,220,39,220,0,293,0,47,220,1,0,5,0,0,0,34,0,0,0,0,116015,239,39,1,239,220,0,96,220,1,236
0,34,12,0,12629,220,0,12,12,220,0,98,0,57,7,220,0,0,0,220,0,0,33,0,114,12,2216,154,220,356,220,293,127,12,12,2,0,12,0,220,1,33,12,220,12,0,293,0,114,12,1,0,98,0,0,220,57,0,0,0,0,116016,220,220,1,220,12,0,100,12,1,62
0,35,12,0,12630,0,0,220,220,220,0,94,0,232,9,28,0,0,1,220,0,0,242,0,177,220,2216,154,220,356,78,293,73,12,220,2,0,220,0,28,1,242,220,78,220,0,293,0,177,220,1,0,94,0,0,220,232,0,0,0,0,116016,0,220,1,220,220,0,100,12,1,41
0,110,12,0,12631,220,0,12,12,220,0,94,0,196,0,220,0,0,2,220,0,0,110,0,135,12,2216,154,220,356,220,293,135,12,12,2,0,12,0,220,1,110,12,220,12,0,293,0,135,12,1,0,94,0,0,220,196,0,0,0,0,116016,220,220,1,220,12,0,100,12,1,196
0,33,12,0,12623,0,0,220,220,220,0,89,0,162,0,28,0,0,0,220,0,0,230,0,214,220,2216,154,220,356,78,293,56,220,220,2,0,220,0,28,1,107,220,78,220,0,293,0,236,220,1,0,7,0,10,220,233,0,0,0,0,116017,0,220,1,220,220,0,93,12,1,34
0,29,12,0,12624,220,0,12,12,220,0,99,0,29,8,220,0,0,1,220,0,0,29,0,29,12,2216,154,220,356,220,293,29,12,12,2,0,12,0,220,1,29,12,220,12,0,293,0,29,12,1,0,99,0,0,220,29,0,0,0,0,116017,220,220,1,220,12,0,99,12,1,29
0,189,12,0,12625,220,0,12,12,220,0,77,0,76,0,220,0,0,2,220,0,0,57,0,137,12,2216,154,220,356,220,293,137,12,12,2,0,12,0,220,0,195,12,220,12,0,293,0,177,12,1,0,10,0,0,220,190,0,0,0,0,116017,220,220,1,220,12,0,89,12,1,81
0,59,12,0,12638,220,0,12,12,220,0,93,0,73,7,220,0,0,0,220,0,0,60,0,129,12,2216,154,220,356,220,293,128,12,12,2,0,12,0,220,0,60,12,220,12,0,293,0,129,12,1,0,93,0,0,220,73,0,0,0,0,116020,220,220,1,220,12,0,98,12,1,72
0,45,12,0,12639,220,0,12,12,220,0,88,0,52,0,220,0,0,1,220,0,0,6,0,78,12,2216,154,220,356,220,293,77,12,12,2,0,12,0,220,0,44,12,220,12,0,293,0,119,12,1,0,7,0,0,220,124,0,0,0,0,116020,220,220,1,220,12,0,98,12,1,49
0,171,220,0,12640,12,0,220,220,12,0,73,0,218,0,12,0,0,2,12,0,0,119,0,161,220,2216,154,12,356,12,293,162,220,220,2,0,220,0,12,0,169,220,12,220,0,293,0,122,220,1,0,21,0,0,12,190,0,0,0,0,116020,12,12,1,12,220,0,97,220,1,218
0,182,220,0,14725,209,0,25,220,220,0,90,0,229,7,25,0,0,0,220,0,0,184,0,229,44,2215,100,220,100,44,159,40,220,220,0,0,220,0,25,0,229,220,44,220,0,159,0,44,220,0,0,5,0,0,220,33,0,0,0,0,116021,209,220,1,220,209,0,89,220,1,32
0,29,250,0,14726,250,0,181,220,45,0,91,0,45,0,181,0,0,1,181,0,0,195,0,80,45,2215,100,250,100,45,159,79,45,220,0,0,220,0,181,0,30,220,45,220,0,159,0,50,220,0,0,5,0,0,181,35,0,0,0,0,116021,250,45,1,250,250,0,84,181,1,43
0,242,12,0,14727,12,0,12,59,12,0,96,0,141,0,12,0,0,2,12,0,0,244,0,72,12,2215,100,12,100,12,159,73,12,138,0,0,12,0,12,0,244,12,12,255,0,159,0,72,12,0,0,96,0,0,12,141,0,0,0,0,116021,12,12,1,12,12,0,96,12,1,141
0,231,27,0,12641,27,0,41,140,91,0,87,0,231,3,41,0,0,0,41,0,0,49,0,231,91,102218,128,27,100,91,249,231,91,140,0,0,140,0,41,0,231,140,91,140,0,249,0,147,140,0,1,7,0,0,41,61,0,0,0,0,116033,27,91,1,27,27,0,97,41,1,231
0,41,220,0,12642,220,0,12,140,220,0,95,0,40,13,220,0,0,1,220,0,0,41,0,67,12,102218,128,220,100,220,249,67,220,140,2,0,140,0,220,0,41,140,220,140,0,249,0,67,140,0,1,95,0,0,220,40,0,0,0,0,116033,220,220,1,220,12,0,98,220,1,41
0,159,140,0,12643,220,0,12,140,220,0,92,0,55,0,220,0,0,2,220,0,0,130,0,122,12,102218,128,220,100,220,249,135,140,140,0,0,140,0,220,0,130,140,220,140,0,249,0,122,140,0,0,92,0,0,220,55,0,0,0,0,116033,220,220,1,220,12,0,96,140,1,57
0,22,140,0,12644,220,0,220,140,220,0,97,0,32,7,220,0,0,0,220,0,0,23,0,67,220,2218,128,220,100,220,249,64,140,140,0,0,140,0,220,0,23,140,220,140,0,249,0,67,140,0,0,97,0,5,220,32,0,0,0,0,116034,220,220,1,220,220,0,99,140,1,31
0,230,140,0,12645,27,0,41,140,91,0,89,0,231,0,41,0,0,1,41,0,0,48,0,231,91,2218,128,27,100,91,249,230,140,140,0,0,140,0,41,0,231,140,91,140,0,249,0,79,140,0,0,5,0,0,41,53,0,0,0,0,116034,27,91,1,27,27,0,89,140,1,230
0,11,140,0,12646,220,0,220,140,220,0,81,0,126,0,220,0,0,2,220,0,0,43,0,67,220,2218,128,220,100,220,249,67,140,140,0,0,140,0,220,0,11,140,220,140,0,249,0,77,140,0,0,15,0,9,220,193,0,0,0,0,116034,220,220,1,220,220,0,95,140,1,126
0,44,140,0,12647,220,0,220,140,220,0,92,0,52,11,220,0,0,0,220,0,0,45,0,71,220,2218,128,220,76,220,249,70,140,140,0,0,140,0,220,0,45,140,220,140,0,249,0,71,140,0,0,92,0,9,220,52,0,0,0,0,116035,220,220,1,220,220,0,97,140,1,51
0,231,140,0,12648,27,0,140,140,91,0,86,0,231,0,41,0,0,1,41,0,0,44,0,231,140,2218,128,27,76,91,249,231,140,140,2,0,140,0,41,0,231,140,91,140,0,249,0,70,140,0,0,8,0,9,41,51,0,0,0,0,116035,27,91,1,27,140,0,97,140,1,231
0,170,140,0,12649,12,0,140,140,12,0,58,0,214,0,12,0,0,2,12,0,0,117,0,158,140,2218,128,12,76,12,249,161,140,140,2,0,140,0,12,0,166,140,12,140,0,249,0,121,140,0,0,36,0,0,12,189,0,0,0,0,116035,12,12,1,12,140,0,96,140,1,216
0,30,12,0,12650,220,0,12,29,220,0,69,0,29,0,220,0,0,0,220,0,0,205,0,29,12,2218,128,220,100,220,249,30,12,21,2,0,21,0,220,0,32,146,220,146,0,249,0,5,29,0,0,27,0,3,220,1,0,0,0,0,116036,220,220,1,220,12,0,96,12,1,30
0,231,140,0,12651,12,0,12,140,12,0,88,0,231,0,12,0,0,1,12,0,0,36,0,231,12,2218,128,12,0,12,249,231,140,140,0,0,140,0,12,0,231,140,12,140,0,249,0,36,140,0,0,7,0,3,12,36,0,0,0,0,116036,12,12,1,12,12,0,97,140,1,231
0,245,140,0,12652,220,0,12,12,220,0,88,0,97,0,220,0,0,2,220,0,0,35,0,1,12,2218,128,220,0,220,249,1,140,12,2,0,140,0,220,0,245,140,220,12,0,249,0,35,140,0,0,8,0,3,220,35,0,0,0,0,116036,220,220,1,220,12,0,97,140,1,98
0,222,140,0,12656,220,0,220,140,140,0,76,0,49,5,220,0,0,0,140,0,0,220,0,73,220,2218,128,27,76,220,249,40,140,140,0,0,140,0,220,0,42,140,220,140,0,249,0,39,140,0,0,23,0,5,41,79,0,0,0,0,116037,220,91,1,140,220,0,98,140,1,80
0,230,140,0,12657,12,0,12,140,140,0,85,0,231,5,12,0,0,1,140,0,0,223,0,231,12,2218,128,12,76,12,249,230,140,140,0,0,140,0,12,0,231,140,12,140,0,249,0,42,140,0,0,8,0,5,12,81,0,0,0,0,116037,12,12,1,140,12,0,97,140,1,230
0,247,140,0,12658,12,0,140,140,140,0,59,0,180,0,12,0,0,2,140,0,0,251,0,50,140,2218,128,12,76,12,249,49,140,140,2,0,140,0,12,0,245,140,12,140,0,249,0,69,140,0,0,40,0,0,12,219,0,0,0,0,116037,12,12,1,140,140,0,58,140,1,178
0,183,140,0,12659,220,0,140,140,220,0,98,0,1,0,220,0,0,0,220,0,0,178,0,3,140,2218,128,220,76,220,249,3,140,140,2,0,140,0,220,0,178,140,220,140,0,249,0,3,140,0,0,98,0,8,220,1,0,0,0,0,116039,220,220,1,220,140,0,95,140,1,1
0,48,140,0,12660,220,0,140,140,220,0,98,0,57,0,220,0,0,1,220,0,0,48,0,92,140,2218,128,220,76,220,249,93,140,140,2,0,140,0,220,0,48,140,220,140,0,249,0,92,140,0,0,98,0,8,220,57,0,0,0,0,116039,220,220,1,220,140,0,100,140,1,57
0,169,140,0,12661,12,0,140,140,12,0,98,0,222,0,12,0,0,2,12,0,0,168,0,0,140,2218,128,12,86,12,249,0,140,140,2,0,140,0,12,0,168,140,12,140,0,249,0,0,140,0,0,98,0,8,12,222,0,0,0,0,116039,12,12,1,12,140,0,99,140,1,222
0,230,12,0,12674,220,0,12,140,220,0,67,0,125,7,220,0,0,0,220,0,0,230,0,81,12,2218,128,12,100,220,249,231,12,140,2,0,140,0,220,0,7,140,220,140,0,249,0,230,140,0,0,30,0,0,12,230,0,0,0,0,116044,220,12,1,220,12,0,96,12,1,230
0,3,12,0,12675,12,0,12,220,12,0,86,0,228,7,12,0,0,1,12,0,0,3,0,228,12,2218,128,220,100,12,249,93,12,220,0,0,220,0,12,0,228,220,12,220,0,249,0,91,220,0,0,12,0,0,220,135,0,0,0,0,116044,12,220,1,12,12,0,98,12,1,136
0,247,12,0,12676,12,0,12,220,12,0,95,0,224,0,12,0,0,2,12,0,0,248,0,22,12,2218,128,12,100,12,249,22,12,220,0,0,220,0,12,0,248,220,12,220,0,249,0,22,220,0,0,95,0,0,12,224,0,0,0,0,116044,12,12,1,12,12,0,98,12,1,223
0,92,12,0,13424,12,0,0,12,12,0,0,0,220,7,12,-1,0,0,12,0,0,234,0,220,0,0,51,12,0,12,196,24,12,12,0,0,12,0,12,0,220,12,12,12,0,196,0,65,12,0,0,0,0,0,12,40,0,1,0,0,116101,12,12,1,12,0,0,0,12,1,181
0,12,12,0,13425,12,0,0,12,12,0,0,0,12,7,12,-1,0,2,12,0,0,12,0,12,0,0,51,12,0,12,196,12,12,12,0,0,12,0,12,0,12,12,12,12,0,196,0,12,12,0,0,0,0,0,12,12,0,0,0,0,116101,12,12,1,12,0,0,0,12,1,12
0,205,220,0,13428,220,0,0,220,220,0,86,0,28,7,220,-1,0,0,220,0,0,199,0,28,0,0,133,220,0,220,260,29,220,220,0,0,220,0,220,0,199,220,220,220,0,260,0,28,220,0,0,86,0,0,220,28,0,0,0,0,116121,220,220,1,220,0,0,96,220,1,29
0,232,176,0,13429,176,0,0,41,41,0,92,0,231,7,42,-1,0,1,42,0,0,231,0,231,0,0,133,176,0,41,260,232,41,42,0,0,42,0,42,0,231,176,41,176,0,260,0,231,41,0,0,92,0,0,42,231,0,1,0,0,116121,176,41,1,176,0,0,100,42,1,232
0,57,220,0,13430,220,0,0,220,220,0,77,0,145,7,220,-1,0,2,220,0,0,204,0,16,0,0,133,220,0,220,260,17,220,220,0,0,220,0,220,0,56,220,220,220,0,260,0,30,220,0,0,6,0,0,220,29,0,0,0,0,116121,220,220,1,220,0,0,98,220,1,146
0,14,193,0,14021,193,0,135,52,52,0,98,0,27,7,135,-1,0,0,135,0,0,23,0,37,52,0,133,193,0,52,260,49,52,135,0,0,135,0,135,0,23,193,52,193,0,260,0,37,52,0,0,98,0,0,135,27,0,0,0,0,116177,193,52,1,193,193,0,100,135,1,24
0,232,12,0,16626,12,0,12,12,12,0,66,0,228,7,12,-1,0,1,12,0,0,164,0,225,12,0,133,12,0,12,260,228,12,12,0,0,12,0,12,0,228,12,12,12,0,260,0,161,12,0,0,32,0,0,12,164,0,1,0,0,116177,12,12,1,12,12,0,100,12,1,231
0,218,12,0,14022,12,0,12,12,12,0,98,0,177,7,12,-1,0,2,12,0,0,206,0,97,12,0,133,12,0,12,260,101,12,12,0,0,12,0,12,0,206,12,12,12,0,260,0,97,12,0,0,98,0,0,12,177,0,1,0,0,116177,12,12,1,12,12,0,100,12,1,186
0,9,141,0,14147,141,0,128,70,70,0,81,0,70,7,128,-1,0,0,128,0,0,176,0,59,70,0,133,141,0,70,260,59,70,128,0,0,128,0,128,0,8,141,70,141,0,260,0,104,70,0,0,10,0,0,128,163,0,0,0,0,116178,141,70,1,141,141,0,97,128,1,71
0,229,141,0,14148,141,0,128,70,70,0,80,0,231,7,128,-1,0,1,128,0,0,179,0,230,70,0,133,141,0,70,260,228,70,128,0,0,128,0,128,0,230,141,70,141,0,260,0,130,70,0,0,14,0,0,128,172,0,1,0,0,116178,141,70,1,141,141,0,94,128,1,231
0,81,195,0,14149,195,0,195,195,195,0,83,0,159,7,195,-1,0,2,195,0,0,184,0,147,195,0,133,195,0,195,260,147,195,195,0,0,195,0,195,0,80,195,195,195,0,260,0,200,195,0,0,12,0,0,195,207,0,0,0,0,116178,195,195,1,195,195,0,96,195,1,159
0,31,152,0,14111,152,0,0,18,18,0,53,0,31,7,18,-1,0,0,18,0,0,68,0,30,0,0,133,152,0,18,260,31,18,18,0,0,18,0,18,0,30,152,18,152,0,260,0,71,18,0,0,13,0,0,18,80,0,0,0,0,116188,152,18,1,152,0,0,80,18,1,31
0,213,12,0,14112,12,0,0,12,12,0,24,0,60,7,12,-1,0,1,12,0,0,151,0,41,0,0,133,12,0,12,260,13,12,12,0,0,12,0,12,0,224,12,12,12,0,260,0,13,12,0,0,18,0,0,12,20,0,0,0,0,116188,12,12,1,12,0,0,79,12,1,11
0,138,255,0,14113,255,0,0,0,0,0,35,0,196,7,191,-1,0,2,191,0,0,92,0,240,0,0,133,255,0,0,260,243,0,191,0,0,191,0,191,0,146,255,0,255,0,260,0,195,0,0,0,24,0,0,191,144,0,0,0,0,116188,255,0,1,255,0,0,62,191,1,193
0,141,12,0,14155,12,0,0,12,12,0,81,0,219,0,12,-1,0,0,12,0,0,166,0,210,0,0,133,12,0,12,260,209,12,12,0,0,12,0,12,0,142,12,12,12,0,260,0,233,12,0,0,7,0,0,12,151,0,0,0,0,116189,12,12,1,12,0,0,100,12,1,220
0,231,12,0,14153,12,0,0,12,12,0,56,0,231,0,12,-1,0,1,12,0,0,130,0,231,0,0,133,12,0,12,260,231,12,12,0,0,12,0,12,0,229,12,12,12,0,260,0,204,12,0,0,42,0,0,12,216,0,0,0,0,116189,12,12,1,12,0,0,73,12,1,231
0,30,220,0,14154,220,0,0,220,220,0,93,0,28,0,220,-1,0,2,220,0,0,36,0,40,0,0,133,220,0,220,260,30,220,220,0,0,220,0,220,0,36,220,220,220,0,260,0,40,220,0,0,93,0,0,220,28,0,0,0,0,116189,220,220,1,220,0,0,86,220,1,30
0,2,235,0,14639,99,0,0,97,49,0,68,0,16,20,128,-1,0,0,128,0,0,0,0,33,0,0,133,235,0,49,260,33,49,246,0,0,246,0,246,0,2,99,97,99,0,260,0,93,97,0,0,10,0,0,128,250,0,0,0,0,116196,235,49,1,235,0,0,98,128,1,16
0,38,235,0,14640,235,0,0,49,49,0,80,0,87,20,128,-1,0,2,128,0,0,58,0,93,0,0,133,235,0,49,260,93,49,128,0,0,128,0,128,0,37,235,49,235,0,260,0,177,49,0,0,18,0,0,128,162,0,0,0,0,116196,235,49,1,235,0,0,97,128,1,87
0,185,227,0,15429,227,0,0,0,0,0,49,0,18,7,212,-1,0,0,212,0,0,243,0,20,0,0,133,227,0,0,260,77,0,212,0,0,212,0,212,0,19,227,0,227,0,260,0,113,0,0,0,9,0,0,212,234,0,0,0,0,116197,227,0,1,227,0,0,20,212,1,101
0,20,220,0,15430,220,0,0,220,220,0,64,0,16,7,220,-1,0,1,220,0,0,211,0,16,0,0,133,220,0,220,260,20,220,220,0,0,220,0,220,0,16,220,220,220,0,260,0,211,220,0,0,13,0,0,220,211,0,0,0,0,116197,220,220,1,220,0,0,91,220,1,20
0,245,12,0,15431,12,0,0,12,12,0,70,0,131,7,12,-1,0,2,12,0,0,240,0,41,0,0,133,12,0,12,260,40,12,12,0,0,12,0,12,0,243,12,12,12,0,260,0,136,12,0,0,8,0,0,12,235,0,1,0,0,116197,12,12,1,12,0,0,72,12,1,131
0,231,135,0,15426,135,0,0,48,48,0,93,0,228,7,114,-1,0,0,114,0,0,228,0,226,0,0,133,135,0,48,260,231,48,114,0,0,114,0,114,0,228,135,48,135,0,260,0,226,48,0,0,93,0,0,114,228,0,0,0,0,116198,135,48,1,135,0,0,99,114,1,231
0,30,99,0,15427,99,0,0,33,33,0,85,0,30,7,72,-1,0,1,72,0,0,221,0,30,0,0,133,99,0,33,260,30,33,72,0,0,72,0,72,0,30,99,33,99,0,260,0,199,33,0,0,5,0,0,72,218,0,0,0,0,116198,99,33,1,99,0,0,99,72,1,30
0,254,12,0,15428,12,0,0,12,12,0,86,0,151,7,12,-1,0,2,12,0,0,254,0,5,0,0,133,12,0,12,260,1,12,12,0,0,12,0,12,0,254,12,12,12,0,260,0,128,12,0,0,11,0,0,12,217,0,0,0,0,116198,12,12,1,12,0,0,99,12,1,149
0,5,214,0,14641,214,0,0,111,111,0,83,0,40,7,175,-1,0,0,175,0,0,5,0,46,0,0,133,214,0,111,260,46,111,175,0,0,175,0,175,0,5,214,111,214,0,260,0,46,111,0,0,83,0,0,175,40,0,0,0,0,116199,214,111,1,214,0,0,94,175,1,39
0,231,183,0,14642,183,0,0,51,51,0,81,0,231,7,134,-1,0,1,134,0,0,80,0,231,0,0,133,183,0,51,260,231,51,134,0,0,134,0,134,0,231,183,51,183,0,260,0,151,51,0,0,7,0,0,134,172,0,1,0,0,116199,183,51,1,183,0,0,94,134,1,231
0,24,214,0,14643,214,0,0,111,111,0,83,0,27,7,175,-1,0,2,175,0,0,24,0,82,0,0,133,214,0,111,260,78,111,175,0,0,175,0,175,0,24,214,111,214,0,260,0,82,111,0,0,83,0,0,175,27,0,0,0,0,116199,214,111,1,214,0,0,94,175,1,26
0,30,220,0,14652,220,0,0,220,220,0,88,0,30,7,220,-1,0,0,220,0,0,81,0,30,0,0,133,220,0,220,260,30,220,220,0,0,220,0,220,0,30,220,220,220,0,260,0,81,220,0,0,11,0,0,220,81,0,0,0,0,116201,220,220,1,220,0,0,96,220,1,30
0,216,220,0,14653,220,0,0,220,220,0,86,0,32,7,220,-1,0,2,220,0,0,225,0,55,0,0,133,220,0,220,260,55,220,220,0,0,220,0,220,0,218,220,220,220,0,260,0,159,220,0,0,12,0,0,220,150,0,0,0,0,116201,220,220,1,220,0,0,96,220,1,32
0,30,203,0,15693,203,0,0,51,51,0,95,0,33,7,177,-1,0,0,177,0,0,33,0,32,0,0,133,203,0,51,260,30,51,177,0,0,177,0,177,0,33,203,51,203,0,260,0,32,51,0,0,95,0,0,177,33,0,0,0,0,116202,203,51,1,203,0,0,96,177,1,30
0,230,162,0,15694,162,0,0,40,40,0,95,0,226,7,140,-1,0,1,140,0,0,226,0,226,0,0,133,162,0,40,260,230,40,140,0,0,140,0,140,0,226,162,40,162,0,260,0,226,40,0,0,95,0,0,140,226,0,1,0,0,116202,162,40,1,162,0,0,96,140,1,230
0,253,12,0,15695,12,0,0,12,12,0,97,0,174,7,12,-1,0,2,12,0,0,252,0,137,0,0,133,12,0,12,260,142,12,12,0,0,12,0,12,0,252,12,12,12,0,260,0,137,12,0,0,97,0,0,12,174,0,1,0,0,116202,12,12,1,12,0,0,97,12,1,177
0,30,12,0,13759,32,0,12,12,96,0,71,0,230,3,12,0,0,0,94,0,0,30,0,230,12,0,22,220,100,12,28,30,12,12,0,0,220,0,32,0,230,220,32,12,0,28,0,30,220,0,1,19,0,0,220,30,0,0,0,0,116280,12,220,1,96,12,0,99,12,1,30
0,121,12,0,13760,220,0,220,220,220,0,62,0,169,0,220,0,0,1,220,0,0,199,0,191,220,0,22,220,100,220,266,182,12,220,0,0,12,0,220,0,142,12,220,220,0,266,0,220,12,0,1,31,0,0,220,217,0,0,0,0,116280,220,220,1,220,220,0,94,12,1,152
0,210,12,0,13761,220,0,220,220,220,0,91,0,44,0,220,0,0,2,220,0,0,231,0,60,220,0,22,220,100,220,28,80,12,220,0,0,12,0,220,0,206,12,220,220,0,28,0,230,12,0,0,5,0,0,220,230,0,1,0,0,116280,220,220,1,220,220,0,97,12,1,56
0,107,237,0,16231,237,0,138,66,0,0,89,0,39,3,138,0,0,0,138,0,0,230,0,65,0,0,22,237,87,0,281,66,0,40,0,0,40,0,138,0,106,107,0,107,0,281,0,2,66,0,1,9,0,0,138,134,0,0,0,0,116282,237,0,1,237,237,0,97,138,1,40
0,18,236,0,16232,12,0,12,0,0,0,87,0,119,0,12,0,0,1,137,0,0,36,0,7,12,0,22,236,87,12,281,18,0,137,0,0,137,0,12,0,229,236,12,236,0,281,0,36,0,0,1,7,0,0,137,36,0,0,0,0,116282,12,0,1,236,12,0,98,137,1,18
0,68,195,0,16233,195,0,222,12,130,0,53,0,85,0,222,0,0,2,222,0,0,30,0,88,130,0,22,195,86,130,281,70,130,12,0,0,222,0,222,0,85,195,130,12,0,281,0,30,130,0,1,41,0,0,222,30,0,0,0,0,116282,195,130,1,195,195,0,96,222,1,68
0,43,162,0,13771,162,0,12,12,96,0,97,0,37,0,143,-1,0,0,143,0,0,43,0,50,12,0,71,162,0,96,73,50,96,12,0,0,143,0,143,0,43,162,96,12,0,73,0,50,96,0,0,97,0,0,143,37,0,0,0,0,116300,162,96,1,162,12,0,100,143,1,37
0,42,207,0,13772,207,0,255,115,94,0,69,0,17,26,255,0,0,1,255,0,0,115,0,115,94,0,71,207,0,94,73,114,94,17,0,0,255,0,255,0,43,207,94,43,0,73,0,204,94,0,0,27,0,8,255,137,0,1,0,0,116300,207,94,1,207,207,0,100,255,1,17
0,219,12,0,13773,12,0,12,173,12,0,52,0,124,0,12,0,0,2,12,0,0,231,0,158,12,0,71,12,100,12,73,158,12,135,0,0,12,0,12,0,220,12,12,240,0,73,0,198,12,0,0,45,0,6,12,184,0,0,0,0,116300,12,12,1,12,12,0,60,12,1,123
0,78,231,0,13777,78,0,78,140,140,0,56,0,239,7,78,0,0,0,163,0,0,252,0,183,68,0,71,231,100,68,73,68,140,163,0,0,78,0,78,0,241,78,68,231,0,73,0,145,68,0,0,30,0,6,163,173,0,0,0,0,116302,78,140,1,231,78,0,93,163,1,78
0,26,220,0,13778,220,0,12,12,12,0,88,0,26,0,220,-1,0,1,12,0,0,157,0,29,12,0,71,220,0,220,73,26,220,12,0,0,12,0,220,0,35,12,220,12,0,73,0,55,12,0,0,9,0,0,220,27,0,0,0,0,116302,220,220,1,12,12,0,100,220,1,26
0,118,220,0,13779,220,0,220,143,220,0,53,0,18,0,220,0,0,2,220,0,0,203,0,91,220,0,71,220,100,220,73,91,220,70,0,0,220,0,220,0,119,220,220,214,0,73,0,136,220,0,0,44,0,6,220,66,0,0,0,0,116302,220,220,1,220,220,0,60,220,1,18
0,31,12,0,13768,220,0,220,109,220,0,68,0,69,0,220,-1,0,0,220,0,0,136,0,116,220,0,71,220,0,220,73,114,12,31,0,0,12,0,220,0,38,12,220,38,0,73,0,58,12,0,0,15,0,0,220,31,0,0,0,0,116303,220,220,1,220,220,0,99,12,1,65
0,30,201,0,13769,201,0,248,58,188,0,88,0,35,26,248,0,0,1,248,0,0,37,0,68,188,0,71,201,86,188,73,63,188,27,0,0,248,0,248,0,29,201,188,25,0,73,0,138,188,0,0,8,0,8,248,77,0,1,0,0,116303,201,188,1,201,201,0,100,248,1,32
0,192,12,0,13770,12,0,12,206,12,0,57,0,179,0,12,0,0,2,12,0,0,222,0,213,12,0,71,12,100,12,73,213,12,175,0,0,12,0,12,0,191,12,12,184,0,73,0,238,12,0,0,41,0,6,12,220,0,0,0,0,116303,12,12,1,12,12,0,63,12,1,180
0,225,35,0,13792,35,0,58,24,67,0,79,0,223,0,58,0,0,0,58,0,0,153,0,66,67,0,71,35,86,67,73,66,67,239,0,0,58,0,58,0,226,35,67,200,0,73,0,112,67,0,0,14,0,0,58,230,0,0,0,0,116304,35,67,1,35,35,0,86,58,1,222
0,42,243,0,13793,243,0,220,220,126,0,50,0,64,0,96,0,0,1,96,0,0,232,0,64,220,0,71,243,86,126,73,64,126,220,0,0,220,0,96,0,42,220,126,220,0,73,0,234,220,0,0,13,0,8,96,237,0,0,0,0,116304,243,126,1,243,220,0,99,96,1,64
0,41,220,0,13794,220,0,220,192,220,0,53,0,110,0,220,0,0,2,220,0,0,115,0,180,220,0,71,220,100,220,73,179,220,112,0,0,220,0,220,0,42,220,220,39,0,73,0,223,220,0,0,45,0,6,220,180,0,0,0,0,116304,220,220,1,220,220,0,59,220,1,109
0,58,32,0,13750,32,0,32,203,57,0,65,0,227,0,32,0,0,0,32,0,0,58,0,227,57,0,71,32,100,57,73,205,57,140,0,0,32,0,32,0,227,32,57,97,0,73,0,201,57,0,0,18,0,5,32,135,0,0,0,0,116305,32,57,1,32,32,0,95,32,1,137
0,28,220,0,13751,220,0,220,12,12,0,78,0,29,26,220,-1,0,1,12,0,0,81,0,32,220,0,71,220,0,220,73,30,220,12,0,0,220,0,220,0,28,220,220,12,0,73,0,97,220,0,0,9,0,0,220,84,0,0,0,0,116305,220,220,1,12,220,0,87,220,1,28
0,30,220,0,13752,220,0,220,12,220,0,53,0,31,0,220,0,0,2,220,0,0,100,0,31,220,0,71,220,84,220,73,30,220,12,0,0,220,0,220,0,31,220,220,12,0,73,0,104,220,0,0,44,0,6,220,102,0,0,0,0,116305,220,220,1,220,220,0,59,220,1,30
0,246,12,0,13756,12,0,12,55,12,0,80,0,147,7,12,-1,0,0,12,0,0,223,0,58,12,0,71,12,0,12,73,54,12,146,0,0,12,0,12,0,243,12,12,250,0,73,0,181,12,0,0,8,0,0,12,209,0,0,0,0,116306,12,12,1,12,12,0,99,12,1,144
0,109,220,0,13757,220,0,220,207,220,0,72,0,149,0,220,0,0,1,220,0,0,84,0,210,220,0,71,220,76,220,73,211,220,149,0,0,220,0,220,0,109,220,220,125,0,73,0,118,220,0,0,22,0,5,220,95,0,0,0,0,116306,220,220,1,220,220,0,83,220,1,149
0,30,220,0,13758,220,0,220,12,220,0,53,0,32,0,220,0,0,2,220,0,0,98,0,32,220,0,71,220,84,220,73,30,220,12,0,0,220,0,220,0,31,220,220,12,0,73,0,104,220,0,0,44,0,6,220,102,0,0,0,0,116306,220,220,1,220,220,0,59,220,1,30
0,111,112,0,13774,112,0,187,215,242,0,79,0,90,0,187,0,0,0,187,0,0,53,0,160,242,0,71,112,100,242,73,160,242,75,0,0,75,0,187,0,111,124,242,124,0,73,0,75,215,0,0,11,0,6,187,52,0,0,0,0,116307,112,242,1,112,112,0,87,187,1,90
0,171,12,0,13775,61,0,59,220,133,0,77,0,208,0,59,-1,0,1,59,0,0,170,0,193,133,0,71,61,0,133,73,196,12,220,0,0,12,0,59,0,212,12,133,220,0,73,0,190,12,0,0,8,0,0,59,162,0,0,0,0,116307,61,133,1,61,61,0,93,12,1,162
0,59,12,0,13776,12,0,12,124,12,0,52,0,138,0,12,0,0,2,12,0,0,186,0,78,12,0,71,12,100,12,73,78,12,255,0,0,12,0,12,0,59,12,12,167,0,73,0,102,12,0,0,44,0,6,12,212,0,0,0,0,116307,12,12,1,12,12,0,57,12,1,138
0,195,31,0,13780,31,0,12,220,52,0,96,0,203,0,26,-1,0,0,26,0,0,203,0,224,12,0,71,31,0,52,73,225,52,220,0,0,220,0,26,0,203,220,52,220,0,73,0,224,220,0,0,96,0,0,26,203,0,0,0,0,116308,31,52,1,31,12,0,97,26,1,194
0,30,220,0,13781,220,0,220,12,220,0,75,0,25,0,220,0,0,1,220,0,0,88,0,28,220,0,71,220,76,220,73,30,220,12,0,0,220,0,220,0,25,220,220,12,0,73,0,111,220,0,0,8,0,9,220,57,0,0,0,0,116308,220,220,1,220,220,0,100,220,1,30
0,41,220,0,13782,220,0,220,192,220,0,53,0,110,0,220,0,0,2,220,0,0,115,0,179,220,0,71,220,100,220,73,179,220,112,0,0,220,0,220,0,41,220,220,39,0,73,0,222,220,0,0,44,0,6,220,180,0,0,0,0,116308,220,220,1,220,220,0,59,220,1,109
0,212,190,0,13762,220,0,220,51,220,0,82,0,32,0,220,-1,0,0,220,0,0,140,0,45,220,0,71,220,0,220,73,48,51,40,0,0,40,0,220,0,194,190,220,190,0,73,0,207,51,0,0,16,0,0,220,218,0,0,0,0,116309,220,220,1,220,220,0,85,40,1,33
0,58,167,0,13763,167,0,216,69,207,0,80,0,65,0,216,0,0,1,216,0,0,140,0,75,207,0,71,167,76,207,73,69,207,61,0,0,216,0,216,0,63,167,207,61,0,73,0,208,207,0,0,17,0,9,216,220,0,0,0,0,116309,167,207,1,167,167,0,87,216,1,59
0,193,12,0,13764,12,0,12,206,12,0,56,0,179,0,12,0,0,2,12,0,0,223,0,213,12,0,71,12,100,12,73,213,12,175,0,0,12,0,12,0,192,12,12,184,0,73,0,241,12,0,0,42,0,6,12,223,0,0,0,0,116309,12,12,1,12,12,0,62,12,1,180
0,30,12,0,13765,147,0,12,12,202,0,87,0,32,0,192,-1,0,0,192,0,0,170,0,32,12,0,71,147,0,202,73,31,12,12,0,0,12,0,192,0,31,12,202,12,0,73,0,217,12,0,0,11,0,0,192,209,0,0,0,0,116310,147,202,1,147,12,0,97,12,1,31
0,243,220,0,13766,42,0,66,234,220,0,56,0,250,0,66,0,0,1,220,0,0,114,0,235,111,0,71,220,86,111,73,41,220,252,0,0,66,0,66,0,249,42,111,254,0,73,0,228,111,0,0,15,0,5,220,219,0,0,0,0,116310,42,220,1,220,42,0,99,220,1,90
0,193,12,0,13767,12,0,12,206,12,0,55,0,179,0,12,0,0,2,12,0,0,223,0,213,12,0,71,12,100,12,73,213,12,175,0,0,12,0,12,0,192,12,12,184,0,73,0,241,12,0,0,41,0,6,12,223,0,0,0,0,116310,12,12,1,12,12,0,62,12,1,180
0,30,229,0,13747,229,0,180,12,171,0,86,0,32,0,180,0,0,0,180,0,0,106,0,32,171,0,71,229,76,171,73,30,171,12,0,0,180,0,180,0,34,229,171,12,0,73,0,79,171,0,0,7,0,5,180,82,0,0,0,0,116311,229,171,1,229,229,0,95,180,1,30
0,161,220,0,13748,29,0,38,220,37,0,78,0,220,7,38,-1,0,1,35,0,0,196,0,207,40,0,71,26,0,40,73,156,220,220,0,0,220,0,38,0,234,220,40,220,0,73,0,171,220,0,0,13,0,0,35,176,0,0,0,0,116311,29,37,1,26,29,0,88,220,1,156
0,192,12,0,13749,12,0,12,206,12,0,56,0,179,0,12,0,0,2,12,0,0,223,0,213,12,0,71,12,100,12,73,213,12,175,0,0,12,0,12,0,192,12,12,184,0,73,0,241,12,0,0,42,0,6,12,223,0,0,0,0,116311,12,12,1,12,12,0,63,12,1,179
0,200,33,0,13786,33,0,33,171,58,0,91,0,173,0,33,0,0,0,33,0,0,204,0,158,58,0,71,220,100,58,73,134,58,186,0,0,33,0,33,0,188,33,58,196,0,73,0,136,58,0,0,6,0,6,220,61,0,0,0,0,116312,33,220,1,33,33,0,99,33,1,59
0,24,19,0,13787,220,0,220,12,220,0,80,0,31,0,220,-1,0,1,220,0,0,39,0,64,220,0,71,220,0,220,73,57,94,12,0,0,9,0,220,0,26,19,220,12,0,73,0,131,94,0,0,12,0,0,220,80,0,0,0,0,116312,220,220,1,220,220,0,95,9,1,26
0,118,220,0,13788,220,0,220,143,220,0,54,0,18,0,220,0,0,2,220,0,0,203,0,91,220,0,71,220,100,220,73,91,220,70,0,0,220,0,220,0,119,220,220,214,0,73,0,136,220,0,0,44,0,6,220,66,0,0,0,0,116312,220,220,1,220,220,0,60,220,1,18
0,43,241,0,14736,241,0,12,98,98,0,98,0,46,0,215,0,0,0,215,0,0,59,0,90,12,102222,137,241,100,98,264,95,98,215,2,0,215,0,215,1,59,241,98,241,0,264,0,90,98,0,0,98,0,8,215,46,0,0,0,0,116325,241,98,1,241,12,0,99,215,1,46
0,35,83,0,14737,12,0,83,12,152,0,90,0,189,0,12,0,0,1,83,0,0,26,0,154,152,102222,137,83,100,12,264,39,152,12,2,0,12,0,12,1,207,12,12,12,0,264,0,29,12,0,0,6,0,5,83,27,0,0,0,0,116325,12,152,1,83,83,0,100,83,1,36
0,254,12,0,14738,12,0,12,12,12,0,82,0,132,0,12,0,0,2,12,0,0,254,0,58,12,102222,137,12,100,12,264,57,12,12,0,0,12,0,12,1,254,12,12,12,0,264,0,140,12,0,0,14,0,6,12,213,0,0,0,0,116325,12,12,1,12,12,0,97,12,1,131
0,231,42,0,13783,42,0,42,42,42,0,81,0,231,0,42,0,0,0,42,0,0,167,0,231,42,2222,137,42,100,42,264,230,42,42,0,0,42,0,42,1,231,42,42,42,0,264,0,167,42,0,0,14,0,0,42,167,0,0,0,0,116326,42,42,1,42,42,0,96,42,1,230
0,46,145,0,13784,145,0,145,145,145,0,93,0,60,3,145,0,0,1,145,0,0,58,0,76,145,2222,137,145,100,145,264,59,145,145,0,0,145,0,145,1,58,145,145,145,0,264,0,76,145,0,0,93,0,0,145,60,0,0,0,0,116326,145,145,1,145,145,0,98,145,1,49
0,214,220,0,13785,220,0,220,220,220,0,93,0,49,0,220,0,0,2,220,0,0,231,0,66,220,2222,137,220,100,220,264,85,220,220,0,0,220,0,220,1,210,220,220,220,0,264,0,230,220,0,0,5,0,0,220,230,0,0,0,0,116326,220,220,1,220,220,0,95,220,1,61
0,51,220,0,14507,67,0,220,152,220,0,61,0,224,7,74,0,0,0,220,0,0,145,0,224,220,2222,137,220,100,152,264,154,220,74,2,0,74,0,74,1,224,67,152,67,0,264,0,36,152,1,1,35,0,5,220,18,0,0,0,0,116327,67,220,1,220,220,0,99,220,1,68
0,49,247,0,14508,247,0,12,104,104,0,65,0,73,7,238,0,0,1,238,0,0,43,0,112,12,2222,137,247,100,104,264,82,104,238,2,0,238,0,238,1,71,247,104,247,0,264,0,74,104,1,1,30,0,5,238,46,0,0,0,0,116327,247,104,1,247,12,0,69,238,1,52
0,231,12,0,14509,12,0,12,12,12,0,97,0,211,0,12,0,0,2,12,0,0,231,0,81,12,2222,137,12,100,12,264,61,12,12,0,0,12,0,12,1,231,12,12,12,0,264,0,81,12,1,0,97,0,6,12,211,0,0,0,0,116327,12,12,1,12,12,0,96,12,1,209
0,30,220,0,14783,220,0,12,220,220,0,60,0,30,8,220,0,0,0,220,0,0,231,0,39,12,2222,137,220,76,220,264,30,220,220,2,0,220,0,220,1,208,220,220,220,0,264,0,231,220,0,0,31,0,5,220,231,0,0,0,0,116328,220,220,1,220,12,0,99,220,1,30
0,39,220,0,14784,220,0,220,220,220,0,94,0,39,0,220,0,0,1,220,0,0,39,0,54,220,2222,137,220,76,220,264,54,220,220,0,0,220,0,220,1,39,220,220,220,0,264,0,54,220,0,0,94,0,5,220,39,0,0,0,0,116328,220,220,1,220,220,0,98,220,1,39
0,242,12,0,14785,12,0,12,12,12,0,96,0,149,0,12,0,0,2,12,0,0,239,0,187,12,2222,137,12,76,12,264,190,12,12,0,0,12,0,12,1,239,12,12,12,0,264,0,187,12,0,0,96,0,6,12,149,0,0,0,0,116328,12,12,1,12,12,0,99,12,1,152
0,23,220,0,14931,220,0,12,220,220,0,89,0,34,0,220,0,0,0,220,0,0,27,0,55,12,2222,137,220,100,220,264,56,220,220,2,0,220,0,220,1,27,220,220,220,0,264,0,55,220,0,0,89,0,0,220,34,0,0,0,0,116331,220,220,1,220,12,0,98,220,1,35
0,231,28,0,14932,28,0,12,72,72,0,83,0,231,0,80,0,0,1,80,0,0,34,0,231,12,2222,137,28,100,72,264,231,72,80,2,0,80,0,80,1,231,28,72,28,0,264,0,81,72,0,0,15,0,0,80,89,0,0,0,0,116331,28,72,1,28,12,0,98,80,1,231
0,245,220,0,14933,114,0,12,12,12,0,98,0,228,7,111,0,0,2,12,0,0,247,0,50,12,2222,137,114,100,112,264,46,220,12,2,0,220,0,111,1,247,220,112,12,0,264,0,50,220,0,0,98,0,0,111,228,0,0,0,0,116331,114,112,1,12,12,0,98,220,1,232
0,18,220,0,14960,38,0,12,140,220,0,75,0,231,0,83,0,0,0,220,0,0,18,0,231,12,2222,137,220,76,140,264,145,220,83,2,0,83,0,83,1,231,38,140,38,0,264,0,146,140,0,0,23,0,0,220,88,0,0,0,0,116332,38,220,1,220,12,0,96,220,1,87
0,72,218,0,14961,218,0,220,121,121,0,79,0,45,7,183,0,0,1,183,0,0,231,0,123,220,2222,137,218,76,121,264,122,121,183,2,0,183,0,183,1,73,218,121,218,0,264,0,227,121,0,0,19,0,0,183,230,0,0,0,0,116332,218,121,1,218,220,0,88,183,1,45
0,238,67,0,14962,67,0,220,123,123,0,97,0,32,7,55,0,0,2,55,0,0,234,0,84,220,2222,137,67,76,123,264,92,123,55,2,0,55,0,55,1,234,67,123,67,0,264,0,84,123,0,0,97,0,0,55,32,0,0,0,0,116332,67,123,1,67,220,0,96,55,1,32
0,15,207,0,14654,207,0,184,116,116,0,58,0,47,11,184,0,0,0,184,0,0,162,0,74,116,2222,137,207,100,116,264,68,116,184,0,0,184,0,184,1,25,207,116,207,0,264,0,43,116,0,0,38,0,0,184,36,0,0,0,0,116333,207,116,1,207,207,0,92,184,1,42
0,119,15,0,14655,15,0,43,68,68,0,68,0,209,7,43,0,0,1,43,0,0,192,0,176,68,2222,137,15,100,68,264,167,68,43,0,0,43,0,43,1,153,15,68,15,0,264,0,206,68,0,0,17,0,0,43,226,0,0,0,0,116333,15,68,1,15,15,0,92,43,1,222
0,224,12,0,14656,12,0,12,12,12,0,98,0,219,7,12,0,0,2,12,0,0,227,0,74,12,2222,137,12,100,12,264,71,12,12,0,0,12,0,12,1,227,12,12,12,0,264,0,74,12,0,0,98,0,0,12,219,0,0,0,0,116333,12,12,1,12,12,0,99,12,1,215
0,231,220,0,14957,220,0,220,122,122,0,99,0,227,0,72,0,0,0,72,0,0,227,0,227,220,2222,137,220,100,122,264,231,122,72,2,0,72,0,72,1,227,220,122,220,0,264,0,227,122,0,0,99,0,5,72,227,0,1,0,0,116334,220,122,1,220,220,0,99,72,1,231
0,30,220,0,14958,220,0,12,122,122,0,98,0,37,7,72,0,0,1,72,0,0,38,0,39,12,2222,137,220,100,122,264,30,122,72,2,0,72,0,72,1,38,220,122,220,0,264,0,39,122,0,0,98,0,8,72,37,0,0,0,0,116334,220,122,1,220,12,0,100,72,1,30
0,178,12,0,14959,12,0,12,12,12,0,87,0,169,0,12,0,0,2,12,0,0,211,0,204,12,2222,137,12,76,12,264,204,12,12,0,0,12,0,12,1,179,12,12,12,0,264,0,231,12,0,0,12,0,9,12,211,0,0,0,0,116334,12,12,1,12,12,0,97,12,1,168
0,231,12,0,14657,220,0,12,220,12,0,46,0,231,0,220,0,0,0,12,0,0,35,0,231,12,2222,137,12,76,220,264,231,12,220,2,0,12,0,220,1,231,12,220,220,0,264,0,102,12,0,0,33,0,0,12,59,0,1,0,0,116336,220,12,1,12,12,2,82,12,1,231
0,204,12,0,14658,220,0,12,220,220,0,71,0,93,12,220,0,0,1,220,0,0,204,0,102,12,2222,137,12,76,220,264,215,12,220,2,0,12,0,220,1,83,12,220,220,0,264,0,215,12,0,0,26,0,0,12,211,0,0,0,0,116336,220,12,1,220,12,0,85,12,1,211
0,30,12,0,14659,220,0,12,12,220,0,68,0,119,9,220,0,0,2,220,0,0,30,0,34,12,2222,137,220,76,220,264,30,12,12,2,0,12,0,220,1,239,12,220,12,0,264,0,30,12,0,0,29,0,0,220,30,0,0,0,0,116336,220,220,1,220,12,2,98,12,1,30
0,231,12,0,14953,196,0,12,12,50,0,94,0,229,0,34,0,0,0,34,0,0,229,0,229,12,2222,137,196,76,50,264,231,12,12,2,0,12,0,34,1,229,12,50,12,0,264,0,229,12,0,0,94,0,9,34,229,0,1,0,0,116337,196,50,1,196,12,0,98,12,1,231
0,170,12,0,14954,220,0,12,21,220,0,96,0,17,11,220,0,0,1,220,0,0,168,0,1,12,2222,137,220,76,220,264,1,12,21,2,0,12,0,220,1,168,12,220,207,0,264,0,1,12,0,0,96,0,9,220,17,0,0,0,0,116337,220,220,1,220,12,0,99,12,1,18
0,254,220,0,14955,12,0,220,220,12,0,95,0,248,0,12,0,0,2,12,0,0,252,0,161,220,2222,137,12,76,12,264,189,220,220,2,0,220,0,12,1,252,220,12,220,0,264,0,161,220,0,0,95,0,0,12,248,0,0,0,0,116337,12,12,1,12,220,0,97,220,1,249
0,124,12,0,13127,220,0,12,12,220,0,92,0,29,7,220,0,0,0,220,0,0,227,0,42,12,2216,154,220,356,220,293,43,12,12,2,0,12,0,220,0,122,12,220,12,0,293,0,227,12,0,0,7,0,0,220,227,0,0,0,0,116343,220,220,1,220,12,0,98,12,1,30
0,30,12,0,13128,12,0,220,220,220,0,83,0,219,7,12,0,0,1,220,0,0,142,0,204,220,2216,154,220,356,12,293,30,12,220,2,0,220,0,12,0,227,220,12,220,0,293,0,51,220,0,0,11,0,0,220,36,0,0,0,0,116343,12,220,1,220,220,0,100,12,1,30
0,83,12,0,13129,220,0,12,12,220,0,52,0,82,0,220,0,0,2,220,0,0,30,0,87,12,2216,154,220,356,220,293,88,12,12,2,0,12,0,220,0,82,12,220,12,0,293,0,30,12,0,0,40,0,0,220,30,0,0,0,0,116343,220,220,1,220,12,0,97,12,1,83
0,0,12,0,15862,12,0,12,220,12,0,0,0,0,0,12,-1,0,0,12,0,0,0,0,0,12,14,49,220,0,12,89,0,12,220,0,0,220,0,12,1,0,220,12,220,0,23,0,0,220,0,0,0,0,0,220,0,0,0,0,0,116359,12,220,1,12,12,0,0,12,1,0
0,0,12,0,15863,12,0,12,220,12,0,0,0,0,0,12,-1,0,1,12,0,0,0,0,0,12,14,49,220,0,12,89,0,12,220,0,0,220,0,12,1,0,220,12,220,0,23,0,0,220,0,0,0,0,0,220,0,0,0,0,0,116359,12,220,1,12,12,0,0,12,1,0
0,0,220,0,15864,12,0,12,220,220,0,0,0,0,0,12,-1,0,2,220,0,0,0,0,0,12,14,49,12,0,12,89,0,220,220,0,0,220,0,12,1,0,220,12,220,0,23,0,0,220,0,0,0,0,0,12,0,0,0,0,0,116359,12,12,1,220,12,0,0,220,1,0
2012,30,220,0,12931,220,0,220,7,220,0,87,0,35,7,220,0,0,0,220,0,0,248,0,45,220,0,103,220,76,220,215,30,220,7,0,0,220,0,220,0,195,220,220,199,0,170,0,73,220,0,0,9,0,5,220,61,0,0,0,0,116360,220,220,1,220,220,0,89,220,1,30
2012,232,12,0,12932,12,0,12,220,12,0,79,0,231,0,12,0,0,1,12,0,0,30,0,231,12,0,103,12,76,12,215,232,12,220,0,0,12,0,12,0,231,12,12,220,0,170,0,30,12,0,0,9,0,5,12,30,0,0,0,0,116360,12,12,1,12,12,0,97,12,1,232
2012,49,220,0,12933,220,0,0,86,220,0,91,0,109,0,220,-1,0,2,220,0,0,60,0,87,0,0,103,220,0,220,215,88,220,108,0,0,220,0,220,0,48,220,220,48,0,170,0,115,220,0,0,8,0,0,220,150,0,0,0,0,116360,220,220,1,220,0,0,95,220,1,111
2012,11,220,0,12934,220,0,220,73,220,0,90,0,18,0,220,0,0,0,220,0,0,11,0,53,220,0,103,220,100,220,215,51,220,38,0,0,220,0,220,0,11,220,220,21,0,170,0,53,220,0,0,90,0,8,220,18,0,0,0,0,116361,220,220,1,220,220,0,97,220,1,17
2012,231,21,0,12935,21,0,38,220,73,0,82,0,231,0,38,0,0,1,38,0,0,13,0,229,73,0,103,21,100,73,215,227,73,220,0,0,38,0,38,0,231,21,73,220,0,170,0,58,73,0,0,16,0,8,38,21,0,1,0,0,116361,21,73,1,21,21,0,91,38,1,231
2012,251,12,0,12936,12,0,12,67,12,0,76,0,217,0,12,0,0,2,12,0,0,245,1,66,12,0,103,12,100,12,215,67,12,217,0,0,12,0,12,0,251,12,12,250,0,170,0,47,12,0,0,23,0,10,12,173,0,1,0,0,116361,12,12,1,12,12,0,91,12,1,218
0,30,140,0,13242,220,0,220,140,220,0,62,0,32,9,220,0,0,0,220,0,0,133,0,65,220,2218,128,220,87,220,249,65,140,140,0,0,140,0,220,0,30,140,220,140,0,249,0,231,140,0,0,33,0,0,220,190,0,0,0,0,116416,220,220,1,220,220,0,100,140,1,32
0,246,140,0,13243,27,0,41,12,91,0,96,0,163,2,41,0,0,1,41,0,0,246,0,123,91,2218,128,27,87,91,249,123,140,12,0,0,140,0,41,0,246,140,91,12,0,249,0,123,140,0,0,96,0,0,41,163,0,0,0,0,116416,27,91,1,27,27,0,81,140,1,163
0,231,140,0,13244,12,0,12,140,12,0,62,0,231,7,12,0,0,2,12,0,0,48,0,228,12,2218,128,12,87,12,249,231,140,140,0,0,140,0,12,0,231,140,12,140,0,249,0,166,140,0,0,19,0,0,12,67,0,0,0,0,116416,12,12,1,12,12,0,100,140,1,231
0,0,0,0,16184,0,0,151,40,72,0,82,0,222,6,151,0,0,0,151,0,0,3,0,0,72,2218,128,241,76,72,249,72,72,217,0,0,217,0,151,0,253,241,72,241,0,249,0,70,40,0,0,14,0,0,217,150,0,1,0,0,116417,0,40,1,0,0,0,89,151,1,151
0,227,0,0,16185,0,0,76,220,70,0,74,0,223,6,76,0,0,1,76,0,0,246,0,212,70,2218,128,0,76,70,249,202,70,220,0,0,220,0,76,0,165,220,70,220,0,249,0,224,220,0,0,12,0,0,76,250,0,0,0,0,116417,0,70,1,0,0,0,89,76,1,227
0,235,12,0,16186,220,0,12,12,12,0,94,0,77,7,220,0,0,2,12,0,0,232,0,41,12,2218,128,220,76,220,249,45,12,12,0,0,12,0,220,0,232,12,220,12,0,249,0,41,12,0,0,94,0,0,220,77,0,0,0,0,116417,220,220,1,12,12,0,96,12,1,85
0,0,220,0,13461,220,0,0,220,220,0,0,0,37,7,220,-1,0,0,220,0,0,204,0,37,0,0,51,220,0,220,196,0,220,220,0,0,220,0,220,0,204,220,220,220,0,196,0,37,220,0,0,0,0,0,220,37,0,0,0,0,116419,220,220,0,220,0,0,0,220,0,0
0,245,220,0,13462,220,0,0,220,220,0,0,0,28,7,220,-1,0,2,220,0,0,237,0,28,0,0,51,220,0,220,196,12,220,220,0,0,220,0,220,0,31,220,220,220,0,196,0,228,220,0,0,0,0,0,220,228,0,0,0,0,116419,220,220,0,220,0,0,0,220,0,12
0,12,255,0,13450,255,0,0,117,117,0,0,0,6,7,182,-1,0,0,182,0,0,255,0,1,0,0,51,255,0,117,196,1,117,182,0,0,182,0,182,0,12,255,117,255,0,1,0,117,117,0,0,0,0,0,182,182,0,0,0,0,116422,255,117,1,255,0,0,0,182,1,6
0,226,13,0,13451,13,0,0,228,228,0,0,0,228,7,125,-1,0,1,125,0,0,13,0,231,0,0,51,13,0,228,196,231,228,125,0,0,125,0,125,0,226,13,228,13,0,196,0,228,228,0,0,0,0,0,125,125,0,0,0,0,116422,13,228,1,13,0,0,0,125,1,228
0,253,196,0,13452,196,0,0,80,80,0,0,0,55,7,247,-1,0,2,247,0,0,113,0,128,0,0,51,196,0,80,196,128,80,247,0,0,247,0,247,0,253,196,80,196,0,0,0,46,80,0,0,0,0,0,247,9,0,0,0,0,116422,196,80,1,196,0,0,0,247,1,55
0,30,220,0,13453,255,0,0,255,220,0,0,0,29,7,0,-1,0,0,220,0,0,238,0,31,0,0,51,220,0,255,196,31,220,0,0,0,0,0,0,0,30,255,255,255,0,196,0,238,255,0,0,0,0,0,220,238,0,0,0,0,116423,255,220,1,220,0,0,0,220,1,29
0,231,6,0,13454,6,0,0,92,92,0,0,0,232,7,31,-1,0,1,31,0,0,117,0,226,0,0,51,6,0,92,0,229,92,31,0,0,31,0,31,0,229,6,92,6,0,196,0,223,92,0,0,0,0,0,31,229,0,0,0,0,116423,6,92,1,6,0,0,0,31,1,232
0,20,220,0,13455,220,0,0,220,220,0,0,0,8,7,220,-1,0,2,220,0,0,20,0,119,0,0,51,220,0,220,0,118,220,220,0,0,220,0,220,0,234,220,220,220,0,196,0,118,220,0,0,0,0,0,220,2,0,0,0,0,116423,220,220,1,220,0,0,0,220,1,2
0,229,12,0,13456,12,0,0,12,12,0,0,0,229,7,12,-1,0,0,12,0,0,223,0,230,0,0,51,12,0,12,196,230,12,12,0,0,12,0,12,0,229,12,12,12,0,196,0,126,12,0,0,0,0,0,12,193,0,0,0,0,116424,12,12,1,12,0,0,0,12,1,229
0,13,0,0,13457,254,0,0,144,0,0,0,0,35,7,239,-1,0,1,0,0,0,13,0,68,0,0,51,0,0,144,196,68,0,239,0,0,239,0,239,0,13,254,144,254,0,196,0,68,144,0,0,0,0,0,0,35,0,0,0,0,116424,254,0,1,0,0,0,0,0,1,35
0,254,12,0,13458,12,0,0,12,12,0,0,0,240,7,12,-1,0,2,12,0,0,254,0,144,0,0,51,12,0,12,196,144,12,12,0,0,12,0,12,0,254,12,12,12,0,196,0,144,12,0,0,0,0,0,12,240,0,0,0,0,116424,12,12,1,12,0,0,0,12,1,240
0,209,220,0,13459,220,0,0,220,220,0,0,0,90,7,220,-1,0,0,220,0,0,123,0,110,0,0,51,220,0,220,196,72,220,220,0,0,220,0,220,0,66,220,220,220,0,196,0,151,220,0,0,0,0,0,220,137,0,0,0,0,116425,220,220,0,220,0,0,0,220,1,83
0,254,14,0,13460,14,0,0,52,52,0,0,0,104,7,36,-1,0,2,36,0,0,254,0,17,0,0,51,14,0,52,196,15,52,36,0,0,36,0,36,0,238,14,52,14,0,196,0,15,52,0,0,0,0,0,36,154,0,0,0,0,116425,14,52,0,14,0,0,0,36,0,154
0,13,220,0,13245,220,0,220,220,220,0,78,0,109,0,220,0,0,0,220,0,0,100,0,183,220,0,143,220,78,220,276,180,220,220,0,0,220,0,220,0,18,220,220,220,0,276,0,201,220,0,0,16,0,0,220,140,0,0,0,1,116428,220,220,1,220,220,0,86,220,1,106
0,130,43,0,13246,43,0,46,66,66,0,97,0,227,0,46,0,0,1,46,0,0,227,0,230,66,0,1,43,78,66,62,210,66,46,0,0,46,0,46,0,227,43,66,43,0,62,0,230,66,0,0,97,0,0,46,227,0,0,0,1,116428,43,66,1,43,43,0,96,46,1,209
0,223,12,0,13247,220,0,12,220,220,0,98,0,61,7,220,0,0,2,220,0,0,226,0,18,12,0,143,220,78,220,276,19,12,220,2,0,12,0,220,0,226,12,220,220,0,276,0,18,12,0,0,98,0,0,220,61,0,0,0,1,116428,220,220,1,220,12,0,100,12,1,59
0,19,160,0,17727,160,0,140,99,99,0,0,0,20,8,140,-1,0,0,140,0,0,21,0,20,99,0,156,160,0,99,295,19,99,140,0,0,140,0,140,0,20,160,99,160,0,295,0,21,99,0,0,0,0,0,140,21,0,0,0,0,130523,160,99,1,160,160,0,0,140,1,19
0,7,20,0,17728,20,0,20,20,20,0,0,0,244,8,20,-1,0,1,20,0,0,48,0,104,20,0,156,20,0,20,295,104,20,20,0,0,20,0,20,0,7,20,20,20,0,295,0,47,20,0,0,0,0,0,20,49,0,0,0,0,130523,20,20,1,20,20,0,0,20,1,244
0,204,30,0,17729,30,0,30,30,30,0,0,0,179,8,30,-1,0,2,30,0,0,205,0,53,30,0,156,30,0,30,295,51,30,30,0,0,30,0,30,0,203,30,30,30,0,295,0,55,30,0,0,0,0,0,30,180,0,0,0,0,130523,30,30,1,30,30,0,0,30,1,180
0,235,145,0,17730,145,0,130,65,65,0,0,0,230,8,130,-1,0,0,130,0,0,231,0,230,65,0,156,145,0,65,295,235,65,130,0,0,130,0,130,0,230,145,65,145,0,295,0,231,65,0,0,0,0,0,130,231,0,0,0,0,130527,145,65,1,145,145,0,0,130,1,235
0,111,20,0,17731,117,0,41,167,20,0,0,0,161,8,41,-1,0,1,20,0,0,117,0,207,167,0,156,20,0,167,295,211,20,41,0,0,41,0,41,0,117,117,167,117,0,295,0,167,167,0,0,0,0,0,20,41,0,0,0,0,130527,117,20,1,20,117,0,0,20,1,127
0,70,225,0,17732,225,0,225,225,225,0,0,0,179,8,225,-1,0,2,225,0,0,90,0,73,225,0,156,225,0,225,295,72,225,225,0,0,225,0,225,0,72,225,225,225,0,295,0,70,225,0,0,0,0,0,225,175,0,0,0,0,130527,225,225,1,225,225,0,0,225,1,177
0,231,0,0,17314,220,0,12,220,158,0,85,0,101,0,220,0,0,0,90,0,0,51,0,169,12,2222,137,0,76,220,264,231,158,220,2,0,220,0,220,1,1,220,220,220,0,264,0,78,220,0,0,6,0,8,90,57,0,0,0,0,131123,220,158,1,0,12,0,97,90,1,231
0,29,253,0,17315,253,0,220,138,138,0,71,0,30,0,38,0,0,1,38,0,0,229,0,30,220,2222,137,253,76,138,264,29,138,38,2,0,38,0,38,1,30,253,138,253,0,264,0,229,138,0,0,14,0,0,38,229,0,0,0,0,131123,253,138,1,253,220,0,98,38,1,29
0,253,12,0,17316,12,0,220,12,12,0,85,0,201,0,12,0,0,2,12,0,0,29,0,1,220,2222,137,12,76,12,264,12,12,12,2,0,12,0,12,1,254,12,12,12,0,264,0,28,12,0,0,8,0,8,12,29,0,0,0,0,131123,12,12,1,12,220,0,98,12,1,218
0,245,190,0,16256,0,0,48,22,22,0,93,0,236,0,48,0,0,0,134,0,0,236,0,236,136,0,73,0,79,136,93,245,22,134,0,0,134,0,48,0,236,190,136,190,0,93,0,236,22,0,0,93,0,5,48,236,0,1,0,1,131124,0,136,1,190,0,0,99,134,1,245
0,12,189,0,16257,220,0,220,95,95,0,99,0,70,0,220,0,0,1,154,0,0,11,0,151,220,0,73,220,78,220,93,155,95,154,0,0,154,0,220,0,11,189,220,189,0,93,0,151,95,0,0,99,0,5,220,70,0,0,0,1,131124,220,220,1,189,220,0,99,154,1,72
0,252,12,0,16258,12,0,12,12,12,0,74,0,70,0,12,0,0,2,12,0,0,196,0,73,12,0,73,12,78,12,93,75,12,12,0,0,12,0,12,0,250,12,12,12,0,93,0,23,12,0,0,25,0,6,12,21,0,0,0,1,131124,12,12,1,12,12,0,100,12,1,72
0,231,12,0,14934,12,0,12,12,12,0,90,0,214,0,12,0,0,0,12,0,0,30,0,214,12,2222,137,12,76,12,264,231,12,12,0,0,12,0,12,1,214,12,12,12,0,264,0,30,12,0,0,8,0,8,12,30,0,0,0,0,131125,12,12,1,12,12,0,100,12,1,231
0,30,220,0,14936,220,0,220,220,220,0,90,0,32,0,220,0,0,1,220,0,0,231,0,32,220,2222,137,220,76,220,264,30,220,220,0,0,220,0,220,1,32,220,220,220,0,264,0,231,220,0,0,8,0,8,220,231,0,1,0,0,131125,220,220,1,220,220,0,100,220,1,30
0,1,220,0,14935,220,0,220,220,220,0,89,0,136,0,220,0,0,2,220,0,0,89,0,207,220,2222,137,220,76,220,264,209,220,220,0,0,220,0,220,1,5,220,220,220,0,264,0,223,220,0,0,6,0,1,220,177,0,0,0,0,131125,220,220,1,220,220,0,98,220,1,135
0,201,220,0,14150,220,0,220,220,220,0,58,0,188,0,220,-1,0,0,220,0,0,13,0,234,220,0,1,220,0,220,1,1,220,220,0,0,220,0,220,0,26,220,220,220,0,1,0,106,220,0,0,24,0,0,220,61,0,0,0,0,131158,220,220,0,220,220,0,100,220,0,170
0,0,0,0,18309,0,0,0,0,0,0,0,0,0,0,0,-1,0,0,0,0,0,0,0,0,0,0,0,0,0,0,0,0,0,0,0,0,0,0,0,0,0,0,0,0,0,0,0,0,0,0,0,0,0,0,0,0,0,0,0,0,131159,0,0,0,0,0,0,0,0,0,0
2012,22,220,0,13741,21,0,38,60,220,0,84,0,109,0,38,0,0,0,220,0,0,21,0,57,73,0,103,220,100,73,215,75,220,116,0,0,38,0,38,0,231,21,73,243,0,170,0,71,73,0,0,15,0,6,220,29,0,0,0,0,131173,21,220,1,220,21,0,97,220,1,31
2012,232,196,0,13742,196,0,16,220,40,0,91,0,231,0,16,0,0,1,16,0,0,192,0,231,40,0,103,196,100,40,215,232,40,220,0,0,16,0,16,0,231,196,40,220,0,170,0,39,40,0,0,6,0,6,16,30,0,0,0,0,131173,196,40,1,196,196,0,97,16,1,232
2012,59,220,0,13743,220,0,0,114,220,0,86,0,141,0,220,-1,0,2,220,0,0,48,0,109,0,0,103,220,0,220,215,114,220,149,0,0,220,0,220,0,57,220,220,60,0,170,0,87,220,0,0,13,0,0,220,109,0,0,0,0,131173,220,220,1,220,0,0,91,220,1,149
68,82,245,0,16247,245,0,190,70,70,0,79,0,48,0,190,0,0,0,190,0,0,230,0,134,70,0,1,245,76,70,8,133,70,190,0,0,190,0,190,0,83,245,70,245,0,8,0,31,70,0,0,18,0,8,190,172,0,0,0,0,131174,245,70,1,245,245,0,100,190,1,47
68,219,85,0,16248,85,0,41,128,128,0,90,0,181,0,41,0,0,1,41,0,0,81,0,32,128,0,1,85,76,128,8,31,128,41,0,0,41,0,41,0,219,85,128,85,0,8,0,137,128,0,0,7,0,8,41,54,0,0,0,0,131174,85,128,1,85,85,0,100,41,1,181
68,37,220,0,16249,220,0,220,220,220,0,91,0,160,0,220,0,0,2,220,0,0,29,0,80,220,0,1,220,76,220,8,79,220,220,0,0,220,0,220,0,38,220,220,220,0,8,0,29,220,0,0,7,0,0,220,30,0,1,0,0,131174,220,220,1,220,220,0,93,220,1,158
0,0,0,0,18310,0,0,0,0,0,0,0,0,0,0,0,-1,0,0,0,0,0,0,0,0,0,0,0,0,0,0,0,0,0,0,0,0,0,0,0,0,0,0,0,0,0,0,0,0,0,0,0,0,0,0,0,0,0,0,0,0,131271,0,0,0,0,0,0,0,0,0,0
0,0,0,0,14445,0,0,0,0,0,0,0,0,0,0,0,-1,0,0,0,0,0,0,0,0,0,0,0,0,0,0,0,0,0,0,0,0,0,0,0,0,0,0,0,0,0,0,0,0,0,0,0,0,0,0,0,0,0,0,0,0,131274,0,0,0,0,0,0,0,0,0,0
0,0,0,0,14446,0,0,0,0,0,0,0,0,0,0,0,-1,0,2,0,0,0,0,0,0,0,0,0,0,0,0,0,0,0,0,0,0,0,0,0,0,0,0,0,0,0,0,0,0,0,0,0,0,0,0,0,0,0,0,0,0,131274,0,0,0,0,0,0,0,0,0,0
0,0,0,0,14447,0,0,0,0,0,0,0,0,0,0,0,-1,0,0,0,0,0,0,0,0,0,0,0,0,0,0,0,0,0,0,0,0,0,0,0,0,0,0,0,0,0,0,0,0,0,0,0,0,0,0,0,0,0,0,0,0,131275,0,0,0,0,0,0,0,0,0,0
0,0,0,0,14448,0,0,0,0,0,0,0,0,0,0,0,-1,0,2,0,0,0,0,0,0,0,0,0,0,0,0,0,0,0,0,0,0,0,0,0,0,0,0,0,0,0,0,0,0,0,0,0,0,0,0,0,0,0,0,0,0,131275,0,0,0,0,0,0,0,0,0,0
0,0,0,0,14449,0,0,0,0,0,0,0,0,0,0,0,-1,0,0,0,0,0,0,0,0,0,0,0,0,0,0,0,0,0,0,0,0,0,0,0,0,0,0,0,0,0,0,0,0,0,0,0,0,0,0,0,0,0,0,0,0,131276,0,0,0,0,0,0,0,0,0,0
0,0,0,0,14450,0,0,0,0,0,0,0,0,0,0,0,-1,0,2,0,0,0,0,0,0,0,0,0,0,0,0,0,0,0,0,0,0,0,0,0,0,0,0,0,0,0,0,0,0,0,0,0,0,0,0,0,0,0,0,0,0,131276,0,0,0,0,0,0,0,0,0,0
0,0,0,0,14451,0,0,0,0,0,0,0,0,0,0,0,-1,0,0,0,0,0,0,0,0,0,0,0,0,0,0,0,0,0,0,0,0,0,0,0,0,0,0,0,0,0,0,0,0,0,0,0,0,0,0,0,0,0,0,0,0,131277,0,0,0,0,0,0,0,0,0,0
0,0,0,0,14452,0,0,0,0,0,0,0,0,0,0,0,-1,0,2,0,0,0,0,0,0,0,0,0,0,0,0,0,0,0,0,0,0,0,0,0,0,0,0,0,0,0,0,0,0,0,0,0,0,0,0,0,0,0,0,0,0,131277,0,0,0,0,0,0,0,0,0,0
0,0,0,0,14453,0,0,0,0,0,0,0,0,0,0,0,-1,0,0,0,0,0,0,0,0,0,0,0,0,0,0,0,0,0,0,0,0,0,0,0,0,0,0,0,0,0,0,0,0,0,0,0,0,0,0,0,0,0,0,0,0,131278,0,0,0,0,0,0,0,0,0,0
0,0,0,0,14454,0,0,0,0,0,0,0,0,0,0,0,-1,0,2,0,0,0,0,0,0,0,0,0,0,0,0,0,0,0,0,0,0,0,0,0,0,0,0,0,0,0,0,0,0,0,0,0,0,0,0,0,0,0,0,0,0,131278,0,0,0,0,0,0,0,0,0,0
0,230,12,0,14885,220,0,220,220,12,0,82,0,35,0,220,0,0,0,12,0,0,231,0,41,220,0,45,235,100,220,194,230,12,220,0,0,220,0,220,0,201,220,220,220,0,194,0,230,220,0,1,11,0,0,9,230,0,0,0,0,131358,220,9,1,12,220,0,98,12,1,230
0,203,12,0,14886,12,0,12,12,12,0,81,0,199,7,12,0,0,1,12,0,0,191,0,184,12,0,45,12,100,12,194,184,12,12,0,0,12,0,12,0,203,12,12,12,0,194,0,39,12,0,1,13,0,0,12,18,0,0,0,0,131358,12,12,1,12,12,0,97,12,1,199
0,233,12,0,14887,12,0,12,12,12,0,92,0,232,0,12,0,0,2,12,0,0,149,0,113,12,0,45,12,100,12,194,152,12,12,0,0,12,0,12,0,241,12,12,12,0,194,0,48,12,0,0,6,0,0,12,33,0,1,0,0,131358,12,12,1,12,12,0,96,12,1,236
0,231,12,0,14888,220,0,12,59,220,0,60,0,233,7,220,0,0,0,220,0,0,134,0,233,12,0,158,144,100,220,298,231,12,34,2,0,12,0,220,0,233,12,220,144,0,298,0,56,12,0,0,37,0,0,34,24,0,0,0,0,131359,220,59,1,220,12,0,94,12,1,231
0,45,52,0,14889,199,0,229,77,77,0,63,0,52,3,229,0,0,1,53,0,0,183,0,81,179,0,158,199,100,179,298,78,77,53,0,0,53,0,229,0,48,52,179,52,0,298,0,227,77,0,0,25,0,0,229,218,0,0,0,0,131359,199,179,1,52,199,0,94,53,1,49
0,170,220,0,14890,12,0,12,177,177,0,56,0,214,7,12,0,0,2,232,0,0,117,0,159,12,0,158,12,0,12,298,161,177,232,0,0,232,0,12,0,168,220,12,220,0,298,0,121,177,0,0,37,0,0,12,189,0,0,0,0,131359,12,12,1,220,12,0,97,232,1,216
0,232,31,0,14876,220,0,220,109,109,0,51,0,40,19,59,0,0,0,59,0,0,231,0,39,220,0,1,31,76,109,5,232,109,59,2,0,59,0,220,0,228,31,220,31,0,5,0,231,109,1,0,44,0,8,59,231,0,1,0,0,131360,31,109,1,31,220,0,95,59,1,232
0,25,220,0,14877,220,0,220,220,220,0,95,0,24,19,220,0,0,1,220,0,0,33,0,43,220,0,1,220,76,220,5,25,220,220,0,0,220,0,220,0,33,220,220,220,0,5,0,43,220,1,0,95,0,8,220,24,0,0,0,0,131360,220,220,1,220,220,0,100,220,1,25
0,75,220,0,14878,220,0,220,220,220,0,98,0,154,0,220,0,0,2,220,0,0,71,0,205,220,0,1,220,85,220,98,206,220,220,0,0,220,0,220,0,71,220,220,220,0,98,0,205,220,1,0,98,0,8,220,154,0,0,0,0,131360,220,220,1,220,220,0,100,220,1,155
0,231,0,0,14879,0,0,47,100,100,0,69,0,231,19,47,0,0,0,47,0,0,0,0,231,100,0,1,0,100,100,4,231,100,47,0,0,47,0,47,0,231,0,100,0,0,4,0,55,100,0,0,29,0,0,47,33,0,0,0,0,131361,0,100,1,0,0,0,100,47,0,231
0,29,234,0,14880,234,0,229,36,36,0,88,0,15,19,229,0,0,1,229,0,0,217,0,66,36,0,1,234,100,36,4,66,36,229,0,0,229,0,229,0,29,234,36,234,0,4,0,23,36,0,0,9,0,0,229,228,0,0,0,0,131361,234,36,1,234,234,0,94,229,0,15
0,230,0,0,14881,0,0,47,100,100,0,90,0,209,0,47,0,0,2,47,0,0,25,0,57,100,0,1,0,76,100,4,57,100,47,0,0,47,0,47,0,230,0,100,0,0,4,0,24,100,0,0,9,0,0,47,25,0,0,0,0,131361,0,100,1,0,0,0,88,47,0,208
0,2,220,0,14882,220,0,220,220,220,0,91,0,28,0,220,0,0,0,220,0,0,167,0,77,220,2226,1,220,76,220,1,76,220,220,0,0,220,0,220,0,3,220,220,220,0,1,0,26,220,1,0,6,0,0,220,3,0,0,0,0,131362,220,220,1,220,220,0,92,220,1,26
0,2,220,0,14883,28,0,42,60,220,0,93,0,231,0,42,0,0,1,220,0,0,4,0,231,60,2226,1,220,76,60,1,76,220,42,0,0,42,0,42,0,231,28,60,28,0,1,0,76,60,1,0,5,0,0,220,27,0,0,0,0,131362,28,220,1,220,28,0,92,220,1,26
0,63,220,0,14884,220,0,220,220,220,0,77,0,151,0,220,0,0,2,220,0,0,30,0,118,220,2226,1,220,76,220,1,118,220,220,0,0,220,0,220,0,63,220,220,220,0,1,0,30,220,1,0,18,0,0,220,30,0,0,0,0,131362,220,220,1,220,220,0,91,220,1,151
0,228,12,0,14873,220,0,220,220,220,0,89,0,119,0,220,0,0,0,220,0,0,232,0,46,220,0,1,220,76,220,12,45,12,220,0,0,12,0,220,0,230,12,220,220,0,12,0,230,12,0,1,9,0,8,220,233,0,0,0,0,131363,220,220,1,220,220,0,75,12,1,118
0,29,12,0,14874,12,0,12,12,220,0,99,0,223,7,12,0,0,1,220,0,0,197,0,210,12,0,1,220,76,12,12,29,12,12,0,0,220,0,12,0,197,220,12,12,0,12,0,210,220,0,1,99,0,8,220,223,0,0,0,0,131363,12,220,1,220,12,0,75,12,1,29
0,210,12,0,14875,12,0,12,12,12,0,98,0,192,0,12,0,0,2,12,0,0,198,0,199,12,0,1,12,76,12,12,205,12,12,0,0,220,0,12,0,198,220,12,12,0,12,0,199,220,0,0,98,0,11,12,192,0,0,0,0,131363,12,12,1,12,12,0,100,12,1,207
0,0,0,0,18311,0,0,0,0,0,0,0,0,0,0,0,-1,0,0,0,0,0,0,0,0,0,0,0,0,0,0,0,0,0,0,0,0,0,0,0,0,0,0,0,0,0,0,0,0,0,0,0,0,0,0,0,0,0,0,0,0,131368,0,0,0,0,0,0,0,0,0,0
0,29,220,0,14731,220,0,220,220,220,0,94,0,33,0,220,0,0,0,220,0,0,57,0,39,220,2215,1,220,76,220,1,29,220,220,0,0,220,0,220,0,57,220,220,220,0,1,0,39,220,0,0,94,0,0,220,33,0,0,0,0,131386,220,220,1,220,220,0,98,220,1,29
0,230,183,0,14732,183,0,22,44,44,0,78,0,231,0,22,0,0,1,22,0,0,179,0,231,44,2215,1,183,76,44,1,230,44,22,0,0,22,0,22,0,231,183,44,183,0,1,0,185,44,0,0,15,0,0,22,180,0,0,0,0,131386,183,44,1,183,183,0,97,22,1,230
0,230,220,0,14733,220,0,220,220,220,0,54,0,167,0,220,0,0,2,220,0,0,201,0,38,220,2215,1,220,86,220,1,37,220,220,0,0,220,0,220,0,232,220,220,220,0,1,0,33,220,0,0,40,0,0,220,86,0,0,0,0,131386,220,220,1,220,220,0,95,220,1,165
0,31,220,0,14950,220,0,220,220,220,0,61,0,35,0,220,0,0,0,220,0,0,231,0,47,220,2222,137,220,100,220,264,102,220,220,0,0,220,0,220,1,131,220,220,220,0,264,0,231,220,0,0,37,0,0,220,231,0,0,0,0,131391,220,220,1,220,220,0,97,220,1,53
0,231,31,0,14951,220,0,220,220,101,0,61,0,53,0,220,0,0,1,53,0,0,231,0,102,220,2222,137,31,100,220,264,231,101,220,0,0,220,0,220,1,31,220,220,220,0,264,0,231,220,0,0,37,0,0,53,231,0,0,0,0,131391,220,101,1,31,220,0,96,53,1,231
0,85,220,0,14952,220,0,220,220,220,0,63,0,85,0,220,0,0,2,220,0,0,26,0,89,220,2222,137,220,100,220,264,89,220,220,0,0,220,0,220,1,85,220,220,220,0,264,0,26,220,0,0,31,0,0,220,26,0,0,0,0,131391,220,220,1,220,220,0,93,220,1,85
0,40,220,0,14786,34,0,37,73,220,0,84,0,225,0,37,-1,0,0,220,0,0,219,0,225,73,0,51,220,0,73,196,107,220,37,0,0,37,0,37,0,226,34,73,34,0,196,0,28,73,0,0,10,0,0,220,40,0,1,0,0,131397,34,220,1,220,34,0,98,220,1,50
0,219,220,0,14787,220,0,220,220,220,0,93,0,44,0,220,-1,0,1,220,0,0,226,0,32,220,0,51,220,0,220,196,28,220,220,0,0,220,0,220,0,223,220,220,220,0,196,0,226,220,0,0,5,0,0,220,226,0,1,0,0,131397,220,220,1,220,220,0,98,220,1,40
0,254,37,0,14788,37,0,47,98,98,0,64,0,254,0,47,-1,0,2,47,0,0,231,0,0,98,0,51,37,0,98,196,0,98,47,0,0,47,0,47,0,254,37,98,37,0,196,0,0,98,0,0,33,0,0,47,211,0,1,0,0,131397,37,98,1,37,37,0,98,47,1,254
0,30,220,0,14789,220,0,220,220,220,0,85,0,30,7,220,-1,0,0,220,0,0,249,0,30,220,0,51,220,0,220,196,30,220,220,0,0,220,0,220,0,30,220,220,220,0,196,0,69,220,0,0,11,0,0,220,210,0,0,0,0,131398,220,220,1,220,220,0,100,220,1,30
0,248,12,0,14790,12,0,12,12,12,0,88,0,214,7,12,-1,0,1,12,0,0,30,0,76,12,0,51,12,0,12,196,72,12,12,0,0,12,0,12,0,248,12,12,12,0,196,0,30,12,0,0,9,0,0,12,30,0,0,0,0,131398,12,12,1,12,12,0,100,12,1,213
0,254,220,0,14791,220,0,220,220,220,0,85,0,36,7,220,-1,0,2,220,0,0,255,0,0,220,0,51,220,0,220,196,0,220,220,0,0,220,0,220,0,254,220,220,220,0,196,0,38,220,0,0,14,0,0,220,75,0,0,0,0,131398,220,220,1,220,220,0,100,220,1,35
0,231,44,0,15394,44,0,92,156,156,0,50,0,230,7,92,-1,0,0,92,0,0,14,0,231,156,0,51,44,0,156,196,231,156,92,0,0,92,0,92,0,229,44,156,44,0,196,0,170,156,0,0,35,0,0,92,93,0,1,0,0,131399,44,156,1,44,44,0,100,92,1,231
0,0,220,0,15395,220,0,220,220,220,0,68,0,90,7,220,-1,0,1,220,0,0,109,0,167,220,0,51,220,0,220,196,164,220,220,0,0,220,0,220,0,7,220,220,220,0,196,0,223,220,0,0,22,0,0,220,170,0,0,0,0,131399,220,220,1,220,220,0,100,220,1,87
0,248,37,0,15396,37,0,82,147,147,0,100,0,202,7,82,-1,0,2,82,0,0,247,0,59,147,0,51,37,0,147,196,70,147,82,0,0,82,0,82,0,247,37,147,37,0,196,0,59,147,0,0,100,0,0,82,202,0,0,0,0,131399,37,147,1,37,37,0,100,82,1,211
0,131,220,0,15480,220,0,220,220,220,0,95,0,14,11,220,-1,0,0,220,0,0,125,0,36,220,0,51,220,0,220,196,36,220,220,0,0,220,0,220,0,125,220,220,220,0,196,0,36,220,0,0,95,0,0,220,14,0,0,0,0,131400,220,220,1,220,220,0,96,220,1,14
0,254,96,0,15481,96,0,21,34,34,0,91,0,171,11,21,-1,0,1,21,0,0,143,0,1,34,0,51,96,0,34,196,0,34,21,0,0,21,0,21,0,244,96,34,96,0,196,0,38,34,0,0,6,0,0,21,18,0,1,0,0,131400,96,34,1,96,96,0,93,21,1,180
0,14,220,0,15482,220,0,220,220,220,0,95,0,124,11,220,-1,0,2,220,0,0,14,0,103,220,0,51,220,0,220,196,108,220,220,0,0,220,0,220,0,14,220,220,220,0,196,0,103,220,0,0,95,0,0,220,124,0,0,0,0,131400,220,220,1,220,220,0,100,220,1,130
0,31,220,0,15720,220,0,220,220,220,0,65,0,34,7,220,-1,0,0,220,0,0,202,0,34,220,0,51,220,0,220,196,30,220,220,0,0,220,0,220,0,34,220,220,220,0,196,0,46,220,0,0,34,0,0,220,16,0,0,0,0,131401,220,220,1,220,220,0,94,220,1,29
0,231,12,0,15721,178,0,24,39,12,0,56,0,231,7,24,-1,0,1,12,0,0,36,0,231,39,0,51,12,0,39,196,231,12,24,0,0,24,0,24,0,231,178,39,178,0,196,0,36,39,0,0,41,0,0,12,36,0,1,0,0,131401,178,12,1,12,178,0,90,12,1,231
0,16,12,0,15722,12,0,12,12,12,0,59,0,199,7,12,-1,0,2,12,0,0,100,0,169,12,0,51,12,0,12,196,168,12,12,0,0,12,0,12,0,16,12,12,12,0,196,0,198,12,0,0,25,0,0,12,220,0,0,0,0,131401,12,12,1,12,12,0,91,12,1,199
0,254,42,0,15842,42,0,48,110,110,0,75,0,200,7,48,-1,0,0,48,0,0,23,0,9,110,0,51,42,0,110,196,9,110,48,0,0,48,0,48,0,254,42,110,42,0,196,0,151,110,0,0,19,0,0,48,57,0,1,0,0,131402,42,110,1,42,42,0,100,48,1,200
0,18,230,0,15843,230,0,183,43,43,0,94,0,45,7,183,-1,0,1,183,0,0,19,0,125,43,0,51,230,0,43,196,117,43,183,0,0,183,0,183,0,19,230,43,230,0,196,0,125,43,0,0,94,0,0,183,45,0,0,0,0,131402,230,43,1,230,230,0,100,183,1,41
0,25,220,0,15844,220,0,220,220,220,0,94,0,156,7,220,-1,0,2,220,0,0,24,0,121,220,0,51,220,0,220,196,122,220,220,0,0,220,0,220,0,24,220,220,220,0,196,0,121,220,0,0,94,0,0,220,156,0,0,0,0,131402,220,220,1,220,220,0,100,220,1,160
0,29,137,0,16009,137,0,114,19,19,0,80,0,30,7,114,-1,0,0,114,0,0,1,0,31,19,0,51,137,0,19,196,29,19,114,0,0,114,0,114,0,30,137,19,137,0,196,0,191,19,0,0,19,0,0,114,102,0,0,0,0,131403,137,19,1,137,137,0,100,114,1,29
0,231,12,0,16010,12,0,12,12,12,0,77,0,231,7,12,-1,0,1,12,0,0,0,0,231,12,0,51,12,0,12,196,231,12,12,0,0,12,0,12,0,231,12,12,12,0,196,0,164,12,0,0,17,0,0,12,88,0,1,0,0,131403,12,12,1,12,12,0,100,12,1,231
0,237,220,0,16011,220,0,220,220,220,0,96,0,126,7,220,-1,0,2,220,0,0,237,0,13,220,0,51,220,0,220,196,13,220,220,0,0,220,0,220,0,237,220,220,220,0,196,0,13,220,0,0,96,0,0,220,126,0,1,0,0,131403,220,220,1,220,220,0,100,220,1,125
0,29,19,0,16023,220,0,220,220,79,0,67,0,30,0,220,-1,0,0,183,0,0,231,0,30,220,0,51,19,0,220,196,29,79,220,0,0,220,0,220,0,30,220,220,220,0,196,0,231,220,0,0,23,0,0,183,231,0,1,0,0,131404,220,79,1,19,220,0,96,183,1,29
0,240,7,0,16024,12,0,12,12,104,0,86,0,241,0,12,-1,0,1,244,0,0,241,0,235,12,0,51,7,0,12,196,234,104,12,0,0,12,0,12,0,241,12,12,12,0,196,0,235,12,0,0,86,0,0,244,241,0,1,0,0,131404,12,104,1,7,12,0,95,244,1,240
0,7,12,0,16025,12,0,12,12,12,0,88,0,245,0,12,-1,0,2,12,0,0,29,0,105,12,0,51,12,0,12,196,104,12,12,0,0,12,0,12,0,7,12,12,12,0,196,0,30,12,0,0,5,0,0,12,30,0,1,0,0,131404,12,12,1,12,12,0,95,12,1,243
0,30,254,0,16026,254,0,0,26,26,0,98,0,30,7,0,-1,0,0,0,0,0,30,0,30,26,0,51,254,0,26,196,30,26,0,0,0,0,0,0,0,30,254,26,254,0,196,0,30,26,0,0,98,0,0,0,30,0,0,0,0,131405,254,26,1,254,254,0,100,0,1,30
0,231,254,0,16027,254,0,0,26,26,0,97,0,229,7,0,-1,0,1,0,0,0,229,0,229,26,0,51,254,0,26,196,231,26,0,0,0,0,0,0,0,229,254,26,254,0,196,0,229,26,0,0,97,0,0,0,229,0,1,0,0,131405,254,26,1,254,254,0,100,0,1,231
0,254,254,0,16028,254,0,0,26,26,0,97,0,240,7,0,-1,0,2,0,0,0,253,0,10,26,0,51,254,0,26,196,10,26,0,0,0,0,0,0,0,253,254,26,254,0,196,0,10,26,0,0,97,0,0,0,240,0,1,0,0,131405,254,26,1,254,254,0,100,0,1,241
0,30,220,0,16029,220,0,220,220,220,0,86,0,30,7,220,-1,0,0,220,0,0,242,0,30,220,0,51,220,0,220,196,30,220,220,0,0,220,0,220,0,30,220,220,220,0,196,0,24,220,0,0,6,0,0,220,5,0,0,0,0,131406,220,220,1,220,220,0,98,220,1,30
0,219,255,0,16030,255,0,240,10,10,0,85,0,4,7,240,-1,0,1,240,0,0,50,0,22,10,0,51,255,0,10,196,22,10,240,0,0,240,0,240,0,218,255,10,255,0,196,0,23,10,0,0,5,0,0,240,26,0,0,0,0,131406,255,10,1,255,255,0,98,240,1,4
0,254,254,0,16031,254,0,0,26,26,0,82,0,240,7,0,-1,0,2,0,0,0,251,0,9,26,0,51,254,0,26,196,10,26,0,0,0,0,0,0,0,254,254,26,254,0,196,0,8,26,0,0,6,0,0,0,156,0,1,0,0,131406,254,26,1,254,254,0,98,0,1,241
0,68,220,0,14891,12,0,0,12,220,0,39,0,207,7,12,-1,0,0,220,0,0,68,0,186,0,0,51,220,0,12,196,31,220,12,0,0,12,0,12,0,218,12,12,12,0,196,0,31,12,0,0,39,0,0,220,43,0,0,0,0,131411,12,220,1,220,0,0,97,220,1,43
0,35,220,0,14892,220,0,0,220,220,0,95,0,31,7,220,-1,0,1,220,0,0,35,0,32,0,0,51,220,0,220,196,32,220,220,0,0,12,0,220,0,35,12,220,220,0,196,0,32,12,0,0,95,0,0,220,31,0,0,0,0,131411,220,220,1,220,0,0,100,220,1,31
0,232,0,0,14893,243,0,0,235,235,0,75,0,20,7,248,-1,0,2,248,0,0,217,0,27,0,0,51,243,0,235,196,27,0,248,0,0,248,0,248,0,232,243,235,243,0,196,0,211,235,0,0,20,0,0,248,221,0,0,0,0,131411,243,235,1,243,0,0,87,0,1,20
39,52,171,0,17090,171,0,182,186,186,0,93,0,55,0,182,-1,0,0,182,0,0,52,0,64,186,0,96,171,0,186,182,63,186,182,0,0,182,0,182,0,52,171,186,171,0,182,0,64,186,0,1,93,0,9,182,55,0,0,0,0,131439,171,186,1,171,171,0,100,182,1,54
39,29,220,0,17091,3,0,49,172,220,0,88,0,241,19,49,0,0,1,220,0,0,32,0,240,170,0,96,220,100,170,182,163,220,43,0,0,43,0,49,0,242,51,170,51,0,182,0,164,172,0,1,5,0,0,220,87,0,0,0,0,131439,3,220,1,220,3,0,80,220,1,86
39,236,12,0,17092,12,0,12,12,12,0,90,0,220,0,12,0,0,2,12,0,0,205,0,75,12,0,96,12,86,12,182,108,12,12,0,0,12,0,12,0,231,12,12,12,0,182,0,51,12,0,1,5,0,0,12,177,0,0,0,0,131439,12,12,1,12,12,0,82,12,1,227
0,68,220,0,15035,220,0,220,43,220,0,51,0,33,0,220,0,0,0,220,0,0,71,0,40,220,17,19,220,100,220,205,1,220,34,0,0,34,0,220,0,233,233,220,233,0,205,0,1,43,0,0,39,0,0,220,0,0,0,0,0,131447,220,220,1,220,220,0,94,220,1,0
0,14,220,0,15036,238,0,28,220,220,0,94,0,231,0,28,0,0,1,220,0,0,231,0,231,37,17,19,220,100,37,205,147,220,220,0,0,220,0,28,0,231,220,37,220,0,205,0,231,220,0,0,94,0,0,220,231,0,0,0,0,131447,238,220,1,220,238,0,94,220,1,79
0,34,255,0,15037,255,0,101,12,35,0,89,0,31,0,101,0,0,2,101,0,0,64,0,31,35,17,19,255,100,35,205,31,35,12,0,0,12,0,101,0,32,12,35,12,0,205,0,65,12,0,0,7,0,0,101,64,0,0,0,0,131447,255,35,1,255,255,0,94,101,1,30
0,41,234,0,16225,234,0,227,24,24,0,96,0,117,0,227,0,0,0,227,0,0,41,0,205,24,330,1,234,76,24,1,205,24,227,0,0,227,0,227,0,41,234,24,234,0,1,0,205,24,1,0,96,0,9,227,117,0,0,0,0,131459,234,24,0,234,234,0,99,227,1,118
0,246,9,0,16226,9,0,10,217,217,0,94,0,245,0,10,0,0,1,10,0,0,246,0,32,217,330,1,9,76,217,1,32,217,10,0,0,10,0,10,0,246,9,217,9,0,1,0,32,217,1,0,94,0,9,10,245,0,0,0,0,131459,9,217,0,9,9,0,99,10,1,245
0,202,220,0,16227,220,0,220,220,220,0,76,0,102,0,220,0,0,2,220,0,0,163,0,202,220,330,1,220,76,220,1,199,220,220,0,0,220,0,220,0,205,220,220,220,0,1,0,160,220,0,0,23,0,2,220,70,0,1,0,0,131459,220,220,0,220,220,0,99,220,1,101
0,130,12,0,16250,146,0,220,220,220,0,47,0,227,7,38,0,0,0,220,0,0,129,0,228,220,308,44,220,76,38,84,58,12,220,2,0,220,0,38,0,227,220,38,220,0,84,0,58,220,0,0,38,0,0,220,40,0,0,0,0,131463,146,220,1,220,220,0,98,12,1,40
0,197,12,0,16251,220,0,12,12,12,0,82,0,214,7,220,0,0,1,12,0,0,92,0,67,12,308,44,220,86,220,84,66,12,12,2,0,12,0,220,0,197,12,220,12,0,84,0,105,12,0,0,13,0,0,220,95,0,0,0,0,131463,220,220,1,12,12,0,98,12,1,214
0,78,12,0,16252,220,0,12,12,12,1,87,0,188,0,220,0,0,2,12,0,0,29,1,230,12,308,44,220,76,220,84,230,12,12,2,0,12,0,220,0,78,12,220,12,0,84,0,154,12,0,0,12,0,1,220,84,0,0,0,0,131463,220,220,1,12,12,0,91,12,1,188
0,43,45,0,15545,244,0,26,220,45,0,94,0,53,0,60,-1,0,0,60,0,0,51,0,66,58,0,71,244,0,45,73,55,58,220,0,0,26,0,60,0,51,45,45,220,0,73,0,66,58,0,0,94,0,5,60,53,0,0,0,0,131477,244,45,1,244,45,0,100,26,1,44
0,32,12,0,15546,12,0,12,85,12,0,80,0,93,0,12,0,0,1,12,0,0,30,0,82,12,0,71,255,87,12,73,32,12,94,0,0,12,0,12,0,214,12,12,191,0,73,0,29,12,0,0,19,0,9,108,29,0,0,0,0,131477,12,92,1,12,12,0,100,12,1,32
0,45,220,0,15547,220,0,220,172,220,0,52,0,101,0,220,0,0,2,220,0,0,103,0,168,220,0,71,220,87,220,73,167,220,106,0,0,220,0,220,0,46,220,220,78,0,73,0,215,220,0,0,44,0,6,220,171,0,0,0,0,131477,220,220,1,220,220,0,59,220,1,101
0,34,246,0,15550,37,0,44,48,48,0,94,0,196,0,44,-1,0,0,174,0,0,253,0,49,97,0,71,246,0,97,73,92,48,174,0,0,44,0,44,0,253,37,97,246,0,73,0,49,97,0,0,94,0,0,174,196,0,1,0,0,131478,37,48,1,246,37,0,100,174,1,41
0,32,225,0,15549,225,0,174,12,78,0,97,0,49,0,174,0,0,1,174,0,0,48,0,53,78,0,71,225,0,78,73,32,78,12,0,0,174,0,174,0,48,225,78,12,0,73,0,53,78,0,0,97,0,9,174,49,0,0,0,0,131478,225,78,1,225,225,0,100,174,1,32
0,219,12,0,15548,12,0,12,173,12,0,53,0,124,0,12,0,0,2,12,0,0,231,0,158,12,0,71,12,100,12,73,158,12,135,0,0,12,0,12,0,220,12,12,240,0,73,0,198,12,0,0,45,0,6,12,184,0,0,0,0,131478,12,12,1,12,12,0,58,12,1,123
2012,232,21,0,15604,220,0,220,216,73,0,75,0,175,0,220,0,0,0,38,0,0,1,0,227,220,0,103,21,76,220,215,232,73,162,0,0,220,0,220,0,111,220,220,96,0,170,0,176,220,0,0,22,0,6,38,98,0,0,0,0,131487,220,73,1,21,220,0,100,38,1,232
2012,232,12,0,15605,12,0,12,42,12,0,98,0,185,26,12,0,0,1,12,0,0,231,0,37,12,0,103,12,76,12,215,37,12,205,0,0,12,0,12,0,231,12,12,255,0,170,0,37,12,0,0,98,0,6,12,185,0,0,0,0,131487,12,12,1,12,12,0,97,12,1,186
2012,59,220,0,15606,220,0,0,114,220,0,87,0,141,0,220,-1,0,2,220,0,0,46,0,109,0,0,103,220,0,220,215,114,220,149,0,0,220,0,220,0,57,220,220,60,0,170,0,85,220,0,0,12,0,0,220,106,0,0,0,0,131487,220,220,1,220,0,0,91,220,1,149
2012,30,220,0,15609,12,0,12,42,220,0,85,0,185,0,12,0,0,0,220,0,0,29,0,37,12,0,103,220,100,12,215,30,220,205,0,0,12,0,12,0,231,12,12,255,0,170,0,28,12,0,0,14,0,6,220,29,0,0,0,0,131488,12,220,1,220,12,0,89,220,1,30
2012,0,220,0,15608,21,0,38,220,220,0,81,0,231,0,38,0,0,1,220,0,0,0,0,231,73,0,103,220,100,73,215,187,220,220,0,0,38,0,38,0,231,21,73,220,0,170,0,186,73,0,0,16,0,6,220,139,0,0,0,0,131488,21,220,1,220,21,0,100,220,1,140
2012,59,220,0,15607,220,0,0,114,220,0,87,0,141,0,220,-1,0,2,220,0,0,47,0,108,0,0,103,220,0,220,215,114,220,149,0,0,220,0,220,0,57,220,220,60,0,170,0,85,220,0,0,12,0,0,220,107,0,0,0,0,131488,220,220,1,220,0,0,91,220,1,149
0,0,220,0,15859,220,0,220,220,220,0,54,0,231,4,220,0,0,0,220,0,0,200,0,231,220,41,1,220,86,220,12,190,220,220,0,0,220,0,220,0,231,220,220,220,0,12,0,28,220,0,0,44,0,0,220,22,0,1,0,0,131491,220,220,1,220,220,0,96,220,1,82
0,0,220,0,15860,220,0,220,220,220,0,94,0,47,0,220,0,0,1,220,0,0,227,0,142,220,41,1,220,87,220,12,166,220,220,0,0,220,0,220,0,9,220,220,220,0,12,0,228,220,0,0,5,0,0,220,228,0,0,0,0,131491,220,220,1,220,220,0,96,220,1,54
0,29,220,0,15861,220,0,220,220,220,0,100,0,87,0,220,0,0,2,220,0,0,90,0,100,220,41,1,220,87,220,12,29,220,220,0,0,220,0,220,0,90,220,220,220,0,12,0,100,220,0,0,100,0,0,220,87,0,0,0,0,131491,220,220,1,220,220,0,100,220,1,29
0,231,16,0,15541,16,0,69,49,49,0,84,0,231,7,69,-1,0,0,69,0,0,160,0,231,49,0,133,16,0,49,260,231,49,69,0,0,69,0,69,0,230,16,49,16,0,260,0,169,49,0,0,5,0,0,69,178,0,1,0,0,131524,16,49,1,16,16,0,96,69,1,231
0,226,10,0,15542,10,0,53,35,35,0,85,0,254,0,53,-1,0,2,53,0,0,14,0,101,35,0,133,10,0,35,260,101,35,53,0,0,53,0,53,0,226,10,35,10,0,260,0,105,35,0,0,5,0,0,53,246,0,1,0,0,131524,10,35,1,10,10,0,96,53,1,254
0,29,7,0,15543,7,0,244,104,104,0,84,0,31,0,244,-1,0,0,244,0,0,49,0,31,104,0,133,7,0,104,260,30,104,244,0,0,244,0,244,0,30,7,104,7,0,260,0,63,104,0,0,9,0,0,244,77,0,0,0,0,131527,7,104,1,7,7,0,97,244,1,30
0,226,10,0,15544,10,0,53,35,35,0,85,0,254,0,53,-1,0,2,53,0,0,14,0,101,35,0,133,10,0,35,260,101,35,53,0,0,53,0,53,0,226,10,35,10,0,260,0,105,35,0,0,5,0,0,53,246,0,1,0,0,131527,10,35,1,10,10,0,96,53,1,254
2012,244,12,0,16701,12,0,12,49,12,0,86,0,109,0,12,0,0,0,12,0,0,32,0,49,12,0,103,12,76,12,215,49,12,108,0,0,12,0,12,0,244,12,12,243,0,170,0,35,12,0,0,11,0,5,12,33,0,0,0,0,131531,12,12,1,12,12,0,88,12,1,110
2012,243,192,0,16702,192,0,16,220,48,0,83,0,242,0,16,0,0,1,16,0,0,191,0,242,48,0,103,192,86,48,215,243,48,220,0,0,16,0,16,0,242,192,48,220,0,170,0,39,48,0,0,14,0,4,16,18,0,1,0,0,131531,192,48,1,192,192,0,98,16,1,243
2012,81,12,0,16703,12,0,12,167,12,1,75,0,151,0,12,0,0,2,12,0,0,137,1,167,12,0,103,12,87,12,215,167,12,150,0,0,12,0,12,0,81,12,12,81,0,170,0,206,12,0,0,24,0,10,12,217,0,0,0,0,131531,12,12,1,12,12,0,91,12,1,150
0,0,0,0,18312,0,0,0,0,0,0,0,0,0,0,0,-1,0,0,0,0,0,0,0,0,0,0,0,0,0,0,0,0,0,0,0,0,0,0,0,0,0,0,0,0,0,0,0,0,0,0,0,0,0,0,0,0,0,0,0,0,131680,0,0,0,0,0,0,0,0,0,0
0,153,220,0,16417,220,0,220,220,220,0,74,0,38,7,220,0,0,0,220,0,0,231,0,38,220,0,1,220,76,220,1,39,220,220,0,0,220,0,220,0,130,220,220,220,0,1,0,231,220,0,0,22,0,0,220,231,0,0,0,0,131681,220,220,1,220,220,0,91,220,1,39
0,231,12,0,16418,12,0,12,12,12,0,81,0,231,7,12,0,0,1,12,0,0,197,0,231,12,0,1,12,76,12,1,231,12,12,0,0,12,0,12,0,231,12,12,12,0,1,0,29,12,0,0,17,0,0,12,28,0,0,0,0,131681,12,12,1,12,12,0,100,12,1,231
0,30,220,0,16419,220,0,220,67,220,1,69,0,88,7,220,0,0,2,220,0,0,105,1,63,220,0,1,220,76,220,1,63,220,87,0,0,220,0,220,0,31,220,220,57,0,1,0,128,220,0,0,26,0,0,220,37,0,0,0,0,131681,220,220,1,220,220,0,90,220,1,88
0,34,220,0,16420,220,0,220,220,220,0,76,0,93,7,220,0,0,0,220,0,0,231,0,119,220,0,1,220,76,220,1,156,220,220,0,0,220,0,220,0,44,220,220,220,0,1,0,231,220,0,0,17,0,0,220,231,0,0,0,0,131682,220,220,1,220,220,0,100,220,1,113
0,231,49,0,16421,49,0,52,220,88,1,84,0,231,7,52,0,0,1,52,0,0,35,0,231,88,0,1,49,76,88,1,231,88,220,0,0,52,0,52,0,231,49,88,220,0,1,0,90,88,0,0,8,0,0,52,41,0,0,0,0,131682,49,88,1,49,49,0,100,52,1,231
0,44,220,0,16422,220,0,220,100,220,1,69,0,150,7,220,0,0,2,220,0,0,30,1,96,220,0,1,220,76,220,1,95,220,142,0,0,220,0,220,0,45,220,220,90,0,1,0,30,220,0,0,25,0,0,220,30,0,0,0,0,131682,220,220,1,220,220,0,89,220,1,149
0,0,12,0,16154,224,0,12,12,12,0,60,0,77,11,197,0,0,0,12,0,0,231,0,152,12,2222,137,224,76,104,264,171,12,12,2,0,12,0,197,1,3,12,104,12,0,264,0,231,12,1,0,29,0,0,197,231,0,0,0,0,131720,224,104,1,12,12,0,87,12,1,91
0,117,12,0,16155,224,0,12,12,12,0,64,0,31,11,197,0,0,1,12,0,0,23,0,33,12,2222,137,224,76,104,264,32,12,12,2,0,12,0,197,1,103,12,104,12,0,264,0,46,12,1,0,29,0,0,197,30,0,0,0,0,131720,224,104,1,12,12,0,87,12,1,31
0,222,220,0,16156,12,0,220,220,220,0,96,0,56,0,12,0,0,2,220,0,0,219,0,155,220,2222,137,12,76,12,264,162,220,220,2,0,220,0,12,1,219,220,12,220,0,264,0,155,220,1,0,96,0,0,12,56,0,0,0,0,131720,12,12,1,220,220,0,99,220,1,60
0,47,140,0,16181,220,0,41,91,140,0,91,0,61,0,220,0,0,0,140,0,0,229,0,120,91,2218,128,220,84,220,249,123,140,41,2,0,41,0,220,0,44,27,220,27,0,249,0,230,91,0,0,5,0,0,220,229,0,0,0,0,131724,220,220,1,140,27,0,97,140,1,64
0,55,27,0,16182,27,0,220,220,220,0,90,0,228,11,41,0,0,1,220,0,0,49,0,211,220,2218,128,220,84,91,249,121,91,220,2,0,220,0,41,0,232,220,91,220,0,249,0,128,220,0,0,6,0,0,220,66,0,0,0,0,131724,27,220,1,220,220,0,98,41,1,65
0,233,140,0,16183,210,0,12,140,44,0,92,0,232,0,32,0,0,2,32,0,0,130,0,113,12,2218,128,210,84,44,249,152,140,140,2,0,140,0,32,0,241,140,44,140,0,249,0,47,140,0,0,5,0,0,32,34,0,0,0,0,131724,210,44,1,210,12,0,96,140,1,236
0,12,220,0,16147,220,0,220,220,220,0,61,0,112,9,220,0,0,0,220,0,0,231,0,175,220,2222,137,220,100,220,264,175,220,220,0,0,220,0,220,0,12,220,220,220,0,264,0,231,220,0,0,37,0,0,220,231,0,0,0,0,131733,220,220,1,220,220,0,91,220,1,111
0,0,220,0,16148,0,0,58,93,220,0,94,0,244,8,58,0,0,1,220,0,0,247,0,237,93,2222,137,220,100,93,264,94,220,58,0,0,58,0,58,0,247,0,93,0,0,264,0,237,93,0,0,94,0,0,220,244,0,0,0,0,131733,0,220,1,220,0,0,81,220,1,58
0,30,220,0,16149,220,0,220,220,220,0,85,0,30,7,220,0,0,2,220,0,0,227,0,30,220,2222,137,220,100,220,264,30,220,220,0,0,220,0,220,0,30,220,220,220,0,264,0,227,220,0,0,8,0,0,220,227,0,0,0,0,131733,220,220,1,220,220,0,92,220,1,29
350,6,220,0,16100,247,0,12,220,220,0,99,0,69,11,236,0,0,0,220,0,0,10,0,64,12,0,6,220,86,157,51,59,220,220,2,0,220,0,236,0,10,220,157,220,0,51,0,64,220,0,0,99,0,0,220,69,0,0,0,0,131735,247,220,1,220,12,0,95,220,0,64
350,26,220,0,16101,12,0,220,12,12,0,96,0,33,11,12,0,0,1,12,0,0,130,0,37,220,0,6,12,86,12,51,44,220,12,2,0,220,0,12,0,130,220,12,12,0,51,0,37,220,0,0,96,0,0,12,33,0,0,0,0,131735,12,12,1,12,220,0,100,220,0,46
350,81,220,0,16102,220,0,12,220,220,0,99,0,52,0,220,0,0,2,220,0,0,82,0,131,12,0,6,220,86,220,51,130,220,220,2,0,220,0,220,0,82,220,220,220,0,51,0,131,220,0,0,99,0,0,220,52,0,0,0,0,131735,220,220,1,220,12,0,100,220,0,52
0,29,12,0,16234,220,0,12,12,12,0,90,0,34,7,220,0,0,0,12,0,0,227,0,58,12,0,29,220,351,220,27,37,12,12,0,0,12,0,220,0,29,12,220,12,100351,27,0,227,12,0,0,8,0,0,220,227,0,1,0,0,131739,220,220,1,12,12,3,99,12,1,31
0,30,12,0,16235,12,0,220,220,220,0,87,0,228,11,12,0,0,1,220,0,0,212,0,228,220,0,29,220,351,12,27,30,12,220,2,0,220,0,12,0,228,220,12,220,100351,27,0,115,220,0,0,9,0,0,220,184,0,0,0,0,131739,12,220,1,220,220,3,93,12,1,30
0,239,12,0,16236,220,0,12,12,220,0,70,0,51,7,220,0,0,2,220,0,0,239,0,124,12,0,29,220,351,220,27,125,12,12,0,0,12,0,220,0,239,12,220,12,100351,27,0,125,12,0,0,23,0,0,220,114,0,0,0,0,131739,220,220,1,220,12,3,93,12,1,51
0,1,12,0,16643,220,0,220,220,220,0,76,0,152,2,220,0,0,0,220,0,0,230,0,253,220,2168,1,220,76,220,6,184,12,220,0,0,12,0,220,0,0,12,220,220,0,6,0,230,12,0,0,18,0,8,220,230,0,0,0,0,131795,220,220,1,220,220,0,94,12,1,107
0,231,5,0,16644,5,0,140,199,199,0,77,0,233,0,140,0,0,1,140,0,0,1,0,233,199,2168,1,5,76,199,6,231,199,140,0,0,140,0,140,0,233,5,199,5,0,6,0,253,199,0,0,16,0,8,140,148,0,0,0,0,131795,5,199,1,5,5,0,94,140,1,231
0,236,12,0,16645,12,0,12,12,12,0,96,0,203,0,12,0,0,2,12,0,0,233,0,34,12,0,1,12,84,12,2,34,12,12,0,0,12,0,12,0,233,12,12,12,0,2,0,34,12,0,0,96,0,0,12,203,0,0,0,0,131795,12,12,1,12,12,0,91,12,1,206
350,58,220,0,17264,220,0,12,220,220,0,80,0,99,0,220,0,0,0,220,0,0,103,0,187,12,0,6,220,100,220,51,184,220,220,2,0,12,0,220,0,63,12,220,220,0,51,0,210,12,0,0,18,0,0,220,156,0,0,0,0,131798,220,220,1,220,12,0,100,220,1,92
350,230,12,0,17265,12,0,220,12,12,0,79,0,230,7,12,0,0,1,12,0,0,60,0,231,220,0,6,12,100,12,51,230,12,12,2,0,220,0,12,0,230,220,12,12,0,51,0,184,220,0,0,10,0,0,12,95,0,0,0,0,131798,12,12,1,12,220,0,75,12,1,230
350,236,12,0,17266,12,0,220,12,12,0,99,0,209,0,12,0,0,2,12,0,0,235,0,43,220,0,6,12,100,12,51,49,12,12,2,0,220,0,12,0,235,220,12,12,0,51,0,43,220,0,0,99,0,0,12,209,0,0,0,0,131798,12,12,1,12,220,0,100,12,1,214
0,43,150,0,16627,150,0,12,37,37,0,64,0,39,14,116,-1,0,0,116,0,0,180,0,40,12,0,133,150,0,37,260,40,37,116,2,0,116,0,116,0,69,150,37,150,0,260,0,80,37,0,0,10,0,0,116,150,0,0,0,0,131821,150,37,1,150,12,0,87,116,1,56
0,79,218,0,16628,218,0,12,104,104,0,51,0,109,14,185,-1,0,1,185,0,0,57,0,57,12,0,133,218,0,104,260,16,104,185,2,0,185,0,185,0,53,218,104,218,0,260,0,25,104,0,0,17,0,0,185,28,0,0,0,0,131821,218,104,1,218,12,0,83,185,1,8
0,114,79,0,16629,79,0,8,16,16,0,68,0,154,14,8,-1,0,2,8,0,0,112,0,75,16,0,133,79,0,16,260,50,16,8,0,0,8,0,8,0,177,79,16,79,0,260,0,47,16,0,0,14,0,0,8,95,0,1,0,0,131821,79,16,1,79,79,0,42,8,1,98
0,42,218,0,16630,218,0,185,104,104,0,67,0,19,14,185,-1,0,0,185,0,0,184,0,23,104,0,133,218,0,104,260,41,104,185,0,0,185,0,185,0,77,218,104,218,0,260,0,86,104,0,0,18,0,0,185,158,0,0,0,0,131822,218,104,1,218,218,0,84,185,1,57
0,75,218,0,16631,218,0,185,104,104,0,42,0,61,14,185,-1,0,1,185,0,0,43,0,40,104,0,133,218,0,104,260,23,104,185,0,0,185,0,185,0,47,218,104,218,0,260,0,81,104,0,0,25,0,0,185,103,0,0,0,0,131822,218,104,1,218,218,0,83,185,1,17
0,218,29,0,16632,29,0,103,80,80,0,70,0,186,14,103,-1,0,2,103,0,0,40,0,105,80,0,133,29,0,80,260,105,80,103,0,0,103,0,103,0,214,29,80,29,0,260,0,71,80,0,0,11,0,0,103,101,0,0,0,0,131822,29,80,1,29,29,0,89,103,1,185
0,212,72,0,16657,72,0,32,90,90,0,94,0,228,19,32,-1,0,0,32,0,0,202,0,236,90,0,133,72,0,90,260,229,90,32,0,0,32,0,32,0,217,72,90,72,0,260,0,87,90,0,0,5,0,0,32,161,0,1,0,0,131823,72,90,1,72,72,0,94,32,1,221
0,91,219,0,16652,219,0,156,46,46,0,87,0,58,19,156,-1,0,1,156,0,0,43,0,124,46,0,133,219,0,46,260,125,46,156,0,0,156,0,156,0,90,219,46,219,0,260,0,132,46,0,0,5,0,0,156,93,0,0,0,0,131823,219,46,1,219,219,0,87,156,1,58
0,220,72,0,16656,72,0,32,90,90,0,57,0,178,19,32,-1,0,2,32,0,0,186,0,107,90,0,133,72,0,90,260,103,90,32,0,0,32,0,32,0,228,72,90,72,0,260,0,123,90,0,0,26,0,0,32,123,0,1,0,0,131823,72,90,1,72,72,0,57,32,1,167
0,218,72,0,16654,72,0,32,90,90,0,87,0,222,7,32,-1,0,0,32,0,0,182,0,230,90,0,133,72,0,90,260,229,90,32,0,0,32,0,32,0,218,72,90,72,0,260,0,78,90,0,0,11,0,0,32,142,0,1,0,0,131824,72,90,1,72,72,0,91,32,1,221
0,103,219,0,16655,219,0,156,46,46,0,80,0,74,7,156,-1,0,1,156,0,0,177,0,134,46,0,133,219,0,46,260,132,46,156,0,0,156,0,156,0,100,219,46,219,0,260,0,75,46,0,0,9,0,0,156,136,0,0,0,0,131824,219,46,1,219,219,0,85,156,1,70
0,225,72,0,16650,72,0,32,90,90,0,66,0,175,7,32,-1,0,2,32,0,0,175,0,100,90,0,133,72,0,90,260,98,90,32,0,0,32,0,32,0,224,72,90,72,0,260,0,117,90,0,0,21,0,0,32,130,0,1,0,0,131824,72,90,1,72,72,0,70,32,1,176
0,13,220,0,16658,220,0,220,220,220,0,65,0,30,7,220,-1,0,0,220,0,0,216,0,87,220,0,133,220,0,220,260,84,220,220,0,0,220,0,220,0,17,220,220,220,0,260,0,44,220,0,0,17,0,0,220,28,0,0,0,0,131825,220,220,1,220,220,0,100,220,1,25
0,231,22,0,16651,22,0,34,90,90,0,55,0,230,7,34,-1,0,1,34,0,0,216,0,230,90,0,133,22,0,90,260,231,90,34,0,0,34,0,34,0,230,22,90,22,0,260,0,44,90,0,0,17,0,0,34,28,0,0,0,0,131825,22,90,1,22,22,0,100,34,1,231
0,254,22,0,16653,22,0,34,90,90,0,53,0,225,7,34,-1,0,2,34,0,0,216,0,45,90,0,133,22,0,90,260,45,90,34,0,0,34,0,34,0,253,22,90,22,0,260,0,44,90,0,0,17,0,0,34,28,0,0,0,0,131825,22,90,1,22,22,0,100,34,1,226
0,237,12,0,18211,12,0,12,12,12,0,86,0,202,0,12,0,0,0,12,0,0,27,0,47,12,0,1,12,76,12,1,42,12,12,0,0,12,0,12,0,235,12,12,12,0,1,0,24,12,1,0,9,0,8,12,26,0,0,0,0,131826,12,12,1,12,12,0,97,12,1,207
0,30,229,0,18212,229,0,236,15,15,0,93,0,37,0,236,0,0,1,236,0,0,37,0,36,15,0,1,229,76,15,1,30,15,236,0,0,236,0,236,0,37,229,15,229,0,1,0,36,15,1,0,93,0,8,236,37,0,0,0,0,131826,229,15,1,229,229,0,97,236,1,30
0,226,220,0,18213,220,0,220,220,220,0,92,0,19,0,220,0,0,2,220,0,0,30,0,19,220,0,1,220,76,220,1,19,220,220,0,0,220,0,220,0,228,220,220,220,0,1,0,29,220,0,0,7,0,0,220,29,0,0,0,0,131826,220,220,1,220,220,0,93,220,1,19
0,208,220,0,17523,189,0,16,39,220,0,93,0,231,26,16,0,0,0,220,0,0,204,0,231,39,0,140,220,78,39,273,50,220,16,0,0,16,0,16,0,231,189,39,189,0,273,0,48,39,0,1,5,0,5,220,20,0,0,0,1,131877,189,220,1,220,189,0,98,220,1,20
0,155,220,0,17524,220,0,220,220,220,0,70,0,7,0,220,0,0,1,220,0,0,229,0,43,220,0,140,220,78,220,273,44,220,220,0,0,220,0,220,0,148,220,220,220,0,273,0,68,220,0,1,29,0,5,220,56,0,0,0,1,131877,220,220,1,220,220,0,99,220,1,0
0,246,12,0,17525,12,0,12,12,12,0,67,0,179,0,12,0,0,2,12,0,0,251,0,50,12,0,140,12,78,12,273,50,12,12,0,0,12,0,12,0,246,12,12,12,0,273,0,67,12,0,0,32,0,5,12,218,0,0,0,1,131877,12,12,1,12,12,0,70,12,1,179
0,31,51,0,16649,51,0,140,254,254,0,66,0,31,7,140,-1,0,0,140,0,0,230,0,31,254,0,133,51,0,254,260,31,254,140,0,0,140,0,140,0,32,51,254,51,0,260,0,140,254,0,0,31,0,0,140,37,0,0,0,0,131914,51,254,1,51,51,0,86,140,1,30
0,227,250,0,16659,250,0,56,141,141,0,63,0,231,7,56,-1,0,1,56,0,0,141,0,231,141,0,133,250,0,141,260,230,141,56,0,0,56,0,56,0,230,250,141,250,0,260,0,231,141,0,0,35,0,0,56,190,0,1,0,0,131914,250,141,1,250,250,0,65,56,1,229
0,229,250,0,16661,250,0,56,141,141,0,72,0,208,7,56,-1,0,2,56,0,0,31,0,0,141,0,133,250,0,141,260,0,141,56,0,0,56,0,56,0,231,250,141,250,0,260,0,31,141,0,0,25,0,0,56,31,0,0,0,0,131914,250,141,1,250,250,0,58,56,1,206
0,41,12,0,17323,0,0,220,220,220,0,90,0,222,0,28,0,0,0,220,0,0,1,0,227,220,2216,154,220,356,78,293,65,12,220,2,0,220,0,28,0,147,220,78,220,0,293,0,166,220,0,0,5,0,8,220,90,0,0,0,0,132176,0,220,1,220,220,0,100,12,1,45
0,82,12,0,17324,12,0,220,220,220,0,83,0,231,0,12,0,0,1,220,0,0,138,0,231,220,2216,154,220,356,12,293,121,12,220,2,0,220,0,12,0,231,220,12,220,0,293,0,139,220,0,0,7,0,8,220,55,0,0,0,0,132176,12,220,1,220,220,0,100,12,1,42
0,251,220,0,17325,12,0,220,220,12,0,69,0,178,0,12,0,0,2,12,0,0,252,0,49,220,2216,154,12,356,12,293,68,220,220,2,0,220,0,12,0,246,220,12,220,0,293,0,68,220,0,0,29,0,6,12,219,0,0,0,0,132176,12,12,1,12,220,0,100,220,1,218
4,88,12,0,17319,12,0,12,12,12,0,58,0,231,8,12,0,0,0,12,0,0,89,0,231,12,4,4,12,76,12,2,109,12,12,0,0,12,0,12,0,231,12,12,12,0,2,0,110,12,1,0,37,0,0,12,170,0,0,0,0,132231,12,12,1,12,12,0,99,12,0,169
4,26,180,0,17320,180,0,137,77,77,0,98,0,23,0,137,0,0,1,137,0,0,22,0,43,77,4,4,180,76,77,2,52,77,137,0,0,137,0,137,0,22,180,77,180,0,2,0,43,77,1,0,98,0,0,137,23,0,0,0,0,132231,180,77,1,180,180,0,99,137,0,27
4,251,12,0,17321,12,0,12,12,12,0,91,0,216,0,12,0,0,2,12,0,0,30,0,67,12,0,4,12,76,12,2,67,12,12,0,0,12,0,12,0,251,12,12,12,0,2,0,30,12,0,0,8,0,0,12,30,0,0,0,0,132231,12,12,1,12,12,0,88,12,0,216
2012,30,220,0,17033,220,0,220,216,220,0,86,0,162,0,220,0,0,0,220,0,0,229,0,217,220,0,103,220,84,220,215,30,220,162,0,0,220,0,220,0,97,220,220,96,0,170,0,230,220,0,0,12,0,5,220,229,0,0,0,0,132305,220,220,1,220,220,0,100,220,1,30
2012,232,47,0,17034,47,0,81,220,203,0,97,0,231,0,81,0,0,1,81,0,0,231,0,231,203,0,103,47,84,203,215,232,203,220,0,0,81,0,81,0,231,47,203,220,0,170,0,231,203,0,0,97,0,5,81,231,0,0,0,0,132305,47,203,1,47,47,0,99,81,1,232
2012,50,220,0,17035,220,0,220,44,220,1,87,0,156,0,220,0,0,2,220,0,0,51,1,56,220,0,103,220,76,220,215,94,220,211,0,0,220,0,220,0,11,220,220,58,0,170,0,94,220,0,0,12,0,1,220,190,0,0,0,0,132305,220,220,1,220,220,0,91,220,1,190
0,52,140,0,17397,23,0,140,140,220,0,82,0,246,8,154,0,0,0,220,0,0,53,0,246,140,2218,128,220,85,215,249,195,140,140,2,0,140,0,154,0,246,140,215,140,0,249,0,196,140,0,0,14,0,0,220,149,0,0,0,0,132370,23,220,1,220,140,0,98,140,1,148
0,29,140,0,17399,220,0,140,140,220,0,83,0,30,0,220,0,0,1,220,0,0,55,0,55,140,2218,128,220,85,220,249,54,140,140,2,0,140,0,220,0,29,140,220,140,0,249,0,249,140,0,0,12,0,0,220,193,0,0,0,0,132370,220,220,1,220,140,0,82,140,1,30
0,131,140,0,17400,220,0,140,140,220,0,76,0,50,0,220,0,0,2,220,0,0,167,0,57,140,2218,128,220,76,220,249,57,140,140,2,0,140,0,220,0,132,140,220,140,0,249,0,62,140,0,0,10,0,0,220,137,0,0,0,0,132370,220,220,1,220,140,0,90,140,1,51
2168,231,220,0,17379,3,0,94,220,220,0,84,0,231,7,94,0,0,0,220,0,0,42,0,231,215,0,1,3,76,215,94,231,220,220,0,0,220,0,94,0,231,220,215,220,0,94,0,156,220,1,0,11,0,8,94,70,0,0,0,0,132375,3,215,1,220,3,0,88,220,1,231
2168,7,8,0,17380,220,0,220,192,192,0,85,0,67,7,220,0,0,1,34,0,0,229,0,181,220,0,1,220,76,220,94,180,192,34,0,0,34,0,220,0,7,8,220,8,0,94,0,229,192,1,0,13,0,8,220,229,0,0,0,0,132375,220,220,1,8,220,0,96,34,1,66
0,230,231,0,17381,12,0,12,99,99,0,95,0,222,0,12,0,0,2,222,0,0,231,0,99,12,0,1,12,84,12,94,99,99,222,0,0,222,0,12,0,231,231,12,231,0,94,0,99,99,0,0,95,0,0,12,222,0,0,0,0,132375,12,12,1,231,12,0,90,222,1,221
0,197,220,0,17474,12,0,12,12,220,0,55,0,231,7,12,0,0,0,220,0,0,36,0,231,12,2215,1,220,76,12,10,38,220,12,0,0,12,0,12,0,231,12,12,12,0,10,0,126,12,0,0,31,0,0,220,61,0,0,0,0,132533,12,220,1,220,12,0,98,220,0,29
0,28,220,0,17475,220,0,220,220,220,0,69,0,73,0,220,0,0,1,220,0,0,29,0,128,220,2215,1,220,76,220,10,28,220,220,0,0,220,0,220,0,55,220,220,220,0,10,0,29,220,0,0,21,0,0,220,29,0,0,0,0,132533,220,220,1,220,220,0,97,220,0,28
0,254,12,0,17476,12,0,12,12,12,0,94,0,248,0,12,0,0,2,12,0,0,252,0,161,12,2215,1,12,86,12,10,189,12,12,0,0,12,0,12,0,252,12,12,12,0,10,0,161,12,0,0,94,0,0,12,248,0,0,0,0,132533,12,12,1,12,12,0,97,12,0,249
0,35,220,0,17330,220,0,220,220,220,0,72,0,41,0,220,0,0,0,220,0,0,160,0,87,220,0,133,220,0,220,260,93,220,220,0,0,220,0,220,0,33,220,220,220,0,260,0,25,220,0,0,22,0,0,220,33,0,0,0,0,132534,220,220,1,220,220,0,100,220,1,44
0,231,37,0,17331,37,0,47,98,98,0,42,0,230,0,47,0,0,1,47,0,0,193,0,230,98,0,133,37,0,98,260,231,98,47,0,0,47,0,47,0,230,37,98,37,0,260,0,201,98,0,0,27,0,0,47,193,0,0,0,0,132534,37,98,1,37,37,0,100,47,1,231
0,162,37,0,17332,37,0,47,98,98,0,90,0,167,0,47,0,0,2,47,0,0,35,0,30,98,0,133,37,0,98,260,29,98,47,0,0,47,0,47,0,166,37,98,37,0,260,0,92,98,0,0,8,0,0,47,44,0,1,0,0,132534,37,98,1,37,37,0,100,47,1,163
0,29,220,0,17114,220,0,220,220,220,0,69,0,34,7,220,0,0,0,220,0,0,248,0,34,220,0,133,220,0,220,260,29,220,220,0,0,220,0,220,0,34,220,220,220,0,260,0,68,220,0,0,29,0,0,220,213,0,0,0,0,132535,220,220,1,220,220,0,100,220,1,29
0,230,12,0,17115,12,0,12,12,12,0,56,0,207,7,12,0,0,1,12,0,0,158,0,69,12,0,133,12,0,12,260,63,12,12,0,0,12,0,12,0,241,12,12,12,0,260,0,52,12,0,0,42,0,0,12,137,0,0,0,0,132535,12,12,1,12,12,0,99,12,1,196
0,0,12,0,17116,12,0,12,12,12,0,55,0,212,7,12,0,0,2,12,0,0,10,0,141,12,0,133,12,0,12,260,142,12,12,0,0,12,0,12,0,4,12,12,12,0,260,0,103,12,0,0,43,0,0,12,143,0,0,0,0,132535,12,12,1,12,12,0,96,12,1,224
0,0,220,0,17122,220,0,220,220,220,0,67,0,89,7,220,0,0,0,220,0,0,126,0,165,220,0,133,220,0,220,260,164,220,220,0,0,220,0,220,0,1,220,220,220,0,260,0,208,220,0,0,17,0,0,220,175,0,0,0,0,132536,220,220,1,220,220,0,100,220,1,87
0,231,0,0,17124,0,0,87,164,164,0,80,0,228,7,87,0,0,1,87,0,0,2,0,207,164,0,133,0,0,164,260,231,164,87,0,0,87,0,87,0,233,0,164,0,0,260,0,165,164,0,0,13,0,0,87,89,0,1,0,0,132536,0,164,1,0,0,0,100,87,1,231
0,248,0,0,17125,0,0,87,164,164,0,100,0,217,7,87,0,0,2,87,0,0,250,0,85,164,0,133,0,0,164,260,72,164,87,0,0,87,0,87,0,250,0,164,0,0,260,0,85,164,0,0,100,0,0,87,217,0,1,0,0,132536,0,164,1,0,0,0,100,87,1,213
0,129,255,0,17135,255,0,180,0,0,0,71,0,16,7,180,0,0,0,180,0,0,26,0,34,0,0,133,255,0,0,260,36,0,180,0,0,180,0,180,0,116,255,0,255,0,260,0,14,0,0,0,20,0,0,180,11,0,0,0,0,132537,255,0,1,255,255,0,98,180,1,14
0,231,132,0,17136,220,0,220,220,37,0,52,0,167,7,220,0,0,1,15,0,0,118,0,22,220,0,133,132,0,220,260,22,37,220,0,0,220,0,220,0,230,220,220,220,0,260,0,25,220,0,0,29,0,0,15,31,0,0,0,0,132537,220,37,1,132,220,0,94,15,1,168
0,1,41,0,17137,220,0,220,220,102,0,55,0,168,7,220,0,0,2,100,0,0,36,0,161,220,0,133,41,0,220,260,167,102,220,0,0,220,0,220,0,4,220,220,220,0,260,0,108,220,0,0,36,0,0,100,107,0,0,0,0,132537,220,102,1,41,220,0,94,100,1,178
0,30,200,0,17138,200,0,15,46,46,0,81,0,30,7,15,0,0,0,15,0,0,76,0,30,46,0,133,200,0,46,260,30,46,15,0,0,15,0,15,0,30,200,46,200,0,260,0,75,46,0,0,15,0,0,15,74,0,0,0,0,132538,200,46,1,200,200,0,100,15,1,30
0,231,200,0,17139,200,0,15,46,46,0,54,0,228,7,15,0,0,1,15,0,0,139,0,228,46,0,133,200,0,46,260,231,46,15,0,0,15,0,15,0,228,200,46,200,0,260,0,139,46,0,0,25,0,0,15,139,0,1,0,0,132538,200,46,1,200,200,0,100,15,1,231
0,39,12,0,17140,12,0,12,12,12,0,97,0,190,7,12,0,0,2,12,0,0,41,0,166,12,0,133,12,0,12,260,164,12,12,0,0,12,0,12,0,41,12,12,12,0,260,0,166,12,0,0,97,0,0,12,190,0,0,0,0,132538,12,12,1,12,12,0,99,12,1,191
0,30,172,0,17141,220,0,220,220,76,0,92,0,24,7,220,0,0,0,148,0,0,176,0,39,220,0,133,172,0,220,260,30,76,220,0,0,220,0,220,0,38,220,220,220,0,260,0,79,220,0,0,6,0,0,148,152,0,0,0,0,132539,220,76,1,172,220,0,100,148,1,30
0,231,86,0,17142,12,0,12,12,94,0,53,0,235,7,12,0,0,1,23,0,0,115,0,235,12,0,133,86,0,12,260,231,94,12,0,0,12,0,12,0,235,12,12,12,0,260,0,122,12,0,0,38,0,0,23,48,0,1,0,0,132539,12,94,1,86,12,0,100,23,1,231
0,172,87,0,17143,87,0,23,94,94,0,81,0,150,7,23,0,0,2,23,0,0,217,0,76,94,0,133,87,0,94,260,77,94,23,0,0,23,0,23,0,175,87,94,87,0,260,0,95,94,0,0,18,0,0,23,188,0,1,0,0,132539,87,94,1,87,87,0,99,23,1,148
0,22,220,0,17149,220,0,220,220,220,0,97,0,23,7,220,0,0,0,220,0,0,25,0,199,220,0,133,220,0,220,260,216,220,220,0,0,220,0,220,0,25,220,220,220,0,260,0,199,220,0,0,97,0,0,220,23,0,0,0,0,132540,220,220,1,220,220,0,98,220,1,24
0,230,12,0,17150,12,0,12,12,12,0,69,0,230,7,12,0,0,1,12,0,0,36,0,231,12,0,133,12,0,12,260,230,12,12,0,0,12,0,12,0,230,12,12,12,0,260,0,213,12,0,0,10,0,0,12,35,0,1,0,0,132540,12,12,1,12,12,0,97,12,1,230
0,14,220,0,17151,220,0,220,220,220,0,94,0,15,7,220,0,0,2,220,0,0,65,0,38,220,0,133,220,0,220,260,30,220,220,0,0,220,0,220,0,17,220,220,220,0,260,0,196,220,0,0,5,0,0,220,41,0,0,0,0,132540,220,220,1,220,220,0,99,220,1,13
0,2,25,0,17152,25,0,55,105,105,0,81,0,167,7,55,0,0,0,55,0,0,24,0,127,105,0,133,25,0,105,260,125,105,55,0,0,55,0,55,0,4,25,105,25,0,260,0,110,105,0,0,11,0,0,55,70,0,0,0,0,132541,25,105,1,25,25,0,99,55,1,166
0,251,10,0,17153,10,0,10,40,40,0,68,0,252,7,10,0,0,1,10,0,0,61,0,247,40,0,133,10,0,40,260,246,40,10,0,0,10,0,10,0,248,10,40,10,0,260,0,181,40,0,0,17,0,0,10,210,0,1,0,0,132541,10,40,1,10,10,0,97,10,1,251
0,12,220,0,17154,220,0,220,220,220,0,89,0,12,7,220,0,0,2,220,0,0,20,0,44,220,0,133,220,0,220,260,41,220,220,0,0,220,0,220,0,13,220,220,220,0,260,0,133,220,0,0,6,0,0,220,71,0,0,0,0,132541,220,220,1,220,220,0,98,220,1,11
0,217,10,0,17155,10,0,50,20,20,0,82,0,217,7,50,0,0,0,50,0,0,75,0,21,20,0,133,10,0,20,260,20,20,50,0,0,50,0,50,0,214,10,20,10,0,260,0,32,20,0,0,12,0,0,50,173,0,0,0,0,132542,10,20,1,10,10,0,97,50,1,217
0,230,0,0,17156,0,0,20,20,20,0,85,0,231,7,20,0,0,1,20,0,0,144,0,213,20,0,133,0,0,20,260,230,20,20,0,0,20,0,20,0,226,0,20,0,0,260,0,57,20,0,0,13,0,0,20,221,0,1,0,0,132542,0,20,1,0,0,0,97,20,1,230
0,29,220,0,17157,220,0,220,220,220,0,91,0,31,7,220,0,0,2,220,0,0,30,0,30,220,0,133,220,0,220,260,29,220,220,0,0,220,0,220,0,30,220,220,220,0,260,0,30,220,0,0,91,0,0,220,31,0,0,0,0,132542,220,220,1,220,220,0,98,220,1,29
0,239,12,0,17158,12,0,12,12,12,0,82,0,120,7,12,0,0,0,12,0,0,45,0,12,12,0,133,12,0,12,260,10,12,12,0,0,12,0,12,0,238,12,12,12,0,260,0,28,12,0,0,10,0,0,12,36,0,0,0,0,132543,12,12,1,12,12,0,98,12,1,119
0,230,12,0,17159,12,0,12,12,12,0,75,0,229,7,12,0,0,1,12,0,0,237,0,225,12,0,133,12,0,12,260,230,12,12,0,0,12,0,12,0,231,12,12,12,0,260,0,32,12,0,0,17,0,0,12,137,0,1,0,0,132543,12,12,1,12,12,0,97,12,1,230
0,29,220,0,17160,220,0,220,220,220,0,89,0,31,7,220,0,0,2,220,0,0,31,0,30,220,0,133,220,0,220,260,29,220,220,0,0,220,0,220,0,31,220,220,220,0,260,0,30,220,0,0,89,0,0,220,31,0,0,0,0,132543,220,220,1,220,220,0,98,220,1,29
0,140,220,0,17161,220,0,220,220,220,0,89,0,25,7,220,0,0,0,220,0,0,41,0,9,220,0,133,220,0,220,260,7,220,220,0,0,220,0,220,0,136,220,220,220,0,260,0,12,220,0,0,10,0,0,220,15,0,0,0,0,132544,220,220,1,220,220,0,99,220,1,23
0,230,12,0,17162,12,0,12,12,12,0,76,0,229,7,12,0,0,1,12,0,0,177,0,229,12,0,133,12,0,12,260,230,12,12,0,0,12,0,12,0,231,12,12,12,0,260,0,18,12,0,0,10,0,0,12,39,0,1,0,0,132544,12,12,1,12,12,0,97,12,1,230
0,29,220,0,17163,220,0,220,220,220,0,88,0,30,7,220,0,0,2,220,0,0,188,0,29,220,0,133,220,0,220,260,29,220,220,0,0,220,0,220,0,32,220,220,220,0,260,0,38,220,0,0,6,0,0,220,91,0,0,0,0,132544,220,220,1,220,220,0,98,220,1,29
0,107,220,0,17164,220,0,220,220,220,0,91,0,8,7,220,0,0,0,220,0,0,36,0,131,220,0,133,220,0,220,260,140,220,220,0,0,220,0,220,0,104,220,220,220,0,260,0,17,220,0,0,8,0,0,220,15,0,0,0,0,132545,220,220,1,220,220,0,99,220,1,7
0,230,12,0,17165,12,0,12,12,12,0,70,0,229,7,12,0,0,1,12,0,0,136,0,231,12,0,133,12,0,12,260,230,12,12,0,0,12,0,12,0,230,12,12,12,0,260,0,161,12,0,0,13,0,0,12,44,0,1,0,0,132545,12,12,1,12,12,0,97,12,1,230
0,29,220,0,17166,220,0,220,220,220,0,91,0,29,7,220,0,0,2,220,0,0,141,0,31,220,0,133,220,0,220,260,29,220,220,0,0,220,0,220,0,34,220,220,220,0,260,0,73,220,0,0,7,0,0,220,14,0,0,0,0,132545,220,220,1,220,220,0,99,220,1,29
0,15,247,0,17167,247,0,212,72,72,0,96,0,39,25,212,0,0,0,212,0,0,12,0,103,72,0,133,247,0,72,260,104,72,212,0,0,212,0,212,0,12,247,72,247,0,260,0,103,72,0,0,96,0,0,212,39,0,0,0,0,132546,247,72,1,247,247,0,98,212,1,37
0,212,19,0,17168,19,0,42,117,117,0,97,0,187,25,42,0,0,1,42,0,0,212,0,71,117,0,133,19,0,117,260,68,117,42,0,0,42,0,42,0,212,19,117,19,0,260,0,71,117,0,0,97,0,0,42,187,0,0,0,0,132546,19,117,1,19,19,0,98,42,1,187
0,231,255,0,17169,255,0,182,176,176,0,92,0,25,25,182,0,0,2,182,0,0,226,0,27,176,0,133,255,0,176,260,41,176,182,0,0,182,0,182,0,213,255,176,255,0,260,0,68,176,0,0,7,0,0,182,73,0,0,0,0,132546,255,176,1,255,255,0,98,182,1,44
0,30,172,0,17172,172,0,148,77,77,0,79,0,30,25,148,0,0,0,148,0,0,10,0,30,77,0,133,172,0,77,260,30,77,148,0,0,148,0,148,0,30,172,77,172,0,260,0,175,77,0,0,10,0,0,148,98,0,0,0,0,132547,172,77,1,172,172,0,98,148,1,30
0,230,172,0,17171,172,0,148,77,77,0,80,0,231,25,148,0,0,1,148,0,0,120,0,232,77,0,133,172,0,77,260,230,77,148,0,0,148,0,148,0,231,172,77,172,0,260,0,229,77,0,0,8,0,0,148,180,0,1,0,0,132547,172,77,1,172,172,0,97,148,1,230
0,230,12,0,17170,12,0,12,12,12,0,81,0,107,25,12,0,0,2,12,0,0,231,0,2,12,0,133,12,0,12,260,2,12,12,0,0,12,0,12,0,231,12,12,12,0,260,0,43,12,0,0,11,0,0,12,210,0,0,0,0,132547,12,12,1,12,12,0,97,12,1,106
0,205,220,0,17173,220,0,220,220,220,0,94,0,18,25,220,0,0,0,220,0,0,230,0,4,220,0,133,220,0,220,260,0,220,220,0,0,220,0,220,0,207,220,220,220,0,260,0,218,220,0,0,5,0,0,220,228,0,0,0,0,132548,220,220,1,220,220,0,95,220,1,17
0,231,224,0,17174,224,0,17,17,17,0,94,0,221,25,17,0,0,1,17,0,0,215,0,212,17,0,133,224,0,17,260,219,17,17,0,0,17,0,17,0,222,224,17,224,0,260,0,8,17,0,0,5,0,0,17,17,0,1,0,0,132548,224,17,1,224,224,0,97,17,1,230
0,2,220,0,17175,220,0,220,220,220,0,94,0,160,25,220,0,0,2,220,0,0,6,0,152,220,0,133,220,0,220,260,149,220,220,0,0,220,0,220,0,6,220,220,220,0,260,0,152,220,0,0,94,0,0,220,160,0,0,0,0,132548,220,220,1,220,220,0,95,220,1,156
0,0,220,0,17178,220,0,220,220,220,0,95,0,75,25,220,0,0,0,220,0,0,0,0,43,220,0,133,220,0,220,260,42,220,220,0,0,220,0,220,0,0,220,220,220,0,260,0,43,220,0,0,95,0,0,220,75,0,0,0,0,132549,220,220,1,220,220,0,78,220,1,94
0,4,12,0,17177,12,0,12,12,12,0,70,0,118,25,12,0,0,1,12,0,0,167,0,51,12,0,133,12,0,12,260,20,12,12,0,0,12,0,12,0,7,12,12,12,0,260,0,171,12,0,0,20,0,0,12,188,0,0,0,0,132549,12,12,1,12,12,0,62,12,1,105
0,13,172,0,17176,172,0,147,74,74,0,69,0,164,25,147,0,0,2,147,0,0,1,0,182,74,0,133,172,0,74,260,142,74,147,0,0,147,0,147,0,38,172,74,172,0,260,0,144,74,0,0,27,0,0,147,85,0,0,0,0,132549,172,74,1,172,172,0,51,147,1,93
0,244,12,0,17179,12,0,12,12,12,0,96,0,144,25,12,0,0,0,12,0,0,244,0,175,12,0,133,12,0,12,260,174,12,12,0,0,12,0,12,0,244,12,12,12,0,260,0,175,12,0,0,96,0,0,12,144,0,0,0,0,132550,12,12,1,12,12,0,99,12,1,142
0,19,244,0,17180,244,0,144,175,175,0,96,0,20,25,144,0,0,1,144,0,0,20,0,20,175,0,133,244,0,175,260,19,175,144,0,0,144,0,144,0,20,244,175,244,0,260,0,20,175,0,0,96,0,0,144,20,0,0,0,0,132550,244,175,1,244,244,0,88,144,1,19
0,64,244,0,17181,244,0,144,175,175,0,96,0,182,25,144,0,0,2,144,0,0,60,0,229,175,0,133,244,0,175,260,231,175,144,0,0,144,0,144,0,60,244,175,244,0,260,0,229,175,0,0,96,0,0,144,182,0,0,0,0,132550,244,175,1,244,244,0,88,144,1,182
0,0,0,0,18313,0,0,0,0,0,0,0,0,0,0,0,-1,0,0,0,0,0,0,0,0,0,0,0,0,0,0,0,0,0,0,0,0,0,0,0,0,0,0,0,0,0,0,0,0,0,0,0,0,0,0,0,0,0,0,0,0,132583,0,0,0,0,0,0,0,0,0,0
0,0,0,0,17261,0,0,0,0,0,0,0,0,0,0,0,-1,0,0,0,0,0,0,0,0,0,0,0,0,0,0,0,0,0,0,0,0,0,0,0,0,0,0,0,0,0,0,0,0,0,0,0,0,0,0,0,0,0,0,0,0,132584,0,0,0,0,0,0,0,0,0,0
0,0,220,0,17262,220,0,220,60,220,0,0,0,0,7,220,0,0,0,220,0,0,0,0,0,220,0,0,220,100,220,288,0,220,30,0,0,187,0,220,0,0,190,220,206,0,288,0,0,187,0,0,0,0,5,220,0,0,0,0,0,132585,220,220,1,220,220,0,0,220,1,0
0,6,220,0,17333,220,0,220,220,220,0,88,0,24,6,220,0,0,0,220,0,0,6,0,69,220,0,133,220,0,220,260,67,220,220,0,0,220,0,220,0,6,220,220,220,0,260,0,69,220,0,0,88,0,0,220,24,0,0,0,0,132586,220,220,1,220,220,0,100,220,1,23
0,23,12,0,17334,12,0,12,12,12,0,93,0,176,6,12,0,0,1,12,0,0,23,0,231,12,0,133,12,0,12,260,232,12,12,0,0,12,0,12,0,23,12,12,12,0,260,0,231,12,0,0,93,0,0,12,176,0,0,0,0,132586,12,12,1,12,12,0,100,12,1,175
0,232,12,0,17335,12,0,12,12,12,0,88,0,51,6,12,0,0,2,12,0,0,232,0,141,12,0,133,12,0,12,260,141,12,12,0,0,12,0,12,0,232,12,12,12,0,260,0,141,12,0,0,88,0,0,12,51,0,0,0,0,132586,12,12,1,12,12,0,100,12,1,50
0,223,140,0,17348,210,0,32,140,220,0,69,0,209,7,32,0,0,0,220,0,0,225,0,50,44,2218,128,220,76,44,249,37,140,140,0,0,140,0,32,0,254,140,44,140,0,249,0,34,140,0,0,27,0,0,220,37,0,0,0,0,132588,210,220,1,220,210,0,98,140,1,40
0,30,140,0,17349,220,0,220,140,220,0,72,0,30,8,220,0,0,1,220,0,0,7,0,30,220,2218,128,220,76,220,249,30,140,140,0,0,140,0,220,0,30,140,220,140,0,249,0,83,140,0,0,20,0,0,220,130,0,0,0,0,132588,220,220,1,220,220,0,98,140,1,30
0,135,140,0,17350,220,0,220,140,220,0,97,0,96,0,220,0,0,2,220,0,0,136,0,168,220,2218,128,220,76,220,249,167,140,140,0,0,140,0,220,0,136,140,220,140,0,249,0,168,140,0,0,97,0,0,220,96,0,0,0,0,132588,220,220,1,220,220,0,98,140,1,95
0,168,220,0,17345,220,0,220,220,220,0,72,0,35,0,220,0,0,0,220,0,0,231,0,49,220,2215,1,220,76,220,5,48,220,220,0,0,220,0,220,0,168,220,220,220,0,5,0,231,220,0,0,25,0,0,220,231,0,0,0,0,132589,220,220,1,220,220,0,98,220,1,34
0,29,220,0,17346,220,0,220,220,220,0,84,0,30,7,220,0,0,1,220,0,0,93,0,30,220,2215,1,220,76,220,5,29,220,220,0,0,220,0,220,0,30,220,220,220,0,5,0,106,220,0,0,12,0,0,220,96,0,0,0,0,132589,220,220,1,220,220,0,98,220,1,29
0,171,12,0,17347,12,0,12,12,12,0,59,0,217,0,12,0,0,2,12,0,0,118,0,160,12,2215,1,12,76,12,5,162,12,12,0,0,12,0,12,0,167,12,12,12,0,5,0,122,12,0,0,35,0,0,12,190,0,0,0,0,132589,12,12,1,12,12,0,97,12,1,218
0,29,220,0,17449,220,0,220,220,220,0,76,0,28,0,220,0,0,0,220,0,0,32,0,37,220,0,133,220,0,220,260,29,220,220,0,0,220,0,220,0,32,220,220,220,0,260,0,37,220,0,0,76,0,0,220,28,0,0,0,0,132613,220,220,1,220,220,0,100,220,1,29
0,230,12,0,17450,12,0,12,12,12,0,82,0,229,0,12,0,0,1,12,0,0,229,0,229,12,0,133,12,0,12,260,230,12,12,0,0,12,0,12,0,229,12,12,12,0,260,0,229,12,0,0,82,0,0,12,229,0,1,0,0,132613,12,12,1,12,12,0,100,12,1,230
0,254,12,0,17451,12,0,12,12,12,0,84,0,18,0,12,0,0,2,12,0,0,254,0,69,12,0,133,12,0,12,260,61,12,12,0,0,12,0,12,0,254,12,12,12,0,260,0,210,12,0,0,9,0,0,12,115,0,0,0,0,132613,12,12,1,12,12,0,100,12,1,16
0,85,220,0,17496,220,0,220,220,220,0,85,0,36,7,220,0,0,0,220,0,0,231,0,43,220,2222,137,220,76,220,264,42,220,220,0,0,220,0,220,0,95,220,220,220,0,264,0,231,220,0,0,14,0,0,220,231,0,1,0,0,132629,220,220,1,220,220,0,99,220,0,35
0,231,12,0,17497,12,0,12,12,12,0,69,0,231,7,12,0,0,1,12,0,0,175,0,231,12,2222,137,12,76,12,264,231,12,12,0,0,12,0,12,0,231,12,12,12,0,264,0,175,12,0,0,16,0,0,12,175,0,0,0,0,132629,12,12,1,12,12,0,99,12,0,231
0,7,220,0,17498,220,0,220,220,220,0,64,0,121,7,220,0,0,2,220,0,0,29,0,188,220,2222,137,220,76,220,264,187,220,220,0,0,220,0,220,0,7,220,220,220,0,264,0,30,220,0,0,33,0,0,220,30,0,0,0,0,132629,220,220,1,220,220,0,99,220,0,120
0,35,107,0,17717,220,0,220,107,220,0,66,0,33,0,220,0,0,0,220,0,0,248,0,34,220,0,7,220,78,220,297,35,107,107,0,0,107,0,220,0,35,107,220,107,0,297,0,87,107,0,0,22,0,0,220,0,0,0,0,0,132630,220,220,0,220,220,0,86,107,1,35
0,245,107,0,17718,220,0,12,107,220,0,48,0,0,0,12,0,0,1,220,0,0,34,0,85,12,0,7,220,78,12,297,87,107,107,0,0,107,0,220,0,244,107,220,107,0,297,0,34,107,0,0,43,0,0,220,34,0,0,0,0,132630,12,220,0,220,12,0,71,107,1,3
0,115,174,0,17719,110,0,12,60,255,1,68,0,30,0,12,0,0,2,0,0,0,116,1,35,12,0,7,110,78,12,297,30,60,234,0,0,234,0,0,0,32,174,255,174,0,297,0,31,60,0,0,17,0,1,0,179,0,0,0,0,132630,12,255,0,110,12,0,57,234,1,184
0,33,215,0,17500,215,0,255,88,88,0,50,0,22,0,255,0,0,0,255,0,0,80,0,21,88,0,73,215,0,88,144,32,88,255,0,0,255,0,255,0,32,215,88,215,0,144,0,72,88,0,0,12,0,0,255,77,0,0,0,0,132631,215,88,1,215,215,0,81,255,0,32
0,229,12,0,17501,12,0,12,12,12,0,43,0,227,0,12,0,0,1,12,0,0,76,0,214,12,0,73,12,0,12,144,227,12,12,0,0,12,0,12,0,228,12,12,12,0,144,0,44,12,0,0,12,0,0,12,44,0,0,0,0,132631,12,12,1,12,12,0,82,12,0,230
0,250,220,0,17502,220,0,220,220,220,0,27,0,67,0,220,0,0,2,220,0,0,32,0,14,220,0,73,220,0,220,144,0,220,220,0,0,220,0,220,0,238,220,220,220,0,144,0,28,220,0,0,19,0,0,220,28,0,1,0,0,132631,220,220,1,220,220,0,50,220,0,7
0,29,19,0,17512,220,0,220,220,79,0,67,0,30,0,220,0,0,0,183,0,0,231,0,30,220,0,133,19,0,220,260,29,79,220,0,0,220,0,220,0,30,220,220,220,0,260,0,231,220,0,0,23,0,0,183,231,0,1,0,0,132645,220,79,1,19,220,0,96,183,1,29
0,240,19,0,17513,12,0,12,12,79,0,86,0,241,0,12,0,0,1,183,0,0,241,0,235,12,0,133,19,0,12,260,234,79,12,0,0,12,0,12,0,241,12,12,12,0,260,0,235,12,0,0,86,0,0,183,241,0,1,0,0,132645,12,79,1,19,12,0,95,183,1,240
0,7,12,0,17514,12,0,12,12,12,0,88,0,245,0,12,0,0,2,12,0,0,29,0,105,12,0,133,12,0,12,260,104,12,12,0,0,12,0,12,0,7,12,12,12,0,260,0,30,12,0,0,5,0,0,12,30,0,1,0,0,132645,12,12,1,12,12,0,95,12,1,243
0,230,19,0,17610,12,0,12,12,79,0,84,0,231,0,12,0,0,0,183,0,0,29,0,231,12,0,133,19,0,12,260,230,79,12,0,0,12,0,12,0,231,12,12,12,0,260,0,29,12,0,0,6,0,0,183,29,0,1,0,0,132647,12,79,1,19,12,0,96,183,1,230
0,7,12,0,17611,12,0,12,12,12,0,88,0,245,0,12,0,0,2,12,0,0,29,0,105,12,0,133,12,0,12,260,104,12,12,0,0,12,0,12,0,7,12,12,12,0,260,0,30,12,0,0,5,0,0,12,30,0,1,0,0,132647,12,12,1,12,12,0,95,12,1,243
0,21,12,0,17877,220,0,220,12,220,0,94,0,27,8,220,0,0,0,220,0,0,229,0,41,220,0,22,220,31,220,213,34,12,12,0,0,12,0,220,0,27,12,220,12,0,207,0,229,12,0,0,5,0,0,220,229,0,0,0,0,132670,220,220,1,220,220,0,97,12,1,20
0,249,12,0,17878,12,0,12,220,12,0,93,0,244,8,12,0,0,1,12,0,0,29,0,229,12,0,22,12,31,12,213,231,12,220,0,0,220,0,12,0,247,220,12,220,0,207,0,29,220,0,0,5,0,0,12,29,0,0,0,0,132670,12,12,1,12,12,0,97,12,1,246
0,247,12,0,17879,12,0,12,12,12,0,59,0,253,0,12,0,0,2,12,0,0,188,0,86,12,0,133,12,0,12,260,86,12,12,0,0,12,0,12,0,248,12,12,12,0,260,0,27,12,0,0,33,0,0,12,194,0,0,0,0,132670,12,12,1,12,12,0,100,12,1,253
0,230,12,0,17868,220,0,220,220,12,0,85,0,5,0,220,0,0,0,12,0,0,229,0,21,220,0,133,12,0,220,260,230,12,220,0,0,220,0,220,0,212,220,220,220,0,260,0,228,220,0,0,7,0,0,12,228,0,0,0,0,132671,220,12,1,12,220,0,100,12,1,230
0,230,12,0,17869,220,0,220,220,12,0,90,0,31,0,220,0,0,1,12,0,0,228,0,31,220,0,133,12,0,220,260,230,12,220,0,0,220,0,220,0,30,220,220,220,0,260,0,228,220,0,0,7,0,0,12,228,0,0,0,0,132671,220,12,1,12,220,0,100,12,1,230
0,247,12,0,17870,12,0,12,12,12,0,59,0,253,0,12,0,0,2,12,0,0,188,0,86,12,0,133,12,0,12,260,86,12,12,0,0,12,0,12,0,248,12,12,12,0,260,0,27,12,0,0,33,0,0,12,194,0,0,0,0,132671,12,12,1,12,12,0,100,12,1,253
0,58,12,0,17865,220,0,12,220,220,0,86,0,6,0,220,0,0,0,220,0,0,168,0,73,12,0,135,220,13,220,262,65,12,220,2,0,12,0,220,1,62,12,220,220,0,262,0,209,12,0,0,7,0,0,220,4,0,0,0,0,132672,220,220,1,220,12,0,98,12,1,4
0,201,220,0,17867,12,0,220,25,25,0,75,0,201,0,12,0,0,1,25,0,0,96,0,201,220,76,135,12,0,12,265,201,220,25,2,0,220,0,12,1,201,220,12,25,0,265,0,165,220,0,0,15,0,0,12,32,0,0,0,0,132672,12,12,1,25,220,0,96,220,1,201
0,247,12,0,17866,12,0,220,12,12,0,59,0,252,0,12,0,0,2,12,0,0,188,0,86,220,0,133,12,0,12,260,86,12,12,2,0,12,0,12,0,247,12,12,12,0,260,0,27,12,0,0,33,0,0,12,194,0,0,0,0,132672,12,12,1,12,220,0,100,12,1,253
0,37,12,0,17874,220,0,12,220,227,0,82,0,38,2,220,0,0,0,117,0,0,7,0,38,12,0,19,255,0,220,200,37,12,220,2,0,12,0,220,0,38,12,220,220,0,200,0,249,12,0,0,10,0,0,117,96,0,0,0,0,132673,220,227,1,255,12,0,97,12,1,37
0,7,12,0,17875,12,0,220,12,220,0,72,0,231,7,12,0,0,1,220,0,0,192,0,231,220,0,19,220,0,12,200,231,12,12,2,0,220,0,12,0,231,220,12,12,0,200,0,192,220,0,0,19,0,0,220,192,0,1,0,0,132673,12,220,1,220,220,0,87,12,1,85
0,247,12,0,17876,12,0,12,12,12,0,59,0,253,0,12,0,0,2,12,0,0,188,0,86,12,0,133,12,0,12,260,86,12,12,0,0,12,0,12,0,248,12,12,12,0,260,0,27,12,0,0,33,0,0,12,194,0,1,0,0,132673,12,12,1,12,12,0,100,12,1,253
0,29,12,0,17871,220,0,12,12,220,0,80,0,30,7,220,0,0,0,220,0,0,214,0,30,12,0,138,220,0,220,267,29,12,12,2,0,12,0,220,1,30,12,220,12,0,267,0,81,12,0,0,13,0,0,220,166,0,0,0,0,132674,220,220,1,220,12,0,93,12,1,29
0,231,220,0,17872,12,0,12,220,220,0,81,0,231,7,12,0,0,1,220,0,0,214,0,230,12,0,138,12,0,12,267,231,220,220,0,0,220,0,12,1,231,220,12,220,0,267,0,88,220,0,0,14,0,0,12,168,0,0,0,0,132674,12,12,1,220,12,0,92,220,1,231
0,247,12,0,17873,12,0,12,12,12,0,59,0,253,0,12,0,0,2,12,0,0,188,0,86,12,0,133,12,0,12,260,86,12,12,0,0,12,0,12,0,248,12,12,12,0,260,0,27,12,0,0,33,0,0,12,194,0,0,0,0,132674,12,12,1,12,12,0,100,12,1,253
0,29,220,0,17690,220,0,220,48,220,0,61,0,18,0,220,0,0,0,220,0,0,114,0,47,220,17,19,220,76,220,201,29,220,23,0,0,23,0,220,0,207,198,220,198,0,201,0,23,48,1,0,25,0,8,220,24,0,0,0,0,132680,220,220,1,220,220,0,98,220,1,29
0,231,92,0,17691,92,0,96,220,100,0,66,0,231,0,96,0,0,1,96,0,0,190,0,231,100,17,19,92,76,100,201,231,100,220,0,0,220,0,96,0,231,220,100,220,0,201,0,190,220,1,0,18,0,8,96,190,0,0,0,0,132680,92,100,1,92,92,0,91,96,1,231
0,244,12,0,17692,12,0,12,36,12,0,66,0,231,0,12,0,0,2,12,0,0,87,0,28,12,17,19,12,76,12,201,27,12,252,0,0,252,0,12,0,242,254,12,254,0,201,0,87,36,1,0,21,0,8,12,85,0,1,0,0,132680,12,12,1,12,12,0,91,12,1,233
2149,29,12,0,17710,220,0,12,220,220,1,93,0,29,0,220,0,0,0,220,0,0,217,2,29,12,0,1,220,76,220,7,29,12,220,2,0,12,0,220,0,29,12,220,220,0,7,0,2,12,0,0,6,0,11,220,239,0,0,0,0,132681,220,220,1,220,12,0,76,12,0,29
2149,235,12,0,17711,12,0,12,12,12,1,74,0,159,0,12,0,0,1,12,0,0,30,2,25,12,0,1,12,76,12,7,26,12,12,0,0,12,0,12,0,235,12,12,12,0,7,0,29,12,0,0,24,0,2,12,30,0,0,0,0,132681,12,12,1,12,12,0,76,12,0,159
2149,105,12,0,17712,220,0,12,220,220,1,85,0,214,0,220,0,0,2,220,0,0,228,1,18,12,0,1,220,85,220,7,17,12,220,0,0,12,0,220,0,106,12,220,220,0,7,0,228,12,0,0,14,0,1,220,229,0,0,0,0,132681,220,220,1,220,12,0,91,12,0,214
0,0,136,0,17801,136,0,248,237,237,0,89,0,45,0,248,0,0,0,248,0,0,29,0,53,237,0,133,136,0,237,260,52,237,248,0,0,248,0,248,0,0,136,237,136,0,260,0,98,237,0,0,8,0,0,248,97,0,0,0,0,132687,136,237,1,136,136,0,100,248,1,44
0,232,5,0,17802,5,0,53,62,62,0,94,0,245,0,53,0,0,1,53,0,0,232,0,239,62,0,133,5,0,62,260,239,62,53,0,0,53,0,53,0,232,5,62,5,0,260,0,239,62,0,0,94,0,0,53,245,0,1,0,0,132687,5,62,1,5,5,0,100,53,1,245
0,254,5,0,17803,5,0,53,62,62,0,100,0,107,0,53,0,0,2,53,0,0,252,0,123,62,0,133,5,0,62,260,125,62,53,0,0,53,0,53,0,252,5,62,5,0,260,0,123,62,0,0,100,0,0,53,107,0,1,0,0,132687,5,62,1,5,5,0,100,53,1,109
0,171,12,0,17804,12,0,12,12,12,0,61,0,196,0,12,0,0,0,12,0,0,175,0,167,12,0,133,12,0,12,260,121,12,12,0,0,12,0,12,0,217,12,12,12,0,260,0,124,12,0,0,29,0,0,12,151,0,0,0,0,132692,12,12,1,12,12,0,100,12,1,148
0,46,217,0,17805,217,0,199,167,167,0,84,0,46,0,199,0,0,1,199,0,0,104,0,41,167,0,133,217,0,167,260,40,167,199,0,0,199,0,199,0,58,217,167,217,0,260,0,76,167,0,0,7,0,0,199,83,0,0,0,0,132692,217,167,1,217,217,0,100,199,1,40
0,185,12,0,17806,12,0,12,12,12,0,91,0,200,0,12,0,0,2,12,0,0,46,0,217,12,0,133,12,0,12,260,227,12,12,0,0,12,0,12,0,178,12,12,12,0,260,0,40,12,0,0,8,0,0,12,40,0,0,0,0,132692,12,12,1,12,12,0,100,12,1,209
0,21,220,0,17814,220,0,220,220,220,0,88,0,61,7,220,0,0,0,220,0,0,220,0,158,220,0,133,220,0,220,260,157,220,220,0,0,220,0,220,0,21,220,220,220,0,260,0,237,220,0,0,8,0,0,220,233,0,0,0,0,132693,220,220,1,220,220,0,95,220,1,61
0,231,49,0,17815,49,0,64,148,148,0,88,0,231,7,64,0,0,1,64,0,0,32,0,232,148,0,133,49,0,148,260,231,148,64,0,0,64,0,64,0,230,49,148,49,0,260,0,180,148,0,0,8,0,0,64,65,0,0,0,0,132693,49,148,1,49,49,0,95,64,1,231
0,230,49,0,17816,49,0,64,148,148,0,89,0,60,7,64,0,0,2,64,0,0,254,0,58,148,0,133,49,0,148,260,58,148,64,0,0,64,0,64,0,230,49,148,49,0,260,0,129,148,0,0,5,0,0,64,138,0,0,0,0,132693,49,148,1,49,49,0,95,64,1,60
0,36,220,0,17817,220,0,220,220,220,0,77,0,70,7,220,0,0,0,220,0,0,234,0,160,220,0,133,220,0,220,260,175,220,220,0,0,220,0,220,0,33,220,220,220,0,260,0,226,220,0,0,7,0,0,220,232,0,0,0,0,132694,220,220,1,220,220,0,100,220,1,71
0,231,49,0,17818,49,0,64,148,148,0,72,0,231,7,64,0,0,1,64,0,0,29,0,230,148,0,133,49,0,148,260,231,148,64,0,0,64,0,64,0,230,49,148,49,0,260,0,102,148,0,0,14,0,0,64,75,0,0,0,0,132694,49,148,1,49,49,0,100,64,1,231
0,230,220,0,17819,220,0,220,220,220,0,79,0,63,7,220,0,0,2,220,0,0,159,0,61,220,0,133,220,0,220,260,58,220,220,0,0,220,0,220,0,228,220,220,220,0,260,0,40,220,0,0,14,0,0,220,28,0,0,0,0,132694,220,220,1,220,220,0,100,220,1,61
0,30,12,0,17882,32,0,12,12,96,0,70,0,230,3,12,0,0,0,94,0,0,35,0,229,12,0,22,220,76,12,28,30,12,12,0,0,220,0,32,0,230,220,32,12,0,28,0,35,220,1,0,19,0,0,220,34,0,0,0,0,132702,12,220,1,96,12,0,99,12,1,30
0,121,220,0,17883,31,0,58,114,114,0,60,0,163,0,58,0,0,1,58,0,0,194,0,189,114,0,22,31,76,114,266,184,220,58,0,0,220,0,58,0,134,220,114,31,0,28,0,220,220,1,0,38,0,0,58,218,0,0,0,0,132702,31,114,1,31,31,0,93,220,1,152
0,210,12,0,17884,220,0,220,237,237,0,90,0,43,0,220,0,0,2,236,0,0,230,0,59,220,0,22,220,76,220,266,80,12,236,0,0,12,0,220,0,205,12,220,236,0,28,0,230,12,1,0,6,0,0,220,230,0,0,0,0,132702,220,220,1,236,220,0,97,12,1,56
0,125,253,0,17885,220,0,12,41,41,0,91,0,29,0,220,0,0,0,31,0,0,227,0,42,12,0,90,220,76,220,174,44,19,31,2,0,153,0,220,0,121,253,220,231,0,174,0,229,19,0,0,8,0,0,220,229,0,0,0,0,132703,220,220,1,231,12,0,98,153,1,32
0,30,253,0,17886,12,0,220,19,41,0,83,0,185,7,12,0,0,1,31,0,0,142,0,171,220,0,90,220,76,12,174,30,19,183,2,0,31,0,12,0,191,231,12,253,0,174,0,51,41,0,0,13,0,0,220,36,0,0,0,0,132703,12,220,1,231,220,0,99,183,1,30
0,83,253,0,17887,220,0,12,41,41,0,53,0,82,0,220,0,0,2,31,0,0,30,0,87,12,0,90,220,76,220,174,88,19,31,2,0,183,0,220,0,82,253,220,231,0,174,0,30,19,0,0,40,0,8,220,30,0,0,0,0,132703,220,220,1,231,12,0,97,183,1,83
0,231,12,0,17888,12,0,12,12,12,0,83,0,230,8,12,0,0,0,12,0,0,164,0,230,12,0,133,12,0,12,260,231,12,12,0,0,12,0,12,0,230,12,12,12,0,260,0,164,12,0,0,12,0,0,12,164,0,1,0,0,132704,12,12,1,12,12,0,97,12,1,231
0,46,220,0,17889,220,0,220,220,220,0,92,0,60,8,220,0,0,1,220,0,0,58,0,76,220,0,133,220,0,220,260,59,220,220,0,0,220,0,220,0,58,220,220,220,0,260,0,76,220,0,0,92,0,0,220,60,0,0,0,0,132704,220,220,1,220,220,0,98,220,1,49
0,214,12,0,17890,12,0,12,12,12,0,90,0,49,8,12,0,0,2,12,0,0,230,0,66,12,0,133,12,0,12,260,85,12,12,0,0,12,0,12,0,211,12,12,12,0,260,0,228,12,0,0,6,0,0,12,228,0,0,0,0,132704,12,12,1,12,12,0,96,12,1,62
0,168,220,0,17891,220,0,220,40,220,0,77,0,24,0,220,0,0,0,220,0,0,235,0,36,220,0,79,220,0,220,272,36,220,22,0,0,75,0,220,0,167,9,220,175,0,272,0,235,153,0,0,20,0,0,220,235,0,0,0,0,132705,220,220,1,220,220,0,99,220,1,24
0,231,230,0,17892,230,0,85,91,64,0,75,0,230,3,85,0,0,1,82,0,0,189,0,231,91,0,79,230,0,91,285,231,64,85,0,0,85,0,82,0,231,78,64,78,0,285,0,178,91,0,0,7,0,0,82,174,0,0,0,0,132705,78,64,1,230,78,0,97,82,1,231
0,170,12,0,17893,12,0,12,165,12,0,55,0,214,0,12,0,0,2,12,0,0,117,0,159,12,0,79,12,0,12,285,161,12,218,0,0,12,0,12,0,168,12,12,176,0,285,0,121,12,0,0,37,0,0,12,189,0,0,0,0,132705,12,12,1,12,12,0,95,12,1,216
0,43,35,0,17894,220,0,12,121,121,0,96,0,63,7,220,0,0,0,57,0,0,45,0,122,12,0,153,220,76,220,291,118,121,57,0,0,57,0,220,0,45,35,220,35,0,291,0,122,121,0,0,96,0,5,220,63,0,0,0,0,132706,220,220,1,35,12,0,97,57,1,60
0,226,227,0,17895,54,0,220,219,219,0,93,0,222,0,74,0,0,1,225,0,0,226,0,208,220,0,153,54,76,65,291,208,219,225,0,0,225,0,74,0,226,227,65,227,0,291,0,208,219,0,0,93,0,5,74,222,0,0,0,0,132706,54,65,1,227,220,0,97,225,1,222
0,231,220,0,17896,12,0,220,220,220,0,82,0,118,0,12,0,0,2,220,0,0,233,0,51,220,0,153,12,76,12,291,50,220,220,0,0,220,0,12,0,231,220,12,220,0,291,0,124,220,0,0,16,0,5,12,188,0,1,0,0,132706,12,12,1,220,220,0,97,220,1,117
0,29,235,0,17920,220,0,220,220,220,0,63,0,29,0,220,0,0,0,220,0,0,243,0,29,220,0,133,220,0,220,8,30,5,220,0,0,250,0,220,0,29,235,220,220,0,8,0,12,5,0,0,18,0,0,220,250,0,0,0,0,132707,220,220,1,220,220,0,86,250,1,29
0,231,220,0,17921,12,0,12,12,12,0,65,0,233,0,12,0,0,1,12,0,0,233,0,229,12,0,133,12,0,12,8,231,220,12,0,0,220,0,12,0,233,220,12,12,0,8,0,14,220,0,0,11,0,0,12,247,0,1,0,0,132707,12,12,1,12,12,0,87,220,1,231
0,238,235,0,17922,12,0,12,12,12,0,74,0,251,0,12,0,0,2,12,0,0,29,0,14,12,0,133,12,0,12,8,8,5,12,0,0,250,0,12,0,237,235,12,12,0,8,0,31,5,0,0,10,0,0,12,29,0,0,0,0,132707,12,12,1,12,12,0,90,250,1,253
0,20,220,0,18021,220,0,220,220,220,0,74,0,21,7,220,0,0,0,220,0,0,16,0,31,220,0,133,220,0,220,260,30,220,220,0,0,220,0,220,0,22,220,220,220,0,260,0,248,220,0,0,12,0,0,220,248,0,0,0,0,132718,220,220,1,220,220,0,92,220,1,19
0,231,12,0,18022,12,0,12,12,12,0,77,0,232,7,12,0,0,1,12,0,0,18,0,232,12,0,133,12,0,12,260,231,12,12,0,0,12,0,12,0,231,12,12,12,0,260,0,246,12,0,0,10,0,0,12,247,0,1,0,0,132718,12,12,1,12,12,0,88,12,1,230
0,0,12,0,18023,12,0,12,12,12,0,83,0,242,7,12,0,0,2,12,0,0,5,0,241,12,0,133,12,0,12,260,248,12,12,0,0,12,0,12,0,2,12,12,12,0,260,0,227,12,0,0,6,0,0,12,4,0,1,0,0,132718,12,12,1,12,12,0,93,12,1,248
0,253,12,0,18101,12,0,12,12,12,0,59,0,249,8,12,0,0,0,12,0,0,129,0,230,12,0,133,12,0,12,260,230,12,12,0,0,12,0,12,0,254,12,12,12,0,260,0,64,12,0,0,11,0,0,12,45,0,1,0,0,132722,12,12,1,12,12,0,83,12,1,248
0,30,220,0,18102,220,0,220,220,220,0,59,0,30,8,220,0,0,1,220,0,0,129,0,30,220,0,133,220,0,220,260,30,220,220,0,0,220,0,220,0,30,220,220,220,0,260,0,63,220,0,0,11,0,0,220,45,0,0,0,0,132722,220,220,1,220,220,0,83,220,1,30
0,231,12,0,18103,12,0,12,12,12,0,48,0,190,8,12,0,0,2,12,0,0,127,0,79,12,0,133,12,0,12,260,78,12,12,0,0,12,0,12,0,231,12,12,12,0,260,0,63,12,0,0,15,0,0,12,44,0,0,0,0,132722,12,12,1,12,12,0,100,12,1,190
0,47,89,0,18092,89,0,143,243,243,0,75,0,15,0,143,0,0,0,143,0,0,168,0,135,243,0,133,89,0,243,260,130,243,143,0,0,143,0,143,0,49,89,243,89,0,260,0,238,243,0,0,7,0,0,143,53,0,0,0,0,132723,89,243,1,89,89,0,96,143,1,15
0,252,120,0,18093,243,0,145,169,89,0,61,0,28,0,145,0,0,1,26,0,0,217,0,94,169,0,133,120,0,169,260,171,89,145,0,0,145,0,145,0,128,243,169,243,0,260,0,131,169,0,0,19,0,0,26,59,0,0,0,0,132723,243,89,1,120,243,0,96,26,1,146
0,90,103,0,18094,103,0,10,140,140,0,46,0,147,0,10,0,0,2,10,0,0,217,0,243,140,0,133,103,0,140,260,243,140,10,0,0,10,0,10,0,93,103,140,103,0,260,0,254,140,0,0,26,0,0,10,239,0,0,0,0,132723,103,140,1,103,103,0,96,10,1,144
0,144,220,0,18125,220,0,220,220,220,0,70,0,25,1,220,0,0,0,220,0,0,253,0,11,220,0,133,220,0,220,260,10,220,220,0,0,220,0,220,0,146,220,220,220,0,260,0,244,220,0,2,20,0,0,220,253,0,0,0,0,132739,220,220,1,220,220,0,99,220,1,24
0,249,46,0,18126,46,0,57,95,95,0,73,0,251,1,57,0,0,1,57,0,0,147,0,240,95,0,133,46,0,95,260,236,95,57,0,0,57,0,57,0,252,46,95,46,0,260,0,192,95,0,2,15,0,0,57,170,0,0,0,0,132739,46,95,1,46,46,0,92,57,1,247
0,222,46,0,18127,46,0,57,95,95,0,72,0,189,1,57,0,0,2,57,0,0,254,0,110,95,0,133,46,0,95,260,108,95,57,0,0,57,0,57,0,223,46,95,46,0,260,0,242,95,0,2,14,0,0,57,253,0,0,0,0,132739,46,95,1,46,46,0,99,57,1,187
0,16,220,0,18128,220,0,220,220,220,0,81,0,17,1,220,0,0,0,220,0,0,36,0,70,220,0,133,220,0,220,260,88,220,220,0,0,220,0,220,0,11,220,220,220,0,260,0,246,220,0,2,15,0,0,220,91,0,0,0,0,132740,220,220,1,220,220,0,98,220,1,22
0,35,220,0,18129,220,0,220,220,220,0,49,0,20,1,220,0,0,1,220,0,0,36,0,81,220,0,133,220,0,220,260,247,220,220,0,0,220,0,220,0,15,220,220,220,0,260,0,247,220,0,2,46,0,0,220,91,0,0,0,0,132740,220,220,1,220,220,0,79,220,1,90
0,143,37,0,18130,37,0,90,246,246,0,51,0,185,1,90,0,0,2,90,0,0,231,0,195,246,0,133,37,0,246,260,161,246,90,0,0,90,0,90,0,177,37,246,37,0,260,0,231,246,0,2,44,0,0,90,231,0,0,0,0,132740,37,246,1,37,37,0,83,90,1,151
0,30,220,0,18027,220,0,220,220,220,0,47,0,27,6,220,0,0,0,220,0,0,254,0,27,220,0,1,220,0,220,1,29,220,220,0,0,220,0,220,0,27,220,220,220,0,1,0,74,220,0,0,27,0,0,220,75,0,0,0,0,132742,220,220,1,220,220,0,87,220,1,29
0,231,12,0,18028,12,0,12,12,12,0,90,0,223,6,12,0,0,1,12,0,0,254,0,59,12,0,1,12,0,12,1,231,12,12,0,0,12,0,12,0,205,12,12,12,0,1,0,74,12,0,0,6,0,0,12,75,0,0,0,0,132742,12,12,1,12,12,0,86,12,1,231
0,128,12,0,18029,12,0,12,12,12,0,94,0,23,0,12,0,0,2,12,0,0,25,0,231,12,0,133,12,0,12,260,230,12,12,0,0,12,0,12,0,114,12,12,12,0,260,0,219,12,0,0,5,0,0,12,0,0,0,0,0,132742,12,12,1,12,12,0,100,12,1,31
0,6,220,0,18186,220,0,220,220,220,0,67,0,34,0,220,0,0,0,220,0,0,32,0,10,220,0,133,220,0,220,260,2,220,220,0,0,220,0,220,0,15,220,220,220,0,260,0,15,220,0,0,22,0,0,220,94,0,0,0,0,132743,220,220,1,220,220,0,100,220,1,26
0,29,220,0,18187,12,0,12,12,220,0,48,0,32,0,12,0,0,1,220,0,0,215,0,32,12,0,133,220,0,12,260,29,220,12,0,0,12,0,12,0,32,12,12,12,0,260,0,215,12,0,0,28,0,0,220,215,0,0,0,0,132743,12,220,1,220,12,0,100,220,1,29
0,180,220,0,18188,220,0,220,220,220,0,80,0,31,0,220,0,0,2,220,0,0,82,0,30,220,0,133,220,0,220,260,35,220,220,0,0,220,0,220,0,164,220,220,220,0,260,0,14,220,0,0,15,0,0,220,14,0,0,0,0,132743,220,220,1,220,220,0,100,220,1,36
0,37,220,0,18189,220,0,220,220,220,0,77,0,50,0,220,0,0,0,220,0,0,32,0,135,220,0,133,220,0,220,260,99,220,220,0,0,220,0,220,0,16,220,220,220,0,260,0,195,220,0,0,11,0,1,220,99,0,0,0,0,132744,220,220,1,220,220,0,100,220,1,31
0,51,220,0,18190,220,0,220,220,220,0,60,0,22,0,220,0,0,1,220,0,0,204,0,22,220,0,133,220,0,220,260,1,220,220,0,0,220,0,220,0,118,220,220,220,0,260,0,69,220,0,0,20,0,1,220,70,0,0,0,0,132744,220,220,1,220,220,0,100,220,1,1
0,17,220,0,18191,220,0,220,220,220,0,69,0,92,0,220,0,0,2,220,0,0,13,0,9,220,0,133,220,0,220,260,1,220,220,0,0,220,0,220,0,34,220,220,220,0,260,0,1,220,0,0,14,0,1,220,42,0,0,0,0,132744,220,220,1,220,220,0,100,220,1,34
0,205,12,0,18221,12,0,12,12,12,0,72,0,58,7,12,0,0,0,12,0,0,6,0,61,12,0,133,12,0,12,260,62,12,12,0,0,12,0,12,0,205,12,12,12,0,260,0,10,12,0,0,5,0,0,12,7,0,0,0,0,132745,12,12,1,12,12,0,100,12,1,58
0,231,12,0,18222,12,0,12,12,12,0,74,0,233,7,12,0,0,1,12,0,0,209,0,232,12,0,133,12,0,12,260,231,12,12,0,0,12,0,12,0,233,12,12,12,0,260,0,34,12,0,0,5,0,0,12,21,0,1,0,0,132745,12,12,1,12,12,0,100,12,1,231
0,99,220,0,18223,220,0,220,220,220,0,79,0,43,7,220,0,0,2,220,0,0,14,0,197,220,0,133,220,0,220,260,205,220,220,0,0,220,0,220,0,102,220,220,220,0,260,0,41,220,0,0,9,0,0,220,8,0,0,0,0,132745,220,220,1,220,220,0,100,220,1,42
0,0,220,0,18233,12,0,220,220,220,0,70,0,112,7,12,0,0,0,220,0,0,252,0,165,220,0,1,12,0,12,2,166,220,220,2,0,220,0,12,0,0,220,12,220,0,2,0,252,220,0,0,5,0,0,12,252,0,0,0,0,132746,12,12,1,220,220,0,100,220,1,112
0,231,220,0,18234,12,0,220,220,220,0,74,0,232,7,12,0,0,1,220,0,0,6,0,232,220,0,1,12,0,12,2,231,220,220,2,0,220,0,12,0,232,220,12,220,0,2,0,13,220,0,0,4,0,0,12,7,0,1,0,0,132746,12,12,1,220,220,0,100,220,1,231
0,211,12,0,18235,220,0,12,12,12,0,77,0,41,7,220,0,0,2,12,0,0,190,0,42,12,0,1,220,0,220,2,43,12,12,2,0,12,0,220,0,209,12,220,12,0,2,0,5,12,0,0,6,0,0,220,1,0,0,0,0,132746,220,220,1,12,12,0,100,12,1,42
